scenario,rep,dimension,group,n,events,model,c_index,c_index_lo,c_index_hi,brier,auc
four_features,1,Age group,18-45,26,20,Cox,0.5356,0.3724,0.7153,0.2527,0.5309
four_features,1,Age group,18-45,26,20,Dynamic DeepHit,0.839,0.7216,0.9355,0.1631,0.9265
four_features,1,Age group,18-45,26,20,Hazard Transformer,0.3858,0.2461,0.5168,0.3008,0.4012
four_features,1,Age group,18-45,26,20,Logistic Hazard,0.7715,0.6277,0.9207,0.2388,0.8074
four_features,1,Age group,18-45,26,20,RNN-Surv,0.5112,0.3502,0.7035,0.4649,0.4973
four_features,1,Age group,18-45,26,20,DeepSurv,0.4981,0.3398,0.6601,0.2477,0.4823
four_features,1,Age group,18-45,26,20,GBSA,0.4232,0.2941,0.5765,0.2766,0.3553
four_features,1,Age group,18-45,26,20,Survival RF,0.5169,0.3763,0.6706,0.2614,0.4899
four_features,1,Age group,18-45,26,20,Survival SVM,0.5131,0.3378,0.6893,0.2505,0.5064
four_features,1,Age group,18-45,26,20,Weibull AFT,0.5655,0.4023,0.7185,0.2532,0.5679
four_features,1,Age group,18-45,26,20,KFRE,0.588,0.425,0.7511,0.4571,0.6113
four_features,1,Age group,46-65,116,92,Cox,0.5112,0.4394,0.5885,0.2501,0.5006
four_features,1,Age group,46-65,116,92,Dynamic DeepHit,0.8628,0.8159,0.9017,0.1276,0.9507
four_features,1,Age group,46-65,116,92,Hazard Transformer,0.5512,0.475,0.6247,0.2878,0.5855
four_features,1,Age group,46-65,116,92,Logistic Hazard,0.5168,0.4492,0.5886,0.2678,0.5351
four_features,1,Age group,46-65,116,92,RNN-Surv,0.5217,0.447,0.598,0.4764,0.4892
four_features,1,Age group,46-65,116,92,DeepSurv,0.5104,0.4321,0.5947,0.2519,0.5006
four_features,1,Age group,46-65,116,92,GBSA,0.5165,0.44,0.5923,0.2557,0.5042
four_features,1,Age group,46-65,116,92,Survival RF,0.4931,0.4198,0.5702,0.2593,0.4876
four_features,1,Age group,46-65,116,92,Survival SVM,0.5086,0.4289,0.5885,0.2614,0.4961
four_features,1,Age group,46-65,116,92,Weibull AFT,0.5133,0.4394,0.5892,0.2522,0.5023
four_features,1,Age group,46-65,116,92,KFRE,0.5038,0.4302,0.5828,0.5051,0.4969
four_features,1,Age group,66-85,111,80,Cox,0.5835,0.5088,0.658,0.2517,0.5835
four_features,1,Age group,66-85,111,80,Dynamic DeepHit,0.8324,0.7801,0.8805,0.1731,0.925
four_features,1,Age group,66-85,111,80,Hazard Transformer,0.6278,0.5549,0.6939,0.3029,0.685
four_features,1,Age group,66-85,111,80,Logistic Hazard,0.5773,0.5069,0.6523,0.2586,0.557
four_features,1,Age group,66-85,111,80,RNN-Surv,0.6058,0.5317,0.674,0.3932,0.6007
four_features,1,Age group,66-85,111,80,DeepSurv,0.5512,0.4834,0.6186,0.2437,0.5406
four_features,1,Age group,66-85,111,80,GBSA,0.5493,0.4741,0.6284,0.2415,0.533
four_features,1,Age group,66-85,111,80,Survival RF,0.5812,0.5099,0.655,0.2333,0.5722
four_features,1,Age group,66-85,111,80,Survival SVM,0.5686,0.4884,0.6456,0.2438,0.5819
four_features,1,Age group,66-85,111,80,Weibull AFT,0.5779,0.5006,0.6528,0.2551,0.5838
four_features,1,Age group,66-85,111,80,KFRE,0.5746,0.5064,0.6535,0.3702,0.5804
four_features,1,Sex as recorded in patients.csv,F,109,84,Cox,0.5876,0.5072,0.6665,0.2717,0.5895
four_features,1,Sex as recorded in patients.csv,F,109,84,Dynamic DeepHit,0.8415,0.7874,0.8898,0.1407,0.948
four_features,1,Sex as recorded in patients.csv,F,109,84,Hazard Transformer,0.5769,0.4997,0.6501,0.3312,0.6158
four_features,1,Sex as recorded in patients.csv,F,109,84,Logistic Hazard,0.5676,0.4936,0.6429,0.2843,0.5741
four_features,1,Sex as recorded in patients.csv,F,109,84,RNN-Surv,0.5569,0.4767,0.6363,0.3989,0.5503
four_features,1,Sex as recorded in patients.csv,F,109,84,DeepSurv,0.59,0.5137,0.6599,0.25,0.6027
four_features,1,Sex as recorded in patients.csv,F,109,84,GBSA,0.567,0.4794,0.6509,0.2552,0.5643
four_features,1,Sex as recorded in patients.csv,F,109,84,Survival RF,0.5979,0.5202,0.6724,0.2485,0.6153
four_features,1,Sex as recorded in patients.csv,F,109,84,Survival SVM,0.5444,0.462,0.6255,0.2526,0.525
four_features,1,Sex as recorded in patients.csv,F,109,84,Weibull AFT,0.5709,0.4896,0.6558,0.2752,0.5502
four_features,1,Sex as recorded in patients.csv,F,109,84,KFRE,0.5597,0.4794,0.6394,0.4262,0.5649
four_features,1,Sex as recorded in patients.csv,M,161,119,Cox,0.535,0.4747,0.598,0.2347,0.5353
four_features,1,Sex as recorded in patients.csv,M,161,119,Dynamic DeepHit,0.8577,0.8208,0.8933,0.1556,0.9347
four_features,1,Sex as recorded in patients.csv,M,161,119,Hazard Transformer,0.5771,0.5087,0.6406,0.2701,0.6168
four_features,1,Sex as recorded in patients.csv,M,161,119,Logistic Hazard,0.5554,0.4937,0.6179,0.2434,0.5465
four_features,1,Sex as recorded in patients.csv,M,161,119,RNN-Surv,0.5508,0.4905,0.6091,0.454,0.5346
four_features,1,Sex as recorded in patients.csv,M,161,119,DeepSurv,0.5018,0.4382,0.5616,0.2425,0.4763
four_features,1,Sex as recorded in patients.csv,M,161,119,GBSA,0.5332,0.4735,0.6048,0.244,0.5109
four_features,1,Sex as recorded in patients.csv,M,161,119,Survival RF,0.5154,0.4559,0.58,0.2426,0.4988
four_features,1,Sex as recorded in patients.csv,M,161,119,Survival SVM,0.5655,0.4994,0.6276,0.2486,0.5795
four_features,1,Sex as recorded in patients.csv,M,161,119,Weibull AFT,0.5703,0.5064,0.6312,0.2366,0.5779
four_features,1,Sex as recorded in patients.csv,M,161,119,KFRE,0.5287,0.4702,0.5897,0.4387,0.5344
four_features,1,Race,BLACK,64,54,Cox,0.5291,0.4334,0.6235,0.2537,0.4565
four_features,1,Race,BLACK,64,54,Dynamic DeepHit,0.8624,0.791,0.9171,0.1541,0.9476
four_features,1,Race,BLACK,64,54,Hazard Transformer,0.6376,0.5579,0.7215,0.2895,0.6534
four_features,1,Race,BLACK,64,54,Logistic Hazard,0.56,0.4641,0.654,0.2687,0.5462
four_features,1,Race,BLACK,64,54,RNN-Surv,0.5158,0.4187,0.6094,0.4733,0.4612
four_features,1,Race,BLACK,64,54,DeepSurv,0.5218,0.4141,0.6229,0.2566,0.5007
four_features,1,Race,BLACK,64,54,GBSA,0.4821,0.382,0.581,0.2653,0.4041
four_features,1,Race,BLACK,64,54,Survival RF,0.5115,0.4055,0.6141,0.2638,0.4405
four_features,1,Race,BLACK,64,54,Survival SVM,0.5552,0.4613,0.6533,0.2559,0.4877
four_features,1,Race,BLACK,64,54,Weibull AFT,0.5424,0.4486,0.6425,0.2557,0.4579
four_features,1,Race,BLACK,64,54,KFRE,0.5339,0.4452,0.6245,0.4652,0.4807
four_features,1,Race,HISPANIC/LATINO,21,15,Cox,0.45,0.2866,0.6252,0.2861,0.4872
four_features,1,Race,HISPANIC/LATINO,21,15,Dynamic DeepHit,0.8938,0.7724,0.9805,0.1114,0.949
four_features,1,Race,HISPANIC/LATINO,21,15,Hazard Transformer,0.4562,0.2644,0.6508,0.3538,0.4723
four_features,1,Race,HISPANIC/LATINO,21,15,Logistic Hazard,0.55,0.3286,0.762,0.3069,0.5627
four_features,1,Race,HISPANIC/LATINO,21,15,RNN-Surv,0.4969,0.2678,0.7154,0.4193,0.4855
four_features,1,Race,HISPANIC/LATINO,21,15,DeepSurv,0.625,0.4052,0.8235,0.259,0.6052
four_features,1,Race,HISPANIC/LATINO,21,15,GBSA,0.6031,0.44,0.7786,0.2769,0.5446
four_features,1,Race,HISPANIC/LATINO,21,15,Survival RF,0.5062,0.3396,0.6831,0.2749,0.486
four_features,1,Race,HISPANIC/LATINO,21,15,Survival SVM,0.4437,0.2588,0.6285,0.2733,0.4606
four_features,1,Race,HISPANIC/LATINO,21,15,Weibull AFT,0.5437,0.3553,0.7246,0.2839,0.5759
four_features,1,Race,HISPANIC/LATINO,21,15,KFRE,0.4437,0.2901,0.6251,0.4826,0.4691
four_features,1,Race,WHITE,162,120,Cox,0.5744,0.5084,0.6373,0.2481,0.5932
four_features,1,Race,WHITE,162,120,Dynamic DeepHit,0.8423,0.7973,0.8797,0.1564,0.9344
four_features,1,Race,WHITE,162,120,Hazard Transformer,0.5808,0.5102,0.645,0.2955,0.628
four_features,1,Race,WHITE,162,120,Logistic Hazard,0.5732,0.5071,0.6358,0.2562,0.5915
four_features,1,Race,WHITE,162,120,RNN-Surv,0.543,0.4766,0.6048,0.4231,0.5479
four_features,1,Race,WHITE,162,120,DeepSurv,0.4985,0.4359,0.5608,0.2445,0.4794
four_features,1,Race,WHITE,162,120,GBSA,0.5552,0.4798,0.6199,0.2434,0.5598
four_features,1,Race,WHITE,162,120,Survival RF,0.5696,0.5008,0.6314,0.2368,0.5908
four_features,1,Race,WHITE,162,120,Survival SVM,0.5602,0.4921,0.6283,0.2481,0.5734
four_features,1,Race,WHITE,162,120,Weibull AFT,0.5684,0.5029,0.638,0.2514,0.5862
four_features,1,Race,WHITE,162,120,KFRE,0.5645,0.4992,0.6264,0.4121,0.5847
four_features,2,Age group,18-45,33,28,Cox,0.6236,0.4585,0.7674,0.2673,0.6649
four_features,2,Age group,18-45,33,28,Dynamic DeepHit,0.8435,0.7381,0.9226,0.1538,0.9385
four_features,2,Age group,18-45,33,28,Hazard Transformer,0.6145,0.4704,0.7429,0.3058,0.6825
four_features,2,Age group,18-45,33,28,Logistic Hazard,0.5941,0.4468,0.7342,0.2648,0.6269
four_features,2,Age group,18-45,33,28,RNN-Surv,0.4853,0.3672,0.6173,0.4,0.4764
four_features,2,Age group,18-45,33,28,DeepSurv,0.4694,0.3491,0.6041,0.2734,0.4414
four_features,2,Age group,18-45,33,28,GBSA,0.6281,0.4767,0.7634,0.2525,0.6906
four_features,2,Age group,18-45,33,28,Survival RF,0.6327,0.5084,0.7662,0.2459,0.6564
four_features,2,Age group,18-45,33,28,Survival SVM,0.5601,0.3901,0.7223,0.2672,0.5761
four_features,2,Age group,18-45,33,28,Weibull AFT,0.5533,0.3958,0.7123,0.2737,0.5613
four_features,2,Age group,18-45,33,28,KFRE,0.6054,0.4431,0.7453,0.3545,0.6517
four_features,2,Age group,46-65,88,71,Cox,0.4857,0.4106,0.5647,0.2878,0.4739
four_features,2,Age group,46-65,88,71,Dynamic DeepHit,0.8342,0.7792,0.8811,0.1055,0.9589
four_features,2,Age group,46-65,88,71,Hazard Transformer,0.545,0.4731,0.6256,0.3452,0.5915
four_features,2,Age group,46-65,88,71,Logistic Hazard,0.5052,0.4247,0.5835,0.2654,0.5196
four_features,2,Age group,46-65,88,71,RNN-Surv,0.5086,0.4293,0.5897,0.3321,0.5238
four_features,2,Age group,46-65,88,71,DeepSurv,0.4816,0.3978,0.5678,0.2508,0.5031
four_features,2,Age group,46-65,88,71,GBSA,0.515,0.4357,0.597,0.2556,0.527
four_features,2,Age group,46-65,88,71,Survival RF,0.5039,0.4202,0.5891,0.2584,0.5065
four_features,2,Age group,46-65,88,71,Survival SVM,0.5366,0.4631,0.6136,0.2584,0.57
four_features,2,Age group,46-65,88,71,Weibull AFT,0.5268,0.4496,0.606,0.289,0.5504
four_features,2,Age group,46-65,88,71,KFRE,0.486,0.4096,0.573,0.4698,0.4719
four_features,2,Age group,66-85,133,95,Cox,0.6438,0.5735,0.7144,0.2213,0.6991
four_features,2,Age group,66-85,133,95,Dynamic DeepHit,0.8845,0.8531,0.9153,0.0878,0.9777
four_features,2,Age group,66-85,133,95,Hazard Transformer,0.6884,0.624,0.7467,0.2503,0.7828
four_features,2,Age group,66-85,133,95,Logistic Hazard,0.6191,0.5496,0.6878,0.217,0.6691
four_features,2,Age group,66-85,133,95,RNN-Surv,0.5555,0.4873,0.6311,0.3598,0.5737
four_features,2,Age group,66-85,133,95,DeepSurv,0.506,0.4316,0.5784,0.228,0.4958
four_features,2,Age group,66-85,133,95,GBSA,0.6112,0.5457,0.6792,0.218,0.6379
four_features,2,Age group,66-85,133,95,Survival RF,0.6202,0.5506,0.6957,0.2124,0.6544
four_features,2,Age group,66-85,133,95,Survival SVM,0.6043,0.5291,0.6795,0.2236,0.6443
four_features,2,Age group,66-85,133,95,Weibull AFT,0.6112,0.5361,0.6865,0.224,0.6528
four_features,2,Age group,66-85,133,95,KFRE,0.6424,0.5756,0.7119,0.339,0.6948
four_features,2,Sex as recorded in patients.csv,F,108,89,Cox,0.5541,0.4774,0.6295,0.2594,0.5702
four_features,2,Sex as recorded in patients.csv,F,108,89,Dynamic DeepHit,0.8499,0.8061,0.8918,0.1111,0.9632
four_features,2,Sex as recorded in patients.csv,F,108,89,Hazard Transformer,0.6119,0.5406,0.6837,0.2966,0.687
four_features,2,Sex as recorded in patients.csv,F,108,89,Logistic Hazard,0.5619,0.4871,0.6368,0.2483,0.5845
four_features,2,Sex as recorded in patients.csv,F,108,89,RNN-Surv,0.5427,0.4721,0.6165,0.3731,0.5632
four_features,2,Sex as recorded in patients.csv,F,108,89,DeepSurv,0.5349,0.4637,0.6089,0.2503,0.545
four_features,2,Sex as recorded in patients.csv,F,108,89,GBSA,0.573,0.4994,0.6489,0.248,0.5914
four_features,2,Sex as recorded in patients.csv,F,108,89,Survival RF,0.5929,0.5163,0.6726,0.2401,0.6155
four_features,2,Sex as recorded in patients.csv,F,108,89,Survival SVM,0.4886,0.4145,0.5687,0.2639,0.4745
four_features,2,Sex as recorded in patients.csv,F,108,89,Weibull AFT,0.4931,0.4178,0.5731,0.2611,0.4822
four_features,2,Sex as recorded in patients.csv,F,108,89,KFRE,0.5405,0.4616,0.6182,0.4429,0.5574
four_features,2,Sex as recorded in patients.csv,M,162,114,Cox,0.6005,0.5376,0.6581,0.2452,0.6391
four_features,2,Sex as recorded in patients.csv,M,162,114,Dynamic DeepHit,0.8715,0.8346,0.9007,0.0997,0.9652
four_features,2,Sex as recorded in patients.csv,M,162,114,Hazard Transformer,0.6334,0.5772,0.6895,0.2878,0.7105
four_features,2,Sex as recorded in patients.csv,M,162,114,Logistic Hazard,0.5923,0.5322,0.6515,0.2326,0.6364
four_features,2,Sex as recorded in patients.csv,M,162,114,RNN-Surv,0.4867,0.4237,0.5551,0.3384,0.4901
four_features,2,Sex as recorded in patients.csv,M,162,114,DeepSurv,0.4196,0.3571,0.4876,0.2365,0.3963
four_features,2,Sex as recorded in patients.csv,M,162,114,GBSA,0.5901,0.5226,0.6535,0.2259,0.6108
four_features,2,Sex as recorded in patients.csv,M,162,114,Survival RF,0.5824,0.5205,0.6466,0.2253,0.5967
four_features,2,Sex as recorded in patients.csv,M,162,114,Survival SVM,0.5864,0.5234,0.648,0.2259,0.6171
four_features,2,Sex as recorded in patients.csv,M,162,114,Weibull AFT,0.5881,0.5251,0.651,0.2485,0.6204
four_features,2,Sex as recorded in patients.csv,M,162,114,KFRE,0.608,0.5435,0.6652,0.3352,0.6472
four_features,2,Race,BLACK,71,62,Cox,0.5574,0.4483,0.6601,0.3338,0.5643
four_features,2,Race,BLACK,71,62,Dynamic DeepHit,0.8129,0.7407,0.8756,0.1195,0.9773
four_features,2,Race,BLACK,71,62,Hazard Transformer,0.5676,0.4637,0.661,0.4145,0.6116
four_features,2,Race,BLACK,71,62,Logistic Hazard,0.5846,0.4902,0.6775,0.2904,0.5867
four_features,2,Race,BLACK,71,62,RNN-Surv,0.5836,0.498,0.669,0.3101,0.5881
four_features,2,Race,BLACK,71,62,DeepSurv,0.5361,0.4427,0.6298,0.2759,0.5316
four_features,2,Race,BLACK,71,62,GBSA,0.5589,0.462,0.6526,0.2814,0.5313
four_features,2,Race,BLACK,71,62,Survival RF,0.573,0.4752,0.6747,0.2837,0.5671
four_features,2,Race,BLACK,71,62,Survival SVM,0.4973,0.3959,0.6049,0.2974,0.4679
four_features,2,Race,BLACK,71,62,Weibull AFT,0.4915,0.3936,0.5989,0.3395,0.4598
four_features,2,Race,BLACK,71,62,KFRE,0.5521,0.4465,0.6503,0.4463,0.5586
four_features,2,Race,WHITE,156,109,Cox,0.6052,0.535,0.6684,0.2297,0.6414
four_features,2,Race,WHITE,156,109,Dynamic DeepHit,0.881,0.8477,0.9102,0.0972,0.9665
four_features,2,Race,WHITE,156,109,Hazard Transformer,0.6473,0.5867,0.7012,0.2616,0.7232
four_features,2,Race,WHITE,156,109,Logistic Hazard,0.591,0.5204,0.6524,0.223,0.6317
four_features,2,Race,WHITE,156,109,RNN-Surv,0.4835,0.4178,0.5469,0.3547,0.4908
four_features,2,Race,WHITE,156,109,DeepSurv,0.4555,0.3911,0.5171,0.2289,0.4519
four_features,2,Race,WHITE,156,109,GBSA,0.5946,0.5243,0.6618,0.2201,0.6386
four_features,2,Race,WHITE,156,109,Survival RF,0.5951,0.5211,0.6662,0.2151,0.6271
four_features,2,Race,WHITE,156,109,Survival SVM,0.5694,0.4957,0.6396,0.2191,0.6029
four_features,2,Race,WHITE,156,109,Weibull AFT,0.5783,0.5061,0.6486,0.2313,0.6122
four_features,2,Race,WHITE,156,109,KFRE,0.6113,0.5449,0.6709,0.3491,0.6455
four_features,3,Age group,18-45,27,25,Cox,0.5532,0.4079,0.6937,0.2104,0.5612
four_features,3,Age group,18-45,27,25,Dynamic DeepHit,0.9149,0.8434,0.9777,0.0799,0.9642
four_features,3,Age group,18-45,27,25,Hazard Transformer,0.5603,0.4047,0.7132,0.2112,0.5955
four_features,3,Age group,18-45,27,25,Logistic Hazard,0.539,0.4084,0.6615,0.2457,0.5436
four_features,3,Age group,18-45,27,25,RNN-Surv,0.4574,0.3094,0.6255,0.6351,0.3718
four_features,3,Age group,18-45,27,25,DeepSurv,0.3936,0.2167,0.5804,0.2533,0.3876
four_features,3,Age group,18-45,27,25,GBSA,0.5443,0.3992,0.6901,0.2368,0.5418
four_features,3,Age group,18-45,27,25,Survival RF,0.5532,0.41,0.6901,0.2272,0.5597
four_features,3,Age group,18-45,27,25,Survival SVM,0.5284,0.3939,0.6561,0.2331,0.5495
four_features,3,Age group,18-45,27,25,Weibull AFT,0.5319,0.3985,0.6621,0.2104,0.5457
four_features,3,Age group,18-45,27,25,KFRE,0.5851,0.4346,0.7299,0.4332,0.5841
four_features,3,Age group,46-65,103,79,Cox,0.5036,0.428,0.5799,0.2846,0.5127
four_features,3,Age group,46-65,103,79,Dynamic DeepHit,0.8177,0.7588,0.8654,0.1433,0.9406
four_features,3,Age group,46-65,103,79,Hazard Transformer,0.5313,0.4595,0.5966,0.3299,0.5682
four_features,3,Age group,46-65,103,79,Logistic Hazard,0.5464,0.4765,0.6205,0.2956,0.5731
four_features,3,Age group,46-65,103,79,RNN-Surv,0.5689,0.4917,0.6405,0.387,0.5689
four_features,3,Age group,46-65,103,79,DeepSurv,0.5648,0.4792,0.6393,0.2586,0.5707
four_features,3,Age group,46-65,103,79,GBSA,0.4863,0.4121,0.5652,0.2599,0.4799
four_features,3,Age group,46-65,103,79,Survival RF,0.5129,0.4351,0.5925,0.263,0.5086
four_features,3,Age group,46-65,103,79,Survival SVM,0.5133,0.4365,0.5976,0.2787,0.5177
four_features,3,Age group,46-65,103,79,Weibull AFT,0.5163,0.4398,0.5976,0.2888,0.5223
four_features,3,Age group,46-65,103,79,KFRE,0.4871,0.4135,0.5623,0.4943,0.4947
four_features,3,Age group,66-85,129,93,Cox,0.5803,0.5047,0.6536,0.2374,0.5929
four_features,3,Age group,66-85,129,93,Dynamic DeepHit,0.8711,0.8332,0.9066,0.1087,0.9629
four_features,3,Age group,66-85,129,93,Hazard Transformer,0.6167,0.5412,0.6879,0.2682,0.6873
four_features,3,Age group,66-85,129,93,Logistic Hazard,0.5991,0.526,0.6671,0.235,0.6159
four_features,3,Age group,66-85,129,93,RNN-Surv,0.557,0.4872,0.6248,0.4245,0.5425
four_features,3,Age group,66-85,129,93,DeepSurv,0.5421,0.4732,0.6167,0.235,0.5456
four_features,3,Age group,66-85,129,93,GBSA,0.5456,0.4653,0.6213,0.2337,0.5566
four_features,3,Age group,66-85,129,93,Survival RF,0.5556,0.473,0.6359,0.2273,0.5638
four_features,3,Age group,66-85,129,93,Survival SVM,0.5741,0.4992,0.6502,0.234,0.5919
four_features,3,Age group,66-85,129,93,Weibull AFT,0.5635,0.4902,0.6401,0.2395,0.584
four_features,3,Age group,66-85,129,93,KFRE,0.5721,0.4972,0.6463,0.3987,0.5828
four_features,3,Sex as recorded in patients.csv,F,113,90,Cox,0.5554,0.482,0.6284,0.2608,0.56
four_features,3,Sex as recorded in patients.csv,F,113,90,Dynamic DeepHit,0.8446,0.7962,0.8868,0.137,0.947
four_features,3,Sex as recorded in patients.csv,F,113,90,Hazard Transformer,0.605,0.5366,0.6685,0.297,0.6703
four_features,3,Sex as recorded in patients.csv,F,113,90,Logistic Hazard,0.5454,0.4773,0.6142,0.2687,0.543
four_features,3,Sex as recorded in patients.csv,F,113,90,RNN-Surv,0.522,0.4507,0.5905,0.4168,0.5025
four_features,3,Sex as recorded in patients.csv,F,113,90,DeepSurv,0.5357,0.4615,0.608,0.251,0.5323
four_features,3,Sex as recorded in patients.csv,F,113,90,GBSA,0.5399,0.4686,0.6111,0.2504,0.5399
four_features,3,Sex as recorded in patients.csv,F,113,90,Survival RF,0.5571,0.4849,0.6325,0.2465,0.5498
four_features,3,Sex as recorded in patients.csv,F,113,90,Survival SVM,0.5406,0.4631,0.6179,0.2603,0.5348
four_features,3,Sex as recorded in patients.csv,F,113,90,Weibull AFT,0.5412,0.4643,0.6173,0.2653,0.5383
four_features,3,Sex as recorded in patients.csv,F,113,90,KFRE,0.5412,0.4709,0.6163,0.4545,0.5453
four_features,3,Sex as recorded in patients.csv,M,157,113,Cox,0.5291,0.464,0.5936,0.2389,0.534
four_features,3,Sex as recorded in patients.csv,M,157,113,Dynamic DeepHit,0.8635,0.8304,0.8955,0.107,0.9603
four_features,3,Sex as recorded in patients.csv,M,157,113,Hazard Transformer,0.5611,0.4936,0.6286,0.2666,0.5961
four_features,3,Sex as recorded in patients.csv,M,157,113,Logistic Hazard,0.5803,0.5165,0.6385,0.2442,0.6152
four_features,3,Sex as recorded in patients.csv,M,157,113,RNN-Surv,0.5354,0.4721,0.5916,0.4436,0.5131
four_features,3,Sex as recorded in patients.csv,M,157,113,DeepSurv,0.5281,0.4554,0.5899,0.2366,0.533
four_features,3,Sex as recorded in patients.csv,M,157,113,GBSA,0.5211,0.4522,0.5843,0.2352,0.529
four_features,3,Sex as recorded in patients.csv,M,157,113,Survival RF,0.5262,0.4593,0.5928,0.2336,0.5348
four_features,3,Sex as recorded in patients.csv,M,157,113,Survival SVM,0.551,0.4861,0.6184,0.2445,0.5624
four_features,3,Sex as recorded in patients.csv,M,157,113,Weibull AFT,0.5481,0.4826,0.613,0.24,0.5593
four_features,3,Sex as recorded in patients.csv,M,157,113,KFRE,0.5275,0.4671,0.5916,0.4349,0.5337
four_features,3,Race,BLACK,70,56,Cox,0.4541,0.3593,0.554,0.2788,0.4558
four_features,3,Race,BLACK,70,56,Dynamic DeepHit,0.8297,0.7638,0.8808,0.1455,0.9429
four_features,3,Race,BLACK,70,56,Hazard Transformer,0.556,0.4709,0.6421,0.3152,0.6111
four_features,3,Race,BLACK,70,56,Logistic Hazard,0.5134,0.4224,0.6085,0.2972,0.5338
four_features,3,Race,BLACK,70,56,RNN-Surv,0.5408,0.4428,0.637,0.4264,0.5172
four_features,3,Race,BLACK,70,56,DeepSurv,0.5879,0.4924,0.6771,0.2578,0.5837
four_features,3,Race,BLACK,70,56,GBSA,0.519,0.4259,0.6181,0.262,0.5128
four_features,3,Race,BLACK,70,56,Survival RF,0.519,0.4141,0.6248,0.2618,0.5154
four_features,3,Race,BLACK,70,56,Survival SVM,0.4947,0.4035,0.59,0.2886,0.4975
four_features,3,Race,BLACK,70,56,Weibull AFT,0.4967,0.4028,0.5916,0.2815,0.4936
four_features,3,Race,BLACK,70,56,KFRE,0.4445,0.3494,0.548,0.5359,0.4444
four_features,3,Race,HISPANIC/LATINO,22,14,Cox,0.462,0.2624,0.6801,0.2087,0.473
four_features,3,Race,HISPANIC/LATINO,22,14,Dynamic DeepHit,0.8797,0.7656,0.971,0.0867,0.9572
four_features,3,Race,HISPANIC/LATINO,22,14,Hazard Transformer,0.5696,0.388,0.7501,0.2251,0.6658
four_features,3,Race,HISPANIC/LATINO,22,14,Logistic Hazard,0.4367,0.2269,0.6364,0.2029,0.4713
four_features,3,Race,HISPANIC/LATINO,22,14,RNN-Surv,0.4241,0.25,0.6087,0.4055,0.3455
four_features,3,Race,HISPANIC/LATINO,22,14,DeepSurv,0.4494,0.2721,0.633,0.2113,0.4152
four_features,3,Race,HISPANIC/LATINO,22,14,GBSA,0.4778,0.2842,0.6923,0.2071,0.5261
four_features,3,Race,HISPANIC/LATINO,22,14,Survival RF,0.5127,0.3088,0.7296,0.2052,0.5493
four_features,3,Race,HISPANIC/LATINO,22,14,Survival SVM,0.5253,0.3046,0.7501,0.1994,0.576
four_features,3,Race,HISPANIC/LATINO,22,14,Weibull AFT,0.462,0.2657,0.687,0.2108,0.4941
four_features,3,Race,HISPANIC/LATINO,22,14,KFRE,0.4747,0.2761,0.6952,0.3822,0.5086
four_features,3,Race,WHITE,154,113,Cox,0.5846,0.5234,0.6518,0.2326,0.6018
four_features,3,Race,WHITE,154,113,Dynamic DeepHit,0.866,0.8263,0.8985,0.1108,0.9583
four_features,3,Race,WHITE,154,113,Hazard Transformer,0.5856,0.5239,0.6573,0.2606,0.6295
four_features,3,Race,WHITE,154,113,Logistic Hazard,0.6069,0.5439,0.664,0.2329,0.6386
four_features,3,Race,WHITE,154,113,RNN-Surv,0.5158,0.4532,0.5778,0.4326,0.5121
four_features,3,Race,WHITE,154,113,DeepSurv,0.5095,0.4461,0.5766,0.2338,0.5232
four_features,3,Race,WHITE,154,113,GBSA,0.5356,0.4712,0.6058,0.2319,0.5411
four_features,3,Race,WHITE,154,113,Survival RF,0.5342,0.4658,0.6079,0.2302,0.5298
four_features,3,Race,WHITE,154,113,Survival SVM,0.5697,0.5023,0.6428,0.2386,0.5733
four_features,3,Race,WHITE,154,113,Weibull AFT,0.5611,0.4909,0.6355,0.2352,0.5698
four_features,3,Race,WHITE,154,113,KFRE,0.5765,0.516,0.6414,0.4066,0.5877
four_features,4,Age group,46-65,106,86,Cox,0.438,0.3667,0.5095,0.2672,0.4393
four_features,4,Age group,46-65,106,86,Dynamic DeepHit,0.8102,0.7473,0.8603,0.1512,0.9193
four_features,4,Age group,46-65,106,86,Hazard Transformer,0.555,0.4806,0.624,0.2711,0.6139
four_features,4,Age group,46-65,106,86,Logistic Hazard,0.4571,0.384,0.5339,0.262,0.486
four_features,4,Age group,46-65,106,86,RNN-Surv,0.5539,0.4742,0.6347,0.329,0.5756
four_features,4,Age group,46-65,106,86,DeepSurv,0.5893,0.5159,0.6604,0.252,0.6035
four_features,4,Age group,46-65,106,86,GBSA,0.4742,0.4005,0.5491,0.2821,0.5226
four_features,4,Age group,46-65,106,86,Survival RF,0.4909,0.414,0.5691,0.2722,0.5264
four_features,4,Age group,46-65,106,86,Survival SVM,0.4784,0.4052,0.5526,0.2608,0.4858
four_features,4,Age group,46-65,106,86,Weibull AFT,0.4667,0.3933,0.5411,0.2662,0.4754
four_features,4,Age group,46-65,106,86,KFRE,0.4264,0.3607,0.4959,0.5419,0.421
four_features,4,Age group,66-85,129,89,Cox,0.6244,0.5538,0.6961,0.2591,0.6486
four_features,4,Age group,66-85,129,89,Dynamic DeepHit,0.8338,0.7854,0.878,0.1283,0.9384
four_features,4,Age group,66-85,129,89,Hazard Transformer,0.6588,0.5931,0.727,0.233,0.7441
four_features,4,Age group,66-85,129,89,Logistic Hazard,0.5757,0.505,0.651,0.2366,0.5928
four_features,4,Age group,66-85,129,89,RNN-Surv,0.5741,0.5029,0.6489,0.2923,0.5755
four_features,4,Age group,66-85,129,89,DeepSurv,0.4374,0.37,0.5093,0.2411,0.3828
four_features,4,Age group,66-85,129,89,GBSA,0.5394,0.4598,0.6169,0.2619,0.5372
four_features,4,Age group,66-85,129,89,Survival RF,0.5509,0.4817,0.6273,0.2514,0.5598
four_features,4,Age group,66-85,129,89,Survival SVM,0.6108,0.5369,0.6829,0.2359,0.6299
four_features,4,Age group,66-85,129,89,Weibull AFT,0.6151,0.5427,0.6893,0.26,0.6348
four_features,4,Age group,66-85,129,89,KFRE,0.6343,0.5663,0.7065,0.3779,0.6718
four_features,4,Sex as recorded in patients.csv,F,119,95,Cox,0.5274,0.4536,0.6042,0.2538,0.5338
four_features,4,Sex as recorded in patients.csv,F,119,95,Dynamic DeepHit,0.8341,0.783,0.8767,0.1462,0.9403
four_features,4,Sex as recorded in patients.csv,F,119,95,Hazard Transformer,0.607,0.5306,0.68,0.2529,0.6869
four_features,4,Sex as recorded in patients.csv,F,119,95,Logistic Hazard,0.5366,0.4615,0.6068,0.2454,0.5606
four_features,4,Sex as recorded in patients.csv,F,119,95,RNN-Surv,0.5232,0.4495,0.5981,0.3316,0.5203
four_features,4,Sex as recorded in patients.csv,F,119,95,DeepSurv,0.4978,0.4253,0.5736,0.2473,0.4879
four_features,4,Sex as recorded in patients.csv,F,119,95,GBSA,0.5117,0.4352,0.5808,0.2671,0.5223
four_features,4,Sex as recorded in patients.csv,F,119,95,Survival RF,0.5404,0.4639,0.6201,0.2554,0.565
four_features,4,Sex as recorded in patients.csv,F,119,95,Survival SVM,0.555,0.4778,0.6284,0.2457,0.5631
four_features,4,Sex as recorded in patients.csv,F,119,95,Weibull AFT,0.5379,0.4623,0.6142,0.2536,0.5429
four_features,4,Sex as recorded in patients.csv,F,119,95,KFRE,0.5128,0.442,0.5888,0.4832,0.5193
four_features,4,Sex as recorded in patients.csv,M,151,108,Cox,0.5558,0.4924,0.6168,0.2595,0.5805
four_features,4,Sex as recorded in patients.csv,M,151,108,Dynamic DeepHit,0.8147,0.7691,0.8612,0.1461,0.9154
four_features,4,Sex as recorded in patients.csv,M,151,108,Hazard Transformer,0.6164,0.559,0.6738,0.247,0.6787
four_features,4,Sex as recorded in patients.csv,M,151,108,Logistic Hazard,0.5605,0.4946,0.6253,0.2414,0.5991
four_features,4,Sex as recorded in patients.csv,M,151,108,RNN-Surv,0.5926,0.5332,0.6567,0.3037,0.624
four_features,4,Sex as recorded in patients.csv,M,151,108,DeepSurv,0.4939,0.4277,0.5649,0.2437,0.4791
four_features,4,Sex as recorded in patients.csv,M,151,108,GBSA,0.5078,0.4367,0.5739,0.2677,0.5296
four_features,4,Sex as recorded in patients.csv,M,151,108,Survival RF,0.5441,0.4763,0.6076,0.2586,0.569
four_features,4,Sex as recorded in patients.csv,M,151,108,Survival SVM,0.5578,0.4938,0.6158,0.2434,0.5836
four_features,4,Sex as recorded in patients.csv,M,151,108,Weibull AFT,0.5612,0.4959,0.6196,0.2601,0.5834
four_features,4,Sex as recorded in patients.csv,M,151,108,KFRE,0.5533,0.4899,0.6136,0.4402,0.5822
four_features,4,Race,BLACK,70,58,Cox,0.4688,0.3796,0.5558,0.3317,0.4572
four_features,4,Race,BLACK,70,58,Dynamic DeepHit,0.8304,0.7594,0.8846,0.137,0.9384
four_features,4,Race,BLACK,70,58,Hazard Transformer,0.6052,0.5144,0.6933,0.2682,0.6607
four_features,4,Race,BLACK,70,58,Logistic Hazard,0.5148,0.4197,0.6052,0.2804,0.5445
four_features,4,Race,BLACK,70,58,RNN-Surv,0.5434,0.4458,0.6419,0.3035,0.5717
four_features,4,Race,BLACK,70,58,DeepSurv,0.4969,0.4039,0.5885,0.2835,0.5003
four_features,4,Race,BLACK,70,58,GBSA,0.5541,0.4621,0.6435,0.2933,0.5903
four_features,4,Race,BLACK,70,58,Survival RF,0.5306,0.4352,0.6275,0.2965,0.5672
four_features,4,Race,BLACK,70,58,Survival SVM,0.4862,0.3878,0.5728,0.2881,0.4594
four_features,4,Race,BLACK,70,58,Weibull AFT,0.4765,0.3841,0.5638,0.3329,0.453
four_features,4,Race,BLACK,70,58,KFRE,0.478,0.387,0.566,0.4448,0.4654
four_features,4,Race,HISPANIC/LATINO,25,20,Cox,0.5263,0.347,0.7136,0.2545,0.5629
four_features,4,Race,HISPANIC/LATINO,25,20,Dynamic DeepHit,0.8289,0.7016,0.9275,0.1491,0.9168
four_features,4,Race,HISPANIC/LATINO,25,20,Hazard Transformer,0.7018,0.5454,0.8354,0.236,0.7896
four_features,4,Race,HISPANIC/LATINO,25,20,Logistic Hazard,0.5746,0.4091,0.74,0.2623,0.5827
four_features,4,Race,HISPANIC/LATINO,25,20,RNN-Surv,0.6316,0.4687,0.7871,0.3234,0.6545
four_features,4,Race,HISPANIC/LATINO,25,20,DeepSurv,0.5132,0.3421,0.6776,0.2534,0.4454
four_features,4,Race,HISPANIC/LATINO,25,20,GBSA,0.4254,0.2686,0.601,0.3035,0.3775
four_features,4,Race,HISPANIC/LATINO,25,20,Survival RF,0.4737,0.3273,0.636,0.2791,0.3998
four_features,4,Race,HISPANIC/LATINO,25,20,Survival SVM,0.5614,0.3816,0.7406,0.2399,0.6206
four_features,4,Race,HISPANIC/LATINO,25,20,Weibull AFT,0.5482,0.3655,0.7356,0.2555,0.6055
four_features,4,Race,HISPANIC/LATINO,25,20,KFRE,0.5175,0.3376,0.7081,0.5445,0.5779
four_features,4,Race,WHITE,153,107,Cox,0.5872,0.5206,0.6579,0.2351,0.6069
four_features,4,Race,WHITE,153,107,Dynamic DeepHit,0.8312,0.7878,0.8698,0.1377,0.9312
four_features,4,Race,WHITE,153,107,Hazard Transformer,0.6208,0.5519,0.6848,0.2367,0.691
four_features,4,Race,WHITE,153,107,Logistic Hazard,0.5455,0.474,0.6106,0.2263,0.5762
four_features,4,Race,WHITE,153,107,RNN-Surv,0.5773,0.5093,0.6465,0.3068,0.5953
four_features,4,Race,WHITE,153,107,DeepSurv,0.5207,0.4496,0.5947,0.2296,0.5139
four_features,4,Race,WHITE,153,107,GBSA,0.5195,0.4507,0.582,0.2523,0.531
four_features,4,Race,WHITE,153,107,Survival RF,0.5741,0.5058,0.6377,0.2338,0.6002
four_features,4,Race,WHITE,153,107,Survival SVM,0.6001,0.5366,0.6693,0.2242,0.6243
four_features,4,Race,WHITE,153,107,Weibull AFT,0.5958,0.5308,0.6629,0.235,0.617
four_features,4,Race,WHITE,153,107,KFRE,0.5703,0.5026,0.6424,0.4378,0.5917
four_features,5,Age group,18-45,26,21,Cox,0.4468,0.2878,0.608,0.2905,0.4049
four_features,5,Age group,18-45,26,21,Dynamic DeepHit,0.8794,0.771,0.9663,0.1651,0.9522
four_features,5,Age group,18-45,26,21,Hazard Transformer,0.5709,0.3893,0.7356,0.3103,0.5796
four_features,5,Age group,18-45,26,21,Logistic Hazard,0.4929,0.3294,0.6473,0.286,0.5132
four_features,5,Age group,18-45,26,21,RNN-Surv,0.4397,0.299,0.5776,0.4807,0.4153
four_features,5,Age group,18-45,26,21,DeepSurv,0.5035,0.3206,0.6916,0.3056,0.4533
four_features,5,Age group,18-45,26,21,GBSA,0.5532,0.3745,0.7293,0.2863,0.5782
four_features,5,Age group,18-45,26,21,Survival RF,0.461,0.3156,0.6136,0.285,0.4518
four_features,5,Age group,18-45,26,21,Survival SVM,0.4291,0.2817,0.5704,0.2922,0.4237
four_features,5,Age group,18-45,26,21,Weibull AFT,0.4397,0.2806,0.6056,0.29,0.4194
four_features,5,Age group,18-45,26,21,KFRE,0.4504,0.2892,0.6045,0.5514,0.4254
four_features,5,Age group,46-65,103,82,Cox,0.4785,0.3963,0.5489,0.2384,0.4857
four_features,5,Age group,46-65,103,82,Dynamic DeepHit,0.8952,0.8483,0.9329,0.1241,0.9431
four_features,5,Age group,46-65,103,82,Hazard Transformer,0.5725,0.495,0.6447,0.2568,0.6427
four_features,5,Age group,46-65,103,82,Logistic Hazard,0.5312,0.4496,0.6093,0.2502,0.542
four_features,5,Age group,46-65,103,82,RNN-Surv,0.5368,0.4615,0.6124,0.4708,0.5574
four_features,5,Age group,46-65,103,82,DeepSurv,0.4816,0.4017,0.5504,0.2688,0.4783
four_features,5,Age group,46-65,103,82,GBSA,0.5329,0.4614,0.6125,0.254,0.5345
four_features,5,Age group,46-65,103,82,Survival RF,0.5052,0.4301,0.5872,0.2545,0.5129
four_features,5,Age group,46-65,103,82,Survival SVM,0.5094,0.4337,0.5873,0.2452,0.526
four_features,5,Age group,46-65,103,82,Weibull AFT,0.5053,0.4313,0.5801,0.2389,0.5249
four_features,5,Age group,46-65,103,82,KFRE,0.4647,0.3827,0.537,0.5156,0.4659
four_features,5,Age group,66-85,123,89,Cox,0.6101,0.5416,0.6792,0.2541,0.6255
four_features,5,Age group,66-85,123,89,Dynamic DeepHit,0.8505,0.8075,0.8866,0.1353,0.9487
four_features,5,Age group,66-85,123,89,Hazard Transformer,0.6514,0.5833,0.7149,0.2841,0.7166
four_features,5,Age group,66-85,123,89,Logistic Hazard,0.602,0.5354,0.6735,0.2421,0.6129
four_features,5,Age group,66-85,123,89,RNN-Surv,0.5471,0.4752,0.6159,0.3876,0.5411
four_features,5,Age group,66-85,123,89,DeepSurv,0.5482,0.4754,0.6247,0.2391,0.5578
four_features,5,Age group,66-85,123,89,GBSA,0.5815,0.5092,0.654,0.2392,0.5851
four_features,5,Age group,66-85,123,89,Survival RF,0.5899,0.5173,0.6623,0.2348,0.598
four_features,5,Age group,66-85,123,89,Survival SVM,0.6008,0.5327,0.6719,0.2374,0.6127
four_features,5,Age group,66-85,123,89,Weibull AFT,0.609,0.5453,0.6789,0.2567,0.623
four_features,5,Age group,66-85,123,89,KFRE,0.606,0.5425,0.6774,0.3823,0.6181
four_features,5,Sex as recorded in patients.csv,F,113,90,Cox,0.5473,0.4712,0.62,0.2484,0.546
four_features,5,Sex as recorded in patients.csv,F,113,90,Dynamic DeepHit,0.8501,0.7955,0.8915,0.1524,0.9278
four_features,5,Sex as recorded in patients.csv,F,113,90,Hazard Transformer,0.6411,0.5768,0.6959,0.2677,0.7264
four_features,5,Sex as recorded in patients.csv,F,113,90,Logistic Hazard,0.559,0.4884,0.6225,0.2503,0.5961
four_features,5,Sex as recorded in patients.csv,F,113,90,RNN-Surv,0.5525,0.484,0.6182,0.46,0.5823
four_features,5,Sex as recorded in patients.csv,F,113,90,DeepSurv,0.5509,0.4796,0.6201,0.2514,0.5746
four_features,5,Sex as recorded in patients.csv,F,113,90,GBSA,0.5483,0.4749,0.6183,0.2491,0.558
four_features,5,Sex as recorded in patients.csv,F,113,90,Survival RF,0.5627,0.4963,0.6238,0.248,0.5976
four_features,5,Sex as recorded in patients.csv,F,113,90,Survival SVM,0.5567,0.478,0.6378,0.2502,0.5679
four_features,5,Sex as recorded in patients.csv,F,113,90,Weibull AFT,0.5632,0.4866,0.6369,0.2501,0.5734
four_features,5,Sex as recorded in patients.csv,F,113,90,KFRE,0.531,0.4566,0.6015,0.4659,0.5248
four_features,5,Sex as recorded in patients.csv,M,157,113,Cox,0.5299,0.466,0.5973,0.2502,0.5406
four_features,5,Sex as recorded in patients.csv,M,157,113,Dynamic DeepHit,0.8803,0.8422,0.9166,0.1226,0.9592
four_features,5,Sex as recorded in patients.csv,M,157,113,Hazard Transformer,0.5552,0.4873,0.6204,0.2766,0.589
four_features,5,Sex as recorded in patients.csv,M,157,113,Logistic Hazard,0.5722,0.5107,0.6341,0.2439,0.5785
four_features,5,Sex as recorded in patients.csv,M,157,113,RNN-Surv,0.5184,0.4573,0.5803,0.406,0.5106
four_features,5,Sex as recorded in patients.csv,M,157,113,DeepSurv,0.4817,0.4166,0.5426,0.2564,0.4597
four_features,5,Sex as recorded in patients.csv,M,157,113,GBSA,0.5618,0.4986,0.6246,0.2487,0.5553
four_features,5,Sex as recorded in patients.csv,M,157,113,Survival RF,0.5209,0.4526,0.5911,0.2443,0.4972
four_features,5,Sex as recorded in patients.csv,M,157,113,Survival SVM,0.5586,0.4946,0.6219,0.2394,0.5712
four_features,5,Sex as recorded in patients.csv,M,157,113,Weibull AFT,0.5461,0.4804,0.6114,0.2516,0.5568
four_features,5,Sex as recorded in patients.csv,M,157,113,KFRE,0.5291,0.4622,0.5967,0.4374,0.5426
four_features,5,Race,BLACK,67,54,Cox,0.4747,0.3804,0.5749,0.2484,0.4366
four_features,5,Race,BLACK,67,54,Dynamic DeepHit,0.8908,0.8352,0.9332,0.1243,0.9793
four_features,5,Race,BLACK,67,54,Hazard Transformer,0.5816,0.4868,0.6738,0.2713,0.6122
four_features,5,Race,BLACK,67,54,Logistic Hazard,0.5253,0.4221,0.6172,0.2569,0.5029
four_features,5,Race,BLACK,67,54,RNN-Surv,0.5253,0.4274,0.6277,0.4699,0.4982
four_features,5,Race,BLACK,67,54,DeepSurv,0.5068,0.4207,0.5977,0.2729,0.48
four_features,5,Race,BLACK,67,54,GBSA,0.5608,0.4577,0.6541,0.2662,0.5266
four_features,5,Race,BLACK,67,54,Survival RF,0.4544,0.3605,0.5463,0.2673,0.4264
four_features,5,Race,BLACK,67,54,Survival SVM,0.5236,0.4335,0.6224,0.2516,0.5018
four_features,5,Race,BLACK,67,54,Weibull AFT,0.5068,0.4149,0.6054,0.248,0.4766
four_features,5,Race,BLACK,67,54,KFRE,0.4679,0.3711,0.5709,0.474,0.4339
four_features,5,Race,WHITE,169,124,Cox,0.5546,0.4982,0.6111,0.2507,0.5701
four_features,5,Race,WHITE,169,124,Dynamic DeepHit,0.8647,0.8253,0.8982,0.1395,0.9358
four_features,5,Race,WHITE,169,124,Hazard Transformer,0.5771,0.5186,0.6311,0.2742,0.6355
four_features,5,Race,WHITE,169,124,Logistic Hazard,0.5627,0.5037,0.62,0.2447,0.5812
four_features,5,Race,WHITE,169,124,RNN-Surv,0.5408,0.4832,0.6025,0.4178,0.5569
four_features,5,Race,WHITE,169,124,DeepSurv,0.5153,0.453,0.5777,0.2499,0.523
four_features,5,Race,WHITE,169,124,GBSA,0.5613,0.503,0.6212,0.243,0.5746
four_features,5,Race,WHITE,169,124,Survival RF,0.5855,0.5264,0.6429,0.2361,0.6054
four_features,5,Race,WHITE,169,124,Survival SVM,0.5638,0.5062,0.6255,0.2413,0.5753
four_features,5,Race,WHITE,169,124,Weibull AFT,0.5645,0.5072,0.623,0.2527,0.5783
four_features,5,Race,WHITE,169,124,KFRE,0.5484,0.4914,0.6059,0.4414,0.5632
eight_features,1,Age group,46-65,47,34,Cox,0.567,0.4518,0.6711,0.3297,0.6253
eight_features,1,Age group,46-65,47,34,Dynamic DeepHit,0.8548,0.7889,0.9142,0.1887,0.9682
eight_features,1,Age group,46-65,47,34,Hazard Transformer,0.5546,0.4423,0.6675,0.3477,0.6321
eight_features,1,Age group,46-65,47,34,Logistic Hazard,0.5062,0.378,0.6345,0.3625,0.4694
eight_features,1,Age group,46-65,47,34,RNN-Surv,0.58,0.4574,0.6934,0.2824,0.6303
eight_features,1,Age group,46-65,47,34,DeepSurv,0.6749,0.5633,0.7658,0.2705,0.7448
eight_features,1,Age group,46-65,47,34,GBSA,0.5695,0.456,0.6755,0.3574,0.6334
eight_features,1,Age group,46-65,47,34,Survival RF,0.5955,0.4855,0.6995,0.2686,0.6464
eight_features,1,Age group,46-65,47,34,Survival SVM,0.3189,0.2123,0.4358,0.6635,0.2564
eight_features,1,Age group,46-65,47,34,Weibull AFT,0.5782,0.4672,0.6793,0.303,0.6357
eight_features,1,Age group,46-65,47,34,KFRE,0.402,0.2887,0.5168,0.5697,0.3608
eight_features,1,Age group,66-85,46,37,Cox,0.4495,0.3508,0.5586,0.3334,0.4562
eight_features,1,Age group,66-85,46,37,Dynamic DeepHit,0.8145,0.7302,0.8861,0.161,0.8851
eight_features,1,Age group,66-85,46,37,Hazard Transformer,0.431,0.3048,0.5635,0.3462,0.3693
eight_features,1,Age group,66-85,46,37,Logistic Hazard,0.4721,0.3481,0.5946,0.3667,0.4101
eight_features,1,Age group,66-85,46,37,RNN-Surv,0.4923,0.3873,0.5967,0.3288,0.4718
eight_features,1,Age group,66-85,46,37,DeepSurv,0.4816,0.3565,0.6151,0.2683,0.429
eight_features,1,Age group,66-85,46,37,GBSA,0.4328,0.3068,0.5602,0.3851,0.4418
eight_features,1,Age group,66-85,46,37,Survival RF,0.4352,0.3239,0.5629,0.2908,0.4413
eight_features,1,Age group,66-85,46,37,Survival SVM,0.5125,0.3804,0.6333,0.5393,0.5551
eight_features,1,Age group,66-85,46,37,Weibull AFT,0.4625,0.3601,0.5764,0.3067,0.4834
eight_features,1,Age group,66-85,46,37,KFRE,0.4994,0.3971,0.6067,0.477,0.5211
eight_features,1,Sex as recorded in patients.csv,F,40,28,Cox,0.4839,0.3622,0.6142,0.3502,0.501
eight_features,1,Sex as recorded in patients.csv,F,40,28,Dynamic DeepHit,0.8571,0.7826,0.9332,0.142,0.9631
eight_features,1,Sex as recorded in patients.csv,F,40,28,Hazard Transformer,0.4911,0.3571,0.6132,0.3665,0.4941
eight_features,1,Sex as recorded in patients.csv,F,40,28,Logistic Hazard,0.4393,0.3152,0.5738,0.3881,0.3679
eight_features,1,Sex as recorded in patients.csv,F,40,28,RNN-Surv,0.4813,0.3479,0.6066,0.2902,0.524
eight_features,1,Sex as recorded in patients.csv,F,40,28,DeepSurv,0.4643,0.3238,0.6104,0.2842,0.4022
eight_features,1,Sex as recorded in patients.csv,F,40,28,GBSA,0.5018,0.3669,0.642,0.4078,0.5563
eight_features,1,Sex as recorded in patients.csv,F,40,28,Survival RF,0.4964,0.3803,0.632,0.2867,0.5575
eight_features,1,Sex as recorded in patients.csv,F,40,28,Survival SVM,0.4696,0.318,0.6128,0.5384,0.4616
eight_features,1,Sex as recorded in patients.csv,F,40,28,Weibull AFT,0.4679,0.3526,0.5908,0.321,0.4709
eight_features,1,Sex as recorded in patients.csv,F,40,28,KFRE,0.4304,0.2936,0.5685,0.4999,0.3726
eight_features,1,Sex as recorded in patients.csv,M,67,54,Cox,0.5642,0.4764,0.6559,0.3126,0.5952
eight_features,1,Sex as recorded in patients.csv,M,67,54,Dynamic DeepHit,0.823,0.7705,0.8708,0.1788,0.9163
eight_features,1,Sex as recorded in patients.csv,M,67,54,Hazard Transformer,0.4931,0.3968,0.5978,0.3306,0.4819
eight_features,1,Sex as recorded in patients.csv,M,67,54,Logistic Hazard,0.5177,0.4128,0.6191,0.3452,0.4791
eight_features,1,Sex as recorded in patients.csv,M,67,54,RNN-Surv,0.5855,0.4984,0.6734,0.3111,0.5986
eight_features,1,Sex as recorded in patients.csv,M,67,54,DeepSurv,0.594,0.496,0.6884,0.2577,0.628
eight_features,1,Sex as recorded in patients.csv,M,67,54,GBSA,0.5039,0.4071,0.6048,0.3521,0.527
eight_features,1,Sex as recorded in patients.csv,M,67,54,Survival RF,0.5304,0.4265,0.6372,0.2681,0.5388
eight_features,1,Sex as recorded in patients.csv,M,67,54,Survival SVM,0.4115,0.3128,0.5114,0.6253,0.4015
eight_features,1,Sex as recorded in patients.csv,M,67,54,Weibull AFT,0.5852,0.5009,0.6742,0.2894,0.6398
eight_features,1,Sex as recorded in patients.csv,M,67,54,KFRE,0.4978,0.4098,0.5851,0.5203,0.5084
eight_features,1,Race,BLACK,24,19,Cox,0.5962,0.4506,0.7489,0.2027,0.5822
eight_features,1,Race,BLACK,24,19,Dynamic DeepHit,0.8028,0.6479,0.9135,0.0834,0.9508
eight_features,1,Race,BLACK,24,19,Hazard Transformer,0.5211,0.3725,0.678,0.2073,0.5751
eight_features,1,Race,BLACK,24,19,Logistic Hazard,0.4836,0.2844,0.6596,0.22,0.3488
eight_features,1,Race,BLACK,24,19,RNN-Surv,0.5869,0.4146,0.7528,0.2856,0.6978
eight_features,1,Race,BLACK,24,19,DeepSurv,0.6901,0.5163,0.8325,0.1798,0.83
eight_features,1,Race,BLACK,24,19,GBSA,0.4648,0.2928,0.6474,0.246,0.4721
eight_features,1,Race,BLACK,24,19,Survival RF,0.6056,0.4475,0.7487,0.1828,0.6494
eight_features,1,Race,BLACK,24,19,Survival SVM,0.3427,0.201,0.515,0.6498,0.1803
eight_features,1,Race,BLACK,24,19,Weibull AFT,0.6103,0.4681,0.7556,0.1899,0.5929
eight_features,1,Race,BLACK,24,19,KFRE,0.4366,0.2611,0.6276,0.5671,0.173
eight_features,1,Race,WHITE,71,53,Cox,0.5257,0.4334,0.6227,0.3625,0.5898
eight_features,1,Race,WHITE,71,53,Dynamic DeepHit,0.8333,0.7752,0.8843,0.1926,0.9239
eight_features,1,Race,WHITE,71,53,Hazard Transformer,0.4903,0.3864,0.595,0.3864,0.4847
eight_features,1,Race,WHITE,71,53,Logistic Hazard,0.5157,0.4194,0.6138,0.4054,0.5003
eight_features,1,Race,WHITE,71,53,RNN-Surv,0.5349,0.4465,0.6289,0.3026,0.5552
eight_features,1,Race,WHITE,71,53,DeepSurv,0.5288,0.4342,0.6321,0.2947,0.4959
eight_features,1,Race,WHITE,71,53,GBSA,0.5047,0.4024,0.6058,0.4154,0.5477
eight_features,1,Race,WHITE,71,53,Survival RF,0.5063,0.415,0.6181,0.3042,0.5634
eight_features,1,Race,WHITE,71,53,Survival SVM,0.4565,0.3491,0.5554,0.5539,0.4717
eight_features,1,Race,WHITE,71,53,Weibull AFT,0.5236,0.4383,0.6201,0.3347,0.5834
eight_features,1,Race,WHITE,71,53,KFRE,0.4853,0.3926,0.5726,0.486,0.5059
eight_features,2,Age group,46-65,49,40,Cox,0.6139,0.4916,0.7217,0.247,0.6463
eight_features,2,Age group,46-65,49,40,Dynamic DeepHit,0.7722,0.6976,0.8414,0.1704,0.8871
eight_features,2,Age group,46-65,49,40,Hazard Transformer,0.5716,0.4541,0.6891,0.228,0.6595
eight_features,2,Age group,46-65,49,40,Logistic Hazard,0.6041,0.4939,0.724,0.2635,0.5931
eight_features,2,Age group,46-65,49,40,RNN-Surv,0.5054,0.394,0.6183,0.3509,0.5202
eight_features,2,Age group,46-65,49,40,DeepSurv,0.5054,0.3827,0.6334,0.2265,0.4047
eight_features,2,Age group,46-65,49,40,GBSA,0.5466,0.4384,0.6515,0.2433,0.5267
eight_features,2,Age group,46-65,49,40,Survival RF,0.5325,0.415,0.651,0.2474,0.4809
eight_features,2,Age group,46-65,49,40,Survival SVM,0.5206,0.3899,0.6526,0.2257,0.514
eight_features,2,Age group,46-65,49,40,Weibull AFT,0.5813,0.4682,0.6995,0.2359,0.6114
eight_features,2,Age group,46-65,49,40,KFRE,0.5249,0.3962,0.6437,0.5468,0.5541
eight_features,2,Age group,66-85,37,24,Cox,0.5135,0.3431,0.6728,0.1568,0.5693
eight_features,2,Age group,66-85,37,24,Dynamic DeepHit,0.7548,0.6234,0.8739,0.0794,0.8713
eight_features,2,Age group,66-85,37,24,Hazard Transformer,0.5483,0.3946,0.6957,0.1697,0.5123
eight_features,2,Age group,66-85,37,24,Logistic Hazard,0.5946,0.4602,0.7275,0.1888,0.7604
eight_features,2,Age group,66-85,37,24,RNN-Surv,0.5965,0.4477,0.7353,0.2674,0.7479
eight_features,2,Age group,66-85,37,24,DeepSurv,0.4131,0.2937,0.5541,0.15,0.6077
eight_features,2,Age group,66-85,37,24,GBSA,0.4817,0.3238,0.6245,0.1688,0.5124
eight_features,2,Age group,66-85,37,24,Survival RF,0.5135,0.3597,0.6706,0.1709,0.545
eight_features,2,Age group,66-85,37,24,Survival SVM,0.5618,0.3936,0.7258,0.1464,0.6331
eight_features,2,Age group,66-85,37,24,Weibull AFT,0.4575,0.303,0.6101,0.1596,0.5422
eight_features,2,Age group,66-85,37,24,KFRE,0.6525,0.4932,0.7916,0.493,0.4963
eight_features,2,Sex as recorded in patients.csv,F,47,37,Cox,0.6337,0.517,0.7398,0.1574,0.6737
eight_features,2,Sex as recorded in patients.csv,F,47,37,Dynamic DeepHit,0.7725,0.6955,0.8386,0.1541,0.9485
eight_features,2,Sex as recorded in patients.csv,F,47,37,Hazard Transformer,0.566,0.4518,0.6733,0.1744,0.5981
eight_features,2,Sex as recorded in patients.csv,F,47,37,Logistic Hazard,0.5483,0.442,0.661,0.1837,0.6247
eight_features,2,Sex as recorded in patients.csv,F,47,37,RNN-Surv,0.596,0.4711,0.7184,0.3497,0.6393
eight_features,2,Sex as recorded in patients.csv,F,47,37,DeepSurv,0.4639,0.3647,0.5645,0.1928,0.5098
eight_features,2,Sex as recorded in patients.csv,F,47,37,GBSA,0.6171,0.5046,0.732,0.1692,0.639
eight_features,2,Sex as recorded in patients.csv,F,47,37,Survival RF,0.6615,0.5675,0.7596,0.1698,0.6617
eight_features,2,Sex as recorded in patients.csv,F,47,37,Survival SVM,0.5305,0.4281,0.6355,0.1879,0.5458
eight_features,2,Sex as recorded in patients.csv,F,47,37,Weibull AFT,0.5838,0.4734,0.6897,0.1615,0.6735
eight_features,2,Sex as recorded in patients.csv,F,47,37,KFRE,0.5594,0.4463,0.6751,0.5343,0.5841
eight_features,2,Sex as recorded in patients.csv,M,60,45,Cox,0.4985,0.3859,0.6144,0.22,0.5381
eight_features,2,Sex as recorded in patients.csv,M,60,45,Dynamic DeepHit,0.7508,0.6555,0.8418,0.1199,0.851
eight_features,2,Sex as recorded in patients.csv,M,60,45,Hazard Transformer,0.4977,0.3843,0.6084,0.2049,0.5007
eight_features,2,Sex as recorded in patients.csv,M,60,45,Logistic Hazard,0.5533,0.4484,0.6687,0.2405,0.5913
eight_features,2,Sex as recorded in patients.csv,M,60,45,RNN-Surv,0.515,0.4119,0.623,0.3099,0.5549
eight_features,2,Sex as recorded in patients.csv,M,60,45,DeepSurv,0.4805,0.3748,0.5973,0.2022,0.4281
eight_features,2,Sex as recorded in patients.csv,M,60,45,GBSA,0.4752,0.3647,0.5789,0.2218,0.4424
eight_features,2,Sex as recorded in patients.csv,M,60,45,Survival RF,0.4827,0.3825,0.5783,0.2239,0.4472
eight_features,2,Sex as recorded in patients.csv,M,60,45,Survival SVM,0.5225,0.4085,0.6398,0.1996,0.4662
eight_features,2,Sex as recorded in patients.csv,M,60,45,Weibull AFT,0.485,0.377,0.6004,0.2107,0.5021
eight_features,2,Sex as recorded in patients.csv,M,60,45,KFRE,0.5244,0.4174,0.6303,0.5374,0.5437
eight_features,2,Race,WHITE,66,48,Cox,0.5851,0.4571,0.6891,0.1855,0.6458
eight_features,2,Race,WHITE,66,48,Dynamic DeepHit,0.7764,0.6951,0.8564,0.1196,0.8608
eight_features,2,Race,WHITE,66,48,Hazard Transformer,0.5638,0.4606,0.6673,0.1858,0.574
eight_features,2,Race,WHITE,66,48,Logistic Hazard,0.5674,0.4659,0.664,0.2144,0.6722
eight_features,2,Race,WHITE,66,48,RNN-Surv,0.5352,0.4251,0.6299,0.3088,0.6464
eight_features,2,Race,WHITE,66,48,DeepSurv,0.4471,0.3449,0.5648,0.1745,0.5033
eight_features,2,Race,WHITE,66,48,GBSA,0.5459,0.433,0.6481,0.1848,0.5976
eight_features,2,Race,WHITE,66,48,Survival RF,0.5729,0.4651,0.6628,0.191,0.6051
eight_features,2,Race,WHITE,66,48,Survival SVM,0.5049,0.3819,0.6153,0.1772,0.5175
eight_features,2,Race,WHITE,66,48,Weibull AFT,0.5152,0.4017,0.622,0.1834,0.6098
eight_features,2,Race,WHITE,66,48,KFRE,0.5486,0.4331,0.6574,0.5405,0.5058
eight_features,3,Age group,46-65,41,33,Cox,0.5357,0.3967,0.6728,0.443,0.5093
eight_features,3,Age group,46-65,41,33,Dynamic DeepHit,0.8108,0.7103,0.8952,0.2069,0.877
eight_features,3,Age group,46-65,41,33,Hazard Transformer,0.615,0.4845,0.7451,0.4164,0.6711
eight_features,3,Age group,46-65,41,33,Logistic Hazard,0.4265,0.2952,0.5471,0.4322,0.3866
eight_features,3,Age group,46-65,41,33,RNN-Surv,0.3639,0.2299,0.5075,0.3312,0.2911
eight_features,3,Age group,46-65,41,33,DeepSurv,0.5255,0.3991,0.659,0.3471,0.4804
eight_features,3,Age group,46-65,41,33,GBSA,0.3945,0.2661,0.5101,0.3882,0.3424
eight_features,3,Age group,46-65,41,33,Survival RF,0.3697,0.2477,0.488,0.3829,0.3215
eight_features,3,Age group,46-65,41,33,Survival SVM,0.5036,0.36,0.6479,0.5258,0.5212
eight_features,3,Age group,46-65,41,33,Weibull AFT,0.4876,0.3601,0.6158,0.3968,0.4589
eight_features,3,Age group,46-65,41,33,KFRE,0.5269,0.3978,0.6712,0.5477,0.5173
eight_features,3,Age group,66-85,40,31,Cox,0.5866,0.4446,0.7246,0.137,0.592
eight_features,3,Age group,66-85,40,31,Dynamic DeepHit,0.8807,0.8048,0.9454,0.0703,0.9825
eight_features,3,Age group,66-85,40,31,Hazard Transformer,0.5204,0.3606,0.6604,0.1334,0.581
eight_features,3,Age group,66-85,40,31,Logistic Hazard,0.6176,0.4786,0.745,0.1428,0.5595
eight_features,3,Age group,66-85,40,31,RNN-Surv,0.6471,0.4857,0.794,0.2422,0.5517
eight_features,3,Age group,66-85,40,31,DeepSurv,0.4796,0.3484,0.6126,0.1321,0.3566
eight_features,3,Age group,66-85,40,31,GBSA,0.567,0.4146,0.7002,0.1353,0.4959
eight_features,3,Age group,66-85,40,31,Survival RF,0.6324,0.4833,0.7679,0.125,0.6798
eight_features,3,Age group,66-85,40,31,Survival SVM,0.4526,0.3159,0.5922,0.5092,0.555
eight_features,3,Age group,66-85,40,31,Weibull AFT,0.5801,0.4456,0.7138,0.131,0.6043
eight_features,3,Age group,66-85,40,31,KFRE,0.5425,0.4071,0.6786,0.4511,0.5343
eight_features,3,Sex as recorded in patients.csv,F,50,38,Cox,0.495,0.3764,0.6146,0.2985,0.4484
eight_features,3,Sex as recorded in patients.csv,F,50,38,Dynamic DeepHit,0.8246,0.7572,0.8865,0.1708,0.9172
eight_features,3,Sex as recorded in patients.csv,F,50,38,Hazard Transformer,0.4975,0.378,0.6206,0.2763,0.5385
eight_features,3,Sex as recorded in patients.csv,F,50,38,Logistic Hazard,0.499,0.3739,0.6135,0.2949,0.4532
eight_features,3,Sex as recorded in patients.csv,F,50,38,RNN-Surv,0.4719,0.3477,0.602,0.2975,0.4064
eight_features,3,Sex as recorded in patients.csv,F,50,38,DeepSurv,0.5311,0.4165,0.6398,0.2389,0.4542
eight_features,3,Sex as recorded in patients.csv,F,50,38,GBSA,0.497,0.3831,0.6112,0.2452,0.4551
eight_features,3,Sex as recorded in patients.csv,F,50,38,Survival RF,0.5391,0.4183,0.6516,0.2377,0.5246
eight_features,3,Sex as recorded in patients.csv,F,50,38,Survival SVM,0.4259,0.3099,0.5465,0.6266,0.4562
eight_features,3,Sex as recorded in patients.csv,F,50,38,Weibull AFT,0.498,0.3841,0.6138,0.2667,0.4606
eight_features,3,Sex as recorded in patients.csv,F,50,38,KFRE,0.4279,0.3156,0.5531,0.6394,0.3858
eight_features,3,Sex as recorded in patients.csv,M,57,44,Cox,0.5987,0.4843,0.7134,0.2629,0.5856
eight_features,3,Sex as recorded in patients.csv,M,57,44,Dynamic DeepHit,0.8738,0.8052,0.9335,0.1162,0.923
eight_features,3,Sex as recorded in patients.csv,M,57,44,Hazard Transformer,0.6222,0.5082,0.7273,0.2518,0.6964
eight_features,3,Sex as recorded in patients.csv,M,57,44,Logistic Hazard,0.5138,0.4032,0.6347,0.2616,0.4976
eight_features,3,Sex as recorded in patients.csv,M,57,44,RNN-Surv,0.5607,0.4304,0.6779,0.2694,0.559
eight_features,3,Sex as recorded in patients.csv,M,57,44,DeepSurv,0.4919,0.378,0.5995,0.2231,0.4424
eight_features,3,Sex as recorded in patients.csv,M,57,44,GBSA,0.4531,0.3443,0.5798,0.2467,0.4201
eight_features,3,Sex as recorded in patients.csv,M,57,44,Survival RF,0.4604,0.3515,0.5806,0.2449,0.4528
eight_features,3,Sex as recorded in patients.csv,M,57,44,Survival SVM,0.5259,0.3893,0.6416,0.4649,0.5361
eight_features,3,Sex as recorded in patients.csv,M,57,44,Weibull AFT,0.5566,0.4439,0.6756,0.2414,0.5514
eight_features,3,Sex as recorded in patients.csv,M,57,44,KFRE,0.6173,0.5031,0.7178,0.425,0.627
eight_features,3,Race,BLACK,29,25,Cox,0.5923,0.4454,0.7285,0.2315,0.6164
eight_features,3,Race,BLACK,29,25,Dynamic DeepHit,0.8512,0.7727,0.932,0.1124,0.9696
eight_features,3,Race,BLACK,29,25,Hazard Transformer,0.561,0.3921,0.6982,0.2201,0.6564
eight_features,3,Race,BLACK,29,25,Logistic Hazard,0.5655,0.3999,0.7183,0.2265,0.6246
eight_features,3,Race,BLACK,29,25,RNN-Surv,0.4792,0.3159,0.6424,0.3306,0.3478
eight_features,3,Race,BLACK,29,25,DeepSurv,0.5387,0.3909,0.6875,0.2021,0.4315
eight_features,3,Race,BLACK,29,25,GBSA,0.5595,0.4176,0.7113,0.2082,0.5972
eight_features,3,Race,BLACK,29,25,Survival RF,0.5357,0.3813,0.689,0.2164,0.5391
eight_features,3,Race,BLACK,29,25,Survival SVM,0.4167,0.2618,0.5854,0.5613,0.4564
eight_features,3,Race,BLACK,29,25,Weibull AFT,0.5744,0.4145,0.724,0.2145,0.6037
eight_features,3,Race,BLACK,29,25,KFRE,0.5655,0.3945,0.7129,0.5769,0.6092
eight_features,3,Race,WHITE,62,44,Cox,0.549,0.4313,0.6543,0.274,0.5385
eight_features,3,Race,WHITE,62,44,Dynamic DeepHit,0.8457,0.7848,0.9039,0.1285,0.9295
eight_features,3,Race,WHITE,62,44,Hazard Transformer,0.5321,0.4105,0.6383,0.263,0.5988
eight_features,3,Race,WHITE,62,44,Logistic Hazard,0.5497,0.4435,0.6588,0.2734,0.4941
eight_features,3,Race,WHITE,62,44,RNN-Surv,0.5765,0.4467,0.6993,0.2468,0.5969
eight_features,3,Race,WHITE,62,44,DeepSurv,0.5451,0.4391,0.6592,0.2268,0.4788
eight_features,3,Race,WHITE,62,44,GBSA,0.4482,0.333,0.5627,0.2474,0.406
eight_features,3,Race,WHITE,62,44,Survival RF,0.463,0.3443,0.5734,0.2363,0.485
eight_features,3,Race,WHITE,62,44,Survival SVM,0.5116,0.4031,0.6237,0.5078,0.5097
eight_features,3,Race,WHITE,62,44,Weibull AFT,0.5144,0.4013,0.6257,0.2487,0.5144
eight_features,3,Race,WHITE,62,44,KFRE,0.5377,0.4235,0.6547,0.4379,0.5261
eight_features,4,Age group,46-65,46,40,Cox,0.6779,0.5649,0.7828,0.4291,0.6843
eight_features,4,Age group,46-65,46,40,Dynamic DeepHit,0.847,0.7645,0.9163,0.227,0.9102
eight_features,4,Age group,46-65,46,40,Hazard Transformer,0.5991,0.4866,0.6983,0.4055,0.6242
eight_features,4,Age group,46-65,46,40,Logistic Hazard,0.5632,0.4226,0.6844,0.3163,0.5857
eight_features,4,Age group,46-65,46,40,RNN-Surv,0.6165,0.4922,0.7315,0.3512,0.6603
eight_features,4,Age group,46-65,46,40,DeepSurv,0.5991,0.4904,0.7034,0.3387,0.6345
eight_features,4,Age group,46-65,46,40,GBSA,0.613,0.486,0.7278,0.3666,0.623
eight_features,4,Age group,46-65,46,40,Survival RF,0.6674,0.5532,0.7816,0.3425,0.6764
eight_features,4,Age group,46-65,46,40,Survival SVM,0.5852,0.4822,0.6858,0.3389,0.6193
eight_features,4,Age group,46-65,46,40,Weibull AFT,0.6524,0.5443,0.7651,0.3929,0.6477
eight_features,4,Age group,46-65,46,40,KFRE,0.5736,0.4525,0.7034,0.6184,0.5625
eight_features,4,Age group,66-85,42,27,Cox,0.4662,0.3234,0.6145,0.1331,0.5356
eight_features,4,Age group,66-85,42,27,Dynamic DeepHit,0.7618,0.6457,0.8527,0.0732,0.9379
eight_features,4,Age group,66-85,42,27,Hazard Transformer,0.5321,0.3789,0.6811,0.1309,0.5147
eight_features,4,Age group,66-85,42,27,Logistic Hazard,0.4527,0.3101,0.5913,0.1498,0.2634
eight_features,4,Age group,66-85,42,27,RNN-Surv,0.5811,0.4695,0.6943,0.2616,0.5325
eight_features,4,Age group,66-85,42,27,DeepSurv,0.5321,0.4015,0.6857,0.1291,0.4358
eight_features,4,Age group,66-85,42,27,GBSA,0.5473,0.399,0.7032,0.1229,0.5598
eight_features,4,Age group,66-85,42,27,Survival RF,0.527,0.3708,0.6839,0.1347,0.5263
eight_features,4,Age group,66-85,42,27,Survival SVM,0.5253,0.402,0.6661,0.1291,0.404
eight_features,4,Age group,66-85,42,27,Weibull AFT,0.4932,0.3352,0.6573,0.1266,0.5976
eight_features,4,Age group,66-85,42,27,KFRE,0.5659,0.4171,0.7117,0.4116,0.7106
eight_features,4,Sex as recorded in patients.csv,F,48,36,Cox,0.6433,0.5247,0.7509,0.2519,0.6074
eight_features,4,Sex as recorded in patients.csv,F,48,36,Dynamic DeepHit,0.8216,0.7407,0.8865,0.1658,0.8789
eight_features,4,Sex as recorded in patients.csv,F,48,36,Hazard Transformer,0.5662,0.4491,0.6802,0.2347,0.5471
eight_features,4,Sex as recorded in patients.csv,F,48,36,Logistic Hazard,0.4741,0.3447,0.5925,0.2121,0.4103
eight_features,4,Sex as recorded in patients.csv,F,48,36,RNN-Surv,0.5201,0.4112,0.6345,0.3107,0.4744
eight_features,4,Sex as recorded in patients.csv,F,48,36,DeepSurv,0.5639,0.4378,0.6909,0.2117,0.5361
eight_features,4,Sex as recorded in patients.csv,F,48,36,GBSA,0.6064,0.4661,0.731,0.2377,0.499
eight_features,4,Sex as recorded in patients.csv,F,48,36,Survival RF,0.6099,0.5,0.7199,0.2234,0.569
eight_features,4,Sex as recorded in patients.csv,F,48,36,Survival SVM,0.5512,0.427,0.674,0.2117,0.5586
eight_features,4,Sex as recorded in patients.csv,F,48,36,Weibull AFT,0.6341,0.5233,0.7398,0.2316,0.5932
eight_features,4,Sex as recorded in patients.csv,F,48,36,KFRE,0.5558,0.4116,0.6747,0.5301,0.4974
eight_features,4,Sex as recorded in patients.csv,M,59,46,Cox,0.5471,0.4452,0.6565,0.2709,0.5925
eight_features,4,Sex as recorded in patients.csv,M,59,46,Dynamic DeepHit,0.8493,0.7876,0.9025,0.1373,0.9368
eight_features,4,Sex as recorded in patients.csv,M,59,46,Hazard Transformer,0.5464,0.4417,0.6501,0.2609,0.6199
eight_features,4,Sex as recorded in patients.csv,M,59,46,Logistic Hazard,0.5008,0.3842,0.616,0.2241,0.4436
eight_features,4,Sex as recorded in patients.csv,M,59,46,RNN-Surv,0.6291,0.5303,0.7246,0.3265,0.6792
eight_features,4,Sex as recorded in patients.csv,M,59,46,DeepSurv,0.6028,0.5,0.7105,0.2287,0.5855
eight_features,4,Sex as recorded in patients.csv,M,59,46,GBSA,0.5866,0.4767,0.6943,0.2251,0.6504
eight_features,4,Sex as recorded in patients.csv,M,59,46,Survival RF,0.5696,0.4674,0.6741,0.2263,0.6182
eight_features,4,Sex as recorded in patients.csv,M,59,46,Survival SVM,0.5688,0.4698,0.677,0.2289,0.5124
eight_features,4,Sex as recorded in patients.csv,M,59,46,Weibull AFT,0.5603,0.4573,0.6738,0.2516,0.6358
eight_features,4,Sex as recorded in patients.csv,M,59,46,KFRE,0.522,0.4102,0.6324,0.5373,0.6113
eight_features,4,Race,BLACK,23,19,Cox,0.534,0.356,0.718,0.3854,0.6135
eight_features,4,Race,BLACK,23,19,Dynamic DeepHit,0.8495,0.7259,0.945,0.1578,0.9312
eight_features,4,Race,BLACK,23,19,Hazard Transformer,0.6117,0.4355,0.7882,0.3555,0.6227
eight_features,4,Race,BLACK,23,19,Logistic Hazard,0.4951,0.2922,0.6939,0.2811,0.5677
eight_features,4,Race,BLACK,23,19,RNN-Surv,0.6359,0.4443,0.8278,0.3391,0.6762
eight_features,4,Race,BLACK,23,19,DeepSurv,0.6505,0.4973,0.7953,0.2898,0.6177
eight_features,4,Race,BLACK,23,19,GBSA,0.5388,0.3384,0.7102,0.3204,0.6523
eight_features,4,Race,BLACK,23,19,Survival RF,0.5583,0.3802,0.7264,0.2993,0.7042
eight_features,4,Race,BLACK,23,19,Survival SVM,0.6214,0.4813,0.7675,0.2899,0.5908
eight_features,4,Race,BLACK,23,19,Weibull AFT,0.5,0.3239,0.6827,0.3488,0.5588
eight_features,4,Race,BLACK,23,19,KFRE,0.466,0.2839,0.6439,0.5996,0.5504
eight_features,4,Race,WHITE,69,53,Cox,0.6039,0.4994,0.7052,0.2331,0.6161
eight_features,4,Race,WHITE,69,53,Dynamic DeepHit,0.8425,0.789,0.892,0.1524,0.9206
eight_features,4,Race,WHITE,69,53,Hazard Transformer,0.5232,0.4237,0.6199,0.2251,0.5806
eight_features,4,Race,WHITE,69,53,Logistic Hazard,0.5122,0.4176,0.607,0.2081,0.3891
eight_features,4,Race,WHITE,69,53,RNN-Surv,0.5039,0.4165,0.5977,0.3181,0.5068
eight_features,4,Race,WHITE,69,53,DeepSurv,0.532,0.4407,0.6344,0.2064,0.5096
eight_features,4,Race,WHITE,69,53,GBSA,0.5945,0.4922,0.7012,0.2088,0.5874
eight_features,4,Race,WHITE,69,53,Survival RF,0.5757,0.4754,0.6795,0.2079,0.5668
eight_features,4,Race,WHITE,69,53,Survival SVM,0.5149,0.4196,0.6152,0.2065,0.475
eight_features,4,Race,WHITE,69,53,Weibull AFT,0.5779,0.4783,0.6793,0.2179,0.6118
eight_features,4,Race,WHITE,69,53,KFRE,0.5392,0.4351,0.6471,0.5285,0.561
eight_features,5,Age group,46-65,41,34,Cox,0.5114,0.3692,0.6405,0.1933,0.5098
eight_features,5,Age group,46-65,41,34,Dynamic DeepHit,0.9244,0.8653,0.9717,0.1197,0.9546
eight_features,5,Age group,46-65,41,34,Hazard Transformer,0.5633,0.4208,0.6817,0.2684,0.7464
eight_features,5,Age group,46-65,41,34,Logistic Hazard,0.5255,0.3724,0.6685,0.1906,0.4971
eight_features,5,Age group,46-65,41,34,RNN-Surv,0.5185,0.3628,0.6717,0.2993,0.5601
eight_features,5,Age group,46-65,41,34,DeepSurv,0.6362,0.4941,0.7754,0.183,0.5979
eight_features,5,Age group,46-65,41,34,GBSA,0.5158,0.3788,0.6481,0.1824,0.5527
eight_features,5,Age group,46-65,41,34,Survival RF,0.4921,0.3553,0.6357,0.1912,0.4457
eight_features,5,Age group,46-65,41,34,Survival SVM,0.5413,0.3787,0.7008,0.1981,0.5935
eight_features,5,Age group,46-65,41,34,Weibull AFT,0.4675,0.3321,0.6094,0.1869,0.4804
eight_features,5,Age group,46-65,41,34,KFRE,0.5255,0.3612,0.6613,0.5864,0.5991
eight_features,5,Age group,66-85,49,35,Cox,0.5501,0.4221,0.6774,0.1237,0.5123
eight_features,5,Age group,66-85,49,35,Dynamic DeepHit,0.8189,0.7261,0.9005,0.0628,0.9461
eight_features,5,Age group,66-85,49,35,Hazard Transformer,0.4231,0.3172,0.527,0.2406,0.3751
eight_features,5,Age group,66-85,49,35,Logistic Hazard,0.5285,0.4026,0.6548,0.1415,0.64
eight_features,5,Age group,66-85,49,35,RNN-Surv,0.5706,0.4319,0.7117,0.2551,0.7461
eight_features,5,Age group,66-85,49,35,DeepSurv,0.4681,0.3348,0.6052,0.1316,0.5938
eight_features,5,Age group,66-85,49,35,GBSA,0.5325,0.407,0.6633,0.1251,0.5919
eight_features,5,Age group,66-85,49,35,Survival RF,0.5535,0.436,0.6768,0.1206,0.6436
eight_features,5,Age group,66-85,49,35,Survival SVM,0.5171,0.4009,0.6301,0.1486,0.5114
eight_features,5,Age group,66-85,49,35,Weibull AFT,0.533,0.3995,0.6614,0.1275,0.4938
eight_features,5,Age group,66-85,49,35,KFRE,0.5387,0.4163,0.6646,0.4731,0.4534
eight_features,5,Sex as recorded in patients.csv,F,41,36,Cox,0.486,0.3419,0.6207,0.1589,0.5048
eight_features,5,Sex as recorded in patients.csv,F,41,36,Dynamic DeepHit,0.8059,0.7023,0.8961,0.1186,0.9386
eight_features,5,Sex as recorded in patients.csv,F,41,36,Hazard Transformer,0.507,0.3908,0.6079,0.2999,0.4986
eight_features,5,Sex as recorded in patients.csv,F,41,36,Logistic Hazard,0.6187,0.4923,0.7291,0.194,0.6523
eight_features,5,Sex as recorded in patients.csv,F,41,36,RNN-Surv,0.5377,0.4107,0.6619,0.3416,0.6313
eight_features,5,Sex as recorded in patients.csv,F,41,36,DeepSurv,0.5992,0.4726,0.7238,0.1671,0.6388
eight_features,5,Sex as recorded in patients.csv,F,41,36,GBSA,0.4797,0.3489,0.6052,0.1608,0.47
eight_features,5,Sex as recorded in patients.csv,F,41,36,Survival RF,0.4832,0.3405,0.6063,0.155,0.5031
eight_features,5,Sex as recorded in patients.csv,F,41,36,Survival SVM,0.4288,0.2991,0.5535,0.1546,0.4729
eight_features,5,Sex as recorded in patients.csv,F,41,36,Weibull AFT,0.4581,0.3159,0.5925,0.1624,0.4621
eight_features,5,Sex as recorded in patients.csv,F,41,36,KFRE,0.5056,0.3599,0.6436,0.6518,0.4898
eight_features,5,Sex as recorded in patients.csv,M,66,46,Cox,0.5073,0.395,0.6102,0.1537,0.466
eight_features,5,Sex as recorded in patients.csv,M,66,46,Dynamic DeepHit,0.8747,0.8242,0.928,0.0854,0.9416
eight_features,5,Sex as recorded in patients.csv,M,66,46,Hazard Transformer,0.4717,0.3684,0.5691,0.2166,0.4858
eight_features,5,Sex as recorded in patients.csv,M,66,46,Logistic Hazard,0.5304,0.4239,0.6408,0.1583,0.5963
eight_features,5,Sex as recorded in patients.csv,M,66,46,RNN-Surv,0.5458,0.432,0.6493,0.2442,0.668
eight_features,5,Sex as recorded in patients.csv,M,66,46,DeepSurv,0.5122,0.3996,0.6345,0.1453,0.5095
eight_features,5,Sex as recorded in patients.csv,M,66,46,GBSA,0.4923,0.3801,0.5994,0.1472,0.546
eight_features,5,Sex as recorded in patients.csv,M,66,46,Survival RF,0.4948,0.3891,0.5993,0.155,0.4672
eight_features,5,Sex as recorded in patients.csv,M,66,46,Survival SVM,0.4857,0.3898,0.5905,0.181,0.4359
eight_features,5,Sex as recorded in patients.csv,M,66,46,Weibull AFT,0.4885,0.3792,0.5914,0.148,0.4431
eight_features,5,Sex as recorded in patients.csv,M,66,46,KFRE,0.5311,0.4176,0.636,0.4753,0.5749
eight_features,5,Race,BLACK,24,22,Cox,0.5168,0.3432,0.6726,0.2891,0.556
eight_features,5,Race,BLACK,24,22,Dynamic DeepHit,0.7941,0.6892,0.8819,0.1766,0.8828
eight_features,5,Race,BLACK,24,22,Hazard Transformer,0.5462,0.4154,0.6626,0.2994,0.5755
eight_features,5,Race,BLACK,24,22,Logistic Hazard,0.563,0.3773,0.7412,0.3025,0.5564
eight_features,5,Race,BLACK,24,22,RNN-Surv,0.6134,0.4444,0.7754,0.3529,0.6517
eight_features,5,Race,BLACK,24,22,DeepSurv,0.5924,0.4529,0.7371,0.2575,0.616
eight_features,5,Race,BLACK,24,22,GBSA,0.5756,0.4397,0.7046,0.2564,0.6523
eight_features,5,Race,BLACK,24,22,Survival RF,0.5588,0.4175,0.7024,0.2514,0.5805
eight_features,5,Race,BLACK,24,22,Survival SVM,0.4874,0.3177,0.6655,0.2474,0.5158
eight_features,5,Race,BLACK,24,22,Weibull AFT,0.479,0.2971,0.636,0.2772,0.5016
eight_features,5,Race,BLACK,24,22,KFRE,0.521,0.3658,0.6584,0.5946,0.5375
eight_features,5,Race,WHITE,66,48,Cox,0.5565,0.4486,0.668,0.0903,0.5172
eight_features,5,Race,WHITE,66,48,Dynamic DeepHit,0.8957,0.8423,0.946,0.0601,0.9597
eight_features,5,Race,WHITE,66,48,Hazard Transformer,0.4833,0.3767,0.5776,0.2246,0.4693
eight_features,5,Race,WHITE,66,48,Logistic Hazard,0.4448,0.328,0.5648,0.1114,0.5391
eight_features,5,Race,WHITE,66,48,RNN-Surv,0.4756,0.3602,0.5802,0.2582,0.5587
eight_features,5,Race,WHITE,66,48,DeepSurv,0.5037,0.383,0.6195,0.106,0.4899
eight_features,5,Race,WHITE,66,48,GBSA,0.4468,0.3296,0.5645,0.1071,0.4336
eight_features,5,Race,WHITE,66,48,Survival RF,0.4916,0.3783,0.6098,0.1145,0.4257
eight_features,5,Race,WHITE,66,48,Survival SVM,0.5358,0.4339,0.6447,0.1373,0.495
eight_features,5,Race,WHITE,66,48,Weibull AFT,0.5244,0.4157,0.6382,0.0941,0.4765
eight_features,5,Race,WHITE,66,48,KFRE,0.5679,0.4496,0.6848,0.5365,0.6328
twenty_features_heterogeneous,1,Age group,18-45,494,481,Cox,0.4845,0.4525,0.5146,0.376,0.4772
twenty_features_heterogeneous,1,Age group,18-45,494,481,Dynamic DeepHit,0.8659,0.854,0.8775,0.0958,0.9713
twenty_features_heterogeneous,1,Age group,18-45,494,481,Hazard Transformer,0.7515,0.7317,0.7711,0.2358,0.8725
twenty_features_heterogeneous,1,Age group,18-45,494,481,Logistic Hazard,0.5117,0.4815,0.5434,0.2382,0.534
twenty_features_heterogeneous,1,Age group,18-45,494,481,RNN-Surv,0.4828,0.4513,0.5115,0.546,0.4721
twenty_features_heterogeneous,1,Age group,18-45,494,481,DeepSurv,0.5201,0.4894,0.5502,0.2365,0.5456
twenty_features_heterogeneous,1,Age group,18-45,494,481,GBSA,0.5244,0.5017,0.5461,0.2364,0.5355
twenty_features_heterogeneous,1,Age group,18-45,494,481,Survival RF,0.5061,0.474,0.5371,0.2398,0.5162
twenty_features_heterogeneous,1,Age group,18-45,494,481,Survival SVM,0.4949,0.4639,0.5254,0.2393,0.5127
twenty_features_heterogeneous,1,Age group,18-45,494,481,Weibull AFT,0.5214,0.4919,0.5534,0.2351,0.5394
twenty_features_heterogeneous,1,Age group,46-65,1671,1581,Cox,0.4746,0.4593,0.4914,0.4755,0.4573
twenty_features_heterogeneous,1,Age group,46-65,1671,1581,Dynamic DeepHit,0.8521,0.8424,0.861,0.1059,0.9666
twenty_features_heterogeneous,1,Age group,46-65,1671,1581,Hazard Transformer,0.7551,0.7416,0.7673,0.2242,0.8877
twenty_features_heterogeneous,1,Age group,46-65,1671,1581,Logistic Hazard,0.5198,0.5023,0.5356,0.2488,0.545
twenty_features_heterogeneous,1,Age group,46-65,1671,1581,RNN-Surv,0.5119,0.4968,0.5297,0.4542,0.5242
twenty_features_heterogeneous,1,Age group,46-65,1671,1581,DeepSurv,0.532,0.5152,0.5483,0.2447,0.5553
twenty_features_heterogeneous,1,Age group,46-65,1671,1581,GBSA,0.5274,0.5152,0.5399,0.2439,0.539
twenty_features_heterogeneous,1,Age group,46-65,1671,1581,Survival RF,0.5262,0.509,0.5441,0.2456,0.5416
twenty_features_heterogeneous,1,Age group,46-65,1671,1581,Survival SVM,0.5152,0.4981,0.5318,0.2461,0.5404
twenty_features_heterogeneous,1,Age group,46-65,1671,1581,Weibull AFT,0.5247,0.507,0.5408,0.2675,0.541
twenty_features_heterogeneous,1,Age group,66-85,2347,2097,Cox,0.4782,0.4649,0.4914,0.4114,0.4626
twenty_features_heterogeneous,1,Age group,66-85,2347,2097,Dynamic DeepHit,0.8667,0.8598,0.8729,0.1005,0.9664
twenty_features_heterogeneous,1,Age group,66-85,2347,2097,Hazard Transformer,0.7731,0.7632,0.7817,0.2125,0.8893
twenty_features_heterogeneous,1,Age group,66-85,2347,2097,Logistic Hazard,0.5148,0.5005,0.528,0.2321,0.5416
twenty_features_heterogeneous,1,Age group,66-85,2347,2097,RNN-Surv,0.5312,0.5169,0.5456,0.4772,0.5366
twenty_features_heterogeneous,1,Age group,66-85,2347,2097,DeepSurv,0.5191,0.506,0.5326,0.2285,0.5394
twenty_features_heterogeneous,1,Age group,66-85,2347,2097,GBSA,0.5213,0.5113,0.532,0.2286,0.5267
twenty_features_heterogeneous,1,Age group,66-85,2347,2097,Survival RF,0.5206,0.5068,0.5351,0.2337,0.5317
twenty_features_heterogeneous,1,Age group,66-85,2347,2097,Survival SVM,0.5106,0.4953,0.5245,0.2296,0.5386
twenty_features_heterogeneous,1,Age group,66-85,2347,2097,Weibull AFT,0.5198,0.5061,0.5331,0.2405,0.5389
twenty_features_heterogeneous,1,Age group,>85,704,611,Cox,0.4701,0.4428,0.4973,0.2889,0.4642
twenty_features_heterogeneous,1,Age group,>85,704,611,Dynamic DeepHit,0.8771,0.8667,0.888,0.0798,0.9706
twenty_features_heterogeneous,1,Age group,>85,704,611,Hazard Transformer,0.7899,0.7716,0.8079,0.2003,0.885
twenty_features_heterogeneous,1,Age group,>85,704,611,Logistic Hazard,0.5139,0.4862,0.542,0.2018,0.5463
twenty_features_heterogeneous,1,Age group,>85,704,611,RNN-Surv,0.5354,0.5048,0.5633,0.5437,0.5326
twenty_features_heterogeneous,1,Age group,>85,704,611,DeepSurv,0.5182,0.4914,0.5451,0.2007,0.5404
twenty_features_heterogeneous,1,Age group,>85,704,611,GBSA,0.5346,0.5183,0.5526,0.2014,0.5378
twenty_features_heterogeneous,1,Age group,>85,704,611,Survival RF,0.5394,0.5114,0.5636,0.2015,0.5629
twenty_features_heterogeneous,1,Age group,>85,704,611,Survival SVM,0.5074,0.4795,0.5371,0.2033,0.5441
twenty_features_heterogeneous,1,Age group,>85,704,611,Weibull AFT,0.5267,0.4992,0.554,0.1897,0.5456
twenty_features_heterogeneous,1,Sex as recorded in patients.csv,F,2176,1986,Cox,0.4818,0.467,0.4963,0.4192,0.474
twenty_features_heterogeneous,1,Sex as recorded in patients.csv,F,2176,1986,Dynamic DeepHit,0.8624,0.8555,0.8693,0.1023,0.9669
twenty_features_heterogeneous,1,Sex as recorded in patients.csv,F,2176,1986,Hazard Transformer,0.7684,0.7575,0.7786,0.2109,0.8848
twenty_features_heterogeneous,1,Sex as recorded in patients.csv,F,2176,1986,Logistic Hazard,0.5228,0.5078,0.5398,0.2336,0.5508
twenty_features_heterogeneous,1,Sex as recorded in patients.csv,F,2176,1986,RNN-Surv,0.522,0.5059,0.537,0.4768,0.5275
twenty_features_heterogeneous,1,Sex as recorded in patients.csv,F,2176,1986,DeepSurv,0.5248,0.5101,0.5402,0.2311,0.544
twenty_features_heterogeneous,1,Sex as recorded in patients.csv,F,2176,1986,GBSA,0.5195,0.509,0.5305,0.2305,0.5229
twenty_features_heterogeneous,1,Sex as recorded in patients.csv,F,2176,1986,Survival RF,0.5209,0.5072,0.5361,0.234,0.5332
twenty_features_heterogeneous,1,Sex as recorded in patients.csv,F,2176,1986,Survival SVM,0.5214,0.5065,0.5372,0.2304,0.5532
twenty_features_heterogeneous,1,Sex as recorded in patients.csv,F,2176,1986,Weibull AFT,0.5203,0.5065,0.5356,0.2439,0.5369
twenty_features_heterogeneous,1,Sex as recorded in patients.csv,M,3040,2784,Cox,0.4741,0.4615,0.4865,0.4069,0.457
twenty_features_heterogeneous,1,Sex as recorded in patients.csv,M,3040,2784,Dynamic DeepHit,0.8668,0.8609,0.8723,0.0966,0.9692
twenty_features_heterogeneous,1,Sex as recorded in patients.csv,M,3040,2784,Hazard Transformer,0.7693,0.761,0.7779,0.221,0.8905
twenty_features_heterogeneous,1,Sex as recorded in patients.csv,M,3040,2784,Logistic Hazard,0.5098,0.497,0.5225,0.2342,0.533
twenty_features_heterogeneous,1,Sex as recorded in patients.csv,M,3040,2784,RNN-Surv,0.5162,0.5031,0.5286,0.4914,0.5204
twenty_features_heterogeneous,1,Sex as recorded in patients.csv,M,3040,2784,DeepSurv,0.521,0.5088,0.5334,0.2304,0.5436
twenty_features_heterogeneous,1,Sex as recorded in patients.csv,M,3040,2784,GBSA,0.5282,0.5196,0.5376,0.2306,0.5382
twenty_features_heterogeneous,1,Sex as recorded in patients.csv,M,3040,2784,Survival RF,0.5241,0.5116,0.5374,0.2335,0.5391
twenty_features_heterogeneous,1,Sex as recorded in patients.csv,M,3040,2784,Survival SVM,0.5005,0.4879,0.513,0.2336,0.522
twenty_features_heterogeneous,1,Sex as recorded in patients.csv,M,3040,2784,Weibull AFT,0.5223,0.5101,0.5345,0.2402,0.5399
twenty_features_heterogeneous,1,Race,ASIAN,150,142,Cox,0.4605,0.401,0.5204,0.3348,0.4383
twenty_features_heterogeneous,1,Race,ASIAN,150,142,Dynamic DeepHit,0.8281,0.7914,0.8617,0.1207,0.9294
twenty_features_heterogeneous,1,Race,ASIAN,150,142,Hazard Transformer,0.7361,0.6939,0.7757,0.2456,0.8557
twenty_features_heterogeneous,1,Race,ASIAN,150,142,Logistic Hazard,0.5457,0.4863,0.6046,0.2121,0.5763
twenty_features_heterogeneous,1,Race,ASIAN,150,142,RNN-Surv,0.5264,0.4737,0.5818,0.5585,0.5359
twenty_features_heterogeneous,1,Race,ASIAN,150,142,DeepSurv,0.5409,0.479,0.5998,0.2124,0.5677
twenty_features_heterogeneous,1,Race,ASIAN,150,142,GBSA,0.5406,0.4918,0.5886,0.2123,0.5532
twenty_features_heterogeneous,1,Race,ASIAN,150,142,Survival RF,0.5824,0.527,0.6409,0.2115,0.6113
twenty_features_heterogeneous,1,Race,ASIAN,150,142,Survival SVM,0.5428,0.479,0.5994,0.2144,0.569
twenty_features_heterogeneous,1,Race,ASIAN,150,142,Weibull AFT,0.5528,0.4906,0.6141,0.2074,0.5765
twenty_features_heterogeneous,1,Race,BLACK,754,701,Cox,0.5201,0.4957,0.5446,0.5291,0.5206
twenty_features_heterogeneous,1,Race,BLACK,754,701,Dynamic DeepHit,0.8495,0.8362,0.861,0.1032,0.9647
twenty_features_heterogeneous,1,Race,BLACK,754,701,Hazard Transformer,0.7332,0.712,0.7543,0.221,0.8661
twenty_features_heterogeneous,1,Race,BLACK,754,701,Logistic Hazard,0.4799,0.453,0.505,0.2584,0.4885
twenty_features_heterogeneous,1,Race,BLACK,754,701,RNN-Surv,0.4996,0.4746,0.5258,0.4087,0.5011
twenty_features_heterogeneous,1,Race,BLACK,754,701,DeepSurv,0.4971,0.4724,0.5217,0.2531,0.5116
twenty_features_heterogeneous,1,Race,BLACK,754,701,GBSA,0.5094,0.4923,0.5265,0.2522,0.5136
twenty_features_heterogeneous,1,Race,BLACK,754,701,Survival RF,0.4962,0.4703,0.5203,0.256,0.5057
twenty_features_heterogeneous,1,Race,BLACK,754,701,Survival SVM,0.4763,0.4487,0.5018,0.2553,0.4831
twenty_features_heterogeneous,1,Race,BLACK,754,701,Weibull AFT,0.4867,0.4601,0.5106,0.2876,0.4917
twenty_features_heterogeneous,1,Race,HISPANIC/LATINO,199,187,Cox,0.4362,0.3941,0.4799,0.4478,0.4067
twenty_features_heterogeneous,1,Race,HISPANIC/LATINO,199,187,Dynamic DeepHit,0.8724,0.8479,0.8952,0.0984,0.9637
twenty_features_heterogeneous,1,Race,HISPANIC/LATINO,199,187,Hazard Transformer,0.7592,0.7258,0.7915,0.2386,0.8763
twenty_features_heterogeneous,1,Race,HISPANIC/LATINO,199,187,Logistic Hazard,0.5454,0.495,0.5889,0.2384,0.5776
twenty_features_heterogeneous,1,Race,HISPANIC/LATINO,199,187,RNN-Surv,0.5229,0.4808,0.5697,0.4765,0.5115
twenty_features_heterogeneous,1,Race,HISPANIC/LATINO,199,187,DeepSurv,0.5258,0.4774,0.5744,0.2373,0.5504
twenty_features_heterogeneous,1,Race,HISPANIC/LATINO,199,187,GBSA,0.538,0.5083,0.5677,0.236,0.5485
twenty_features_heterogeneous,1,Race,HISPANIC/LATINO,199,187,Survival RF,0.5318,0.4862,0.5817,0.241,0.5399
twenty_features_heterogeneous,1,Race,HISPANIC/LATINO,199,187,Survival SVM,0.5343,0.4841,0.5797,0.2381,0.5553
twenty_features_heterogeneous,1,Race,HISPANIC/LATINO,199,187,Weibull AFT,0.5643,0.5166,0.605,0.2537,0.5991
twenty_features_heterogeneous,1,Race,OTHER,123,106,Cox,0.4364,0.3714,0.4966,0.3474,0.3938
twenty_features_heterogeneous,1,Race,OTHER,123,106,Dynamic DeepHit,0.883,0.8552,0.9098,0.0819,0.9771
twenty_features_heterogeneous,1,Race,OTHER,123,106,Hazard Transformer,0.7567,0.7096,0.8019,0.2183,0.8395
twenty_features_heterogeneous,1,Race,OTHER,123,106,Logistic Hazard,0.5371,0.4742,0.6018,0.2227,0.6033
twenty_features_heterogeneous,1,Race,OTHER,123,106,RNN-Surv,0.5178,0.4546,0.5873,0.4967,0.4938
twenty_features_heterogeneous,1,Race,OTHER,123,106,DeepSurv,0.5845,0.527,0.647,0.2217,0.6479
twenty_features_heterogeneous,1,Race,OTHER,123,106,GBSA,0.5408,0.5006,0.5871,0.221,0.5699
twenty_features_heterogeneous,1,Race,OTHER,123,106,Survival RF,0.5544,0.4912,0.6213,0.2208,0.5422
twenty_features_heterogeneous,1,Race,OTHER,123,106,Survival SVM,0.5333,0.4745,0.596,0.2254,0.5855
twenty_features_heterogeneous,1,Race,OTHER,123,106,Weibull AFT,0.5602,0.4991,0.6251,0.2183,0.607
twenty_features_heterogeneous,1,Race,UNKNOWN/NOT RECORDED,288,265,Cox,0.4562,0.4097,0.5004,0.0533,0.3977
twenty_features_heterogeneous,1,Race,UNKNOWN/NOT RECORDED,288,265,Dynamic DeepHit,0.8078,0.7701,0.8402,0.0221,0.978
twenty_features_heterogeneous,1,Race,UNKNOWN/NOT RECORDED,288,265,Hazard Transformer,0.7066,0.6666,0.7447,0.1625,0.9036
twenty_features_heterogeneous,1,Race,UNKNOWN/NOT RECORDED,288,265,Logistic Hazard,0.4899,0.4442,0.536,0.1745,0.5393
twenty_features_heterogeneous,1,Race,UNKNOWN/NOT RECORDED,288,265,RNN-Surv,0.5053,0.4609,0.5488,0.7186,0.5585
twenty_features_heterogeneous,1,Race,UNKNOWN/NOT RECORDED,288,265,DeepSurv,0.5013,0.457,0.5496,0.1802,0.5817
twenty_features_heterogeneous,1,Race,UNKNOWN/NOT RECORDED,288,265,GBSA,0.5171,0.4782,0.5552,0.1782,0.5632
twenty_features_heterogeneous,1,Race,UNKNOWN/NOT RECORDED,288,265,Survival RF,0.5155,0.4696,0.5603,0.1694,0.5769
twenty_features_heterogeneous,1,Race,UNKNOWN/NOT RECORDED,288,265,Survival SVM,0.4613,0.4132,0.5053,0.1711,0.5038
twenty_features_heterogeneous,1,Race,UNKNOWN/NOT RECORDED,288,265,Weibull AFT,0.5086,0.4622,0.5548,0.1142,0.5518
twenty_features_heterogeneous,1,Race,WHITE,3656,3327,Cox,0.4813,0.47,0.4923,0.4188,0.4738
twenty_features_heterogeneous,1,Race,WHITE,3656,3327,Dynamic DeepHit,0.8612,0.8555,0.8667,0.1037,0.965
twenty_features_heterogeneous,1,Race,WHITE,3656,3327,Hazard Transformer,0.7662,0.7577,0.7741,0.2177,0.8843
twenty_features_heterogeneous,1,Race,WHITE,3656,3327,Logistic Hazard,0.5094,0.498,0.5218,0.2345,0.528
twenty_features_heterogeneous,1,Race,WHITE,3656,3327,RNN-Surv,0.5193,0.5078,0.5309,0.4804,0.5236
twenty_features_heterogeneous,1,Race,WHITE,3656,3327,DeepSurv,0.518,0.5067,0.5291,0.2306,0.5317
twenty_features_heterogeneous,1,Race,WHITE,3656,3327,GBSA,0.5226,0.5146,0.531,0.2308,0.5262
twenty_features_heterogeneous,1,Race,WHITE,3656,3327,Survival RF,0.5196,0.5083,0.5315,0.235,0.5297
twenty_features_heterogeneous,1,Race,WHITE,3656,3327,Survival SVM,0.5035,0.4929,0.5148,0.2329,0.524
twenty_features_heterogeneous,1,Race,WHITE,3656,3327,Weibull AFT,0.5159,0.505,0.5271,0.2436,0.5265
twenty_features_heterogeneous,2,Age group,18-45,494,481,Cox,0.5032,0.4699,0.5344,0.3716,0.4687
twenty_features_heterogeneous,2,Age group,18-45,494,481,Dynamic DeepHit,0.834,0.8226,0.8452,0.0942,0.9664
twenty_features_heterogeneous,2,Age group,18-45,494,481,Hazard Transformer,0.7341,0.7148,0.7533,0.2276,0.8453
twenty_features_heterogeneous,2,Age group,18-45,494,481,Logistic Hazard,0.4865,0.4578,0.5166,0.2273,0.5134
twenty_features_heterogeneous,2,Age group,18-45,494,481,RNN-Surv,0.4819,0.4504,0.5105,0.5693,0.4866
twenty_features_heterogeneous,2,Age group,18-45,494,481,DeepSurv,0.4963,0.467,0.525,0.2441,0.5212
twenty_features_heterogeneous,2,Age group,18-45,494,481,GBSA,0.5375,0.5143,0.5598,0.2267,0.5215
twenty_features_heterogeneous,2,Age group,18-45,494,481,Survival RF,0.4851,0.4543,0.5148,0.2461,0.5238
twenty_features_heterogeneous,2,Age group,18-45,494,481,Survival SVM,0.5149,0.4827,0.5466,0.2279,0.5023
twenty_features_heterogeneous,2,Age group,18-45,494,481,Weibull AFT,0.5359,0.5056,0.5688,0.2417,0.5131
twenty_features_heterogeneous,2,Age group,46-65,1671,1581,Cox,0.4707,0.4555,0.4873,0.469,0.4418
twenty_features_heterogeneous,2,Age group,46-65,1671,1581,Dynamic DeepHit,0.832,0.8226,0.8407,0.1023,0.971
twenty_features_heterogeneous,2,Age group,46-65,1671,1581,Hazard Transformer,0.7892,0.7751,0.802,0.2169,0.8792
twenty_features_heterogeneous,2,Age group,46-65,1671,1581,Logistic Hazard,0.5192,0.5017,0.535,0.2389,0.5226
twenty_features_heterogeneous,2,Age group,46-65,1671,1581,RNN-Surv,0.5002,0.4854,0.5176,0.4684,0.5126
twenty_features_heterogeneous,2,Age group,46-65,1671,1581,DeepSurv,0.5287,0.5121,0.5449,0.2446,0.5662
twenty_features_heterogeneous,2,Age group,46-65,1671,1581,GBSA,0.5361,0.5237,0.5488,0.2376,0.5186
twenty_features_heterogeneous,2,Age group,46-65,1671,1581,Survival RF,0.5416,0.5239,0.56,0.2463,0.567
twenty_features_heterogeneous,2,Age group,46-65,1671,1581,Survival SVM,0.4957,0.4792,0.5117,0.2454,0.5191
twenty_features_heterogeneous,2,Age group,46-65,1671,1581,Weibull AFT,0.5386,0.5205,0.5552,0.2748,0.5202
twenty_features_heterogeneous,2,Age group,66-85,2347,2097,Cox,0.4824,0.469,0.4957,0.3932,0.482
twenty_features_heterogeneous,2,Age group,66-85,2347,2097,Dynamic DeepHit,0.8903,0.8832,0.8967,0.0986,0.9217
twenty_features_heterogeneous,2,Age group,66-85,2347,2097,Hazard Transformer,0.7407,0.7312,0.749,0.2116,0.869
twenty_features_heterogeneous,2,Age group,66-85,2347,2097,Logistic Hazard,0.517,0.5026,0.5302,0.23,0.5604
twenty_features_heterogeneous,2,Age group,66-85,2347,2097,RNN-Surv,0.5203,0.5062,0.5344,0.4617,0.5204
twenty_features_heterogeneous,2,Age group,66-85,2347,2097,DeepSurv,0.5425,0.5288,0.5566,0.2178,0.5496
twenty_features_heterogeneous,2,Age group,66-85,2347,2097,GBSA,0.4979,0.4884,0.5081,0.2343,0.5345
twenty_features_heterogeneous,2,Age group,66-85,2347,2097,Survival RF,0.502,0.4887,0.516,0.2248,0.5177
twenty_features_heterogeneous,2,Age group,66-85,2347,2097,Survival SVM,0.5059,0.4908,0.5197,0.2221,0.5357
twenty_features_heterogeneous,2,Age group,66-85,2347,2097,Weibull AFT,0.5283,0.5143,0.5418,0.2328,0.5501
twenty_features_heterogeneous,2,Age group,>85,704,611,Cox,0.47,0.4428,0.4972,0.302,0.472
twenty_features_heterogeneous,2,Age group,>85,704,611,Dynamic DeepHit,0.8693,0.859,0.8801,0.0815,0.9874
twenty_features_heterogeneous,2,Age group,>85,704,611,Hazard Transformer,0.7541,0.7366,0.7713,0.2016,0.8569
twenty_features_heterogeneous,2,Age group,>85,704,611,Logistic Hazard,0.4975,0.4706,0.5247,0.1929,0.5549
twenty_features_heterogeneous,2,Age group,>85,704,611,RNN-Surv,0.5266,0.4965,0.554,0.5485,0.512
twenty_features_heterogeneous,2,Age group,>85,704,611,DeepSurv,0.5359,0.5081,0.5637,0.198,0.5555
twenty_features_heterogeneous,2,Age group,>85,704,611,GBSA,0.5167,0.5009,0.5341,0.1918,0.5429
twenty_features_heterogeneous,2,Age group,>85,704,611,Survival RF,0.5183,0.4914,0.5416,0.206,0.5512
twenty_features_heterogeneous,2,Age group,>85,704,611,Survival SVM,0.4841,0.4575,0.5124,0.2007,0.5654
twenty_features_heterogeneous,2,Age group,>85,704,611,Weibull AFT,0.5482,0.5196,0.5766,0.1833,0.5478
twenty_features_heterogeneous,2,Sex as recorded in patients.csv,F,2176,1986,Cox,0.4874,0.4724,0.5021,0.4075,0.4552
twenty_features_heterogeneous,2,Sex as recorded in patients.csv,F,2176,1986,Dynamic DeepHit,0.8797,0.8727,0.8867,0.0987,0.9294
twenty_features_heterogeneous,2,Sex as recorded in patients.csv,F,2176,1986,Hazard Transformer,0.7705,0.7595,0.7807,0.2054,0.8483
twenty_features_heterogeneous,2,Sex as recorded in patients.csv,F,2176,1986,Logistic Hazard,0.5072,0.4927,0.5237,0.2339,0.5639
twenty_features_heterogeneous,2,Sex as recorded in patients.csv,F,2176,1986,RNN-Surv,0.5249,0.5087,0.54,0.4846,0.5071
twenty_features_heterogeneous,2,Sex as recorded in patients.csv,F,2176,1986,DeepSurv,0.5017,0.4876,0.5164,0.2408,0.5202
twenty_features_heterogeneous,2,Sex as recorded in patients.csv,F,2176,1986,GBSA,0.5023,0.4921,0.5129,0.219,0.5104
twenty_features_heterogeneous,2,Sex as recorded in patients.csv,F,2176,1986,Survival RF,0.5322,0.5182,0.5478,0.2378,0.5417
twenty_features_heterogeneous,2,Sex as recorded in patients.csv,F,2176,1986,Survival SVM,0.539,0.5236,0.5554,0.2355,0.5599
twenty_features_heterogeneous,2,Sex as recorded in patients.csv,F,2176,1986,Weibull AFT,0.4966,0.4835,0.5112,0.2329,0.5528
twenty_features_heterogeneous,2,Sex as recorded in patients.csv,M,3040,2784,Cox,0.4798,0.4671,0.4924,0.4001,0.4352
twenty_features_heterogeneous,2,Sex as recorded in patients.csv,M,3040,2784,Dynamic DeepHit,0.8328,0.8271,0.8381,0.0932,0.9611
twenty_features_heterogeneous,2,Sex as recorded in patients.csv,M,3040,2784,Hazard Transformer,0.7378,0.7299,0.7461,0.2316,0.8792
twenty_features_heterogeneous,2,Sex as recorded in patients.csv,M,3040,2784,Logistic Hazard,0.5244,0.5112,0.5374,0.2389,0.5324
twenty_features_heterogeneous,2,Sex as recorded in patients.csv,M,3040,2784,RNN-Surv,0.5418,0.5281,0.5548,0.4936,0.5241
twenty_features_heterogeneous,2,Sex as recorded in patients.csv,M,3040,2784,DeepSurv,0.5027,0.4909,0.5146,0.2219,0.5516
twenty_features_heterogeneous,2,Sex as recorded in patients.csv,M,3040,2784,GBSA,0.5249,0.5163,0.5342,0.232,0.5404
twenty_features_heterogeneous,2,Sex as recorded in patients.csv,M,3040,2784,Survival RF,0.5062,0.4941,0.519,0.2293,0.5491
twenty_features_heterogeneous,2,Sex as recorded in patients.csv,M,3040,2784,Survival SVM,0.5063,0.4936,0.5189,0.2247,0.5277
twenty_features_heterogeneous,2,Sex as recorded in patients.csv,M,3040,2784,Weibull AFT,0.5259,0.5136,0.5382,0.247,0.55
twenty_features_heterogeneous,2,Race,ASIAN,150,142,Cox,0.4545,0.3958,0.5137,0.3376,0.4544
twenty_features_heterogeneous,2,Race,ASIAN,150,142,Dynamic DeepHit,0.8678,0.8293,0.903,0.1188,0.9151
twenty_features_heterogeneous,2,Race,ASIAN,150,142,Hazard Transformer,0.7439,0.7012,0.7839,0.2498,0.8544
twenty_features_heterogeneous,2,Race,ASIAN,150,142,Logistic Hazard,0.5672,0.5055,0.6285,0.2129,0.5535
twenty_features_heterogeneous,2,Race,ASIAN,150,142,RNN-Surv,0.5418,0.4876,0.5989,0.568,0.525
twenty_features_heterogeneous,2,Race,ASIAN,150,142,DeepSurv,0.5528,0.4896,0.613,0.2162,0.5899
twenty_features_heterogeneous,2,Race,ASIAN,150,142,GBSA,0.5414,0.4925,0.5895,0.2113,0.5668
twenty_features_heterogeneous,2,Race,ASIAN,150,142,Survival RF,0.5667,0.5128,0.6237,0.2117,0.6039
twenty_features_heterogeneous,2,Race,ASIAN,150,142,Survival SVM,0.556,0.4907,0.614,0.2069,0.5772
twenty_features_heterogeneous,2,Race,ASIAN,150,142,Weibull AFT,0.5297,0.4701,0.5884,0.1971,0.5594
twenty_features_heterogeneous,2,Race,BLACK,754,701,Cox,0.5346,0.5095,0.5597,0.5322,0.5031
twenty_features_heterogeneous,2,Race,BLACK,754,701,Dynamic DeepHit,0.8713,0.8577,0.8831,0.1025,0.9515
twenty_features_heterogeneous,2,Race,BLACK,754,701,Hazard Transformer,0.7533,0.7315,0.775,0.2129,0.8499
twenty_features_heterogeneous,2,Race,BLACK,754,701,Logistic Hazard,0.4677,0.4415,0.4922,0.2668,0.4867
twenty_features_heterogeneous,2,Race,BLACK,754,701,RNN-Surv,0.5181,0.4922,0.5453,0.4142,0.5072
twenty_features_heterogeneous,2,Race,BLACK,754,701,DeepSurv,0.5154,0.4898,0.5409,0.2559,0.4898
twenty_features_heterogeneous,2,Race,BLACK,754,701,GBSA,0.4921,0.4755,0.5086,0.2609,0.5362
twenty_features_heterogeneous,2,Race,BLACK,754,701,Survival RF,0.5044,0.4781,0.5289,0.2508,0.5181
twenty_features_heterogeneous,2,Race,BLACK,754,701,Survival SVM,0.464,0.4371,0.4888,0.2548,0.4704
twenty_features_heterogeneous,2,Race,BLACK,754,701,Weibull AFT,0.4674,0.4418,0.4903,0.2827,0.5011
twenty_features_heterogeneous,2,Race,HISPANIC/LATINO,199,187,Cox,0.4504,0.4069,0.4955,0.4267,0.397
twenty_features_heterogeneous,2,Race,HISPANIC/LATINO,199,187,Dynamic DeepHit,0.8377,0.8142,0.8596,0.1,0.9551
twenty_features_heterogeneous,2,Race,HISPANIC/LATINO,199,187,Hazard Transformer,0.7867,0.7521,0.8202,0.2403,0.8474
twenty_features_heterogeneous,2,Race,HISPANIC/LATINO,199,187,Logistic Hazard,0.5334,0.4841,0.5759,0.2331,0.5994
twenty_features_heterogeneous,2,Race,HISPANIC/LATINO,199,187,RNN-Surv,0.5485,0.5043,0.5975,0.4716,0.5037
twenty_features_heterogeneous,2,Race,HISPANIC/LATINO,199,187,DeepSurv,0.5378,0.4883,0.5875,0.2256,0.5526
twenty_features_heterogeneous,2,Race,HISPANIC/LATINO,199,187,GBSA,0.5354,0.5058,0.5649,0.2294,0.5298
twenty_features_heterogeneous,2,Race,HISPANIC/LATINO,199,187,Survival RF,0.5465,0.4996,0.5977,0.2359,0.5604
twenty_features_heterogeneous,2,Race,HISPANIC/LATINO,199,187,Survival SVM,0.5481,0.4966,0.5946,0.2428,0.5661
twenty_features_heterogeneous,2,Race,HISPANIC/LATINO,199,187,Weibull AFT,0.5824,0.5332,0.6245,0.2626,0.6035
twenty_features_heterogeneous,2,Race,OTHER,123,106,Cox,0.4375,0.3724,0.4979,0.3452,0.3873
twenty_features_heterogeneous,2,Race,OTHER,123,106,Dynamic DeepHit,0.8809,0.8531,0.9076,0.0793,0.9664
twenty_features_heterogeneous,2,Race,OTHER,123,106,Hazard Transformer,0.7482,0.7016,0.7929,0.2084,0.8495
twenty_features_heterogeneous,2,Race,OTHER,123,106,Logistic Hazard,0.5563,0.4912,0.6234,0.2171,0.5857
twenty_features_heterogeneous,2,Race,OTHER,123,106,RNN-Surv,0.5127,0.4501,0.5815,0.4793,0.474
twenty_features_heterogeneous,2,Race,OTHER,123,106,DeepSurv,0.5871,0.5294,0.6499,0.2131,0.6802
twenty_features_heterogeneous,2,Race,OTHER,123,106,GBSA,0.5398,0.4996,0.586,0.2224,0.5416
twenty_features_heterogeneous,2,Race,OTHER,123,106,Survival RF,0.5541,0.4909,0.6209,0.2122,0.566
twenty_features_heterogeneous,2,Race,OTHER,123,106,Survival SVM,0.512,0.4556,0.5723,0.2296,0.614
twenty_features_heterogeneous,2,Race,OTHER,123,106,Weibull AFT,0.535,0.4766,0.597,0.226,0.6189
twenty_features_heterogeneous,2,Race,UNKNOWN/NOT RECORDED,288,265,Cox,0.4373,0.3928,0.4797,0.0507,0.3868
twenty_features_heterogeneous,2,Race,UNKNOWN/NOT RECORDED,288,265,Dynamic DeepHit,0.7958,0.7586,0.8277,0.0211,0.995
twenty_features_heterogeneous,2,Race,UNKNOWN/NOT RECORDED,288,265,Hazard Transformer,0.7212,0.6804,0.7601,0.1553,0.8743
twenty_features_heterogeneous,2,Race,UNKNOWN/NOT RECORDED,288,265,Logistic Hazard,0.5024,0.4556,0.5497,0.1663,0.5413
twenty_features_heterogeneous,2,Race,UNKNOWN/NOT RECORDED,288,265,RNN-Surv,0.4916,0.4484,0.5339,0.7386,0.5457
twenty_features_heterogeneous,2,Race,UNKNOWN/NOT RECORDED,288,265,DeepSurv,0.485,0.4422,0.5317,0.1837,0.6018
twenty_features_heterogeneous,2,Race,UNKNOWN/NOT RECORDED,288,265,GBSA,0.5209,0.4817,0.5592,0.1803,0.5693
twenty_features_heterogeneous,2,Race,UNKNOWN/NOT RECORDED,288,265,Survival RF,0.5385,0.4906,0.5853,0.1639,0.5855
twenty_features_heterogeneous,2,Race,UNKNOWN/NOT RECORDED,288,265,Survival SVM,0.4393,0.3935,0.4812,0.1757,0.4799
twenty_features_heterogeneous,2,Race,UNKNOWN/NOT RECORDED,288,265,Weibull AFT,0.5211,0.4736,0.5685,0.1145,0.5336
twenty_features_heterogeneous,2,Race,WHITE,3656,3327,Cox,0.4858,0.4744,0.4969,0.4082,0.4586
twenty_features_heterogeneous,2,Race,WHITE,3656,3327,Dynamic DeepHit,0.8462,0.8406,0.8516,0.1061,0.995
twenty_features_heterogeneous,2,Race,WHITE,3656,3327,Hazard Transformer,0.7635,0.755,0.7713,0.2205,0.9266
twenty_features_heterogeneous,2,Race,WHITE,3656,3327,Logistic Hazard,0.5127,0.5012,0.5252,0.2433,0.5538
twenty_features_heterogeneous,2,Race,WHITE,3656,3327,RNN-Surv,0.5278,0.5161,0.5396,0.4703,0.5299
twenty_features_heterogeneous,2,Race,WHITE,3656,3327,DeepSurv,0.5127,0.5015,0.5237,0.2293,0.546
twenty_features_heterogeneous,2,Race,WHITE,3656,3327,GBSA,0.5261,0.5181,0.5346,0.2231,0.5435
twenty_features_heterogeneous,2,Race,WHITE,3656,3327,Survival RF,0.5298,0.5183,0.5419,0.2298,0.5212
twenty_features_heterogeneous,2,Race,WHITE,3656,3327,Survival SVM,0.5113,0.5006,0.5228,0.2262,0.5174
twenty_features_heterogeneous,2,Race,WHITE,3656,3327,Weibull AFT,0.4922,0.4818,0.5029,0.2508,0.5033
twenty_features_heterogeneous,3,Age group,18-45,494,481,Cox,0.4838,0.4519,0.5139,0.3586,0.4777
twenty_features_heterogeneous,3,Age group,18-45,494,481,Dynamic DeepHit,0.857,0.8452,0.8685,0.0942,0.9856
twenty_features_heterogeneous,3,Age group,18-45,494,481,Hazard Transformer,0.7688,0.7485,0.7888,0.2274,0.8544
twenty_features_heterogeneous,3,Age group,18-45,494,481,Logistic Hazard,0.5019,0.4723,0.533,0.2354,0.5492
twenty_features_heterogeneous,3,Age group,18-45,494,481,RNN-Surv,0.5048,0.4719,0.5349,0.5267,0.4719
twenty_features_heterogeneous,3,Age group,18-45,494,481,DeepSurv,0.5251,0.4941,0.5555,0.2319,0.5608
twenty_features_heterogeneous,3,Age group,18-45,494,481,GBSA,0.5268,0.504,0.5486,0.2412,0.5407
twenty_features_heterogeneous,3,Age group,18-45,494,481,Survival RF,0.4877,0.4567,0.5176,0.251,0.4951
twenty_features_heterogeneous,3,Age group,18-45,494,481,Survival SVM,0.5001,0.4687,0.5309,0.2311,0.5224
twenty_features_heterogeneous,3,Age group,18-45,494,481,Weibull AFT,0.5203,0.4909,0.5522,0.2323,0.5444
twenty_features_heterogeneous,3,Age group,46-65,1671,1581,Cox,0.4775,0.4621,0.4944,0.4782,0.4441
twenty_features_heterogeneous,3,Age group,46-65,1671,1581,Dynamic DeepHit,0.8303,0.8209,0.839,0.1094,0.9788
twenty_features_heterogeneous,3,Age group,46-65,1671,1581,Hazard Transformer,0.7591,0.7456,0.7714,0.2325,0.9068
twenty_features_heterogeneous,3,Age group,46-65,1671,1581,Logistic Hazard,0.5394,0.5212,0.5558,0.2572,0.5369
twenty_features_heterogeneous,3,Age group,46-65,1671,1581,RNN-Surv,0.4867,0.4723,0.5036,0.4518,0.5417
twenty_features_heterogeneous,3,Age group,46-65,1671,1581,DeepSurv,0.5146,0.4984,0.5304,0.2415,0.5546
twenty_features_heterogeneous,3,Age group,46-65,1671,1581,GBSA,0.5199,0.5079,0.5322,0.2466,0.5193
twenty_features_heterogeneous,3,Age group,46-65,1671,1581,Survival RF,0.5094,0.4928,0.5268,0.2552,0.5664
twenty_features_heterogeneous,3,Age group,46-65,1671,1581,Survival SVM,0.5031,0.4864,0.5193,0.2424,0.5147
twenty_features_heterogeneous,3,Age group,46-65,1671,1581,Weibull AFT,0.5031,0.4861,0.5185,0.2556,0.5263
twenty_features_heterogeneous,3,Age group,66-85,2347,2097,Cox,0.4642,0.4513,0.477,0.4153,0.4713
twenty_features_heterogeneous,3,Age group,66-85,2347,2097,Dynamic DeepHit,0.8749,0.8679,0.8811,0.0978,0.995
twenty_features_heterogeneous,3,Age group,66-85,2347,2097,Hazard Transformer,0.7781,0.7682,0.7868,0.2022,0.8861
twenty_features_heterogeneous,3,Age group,66-85,2347,2097,Logistic Hazard,0.4983,0.4845,0.5111,0.2385,0.5382
twenty_features_heterogeneous,3,Age group,66-85,2347,2097,RNN-Surv,0.5248,0.5107,0.539,0.459,0.5201
twenty_features_heterogeneous,3,Age group,66-85,2347,2097,DeepSurv,0.5372,0.5237,0.5512,0.2204,0.5571
twenty_features_heterogeneous,3,Age group,66-85,2347,2097,GBSA,0.5377,0.5274,0.5487,0.2341,0.5183
twenty_features_heterogeneous,3,Age group,66-85,2347,2097,Survival RF,0.5318,0.5177,0.5466,0.2381,0.5548
twenty_features_heterogeneous,3,Age group,66-85,2347,2097,Survival SVM,0.5028,0.4878,0.5165,0.2192,0.5174
twenty_features_heterogeneous,3,Age group,66-85,2347,2097,Weibull AFT,0.52,0.5063,0.5334,0.2438,0.5155
twenty_features_heterogeneous,3,Age group,>85,704,611,Cox,0.4513,0.4251,0.4774,0.291,0.4589
twenty_features_heterogeneous,3,Age group,>85,704,611,Dynamic DeepHit,0.902,0.8913,0.9132,0.0804,0.9789
twenty_features_heterogeneous,3,Age group,>85,704,611,Hazard Transformer,0.814,0.7951,0.8325,0.2082,0.8945
twenty_features_heterogeneous,3,Age group,>85,704,611,Logistic Hazard,0.5166,0.4887,0.5448,0.1943,0.5698
twenty_features_heterogeneous,3,Age group,>85,704,611,RNN-Surv,0.5095,0.4804,0.536,0.519,0.5461
twenty_features_heterogeneous,3,Age group,>85,704,611,DeepSurv,0.5268,0.4995,0.5541,0.2102,0.5496
twenty_features_heterogeneous,3,Age group,>85,704,611,GBSA,0.5551,0.5381,0.5737,0.1967,0.5477
twenty_features_heterogeneous,3,Age group,>85,704,611,Survival RF,0.5652,0.5359,0.5906,0.2006,0.5647
twenty_features_heterogeneous,3,Age group,>85,704,611,Survival SVM,0.5203,0.4917,0.5507,0.1997,0.5492
twenty_features_heterogeneous,3,Age group,>85,704,611,Weibull AFT,0.5442,0.5158,0.5724,0.191,0.5644
twenty_features_heterogeneous,3,Sex as recorded in patients.csv,F,2176,1986,Cox,0.4757,0.4611,0.49,0.4376,0.4823
twenty_features_heterogeneous,3,Sex as recorded in patients.csv,F,2176,1986,Dynamic DeepHit,0.8979,0.8907,0.9051,0.1069,0.9809
twenty_features_heterogeneous,3,Sex as recorded in patients.csv,F,2176,1986,Hazard Transformer,0.747,0.7364,0.7569,0.2058,0.871
twenty_features_heterogeneous,3,Sex as recorded in patients.csv,F,2176,1986,Logistic Hazard,0.5373,0.5219,0.5548,0.2269,0.5407
twenty_features_heterogeneous,3,Sex as recorded in patients.csv,F,2176,1986,RNN-Surv,0.5252,0.509,0.5402,0.475,0.5519
twenty_features_heterogeneous,3,Sex as recorded in patients.csv,F,2176,1986,DeepSurv,0.5271,0.5124,0.5426,0.2376,0.5696
twenty_features_heterogeneous,3,Sex as recorded in patients.csv,F,2176,1986,GBSA,0.5133,0.5029,0.5242,0.2239,0.5114
twenty_features_heterogeneous,3,Sex as recorded in patients.csv,F,2176,1986,Survival RF,0.5297,0.5157,0.5451,0.2247,0.5276
twenty_features_heterogeneous,3,Sex as recorded in patients.csv,F,2176,1986,Survival SVM,0.5435,0.528,0.56,0.241,0.5367
twenty_features_heterogeneous,3,Sex as recorded in patients.csv,F,2176,1986,Weibull AFT,0.5347,0.5206,0.5505,0.2338,0.5619
twenty_features_heterogeneous,3,Sex as recorded in patients.csv,M,3040,2784,Cox,0.4833,0.4705,0.496,0.4228,0.4686
twenty_features_heterogeneous,3,Sex as recorded in patients.csv,M,3040,2784,Dynamic DeepHit,0.8544,0.8485,0.8598,0.1001,0.9869
twenty_features_heterogeneous,3,Sex as recorded in patients.csv,M,3040,2784,Hazard Transformer,0.7536,0.7454,0.762,0.2266,0.9083
twenty_features_heterogeneous,3,Sex as recorded in patients.csv,M,3040,2784,Logistic Hazard,0.5302,0.5169,0.5434,0.2267,0.5507
twenty_features_heterogeneous,3,Sex as recorded in patients.csv,M,3040,2784,RNN-Surv,0.524,0.5107,0.5366,0.4943,0.5386
twenty_features_heterogeneous,3,Sex as recorded in patients.csv,M,3040,2784,DeepSurv,0.5027,0.491,0.5147,0.2262,0.5637
twenty_features_heterogeneous,3,Sex as recorded in patients.csv,M,3040,2784,GBSA,0.5487,0.5397,0.5584,0.2379,0.5322
twenty_features_heterogeneous,3,Sex as recorded in patients.csv,M,3040,2784,Survival RF,0.52,0.5076,0.5332,0.2312,0.5601
twenty_features_heterogeneous,3,Sex as recorded in patients.csv,M,3040,2784,Survival SVM,0.5008,0.4882,0.5133,0.2371,0.506
twenty_features_heterogeneous,3,Sex as recorded in patients.csv,M,3040,2784,Weibull AFT,0.5369,0.5244,0.5494,0.2453,0.5519
twenty_features_heterogeneous,3,Race,ASIAN,150,142,Cox,0.4528,0.3943,0.5117,0.3506,0.4223
twenty_features_heterogeneous,3,Race,ASIAN,150,142,Dynamic DeepHit,0.8522,0.8145,0.8868,0.1223,0.9435
twenty_features_heterogeneous,3,Race,ASIAN,150,142,Hazard Transformer,0.7188,0.6776,0.7575,0.2506,0.8215
twenty_features_heterogeneous,3,Race,ASIAN,150,142,Logistic Hazard,0.5251,0.4679,0.5817,0.2167,0.5611
twenty_features_heterogeneous,3,Race,ASIAN,150,142,RNN-Surv,0.547,0.4922,0.6045,0.5725,0.5564
twenty_features_heterogeneous,3,Race,ASIAN,150,142,DeepSurv,0.5357,0.4744,0.594,0.2173,0.5406
twenty_features_heterogeneous,3,Race,ASIAN,150,142,GBSA,0.546,0.4967,0.5945,0.2108,0.537
twenty_features_heterogeneous,3,Race,ASIAN,150,142,Survival RF,0.6112,0.5531,0.6726,0.2138,0.6291
twenty_features_heterogeneous,3,Race,ASIAN,150,142,Survival SVM,0.5264,0.4645,0.5813,0.2184,0.5555
twenty_features_heterogeneous,3,Race,ASIAN,150,142,Weibull AFT,0.5331,0.4731,0.5922,0.2068,0.5697
twenty_features_heterogeneous,3,Race,BLACK,754,701,Cox,0.4989,0.4755,0.5224,0.5208,0.499
twenty_features_heterogeneous,3,Race,BLACK,754,701,Dynamic DeepHit,0.8587,0.8453,0.8703,0.1081,0.9202
twenty_features_heterogeneous,3,Race,BLACK,754,701,Hazard Transformer,0.7572,0.7353,0.779,0.2105,0.8429
twenty_features_heterogeneous,3,Race,BLACK,754,701,Logistic Hazard,0.4805,0.4535,0.5056,0.2458,0.4735
twenty_features_heterogeneous,3,Race,BLACK,754,701,RNN-Surv,0.5231,0.497,0.5506,0.4222,0.478
twenty_features_heterogeneous,3,Race,BLACK,754,701,DeepSurv,0.5053,0.4802,0.5303,0.2409,0.5103
twenty_features_heterogeneous,3,Race,BLACK,754,701,GBSA,0.515,0.4977,0.5323,0.2448,0.5021
twenty_features_heterogeneous,3,Race,BLACK,754,701,Survival RF,0.513,0.4862,0.5379,0.2455,0.5225
twenty_features_heterogeneous,3,Race,BLACK,754,701,Survival SVM,0.465,0.438,0.4898,0.2538,0.4951
twenty_features_heterogeneous,3,Race,BLACK,754,701,Weibull AFT,0.4947,0.4677,0.519,0.2757,0.4913
twenty_features_heterogeneous,3,Race,HISPANIC/LATINO,199,187,Cox,0.455,0.4111,0.5006,0.4604,0.4038
twenty_features_heterogeneous,3,Race,HISPANIC/LATINO,199,187,Dynamic DeepHit,0.9118,0.8861,0.9356,0.1017,0.9461
twenty_features_heterogeneous,3,Race,HISPANIC/LATINO,199,187,Hazard Transformer,0.7778,0.7436,0.8109,0.2378,0.8722
twenty_features_heterogeneous,3,Race,HISPANIC/LATINO,199,187,Logistic Hazard,0.5288,0.4799,0.5709,0.2389,0.5659
twenty_features_heterogeneous,3,Race,HISPANIC/LATINO,199,187,RNN-Surv,0.5369,0.4936,0.5849,0.4813,0.5187
twenty_features_heterogeneous,3,Race,HISPANIC/LATINO,199,187,DeepSurv,0.5483,0.4979,0.599,0.2275,0.5562
twenty_features_heterogeneous,3,Race,HISPANIC/LATINO,199,187,GBSA,0.5131,0.4848,0.5414,0.239,0.524
twenty_features_heterogeneous,3,Race,HISPANIC/LATINO,199,187,Survival RF,0.5464,0.4995,0.5977,0.2521,0.5395
twenty_features_heterogeneous,3,Race,HISPANIC/LATINO,199,187,Survival SVM,0.5431,0.492,0.5892,0.23,0.5398
twenty_features_heterogeneous,3,Race,HISPANIC/LATINO,199,187,Weibull AFT,0.5702,0.522,0.6113,0.2543,0.596
twenty_features_heterogeneous,3,Race,OTHER,123,106,Cox,0.4314,0.3672,0.4909,0.3537,0.3916
twenty_features_heterogeneous,3,Race,OTHER,123,106,Dynamic DeepHit,0.9009,0.8726,0.9283,0.0828,0.9424
twenty_features_heterogeneous,3,Race,OTHER,123,106,Hazard Transformer,0.7699,0.7219,0.8158,0.2107,0.8129
twenty_features_heterogeneous,3,Race,OTHER,123,106,Logistic Hazard,0.5626,0.4967,0.6304,0.2209,0.5934
twenty_features_heterogeneous,3,Race,OTHER,123,106,RNN-Surv,0.5218,0.4581,0.5918,0.4895,0.4799
twenty_features_heterogeneous,3,Race,OTHER,123,106,DeepSurv,0.5633,0.5079,0.6235,0.2294,0.6392
twenty_features_heterogeneous,3,Race,OTHER,123,106,GBSA,0.5457,0.5051,0.5924,0.2123,0.5508
twenty_features_heterogeneous,3,Race,OTHER,123,106,Survival RF,0.5686,0.5038,0.6373,0.2213,0.5481
twenty_features_heterogeneous,3,Race,OTHER,123,106,Survival SVM,0.5278,0.4696,0.5899,0.228,0.6143
twenty_features_heterogeneous,3,Race,OTHER,123,106,Weibull AFT,0.5841,0.5204,0.6517,0.2265,0.604
twenty_features_heterogeneous,3,Race,UNKNOWN/NOT RECORDED,288,265,Cox,0.4418,0.3968,0.4846,0.0545,0.4163
twenty_features_heterogeneous,3,Race,UNKNOWN/NOT RECORDED,288,265,Dynamic DeepHit,0.7902,0.7534,0.8219,0.0216,0.9543
twenty_features_heterogeneous,3,Race,UNKNOWN/NOT RECORDED,288,265,Hazard Transformer,0.7264,0.6853,0.7656,0.1558,0.9077
twenty_features_heterogeneous,3,Race,UNKNOWN/NOT RECORDED,288,265,Logistic Hazard,0.5042,0.4571,0.5516,0.167,0.5157
twenty_features_heterogeneous,3,Race,UNKNOWN/NOT RECORDED,288,265,RNN-Surv,0.5105,0.4656,0.5545,0.6859,0.5804
twenty_features_heterogeneous,3,Race,UNKNOWN/NOT RECORDED,288,265,DeepSurv,0.4795,0.4371,0.5257,0.1754,0.5993
twenty_features_heterogeneous,3,Race,UNKNOWN/NOT RECORDED,288,265,GBSA,0.5348,0.4945,0.5742,0.1733,0.5545
twenty_features_heterogeneous,3,Race,UNKNOWN/NOT RECORDED,288,265,Survival RF,0.5036,0.4588,0.5474,0.1758,0.5497
twenty_features_heterogeneous,3,Race,UNKNOWN/NOT RECORDED,288,265,Survival SVM,0.4505,0.4035,0.4934,0.1792,0.4866
twenty_features_heterogeneous,3,Race,UNKNOWN/NOT RECORDED,288,265,Weibull AFT,0.4853,0.4411,0.5294,0.1116,0.5682
twenty_features_heterogeneous,3,Race,WHITE,3656,3327,Cox,0.4615,0.4507,0.472,0.4227,0.4812
twenty_features_heterogeneous,3,Race,WHITE,3656,3327,Dynamic DeepHit,0.8634,0.8577,0.8689,0.107,0.9306
twenty_features_heterogeneous,3,Race,WHITE,3656,3327,Hazard Transformer,0.7294,0.7213,0.7369,0.2105,0.8879
twenty_features_heterogeneous,3,Race,WHITE,3656,3327,Logistic Hazard,0.5185,0.5069,0.5312,0.2272,0.5473
twenty_features_heterogeneous,3,Race,WHITE,3656,3327,RNN-Surv,0.529,0.5173,0.5408,0.5012,0.5216
twenty_features_heterogeneous,3,Race,WHITE,3656,3327,DeepSurv,0.5029,0.4919,0.5137,0.227,0.5489
twenty_features_heterogeneous,3,Race,WHITE,3656,3327,GBSA,0.5429,0.5346,0.5517,0.2411,0.5156
twenty_features_heterogeneous,3,Race,WHITE,3656,3327,Survival RF,0.5137,0.5025,0.5254,0.2316,0.5396
twenty_features_heterogeneous,3,Race,WHITE,3656,3327,Survival SVM,0.4907,0.4804,0.5017,0.2252,0.5381
twenty_features_heterogeneous,3,Race,WHITE,3656,3327,Weibull AFT,0.5337,0.5225,0.5453,0.2555,0.5273
twenty_features_heterogeneous,4,Age group,18-45,494,481,Cox,0.4751,0.4437,0.5046,0.3839,0.4935
twenty_features_heterogeneous,4,Age group,18-45,494,481,Dynamic DeepHit,0.9029,0.8904,0.915,0.0963,0.9791
twenty_features_heterogeneous,4,Age group,18-45,494,481,Hazard Transformer,0.7243,0.7052,0.7432,0.2253,0.8547
twenty_features_heterogeneous,4,Age group,18-45,494,481,Logistic Hazard,0.5348,0.5033,0.568,0.2299,0.5232
twenty_features_heterogeneous,4,Age group,18-45,494,481,RNN-Surv,0.4844,0.4528,0.5132,0.56,0.4855
twenty_features_heterogeneous,4,Age group,18-45,494,481,DeepSurv,0.524,0.493,0.5543,0.2458,0.5313
twenty_features_heterogeneous,4,Age group,18-45,494,481,GBSA,0.5485,0.5248,0.5712,0.2272,0.5392
twenty_features_heterogeneous,4,Age group,18-45,494,481,Survival RF,0.4843,0.4536,0.5139,0.2386,0.5404
twenty_features_heterogeneous,4,Age group,18-45,494,481,Survival SVM,0.4964,0.4654,0.527,0.2461,0.5201
twenty_features_heterogeneous,4,Age group,18-45,494,481,Weibull AFT,0.531,0.5009,0.5636,0.2271,0.5599
twenty_features_heterogeneous,4,Age group,46-65,1671,1581,Cox,0.4826,0.467,0.4997,0.4605,0.463
twenty_features_heterogeneous,4,Age group,46-65,1671,1581,Dynamic DeepHit,0.8389,0.8293,0.8476,0.1092,0.995
twenty_features_heterogeneous,4,Age group,46-65,1671,1581,Hazard Transformer,0.7413,0.728,0.7532,0.2275,0.869
twenty_features_heterogeneous,4,Age group,46-65,1671,1581,Logistic Hazard,0.5264,0.5087,0.5424,0.2421,0.5201
twenty_features_heterogeneous,4,Age group,46-65,1671,1581,RNN-Surv,0.5266,0.511,0.5449,0.4769,0.5045
twenty_features_heterogeneous,4,Age group,46-65,1671,1581,DeepSurv,0.509,0.4929,0.5246,0.2533,0.5369
twenty_features_heterogeneous,4,Age group,46-65,1671,1581,GBSA,0.5337,0.5214,0.5464,0.2414,0.5597
twenty_features_heterogeneous,4,Age group,46-65,1671,1581,Survival RF,0.5182,0.5013,0.5358,0.2485,0.548
twenty_features_heterogeneous,4,Age group,46-65,1671,1581,Survival SVM,0.526,0.5085,0.543,0.2515,0.5358
twenty_features_heterogeneous,4,Age group,46-65,1671,1581,Weibull AFT,0.5088,0.4917,0.5244,0.272,0.5287
twenty_features_heterogeneous,4,Age group,66-85,2347,2097,Cox,0.5021,0.4881,0.5159,0.4127,0.4531
twenty_features_heterogeneous,4,Age group,66-85,2347,2097,Dynamic DeepHit,0.8901,0.8831,0.8965,0.0963,0.995
twenty_features_heterogeneous,4,Age group,66-85,2347,2097,Hazard Transformer,0.7495,0.7399,0.7578,0.217,0.8865
twenty_features_heterogeneous,4,Age group,66-85,2347,2097,Logistic Hazard,0.5188,0.5044,0.5321,0.2274,0.5618
twenty_features_heterogeneous,4,Age group,66-85,2347,2097,RNN-Surv,0.5491,0.5343,0.564,0.4946,0.5485
twenty_features_heterogeneous,4,Age group,66-85,2347,2097,DeepSurv,0.5002,0.4876,0.5132,0.2371,0.5279
twenty_features_heterogeneous,4,Age group,66-85,2347,2097,GBSA,0.5317,0.5215,0.5426,0.221,0.5131
twenty_features_heterogeneous,4,Age group,66-85,2347,2097,Survival RF,0.5384,0.5241,0.5534,0.2334,0.5249
twenty_features_heterogeneous,4,Age group,66-85,2347,2097,Survival SVM,0.5276,0.5118,0.542,0.222,0.5614
twenty_features_heterogeneous,4,Age group,66-85,2347,2097,Weibull AFT,0.5086,0.4952,0.5216,0.2317,0.544
twenty_features_heterogeneous,4,Age group,>85,704,611,Cox,0.4801,0.4522,0.5078,0.3013,0.4821
twenty_features_heterogeneous,4,Age group,>85,704,611,Dynamic DeepHit,0.9148,0.9039,0.9261,0.0775,0.995
twenty_features_heterogeneous,4,Age group,>85,704,611,Hazard Transformer,0.7604,0.7428,0.7777,0.2049,0.8541
twenty_features_heterogeneous,4,Age group,>85,704,611,Logistic Hazard,0.5251,0.4968,0.5538,0.1981,0.5489
twenty_features_heterogeneous,4,Age group,>85,704,611,RNN-Surv,0.5375,0.5067,0.5655,0.5353,0.522
twenty_features_heterogeneous,4,Age group,>85,704,611,DeepSurv,0.5216,0.4946,0.5487,0.2048,0.5362
twenty_features_heterogeneous,4,Age group,>85,704,611,GBSA,0.5238,0.5078,0.5414,0.2084,0.5348
twenty_features_heterogeneous,4,Age group,>85,704,611,Survival RF,0.5254,0.4981,0.5489,0.208,0.5412
twenty_features_heterogeneous,4,Age group,>85,704,611,Survival SVM,0.5011,0.4736,0.5305,0.1954,0.5386
twenty_features_heterogeneous,4,Age group,>85,704,611,Weibull AFT,0.5028,0.4765,0.5288,0.1912,0.5485
twenty_features_heterogeneous,4,Sex as recorded in patients.csv,F,2176,1986,Cox,0.4937,0.4785,0.5085,0.4165,0.4575
twenty_features_heterogeneous,4,Sex as recorded in patients.csv,F,2176,1986,Dynamic DeepHit,0.8918,0.8846,0.8989,0.0982,0.995
twenty_features_heterogeneous,4,Sex as recorded in patients.csv,F,2176,1986,Hazard Transformer,0.7949,0.7836,0.8055,0.2201,0.8612
twenty_features_heterogeneous,4,Sex as recorded in patients.csv,F,2176,1986,Logistic Hazard,0.5364,0.5211,0.5539,0.2358,0.5291
twenty_features_heterogeneous,4,Sex as recorded in patients.csv,F,2176,1986,RNN-Surv,0.5099,0.4941,0.5245,0.4899,0.5108
twenty_features_heterogeneous,4,Sex as recorded in patients.csv,F,2176,1986,DeepSurv,0.5472,0.5319,0.5633,0.2321,0.5319
twenty_features_heterogeneous,4,Sex as recorded in patients.csv,F,2176,1986,GBSA,0.5136,0.5032,0.5245,0.2356,0.5218
twenty_features_heterogeneous,4,Sex as recorded in patients.csv,F,2176,1986,Survival RF,0.5408,0.5265,0.5565,0.2244,0.5541
twenty_features_heterogeneous,4,Sex as recorded in patients.csv,F,2176,1986,Survival SVM,0.5125,0.4979,0.5281,0.2301,0.5445
twenty_features_heterogeneous,4,Sex as recorded in patients.csv,F,2176,1986,Weibull AFT,0.4966,0.4835,0.5112,0.2328,0.5585
twenty_features_heterogeneous,4,Sex as recorded in patients.csv,M,3040,2784,Cox,0.4522,0.4402,0.464,0.4043,0.4724
twenty_features_heterogeneous,4,Sex as recorded in patients.csv,M,3040,2784,Dynamic DeepHit,0.8763,0.8704,0.8819,0.0976,0.9851
twenty_features_heterogeneous,4,Sex as recorded in patients.csv,M,3040,2784,Hazard Transformer,0.7513,0.7432,0.7597,0.2243,0.876
twenty_features_heterogeneous,4,Sex as recorded in patients.csv,M,3040,2784,Logistic Hazard,0.5229,0.5098,0.5359,0.2322,0.5185
twenty_features_heterogeneous,4,Sex as recorded in patients.csv,M,3040,2784,RNN-Surv,0.5204,0.5072,0.5329,0.512,0.5418
twenty_features_heterogeneous,4,Sex as recorded in patients.csv,M,3040,2784,DeepSurv,0.5146,0.5026,0.5269,0.2199,0.5275
twenty_features_heterogeneous,4,Sex as recorded in patients.csv,M,3040,2784,GBSA,0.5322,0.5235,0.5417,0.232,0.5527
twenty_features_heterogeneous,4,Sex as recorded in patients.csv,M,3040,2784,Survival RF,0.5246,0.512,0.5379,0.2413,0.5464
twenty_features_heterogeneous,4,Sex as recorded in patients.csv,M,3040,2784,Survival SVM,0.5022,0.4896,0.5148,0.2396,0.517
twenty_features_heterogeneous,4,Sex as recorded in patients.csv,M,3040,2784,Weibull AFT,0.5422,0.5296,0.5549,0.2442,0.5443
twenty_features_heterogeneous,4,Race,ASIAN,150,142,Cox,0.4471,0.3894,0.5053,0.3321,0.4335
twenty_features_heterogeneous,4,Race,ASIAN,150,142,Dynamic DeepHit,0.8519,0.8142,0.8865,0.1225,0.9345
twenty_features_heterogeneous,4,Race,ASIAN,150,142,Hazard Transformer,0.7014,0.6611,0.7391,0.2515,0.8232
twenty_features_heterogeneous,4,Race,ASIAN,150,142,Logistic Hazard,0.5334,0.4754,0.591,0.2157,0.5633
twenty_features_heterogeneous,4,Race,ASIAN,150,142,RNN-Surv,0.5423,0.488,0.5994,0.5768,0.532
twenty_features_heterogeneous,4,Race,ASIAN,150,142,DeepSurv,0.5624,0.498,0.6236,0.2123,0.5434
twenty_features_heterogeneous,4,Race,ASIAN,150,142,GBSA,0.5539,0.5039,0.6031,0.2155,0.5763
twenty_features_heterogeneous,4,Race,ASIAN,150,142,Survival RF,0.6056,0.548,0.6664,0.202,0.6132
twenty_features_heterogeneous,4,Race,ASIAN,150,142,Survival SVM,0.5684,0.5016,0.6277,0.214,0.5843
twenty_features_heterogeneous,4,Race,ASIAN,150,142,Weibull AFT,0.5485,0.4868,0.6093,0.2074,0.562
twenty_features_heterogeneous,4,Race,BLACK,754,701,Cox,0.4984,0.475,0.5218,0.5355,0.495
twenty_features_heterogeneous,4,Race,BLACK,754,701,Dynamic DeepHit,0.8115,0.7988,0.8225,0.1057,0.9463
twenty_features_heterogeneous,4,Race,BLACK,754,701,Hazard Transformer,0.766,0.7438,0.788,0.2302,0.8716
twenty_features_heterogeneous,4,Race,BLACK,754,701,Logistic Hazard,0.4623,0.4364,0.4864,0.268,0.4683
twenty_features_heterogeneous,4,Race,BLACK,754,701,RNN-Surv,0.4925,0.4679,0.5184,0.4225,0.4915
twenty_features_heterogeneous,4,Race,BLACK,754,701,DeepSurv,0.4828,0.4588,0.5067,0.2594,0.5131
twenty_features_heterogeneous,4,Race,BLACK,754,701,GBSA,0.52,0.5025,0.5374,0.2401,0.5064
twenty_features_heterogeneous,4,Race,BLACK,754,701,Survival RF,0.4807,0.4556,0.504,0.2551,0.4915
twenty_features_heterogeneous,4,Race,BLACK,754,701,Survival SVM,0.457,0.4305,0.4815,0.2487,0.4707
twenty_features_heterogeneous,4,Race,BLACK,754,701,Weibull AFT,0.5016,0.4742,0.5262,0.2831,0.4977
twenty_features_heterogeneous,4,Race,HISPANIC/LATINO,199,187,Cox,0.4539,0.4101,0.4994,0.4421,0.3945
twenty_features_heterogeneous,4,Race,HISPANIC/LATINO,199,187,Dynamic DeepHit,0.8296,0.8063,0.8513,0.094,0.9882
twenty_features_heterogeneous,4,Race,HISPANIC/LATINO,199,187,Hazard Transformer,0.756,0.7228,0.7882,0.2359,0.8885
twenty_features_heterogeneous,4,Race,HISPANIC/LATINO,199,187,Logistic Hazard,0.5188,0.4708,0.5602,0.2306,0.5807
twenty_features_heterogeneous,4,Race,HISPANIC/LATINO,199,187,RNN-Surv,0.504,0.4634,0.5491,0.4849,0.5185
twenty_features_heterogeneous,4,Race,HISPANIC/LATINO,199,187,DeepSurv,0.5058,0.4592,0.5525,0.2467,0.5762
twenty_features_heterogeneous,4,Race,HISPANIC/LATINO,199,187,GBSA,0.5342,0.5047,0.5637,0.2469,0.5324
twenty_features_heterogeneous,4,Race,HISPANIC/LATINO,199,187,Survival RF,0.5135,0.4695,0.5617,0.2506,0.5175
twenty_features_heterogeneous,4,Race,HISPANIC/LATINO,199,187,Survival SVM,0.538,0.4875,0.5837,0.2281,0.5342
twenty_features_heterogeneous,4,Race,HISPANIC/LATINO,199,187,Weibull AFT,0.5618,0.5143,0.6023,0.2531,0.5792
twenty_features_heterogeneous,4,Race,OTHER,123,106,Cox,0.4578,0.3896,0.5209,0.3353,0.406
twenty_features_heterogeneous,4,Race,OTHER,123,106,Dynamic DeepHit,0.921,0.892,0.949,0.0783,0.9729
twenty_features_heterogeneous,4,Race,OTHER,123,106,Hazard Transformer,0.7639,0.7164,0.8096,0.2134,0.7984
twenty_features_heterogeneous,4,Race,OTHER,123,106,Logistic Hazard,0.556,0.4909,0.623,0.2161,0.625
twenty_features_heterogeneous,4,Race,OTHER,123,106,RNN-Surv,0.5335,0.4684,0.6051,0.4806,0.4753
twenty_features_heterogeneous,4,Race,OTHER,123,106,DeepSurv,0.5953,0.5367,0.659,0.2312,0.6158
twenty_features_heterogeneous,4,Race,OTHER,123,106,GBSA,0.5664,0.5243,0.6149,0.2211,0.5697
twenty_features_heterogeneous,4,Race,OTHER,123,106,Survival RF,0.5744,0.5089,0.6437,0.2261,0.5253
twenty_features_heterogeneous,4,Race,OTHER,123,106,Survival SVM,0.5536,0.4925,0.6187,0.23,0.5886
twenty_features_heterogeneous,4,Race,OTHER,123,106,Weibull AFT,0.5342,0.476,0.5961,0.2158,0.5896
twenty_features_heterogeneous,4,Race,UNKNOWN/NOT RECORDED,288,265,Cox,0.443,0.3978,0.4859,0.0517,0.3892
twenty_features_heterogeneous,4,Race,UNKNOWN/NOT RECORDED,288,265,Dynamic DeepHit,0.7691,0.7332,0.8,0.0217,0.995
twenty_features_heterogeneous,4,Race,UNKNOWN/NOT RECORDED,288,265,Hazard Transformer,0.7413,0.6993,0.7813,0.1605,0.9206
twenty_features_heterogeneous,4,Race,UNKNOWN/NOT RECORDED,288,265,Logistic Hazard,0.4945,0.4484,0.541,0.1687,0.513
twenty_features_heterogeneous,4,Race,UNKNOWN/NOT RECORDED,288,265,RNN-Surv,0.5083,0.4636,0.5521,0.6917,0.5614
twenty_features_heterogeneous,4,Race,UNKNOWN/NOT RECORDED,288,265,DeepSurv,0.5133,0.4679,0.5628,0.181,0.5534
twenty_features_heterogeneous,4,Race,UNKNOWN/NOT RECORDED,288,265,GBSA,0.4995,0.4619,0.5363,0.179,0.5633
twenty_features_heterogeneous,4,Race,UNKNOWN/NOT RECORDED,288,265,Survival RF,0.5023,0.4576,0.546,0.173,0.596
twenty_features_heterogeneous,4,Race,UNKNOWN/NOT RECORDED,288,265,Survival SVM,0.4795,0.4295,0.5253,0.163,0.527
twenty_features_heterogeneous,4,Race,UNKNOWN/NOT RECORDED,288,265,Weibull AFT,0.5044,0.4584,0.5502,0.1093,0.5599
twenty_features_heterogeneous,4,Race,WHITE,3656,3327,Cox,0.5046,0.4928,0.5162,0.439,0.466
twenty_features_heterogeneous,4,Race,WHITE,3656,3327,Dynamic DeepHit,0.853,0.8473,0.8584,0.0989,0.9473
twenty_features_heterogeneous,4,Race,WHITE,3656,3327,Hazard Transformer,0.7963,0.7875,0.8045,0.2238,0.8774
twenty_features_heterogeneous,4,Race,WHITE,3656,3327,Logistic Hazard,0.4941,0.4831,0.5062,0.2334,0.5123
twenty_features_heterogeneous,4,Race,WHITE,3656,3327,RNN-Surv,0.5159,0.5045,0.5274,0.4821,0.5277
twenty_features_heterogeneous,4,Race,WHITE,3656,3327,DeepSurv,0.5283,0.5168,0.5396,0.2226,0.5295
twenty_features_heterogeneous,4,Race,WHITE,3656,3327,GBSA,0.529,0.5209,0.5375,0.2393,0.5491
twenty_features_heterogeneous,4,Race,WHITE,3656,3327,Survival RF,0.4938,0.4831,0.5052,0.2465,0.5354
twenty_features_heterogeneous,4,Race,WHITE,3656,3327,Survival SVM,0.4792,0.4691,0.49,0.2388,0.5212
twenty_features_heterogeneous,4,Race,WHITE,3656,3327,Weibull AFT,0.5339,0.5226,0.5455,0.2524,0.5208
twenty_features_heterogeneous,5,Age group,18-45,494,481,Cox,0.477,0.4455,0.5066,0.3861,0.4657
twenty_features_heterogeneous,5,Age group,18-45,494,481,Dynamic DeepHit,0.8946,0.8823,0.9066,0.0942,0.995
twenty_features_heterogeneous,5,Age group,18-45,494,481,Hazard Transformer,0.7334,0.7141,0.7525,0.2352,0.8323
twenty_features_heterogeneous,5,Age group,18-45,494,481,Logistic Hazard,0.5221,0.4912,0.5544,0.2317,0.5547
twenty_features_heterogeneous,5,Age group,18-45,494,481,RNN-Surv,0.4589,0.4289,0.4862,0.5726,0.4581
twenty_features_heterogeneous,5,Age group,18-45,494,481,DeepSurv,0.5208,0.4901,0.551,0.2294,0.5336
twenty_features_heterogeneous,5,Age group,18-45,494,481,GBSA,0.5192,0.4967,0.5407,0.2251,0.5157
twenty_features_heterogeneous,5,Age group,18-45,494,481,Survival RF,0.504,0.4721,0.5349,0.2508,0.4987
twenty_features_heterogeneous,5,Age group,18-45,494,481,Survival SVM,0.5073,0.4756,0.5386,0.2322,0.5279
twenty_features_heterogeneous,5,Age group,18-45,494,481,Weibull AFT,0.5282,0.4983,0.5606,0.2262,0.5388
twenty_features_heterogeneous,5,Age group,46-65,1671,1581,Cox,0.4865,0.4708,0.5037,0.4777,0.4464
twenty_features_heterogeneous,5,Age group,46-65,1671,1581,Dynamic DeepHit,0.8276,0.8182,0.8363,0.1037,0.9445
twenty_features_heterogeneous,5,Age group,46-65,1671,1581,Hazard Transformer,0.7357,0.7226,0.7476,0.2211,0.8644
twenty_features_heterogeneous,5,Age group,46-65,1671,1581,Logistic Hazard,0.5265,0.5088,0.5425,0.2427,0.5508
twenty_features_heterogeneous,5,Age group,46-65,1671,1581,RNN-Surv,0.536,0.5202,0.5546,0.4703,0.5268
twenty_features_heterogeneous,5,Age group,46-65,1671,1581,DeepSurv,0.5464,0.5292,0.5632,0.2355,0.5557
twenty_features_heterogeneous,5,Age group,46-65,1671,1581,GBSA,0.505,0.4934,0.517,0.2348,0.5287
twenty_features_heterogeneous,5,Age group,46-65,1671,1581,Survival RF,0.5054,0.4889,0.5226,0.2519,0.5231
twenty_features_heterogeneous,5,Age group,46-65,1671,1581,Survival SVM,0.4945,0.478,0.5104,0.2485,0.5633
twenty_features_heterogeneous,5,Age group,46-65,1671,1581,Weibull AFT,0.5252,0.5075,0.5413,0.2692,0.5479
twenty_features_heterogeneous,5,Age group,66-85,2347,2097,Cox,0.4847,0.4712,0.4981,0.4268,0.4804
twenty_features_heterogeneous,5,Age group,66-85,2347,2097,Dynamic DeepHit,0.8766,0.8697,0.8829,0.0958,0.9636
twenty_features_heterogeneous,5,Age group,66-85,2347,2097,Hazard Transformer,0.7643,0.7545,0.7728,0.2221,0.8965
twenty_features_heterogeneous,5,Age group,66-85,2347,2097,Logistic Hazard,0.5013,0.4874,0.5142,0.2266,0.56
twenty_features_heterogeneous,5,Age group,66-85,2347,2097,RNN-Surv,0.5081,0.4944,0.5219,0.4727,0.5485
twenty_features_heterogeneous,5,Age group,66-85,2347,2097,DeepSurv,0.4958,0.4833,0.5087,0.2312,0.5556
twenty_features_heterogeneous,5,Age group,66-85,2347,2097,GBSA,0.513,0.5032,0.5236,0.2374,0.5013
twenty_features_heterogeneous,5,Age group,66-85,2347,2097,Survival RF,0.5215,0.5077,0.536,0.24,0.5225
twenty_features_heterogeneous,5,Age group,66-85,2347,2097,Survival SVM,0.5214,0.5058,0.5356,0.2242,0.5194
twenty_features_heterogeneous,5,Age group,66-85,2347,2097,Weibull AFT,0.5213,0.5076,0.5346,0.2492,0.5518
twenty_features_heterogeneous,5,Age group,>85,704,611,Cox,0.474,0.4465,0.5014,0.2903,0.4492
twenty_features_heterogeneous,5,Age group,>85,704,611,Dynamic DeepHit,0.9081,0.8973,0.9194,0.0802,0.995
twenty_features_heterogeneous,5,Age group,>85,704,611,Hazard Transformer,0.7933,0.7749,0.8114,0.207,0.9104
twenty_features_heterogeneous,5,Age group,>85,704,611,Logistic Hazard,0.5092,0.4818,0.5371,0.2064,0.5284
twenty_features_heterogeneous,5,Age group,>85,704,611,RNN-Surv,0.5432,0.5122,0.5715,0.5621,0.558
twenty_features_heterogeneous,5,Age group,>85,704,611,DeepSurv,0.4939,0.4684,0.5196,0.1909,0.5383
twenty_features_heterogeneous,5,Age group,>85,704,611,GBSA,0.5555,0.5385,0.5742,0.2092,0.5646
twenty_features_heterogeneous,5,Age group,>85,704,611,Survival RF,0.5422,0.5141,0.5665,0.2049,0.5739
twenty_features_heterogeneous,5,Age group,>85,704,611,Survival SVM,0.5093,0.4813,0.5391,0.2087,0.5429
twenty_features_heterogeneous,5,Age group,>85,704,611,Weibull AFT,0.5318,0.5041,0.5594,0.1906,0.548
twenty_features_heterogeneous,5,Sex as recorded in patients.csv,F,2176,1986,Cox,0.4579,0.4438,0.4717,0.4261,0.4634
twenty_features_heterogeneous,5,Sex as recorded in patients.csv,F,2176,1986,Dynamic DeepHit,0.8956,0.8884,0.9028,0.107,0.9188
twenty_features_heterogeneous,5,Sex as recorded in patients.csv,F,2176,1986,Hazard Transformer,0.7664,0.7555,0.7766,0.2177,0.8808
twenty_features_heterogeneous,5,Sex as recorded in patients.csv,F,2176,1986,Logistic Hazard,0.5084,0.4938,0.525,0.2424,0.5702
twenty_features_heterogeneous,5,Sex as recorded in patients.csv,F,2176,1986,RNN-Surv,0.5474,0.5305,0.5632,0.4538,0.5511
twenty_features_heterogeneous,5,Sex as recorded in patients.csv,F,2176,1986,DeepSurv,0.5266,0.5118,0.542,0.2234,0.5589
twenty_features_heterogeneous,5,Sex as recorded in patients.csv,F,2176,1986,GBSA,0.5143,0.5039,0.5252,0.2407,0.511
twenty_features_heterogeneous,5,Sex as recorded in patients.csv,F,2176,1986,Survival RF,0.5294,0.5155,0.5449,0.239,0.543
twenty_features_heterogeneous,5,Sex as recorded in patients.csv,F,2176,1986,Survival SVM,0.5141,0.4994,0.5297,0.2383,0.558
twenty_features_heterogeneous,5,Sex as recorded in patients.csv,F,2176,1986,Weibull AFT,0.5214,0.5076,0.5367,0.232,0.5401
twenty_features_heterogeneous,5,Sex as recorded in patients.csv,M,3040,2784,Cox,0.4598,0.4476,0.4718,0.3963,0.476
twenty_features_heterogeneous,5,Sex as recorded in patients.csv,M,3040,2784,Dynamic DeepHit,0.9077,0.9015,0.9134,0.1001,0.9645
twenty_features_heterogeneous,5,Sex as recorded in patients.csv,M,3040,2784,Hazard Transformer,0.7683,0.7601,0.7769,0.2196,0.8955
twenty_features_heterogeneous,5,Sex as recorded in patients.csv,M,3040,2784,Logistic Hazard,0.5307,0.5174,0.5439,0.2417,0.5133
twenty_features_heterogeneous,5,Sex as recorded in patients.csv,M,3040,2784,RNN-Surv,0.5331,0.5196,0.5459,0.47,0.4991
twenty_features_heterogeneous,5,Sex as recorded in patients.csv,M,3040,2784,DeepSurv,0.5093,0.4974,0.5214,0.2205,0.5613
twenty_features_heterogeneous,5,Sex as recorded in patients.csv,M,3040,2784,GBSA,0.5344,0.5257,0.5439,0.2199,0.5161
twenty_features_heterogeneous,5,Sex as recorded in patients.csv,M,3040,2784,Survival RF,0.5213,0.5089,0.5346,0.2354,0.5454
twenty_features_heterogeneous,5,Sex as recorded in patients.csv,M,3040,2784,Survival SVM,0.4876,0.4753,0.4997,0.2417,0.5454
twenty_features_heterogeneous,5,Sex as recorded in patients.csv,M,3040,2784,Weibull AFT,0.5114,0.4995,0.5234,0.2482,0.5168
twenty_features_heterogeneous,5,Race,ASIAN,150,142,Cox,0.4385,0.3818,0.4955,0.3422,0.4279
twenty_features_heterogeneous,5,Race,ASIAN,150,142,Dynamic DeepHit,0.8159,0.7797,0.849,0.119,0.9739
twenty_features_heterogeneous,5,Race,ASIAN,150,142,Hazard Transformer,0.7672,0.7232,0.8085,0.2499,0.8264
twenty_features_heterogeneous,5,Race,ASIAN,150,142,Logistic Hazard,0.5403,0.4815,0.5986,0.2137,0.5516
twenty_features_heterogeneous,5,Race,ASIAN,150,142,RNN-Surv,0.504,0.4535,0.557,0.5772,0.5613
twenty_features_heterogeneous,5,Race,ASIAN,150,142,DeepSurv,0.5474,0.4847,0.607,0.2119,0.5885
twenty_features_heterogeneous,5,Race,ASIAN,150,142,GBSA,0.5327,0.4846,0.58,0.2179,0.5625
twenty_features_heterogeneous,5,Race,ASIAN,150,142,Survival RF,0.5872,0.5313,0.6461,0.206,0.6303
twenty_features_heterogeneous,5,Race,ASIAN,150,142,Survival SVM,0.5507,0.486,0.6081,0.2251,0.5919
twenty_features_heterogeneous,5,Race,ASIAN,150,142,Weibull AFT,0.5714,0.5071,0.6348,0.1971,0.5604
twenty_features_heterogeneous,5,Race,BLACK,754,701,Cox,0.5129,0.4888,0.5371,0.5397,0.5023
twenty_features_heterogeneous,5,Race,BLACK,754,701,Dynamic DeepHit,0.8126,0.7998,0.8236,0.1039,0.9313
twenty_features_heterogeneous,5,Race,BLACK,754,701,Hazard Transformer,0.7653,0.7431,0.7873,0.22,0.8302
twenty_features_heterogeneous,5,Race,BLACK,754,701,Logistic Hazard,0.4944,0.4667,0.5202,0.2569,0.4905
twenty_features_heterogeneous,5,Race,BLACK,754,701,RNN-Surv,0.4932,0.4685,0.519,0.4153,0.4943
twenty_features_heterogeneous,5,Race,BLACK,754,701,DeepSurv,0.4892,0.4649,0.5134,0.2651,0.4886
twenty_features_heterogeneous,5,Race,BLACK,754,701,GBSA,0.5293,0.5115,0.5471,0.2645,0.4881
twenty_features_heterogeneous,5,Race,BLACK,754,701,Survival RF,0.4935,0.4677,0.5174,0.2618,0.5102
twenty_features_heterogeneous,5,Race,BLACK,754,701,Survival SVM,0.4539,0.4276,0.4782,0.2596,0.4861
twenty_features_heterogeneous,5,Race,BLACK,754,701,Weibull AFT,0.4713,0.4456,0.4945,0.2847,0.4696
twenty_features_heterogeneous,5,Race,HISPANIC/LATINO,199,187,Cox,0.4495,0.4061,0.4945,0.4611,0.4119
twenty_features_heterogeneous,5,Race,HISPANIC/LATINO,199,187,Dynamic DeepHit,0.8982,0.873,0.9217,0.1007,0.9439
twenty_features_heterogeneous,5,Race,HISPANIC/LATINO,199,187,Hazard Transformer,0.7664,0.7327,0.799,0.237,0.912
twenty_features_heterogeneous,5,Race,HISPANIC/LATINO,199,187,Logistic Hazard,0.5241,0.4756,0.5659,0.2417,0.5812
twenty_features_heterogeneous,5,Race,HISPANIC/LATINO,199,187,RNN-Surv,0.5254,0.4831,0.5724,0.4886,0.5015
twenty_features_heterogeneous,5,Race,HISPANIC/LATINO,199,187,DeepSurv,0.5161,0.4686,0.5638,0.2308,0.5778
twenty_features_heterogeneous,5,Race,HISPANIC/LATINO,199,187,GBSA,0.5411,0.5113,0.571,0.2412,0.5405
twenty_features_heterogeneous,5,Race,HISPANIC/LATINO,199,187,Survival RF,0.5334,0.4876,0.5834,0.2443,0.5605
twenty_features_heterogeneous,5,Race,HISPANIC/LATINO,199,187,Survival SVM,0.5544,0.5023,0.6015,0.2469,0.5543
twenty_features_heterogeneous,5,Race,HISPANIC/LATINO,199,187,Weibull AFT,0.5395,0.4939,0.5784,0.2548,0.6187
twenty_features_heterogeneous,5,Race,OTHER,123,106,Cox,0.4477,0.381,0.5095,0.3601,0.3858
twenty_features_heterogeneous,5,Race,OTHER,123,106,Dynamic DeepHit,0.8875,0.8596,0.9145,0.084,0.9849
twenty_features_heterogeneous,5,Race,OTHER,123,106,Hazard Transformer,0.7932,0.7438,0.8406,0.208,0.8659
twenty_features_heterogeneous,5,Race,OTHER,123,106,Logistic Hazard,0.5625,0.4966,0.6303,0.2244,0.5822
twenty_features_heterogeneous,5,Race,OTHER,123,106,RNN-Surv,0.5075,0.4455,0.5756,0.5149,0.4759
twenty_features_heterogeneous,5,Race,OTHER,123,106,DeepSurv,0.581,0.5239,0.6432,0.2257,0.6203
twenty_features_heterogeneous,5,Race,OTHER,123,106,GBSA,0.5603,0.5187,0.6083,0.2255,0.5753
twenty_features_heterogeneous,5,Race,OTHER,123,106,Survival RF,0.5304,0.4699,0.5944,0.211,0.558
twenty_features_heterogeneous,5,Race,OTHER,123,106,Survival SVM,0.5445,0.4845,0.6086,0.2201,0.6025
twenty_features_heterogeneous,5,Race,OTHER,123,106,Weibull AFT,0.5644,0.5028,0.6298,0.2168,0.6351
twenty_features_heterogeneous,5,Race,UNKNOWN/NOT RECORDED,288,265,Cox,0.4337,0.3895,0.4757,0.0529,0.3971
twenty_features_heterogeneous,5,Race,UNKNOWN/NOT RECORDED,288,265,Dynamic DeepHit,0.8353,0.7963,0.8688,0.0218,0.9507
twenty_features_heterogeneous,5,Race,UNKNOWN/NOT RECORDED,288,265,Hazard Transformer,0.7035,0.6637,0.7414,0.1668,0.8948
twenty_features_heterogeneous,5,Race,UNKNOWN/NOT RECORDED,288,265,Logistic Hazard,0.5044,0.4574,0.5519,0.171,0.559
twenty_features_heterogeneous,5,Race,UNKNOWN/NOT RECORDED,288,265,RNN-Surv,0.4883,0.4454,0.5303,0.7135,0.5527
twenty_features_heterogeneous,5,Race,UNKNOWN/NOT RECORDED,288,265,DeepSurv,0.5248,0.4785,0.5754,0.1784,0.5845
twenty_features_heterogeneous,5,Race,UNKNOWN/NOT RECORDED,288,265,GBSA,0.5396,0.499,0.5794,0.1837,0.5897
twenty_features_heterogeneous,5,Race,UNKNOWN/NOT RECORDED,288,265,Survival RF,0.5159,0.47,0.5608,0.1635,0.5715
twenty_features_heterogeneous,5,Race,UNKNOWN/NOT RECORDED,288,265,Survival SVM,0.452,0.4049,0.4951,0.1658,0.5271
twenty_features_heterogeneous,5,Race,UNKNOWN/NOT RECORDED,288,265,Weibull AFT,0.5195,0.4721,0.5666,0.1169,0.5485
twenty_features_heterogeneous,5,Race,WHITE,3656,3327,Cox,0.4971,0.4854,0.5085,0.4092,0.456
twenty_features_heterogeneous,5,Race,WHITE,3656,3327,Dynamic DeepHit,0.8971,0.8911,0.9028,0.1013,0.9234
twenty_features_heterogeneous,5,Race,WHITE,3656,3327,Hazard Transformer,0.7325,0.7243,0.74,0.2102,0.8532
twenty_features_heterogeneous,5,Race,WHITE,3656,3327,Logistic Hazard,0.4893,0.4783,0.5012,0.2263,0.5237
twenty_features_heterogeneous,5,Race,WHITE,3656,3327,RNN-Surv,0.5225,0.511,0.5342,0.4863,0.5124
twenty_features_heterogeneous,5,Race,WHITE,3656,3327,DeepSurv,0.5107,0.4995,0.5216,0.2304,0.5206
twenty_features_heterogeneous,5,Race,WHITE,3656,3327,GBSA,0.5076,0.4998,0.5158,0.2282,0.5087
twenty_features_heterogeneous,5,Race,WHITE,3656,3327,Survival RF,0.5025,0.4916,0.514,0.2356,0.5124
twenty_features_heterogeneous,5,Race,WHITE,3656,3327,Survival SVM,0.5082,0.4975,0.5196,0.227,0.5423
twenty_features_heterogeneous,5,Race,WHITE,3656,3327,Weibull AFT,0.504,0.4934,0.515,0.2463,0.5049
