rep3 train: four_features, eight_features; output=/home/minhn2/uiuc-kidney-failure/generated_data/rep_3
RUN four_features/srf
Train data path /home/minhn2/uiuc-kidney-failure/generated_data/rep_3/four_features_train_data.csv
Test data path /home/minhn2/uiuc-kidney-failure/generated_data/rep_3/four_features_test_data.csv
Number of patients: test 270 and train 1079
Number of records: test 2304 and train 9363
get_last_observation_data(ExperimentScenario.FOUR_FEATURES): train 9363 rows/1079 subjects -> 1079 rows; test 2304 rows/270 subjects -> 270 rows
No existing model found. Training model. Current time 2026-10-02 11:06:23.951208:

X shape: (1079, 4)
Fitting 5 folds for each of 36 candidates, totalling 180 fits
[Parallel(n_jobs=2)]: Using backend ThreadingBackend with 2 concurrent workers.
building tree 1 of 50
building tree 2 of 50
building tree 3 of 50
building tree 4 of 50
building tree 5 of 50
building tree 6 of 50
building tree 7 of 50
building tree 8 of 50
building tree 9 of 50
building tree 10 of 50
building tree 11 of 50
building tree 12 of 50
building tree 13 of 50
building tree 14 of 50
building tree 15 of 50
building tree 16 of 50
building tree 17 of 50
building tree 18 of 50
building tree 19 of 50
building tree 20 of 50
building tree 21 of 50
building tree 22 of 50
building tree 23 of 50
building tree 24 of 50
building tree 25 of 50
building tree 26 of 50
building tree 27 of 50
building tree 28 of 50
building tree 29 of 50
building tree 30 of 50
building tree 31 of 50
building tree 32 of 50
building tree 33 of 50
building tree 34 of 50
building tree 35 of 50
building tree 36 of 50
building tree 37 of 50
building tree 38 of 50
building tree 39 of 50[Parallel(n_jobs=2)]: Done  37 tasks      | elapsed:    0.4s

building tree 40 of 50
building tree 41 of 50
building tree 42 of 50
building tree 43 of 50
building tree 44 of 50
building tree 45 of 50
building tree 46 of 50
building tree 47 of 50
building tree 48 of 50
building tree 49 of 50
building tree 50 of 50
[Parallel(n_jobs=2)]: Done  50 out of  50 | elapsed:    0.5s finished
[Parallel(n_jobs=2)]: Using backend ThreadingBackend with 2 concurrent workers.
[Parallel(n_jobs=2)]: Done  37 tasks      | elapsed:    0.0s
[Parallel(n_jobs=2)]: Done  50 out of  50 | elapsed:    0.0s finished
[CV] END max_depth=None, min_samples_split=2, n_estimators=50; total time=   0.5s
[Parallel(n_jobs=2)]: Using backend ThreadingBackend with 2 concurrent workers.
building tree 1 of 50building tree 2 of 50

building tree 3 of 50
building tree 4 of 50
building tree 5 of 50
building tree 6 of 50
building tree 7 of 50
building tree 8 of 50
building tree 9 of 50
building tree 10 of 50
building tree 11 of 50
building tree 12 of 50
building tree 13 of 50
building tree 14 of 50
building tree 15 of 50
building tree 16 of 50
building tree 17 of 50
building tree 18 of 50
building tree 19 of 50
building tree 20 of 50
building tree 21 of 50
building tree 22 of 50
building tree 23 of 50
building tree 24 of 50
building tree 25 of 50
building tree 26 of 50
building tree 27 of 50
building tree 28 of 50
building tree 29 of 50
building tree 30 of 50
building tree 31 of 50
building tree 32 of 50
building tree 33 of 50
building tree 34 of 50
building tree 35 of 50
building tree 36 of 50
building tree 37 of 50
building tree 38 of 50
building tree 39 of 50[Parallel(n_jobs=2)]: Done  37 tasks      | elapsed:    0.3s

building tree 40 of 50
building tree 41 of 50
building tree 42 of 50
building tree 43 of 50
building tree 44 of 50
building tree 45 of 50
building tree 46 of 50
building tree 47 of 50
building tree 48 of 50
building tree 49 of 50
building tree 50 of 50
[Parallel(n_jobs=2)]: Done  50 out of  50 | elapsed:    0.5s finished
[Parallel(n_jobs=2)]: Using backend ThreadingBackend with 2 concurrent workers.
[Parallel(n_jobs=2)]: Done  37 tasks      | elapsed:    0.0s
[Parallel(n_jobs=2)]: Done  50 out of  50 | elapsed:    0.0s finished
[CV] END max_depth=None, min_samples_split=2, n_estimators=50; total time=   0.5s
[Parallel(n_jobs=2)]: Using backend ThreadingBackend with 2 concurrent workers.
building tree 1 of 50
building tree 2 of 50
building tree 3 of 50
building tree 4 of 50
building tree 5 of 50
building tree 6 of 50
building tree 7 of 50
building tree 8 of 50
building tree 9 of 50
building tree 10 of 50
building tree 11 of 50
building tree 12 of 50
building tree 13 of 50
building tree 14 of 50
building tree 15 of 50
building tree 16 of 50
building tree 17 of 50
building tree 18 of 50
building tree 19 of 50
building tree 20 of 50
building tree 21 of 50building tree 22 of 50

building tree 23 of 50
building tree 24 of 50
building tree 25 of 50
building tree 26 of 50
building tree 27 of 50
building tree 28 of 50
building tree 29 of 50
building tree 30 of 50
building tree 31 of 50
building tree 32 of 50
building tree 33 of 50
building tree 34 of 50
building tree 35 of 50
building tree 36 of 50
building tree 37 of 50
building tree 38 of 50
building tree 39 of 50[Parallel(n_jobs=2)]: Done  37 tasks      | elapsed:    0.4s

building tree 40 of 50
building tree 41 of 50
building tree 42 of 50
building tree 43 of 50
building tree 44 of 50
building tree 45 of 50
building tree 46 of 50
building tree 47 of 50
building tree 48 of 50
building tree 49 of 50
building tree 50 of 50
[Parallel(n_jobs=2)]: Done  50 out of  50 | elapsed:    0.5s finished
[Parallel(n_jobs=2)]: Using backend ThreadingBackend with 2 concurrent workers.
[Parallel(n_jobs=2)]: Done  37 tasks      | elapsed:    0.0s
[Parallel(n_jobs=2)]: Done  50 out of  50 | elapsed:    0.0s finished
[CV] END max_depth=None, min_samples_split=2, n_estimators=50; total time=   0.5s
[Parallel(n_jobs=2)]: Using backend ThreadingBackend with 2 concurrent workers.
building tree 1 of 50building tree 2 of 50

building tree 3 of 50
building tree 4 of 50
building tree 5 of 50
building tree 6 of 50
building tree 7 of 50
building tree 8 of 50
building tree 9 of 50
building tree 10 of 50
building tree 11 of 50
building tree 12 of 50
building tree 13 of 50
building tree 14 of 50
building tree 15 of 50
building tree 16 of 50
building tree 17 of 50
building tree 18 of 50
building tree 19 of 50
building tree 20 of 50
building tree 21 of 50
building tree 22 of 50
building tree 23 of 50
building tree 24 of 50
building tree 25 of 50
building tree 26 of 50
building tree 27 of 50
building tree 28 of 50
building tree 29 of 50
building tree 30 of 50
building tree 31 of 50
building tree 32 of 50
building tree 33 of 50
building tree 34 of 50
building tree 35 of 50
building tree 36 of 50
building tree 37 of 50
building tree 38 of 50
building tree 39 of 50[Parallel(n_jobs=2)]: Done  37 tasks      | elapsed:    0.3s

building tree 40 of 50
building tree 41 of 50
building tree 42 of 50
building tree 43 of 50
building tree 44 of 50
building tree 45 of 50
building tree 46 of 50
building tree 47 of 50
building tree 48 of 50
building tree 49 of 50
building tree 50 of 50
[Parallel(n_jobs=2)]: Done  50 out of  50 | elapsed:    0.4s finished
[Parallel(n_jobs=2)]: Using backend ThreadingBackend with 2 concurrent workers.
[Parallel(n_jobs=2)]: Done  37 tasks      | elapsed:    0.0s
[Parallel(n_jobs=2)]: Done  50 out of  50 | elapsed:    0.0s finished
[CV] END max_depth=None, min_samples_split=2, n_estimators=50; total time=   0.5s
[Parallel(n_jobs=2)]: Using backend ThreadingBackend with 2 concurrent workers.
building tree 1 of 50
building tree 2 of 50
building tree 3 of 50
building tree 4 of 50
building tree 5 of 50
building tree 6 of 50
building tree 7 of 50
building tree 8 of 50
building tree 9 of 50
building tree 10 of 50
building tree 11 of 50
building tree 12 of 50
building tree 13 of 50
building tree 14 of 50
building tree 15 of 50
building tree 16 of 50
building tree 17 of 50building tree 18 of 50

building tree 19 of 50
building tree 20 of 50
building tree 21 of 50
building tree 22 of 50
building tree 23 of 50
building tree 24 of 50
building tree 25 of 50
building tree 26 of 50
building tree 27 of 50
building tree 28 of 50
building tree 29 of 50
building tree 30 of 50
building tree 31 of 50
building tree 32 of 50
building tree 33 of 50
building tree 34 of 50
building tree 35 of 50
building tree 36 of 50
building tree 37 of 50
building tree 38 of 50
building tree 39 of 50[Parallel(n_jobs=2)]: Done  37 tasks      | elapsed:    0.4s

building tree 40 of 50
building tree 41 of 50
building tree 42 of 50
building tree 43 of 50
building tree 44 of 50
building tree 45 of 50
building tree 46 of 50
building tree 47 of 50
building tree 48 of 50
building tree 49 of 50
building tree 50 of 50
[Parallel(n_jobs=2)]: Done  50 out of  50 | elapsed:    0.5s finished
[Parallel(n_jobs=2)]: Using backend ThreadingBackend with 2 concurrent workers.
[Parallel(n_jobs=2)]: Done  37 tasks      | elapsed:    0.0s
[Parallel(n_jobs=2)]: Done  50 out of  50 | elapsed:    0.0s finished
[CV] END max_depth=None, min_samples_split=2, n_estimators=50; total time=   0.5s
[Parallel(n_jobs=2)]: Using backend ThreadingBackend with 2 concurrent workers.
building tree 1 of 100building tree 2 of 100

building tree 3 of 100
building tree 4 of 100
building tree 5 of 100
building tree 6 of 100
building tree 7 of 100
building tree 8 of 100
building tree 9 of 100
building tree 10 of 100
building tree 11 of 100
building tree 12 of 100
building tree 13 of 100
building tree 14 of 100
building tree 15 of 100
building tree 16 of 100
building tree 17 of 100
building tree 18 of 100
building tree 19 of 100
building tree 20 of 100
building tree 21 of 100
building tree 22 of 100
building tree 23 of 100
building tree 24 of 100
building tree 25 of 100
building tree 26 of 100
building tree 27 of 100
building tree 28 of 100
building tree 29 of 100
building tree 30 of 100
building tree 31 of 100
building tree 32 of 100
building tree 33 of 100
building tree 34 of 100
building tree 35 of 100
building tree 36 of 100
building tree 37 of 100
building tree 38 of 100
building tree 39 of 100[Parallel(n_jobs=2)]: Done  37 tasks      | elapsed:    0.3s

building tree 40 of 100
building tree 41 of 100
building tree 42 of 100
building tree 43 of 100
building tree 44 of 100
building tree 45 of 100
building tree 46 of 100
building tree 47 of 100
building tree 48 of 100
building tree 49 of 100
building tree 50 of 100
building tree 51 of 100
building tree 52 of 100
building tree 53 of 100
building tree 54 of 100
building tree 55 of 100
building tree 56 of 100
building tree 57 of 100
building tree 58 of 100
building tree 59 of 100
building tree 60 of 100
building tree 61 of 100
building tree 62 of 100
building tree 63 of 100
building tree 64 of 100
building tree 65 of 100
building tree 66 of 100
building tree 67 of 100
building tree 68 of 100
building tree 69 of 100
building tree 70 of 100
building tree 71 of 100
building tree 72 of 100
building tree 73 of 100
building tree 74 of 100
building tree 75 of 100
building tree 76 of 100
building tree 77 of 100
building tree 78 of 100
building tree 79 of 100
building tree 80 of 100
building tree 81 of 100
building tree 82 of 100
building tree 83 of 100
building tree 84 of 100
building tree 85 of 100
building tree 86 of 100
building tree 87 of 100
building tree 88 of 100
building tree 89 of 100
building tree 90 of 100
building tree 91 of 100
building tree 92 of 100
building tree 93 of 100
building tree 94 of 100
building tree 95 of 100
building tree 96 of 100
building tree 97 of 100
building tree 98 of 100
building tree 99 of 100
building tree 100 of 100
[Parallel(n_jobs=2)]: Done 100 out of 100 | elapsed:    0.9s finished
[Parallel(n_jobs=2)]: Using backend ThreadingBackend with 2 concurrent workers.
[Parallel(n_jobs=2)]: Done  37 tasks      | elapsed:    0.0s
[Parallel(n_jobs=2)]: Done 100 out of 100 | elapsed:    0.0s finished
[CV] END max_depth=None, min_samples_split=2, n_estimators=100; total time=   0.9s
[Parallel(n_jobs=2)]: Using backend ThreadingBackend with 2 concurrent workers.
building tree 1 of 100
building tree 2 of 100
building tree 3 of 100
building tree 4 of 100
building tree 5 of 100
building tree 6 of 100
building tree 7 of 100
building tree 8 of 100
building tree 9 of 100
building tree 10 of 100
building tree 11 of 100
building tree 12 of 100
building tree 13 of 100
building tree 14 of 100
building tree 15 of 100
building tree 16 of 100
building tree 17 of 100
building tree 18 of 100
building tree 19 of 100
building tree 20 of 100
building tree 21 of 100
building tree 22 of 100
building tree 23 of 100
building tree 24 of 100
building tree 25 of 100
building tree 26 of 100
building tree 27 of 100
building tree 28 of 100
building tree 29 of 100
building tree 30 of 100
building tree 31 of 100
building tree 32 of 100
building tree 33 of 100
building tree 34 of 100
building tree 35 of 100
building tree 36 of 100
building tree 37 of 100
building tree 38 of 100
building tree 39 of 100[Parallel(n_jobs=2)]: Done  37 tasks      | elapsed:    0.3s

building tree 40 of 100
building tree 41 of 100
building tree 42 of 100
building tree 43 of 100
building tree 44 of 100
building tree 45 of 100
building tree 46 of 100
building tree 47 of 100
building tree 48 of 100
building tree 49 of 100
building tree 50 of 100
building tree 51 of 100
building tree 52 of 100
building tree 53 of 100
building tree 54 of 100
building tree 55 of 100
building tree 56 of 100
building tree 57 of 100
building tree 58 of 100
building tree 59 of 100
building tree 60 of 100
building tree 61 of 100
building tree 62 of 100
building tree 63 of 100
building tree 64 of 100
building tree 65 of 100
building tree 66 of 100
building tree 67 of 100
building tree 68 of 100
building tree 69 of 100
building tree 70 of 100
building tree 71 of 100
building tree 72 of 100
building tree 73 of 100
building tree 74 of 100
building tree 75 of 100
building tree 76 of 100
building tree 77 of 100
building tree 78 of 100
building tree 79 of 100
building tree 80 of 100
building tree 81 of 100
building tree 82 of 100
building tree 83 of 100
building tree 84 of 100
building tree 85 of 100
building tree 86 of 100
building tree 87 of 100
building tree 88 of 100
building tree 89 of 100
building tree 90 of 100
building tree 91 of 100
building tree 92 of 100
building tree 93 of 100
building tree 94 of 100
building tree 95 of 100
building tree 96 of 100
building tree 97 of 100
building tree 98 of 100
building tree 99 of 100
building tree 100 of 100
[Parallel(n_jobs=2)]: Done 100 out of 100 | elapsed:    0.9s finished
[Parallel(n_jobs=2)]: Using backend ThreadingBackend with 2 concurrent workers.
[Parallel(n_jobs=2)]: Done  37 tasks      | elapsed:    0.0s
[Parallel(n_jobs=2)]: Done 100 out of 100 | elapsed:    0.0s finished
[CV] END max_depth=None, min_samples_split=2, n_estimators=100; total time=   0.9s
[Parallel(n_jobs=2)]: Using backend ThreadingBackend with 2 concurrent workers.
building tree 1 of 100
building tree 2 of 100
building tree 3 of 100
building tree 4 of 100
building tree 5 of 100
building tree 6 of 100
building tree 7 of 100
building tree 8 of 100
building tree 9 of 100
building tree 10 of 100
building tree 11 of 100
building tree 12 of 100
building tree 13 of 100
building tree 14 of 100
building tree 15 of 100
building tree 16 of 100
building tree 17 of 100
building tree 18 of 100
building tree 19 of 100
building tree 20 of 100
building tree 21 of 100
building tree 22 of 100
building tree 23 of 100
building tree 24 of 100
building tree 25 of 100
building tree 26 of 100
building tree 27 of 100
building tree 28 of 100
building tree 29 of 100
building tree 30 of 100
building tree 31 of 100
building tree 32 of 100
building tree 33 of 100
building tree 34 of 100
building tree 35 of 100
building tree 36 of 100
building tree 37 of 100
building tree 38 of 100
building tree 39 of 100[Parallel(n_jobs=2)]: Done  37 tasks      | elapsed:    0.4s

building tree 40 of 100
building tree 41 of 100
building tree 42 of 100
building tree 43 of 100
building tree 44 of 100
building tree 45 of 100
building tree 46 of 100
building tree 47 of 100
building tree 48 of 100
building tree 49 of 100
building tree 50 of 100
building tree 51 of 100
building tree 52 of 100
building tree 53 of 100
building tree 54 of 100
building tree 55 of 100
building tree 56 of 100
building tree 57 of 100
building tree 58 of 100
building tree 59 of 100
building tree 60 of 100
building tree 61 of 100
building tree 62 of 100
building tree 63 of 100
building tree 64 of 100
building tree 65 of 100
building tree 66 of 100
building tree 67 of 100
building tree 68 of 100
building tree 69 of 100
building tree 70 of 100
building tree 71 of 100
building tree 72 of 100
building tree 73 of 100
building tree 74 of 100
building tree 75 of 100
building tree 76 of 100
building tree 77 of 100
building tree 78 of 100
building tree 79 of 100
building tree 80 of 100
building tree 81 of 100
building tree 82 of 100
building tree 83 of 100
building tree 84 of 100
building tree 85 of 100
building tree 86 of 100
building tree 87 of 100
building tree 88 of 100
building tree 89 of 100
building tree 90 of 100
building tree 91 of 100
building tree 92 of 100
building tree 93 of 100
building tree 94 of 100
building tree 95 of 100
building tree 96 of 100
building tree 97 of 100
building tree 98 of 100
building tree 99 of 100
building tree 100 of 100
[Parallel(n_jobs=2)]: Done 100 out of 100 | elapsed:    0.9s finished
[Parallel(n_jobs=2)]: Using backend ThreadingBackend with 2 concurrent workers.
[Parallel(n_jobs=2)]: Done  37 tasks      | elapsed:    0.0s
[Parallel(n_jobs=2)]: Done 100 out of 100 | elapsed:    0.0s finished
[CV] END max_depth=None, min_samples_split=2, n_estimators=100; total time=   1.0s
[Parallel(n_jobs=2)]: Using backend ThreadingBackend with 2 concurrent workers.
building tree 1 of 100
building tree 2 of 100
building tree 3 of 100
building tree 4 of 100
building tree 5 of 100
building tree 6 of 100
building tree 7 of 100
building tree 8 of 100
building tree 9 of 100
building tree 10 of 100
building tree 11 of 100
building tree 12 of 100
building tree 13 of 100
building tree 14 of 100
building tree 15 of 100
building tree 16 of 100
building tree 17 of 100
building tree 18 of 100
building tree 19 of 100
building tree 20 of 100
building tree 21 of 100
building tree 22 of 100
building tree 23 of 100
building tree 24 of 100
building tree 25 of 100
building tree 26 of 100
building tree 27 of 100
building tree 28 of 100
building tree 29 of 100
building tree 30 of 100
building tree 31 of 100
building tree 32 of 100
building tree 33 of 100
building tree 34 of 100
building tree 35 of 100
building tree 36 of 100
building tree 37 of 100
building tree 38 of 100
building tree 39 of 100
[Parallel(n_jobs=2)]: Done  37 tasks      | elapsed:    0.3s
building tree 40 of 100
building tree 41 of 100
building tree 42 of 100
building tree 43 of 100
building tree 44 of 100
building tree 45 of 100
building tree 46 of 100
building tree 47 of 100
building tree 48 of 100
building tree 49 of 100
building tree 50 of 100
building tree 51 of 100
building tree 52 of 100
building tree 53 of 100
building tree 54 of 100
building tree 55 of 100
building tree 56 of 100
building tree 57 of 100
building tree 58 of 100
building tree 59 of 100
building tree 60 of 100
building tree 61 of 100
building tree 62 of 100
building tree 63 of 100
building tree 64 of 100
building tree 65 of 100
building tree 66 of 100
building tree 67 of 100
building tree 68 of 100
building tree 69 of 100
building tree 70 of 100
building tree 71 of 100
building tree 72 of 100
building tree 73 of 100
building tree 74 of 100
building tree 75 of 100
building tree 76 of 100
building tree 77 of 100
building tree 78 of 100
building tree 79 of 100
building tree 80 of 100
building tree 81 of 100
building tree 82 of 100
building tree 83 of 100
building tree 84 of 100
building tree 85 of 100
building tree 86 of 100
building tree 87 of 100
building tree 88 of 100
building tree 89 of 100
building tree 90 of 100
building tree 91 of 100
building tree 92 of 100
building tree 93 of 100
building tree 94 of 100
building tree 95 of 100
building tree 96 of 100
building tree 97 of 100
building tree 98 of 100
building tree 99 of 100
building tree 100 of 100
[Parallel(n_jobs=2)]: Done 100 out of 100 | elapsed:    0.9s finished
[Parallel(n_jobs=2)]: Using backend ThreadingBackend with 2 concurrent workers.
[Parallel(n_jobs=2)]: Done  37 tasks      | elapsed:    0.0s
[Parallel(n_jobs=2)]: Done 100 out of 100 | elapsed:    0.0s finished
[CV] END max_depth=None, min_samples_split=2, n_estimators=100; total time=   0.9s
[Parallel(n_jobs=2)]: Using backend ThreadingBackend with 2 concurrent workers.
building tree 1 of 100building tree 2 of 100

building tree 3 of 100
building tree 4 of 100
building tree 5 of 100
building tree 6 of 100
building tree 7 of 100
building tree 8 of 100
building tree 9 of 100
building tree 10 of 100
building tree 11 of 100
building tree 12 of 100
building tree 13 of 100
building tree 14 of 100
building tree 15 of 100
building tree 16 of 100
building tree 17 of 100
building tree 18 of 100
building tree 19 of 100
building tree 20 of 100
building tree 21 of 100
building tree 22 of 100
building tree 23 of 100
building tree 24 of 100
building tree 25 of 100
building tree 26 of 100
building tree 27 of 100
building tree 28 of 100
building tree 29 of 100
building tree 30 of 100
building tree 31 of 100
building tree 32 of 100
building tree 33 of 100
building tree 34 of 100
building tree 35 of 100
building tree 36 of 100
building tree 37 of 100
building tree 38 of 100
building tree 39 of 100[Parallel(n_jobs=2)]: Done  37 tasks      | elapsed:    0.4s

building tree 40 of 100
building tree 41 of 100
building tree 42 of 100
building tree 43 of 100
building tree 44 of 100
building tree 45 of 100
building tree 46 of 100
building tree 47 of 100
building tree 48 of 100
building tree 49 of 100
building tree 50 of 100
building tree 51 of 100
building tree 52 of 100
building tree 53 of 100
building tree 54 of 100
building tree 55 of 100
building tree 56 of 100
building tree 57 of 100
building tree 58 of 100
building tree 59 of 100
building tree 60 of 100
building tree 61 of 100
building tree 62 of 100
building tree 63 of 100
building tree 64 of 100
building tree 65 of 100
building tree 66 of 100
building tree 67 of 100
building tree 68 of 100
building tree 69 of 100
building tree 70 of 100
building tree 71 of 100
building tree 72 of 100
building tree 73 of 100
building tree 74 of 100
building tree 75 of 100
building tree 76 of 100
building tree 77 of 100
building tree 78 of 100
building tree 79 of 100
building tree 80 of 100
building tree 81 of 100
building tree 82 of 100
building tree 83 of 100
building tree 84 of 100
building tree 85 of 100
building tree 86 of 100
building tree 87 of 100
building tree 88 of 100
building tree 89 of 100
building tree 90 of 100
building tree 91 of 100
building tree 92 of 100
building tree 93 of 100
building tree 94 of 100
building tree 95 of 100
building tree 96 of 100
building tree 97 of 100
building tree 98 of 100
building tree 99 of 100
building tree 100 of 100
[Parallel(n_jobs=2)]: Done 100 out of 100 | elapsed:    1.0s finished
[Parallel(n_jobs=2)]: Using backend ThreadingBackend with 2 concurrent workers.
[Parallel(n_jobs=2)]: Done  37 tasks      | elapsed:    0.0s
[Parallel(n_jobs=2)]: Done 100 out of 100 | elapsed:    0.0s finished
[CV] END max_depth=None, min_samples_split=2, n_estimators=100; total time=   1.0s
[Parallel(n_jobs=2)]: Using backend ThreadingBackend with 2 concurrent workers.
building tree 1 of 150building tree 2 of 150

building tree 3 of 150
building tree 4 of 150
building tree 5 of 150
building tree 6 of 150
building tree 7 of 150
building tree 8 of 150
building tree 9 of 150
building tree 10 of 150
building tree 11 of 150
building tree 12 of 150
building tree 13 of 150
building tree 14 of 150
building tree 15 of 150
building tree 16 of 150
building tree 17 of 150
building tree 18 of 150
building tree 19 of 150
building tree 20 of 150
building tree 21 of 150
building tree 22 of 150
building tree 23 of 150
building tree 24 of 150
building tree 25 of 150
building tree 26 of 150
building tree 27 of 150
building tree 28 of 150
building tree 29 of 150
building tree 30 of 150
building tree 31 of 150
building tree 32 of 150
building tree 33 of 150
building tree 34 of 150
building tree 35 of 150
building tree 36 of 150
building tree 37 of 150
building tree 38 of 150
building tree 39 of 150[Parallel(n_jobs=2)]: Done  37 tasks      | elapsed:    0.3s

building tree 40 of 150
building tree 41 of 150
building tree 42 of 150
building tree 43 of 150
building tree 44 of 150
building tree 45 of 150
building tree 46 of 150
building tree 47 of 150
building tree 48 of 150
building tree 49 of 150
building tree 50 of 150
building tree 51 of 150
building tree 52 of 150
building tree 53 of 150
building tree 54 of 150
building tree 55 of 150
building tree 56 of 150
building tree 57 of 150
building tree 58 of 150
building tree 59 of 150
building tree 60 of 150
building tree 61 of 150
building tree 62 of 150
building tree 63 of 150
building tree 64 of 150
building tree 65 of 150
building tree 66 of 150
building tree 67 of 150
building tree 68 of 150
building tree 69 of 150
building tree 70 of 150
building tree 71 of 150
building tree 72 of 150
building tree 73 of 150
building tree 74 of 150
building tree 75 of 150
building tree 76 of 150
building tree 77 of 150
building tree 78 of 150
building tree 79 of 150
building tree 80 of 150
building tree 81 of 150
building tree 82 of 150
building tree 83 of 150
building tree 84 of 150
building tree 85 of 150
building tree 86 of 150
building tree 87 of 150
building tree 88 of 150
building tree 89 of 150
building tree 90 of 150
building tree 91 of 150
building tree 92 of 150
building tree 93 of 150
building tree 94 of 150
building tree 95 of 150
building tree 96 of 150
building tree 97 of 150
building tree 98 of 150
building tree 99 of 150
building tree 100 of 150
building tree 101 of 150
building tree 102 of 150
building tree 103 of 150
building tree 104 of 150
building tree 105 of 150
building tree 106 of 150
building tree 107 of 150
building tree 108 of 150
building tree 109 of 150
building tree 110 of 150
building tree 111 of 150
building tree 112 of 150
building tree 113 of 150
building tree 114 of 150
building tree 115 of 150
building tree 116 of 150
building tree 117 of 150
building tree 118 of 150
building tree 119 of 150
building tree 120 of 150
building tree 121 of 150
building tree 122 of 150
building tree 123 of 150
building tree 124 of 150
building tree 125 of 150
building tree 126 of 150
building tree 127 of 150
building tree 128 of 150
building tree 129 of 150
building tree 130 of 150
building tree 131 of 150
building tree 132 of 150
building tree 133 of 150
building tree 134 of 150
building tree 135 of 150
building tree 136 of 150
building tree 137 of 150
building tree 138 of 150
building tree 139 of 150
building tree 140 of 150
building tree 141 of 150
building tree 142 of 150
building tree 143 of 150
building tree 144 of 150
building tree 145 of 150
building tree 146 of 150
building tree 147 of 150
building tree 148 of 150
building tree 149 of 150
building tree 150 of 150
[Parallel(n_jobs=2)]: Done 150 out of 150 | elapsed:    1.3s finished
[Parallel(n_jobs=2)]: Using backend ThreadingBackend with 2 concurrent workers.
[Parallel(n_jobs=2)]: Done  37 tasks      | elapsed:    0.0s
[Parallel(n_jobs=2)]: Done 150 out of 150 | elapsed:    0.1s finished
[CV] END max_depth=None, min_samples_split=2, n_estimators=150; total time=   1.4s
[Parallel(n_jobs=2)]: Using backend ThreadingBackend with 2 concurrent workers.
building tree 1 of 150
building tree 2 of 150
building tree 3 of 150
building tree 4 of 150
building tree 5 of 150
building tree 6 of 150
building tree 7 of 150
building tree 8 of 150
building tree 9 of 150
building tree 10 of 150
building tree 11 of 150
building tree 12 of 150
building tree 13 of 150
building tree 14 of 150
building tree 15 of 150
building tree 16 of 150
building tree 17 of 150
building tree 18 of 150
building tree 19 of 150
building tree 20 of 150
building tree 21 of 150
building tree 22 of 150
building tree 23 of 150
building tree 24 of 150
building tree 25 of 150
building tree 26 of 150
building tree 27 of 150
building tree 28 of 150
building tree 29 of 150
building tree 30 of 150
building tree 31 of 150
building tree 32 of 150
building tree 33 of 150
building tree 34 of 150
building tree 35 of 150
building tree 36 of 150
building tree 37 of 150
building tree 38 of 150
building tree 39 of 150
[Parallel(n_jobs=2)]: Done  37 tasks      | elapsed:    0.3s
building tree 40 of 150
building tree 41 of 150
building tree 42 of 150
building tree 43 of 150
building tree 44 of 150
building tree 45 of 150
building tree 46 of 150
building tree 47 of 150
building tree 48 of 150
building tree 49 of 150
building tree 50 of 150
building tree 51 of 150
building tree 52 of 150
building tree 53 of 150
building tree 54 of 150
building tree 55 of 150
building tree 56 of 150
building tree 57 of 150
building tree 58 of 150
building tree 59 of 150
building tree 60 of 150
building tree 61 of 150
building tree 62 of 150
building tree 63 of 150
building tree 64 of 150
building tree 65 of 150
building tree 66 of 150
building tree 67 of 150
building tree 68 of 150
building tree 69 of 150
building tree 70 of 150
building tree 71 of 150
building tree 72 of 150
building tree 73 of 150
building tree 74 of 150
building tree 75 of 150
building tree 76 of 150
building tree 77 of 150
building tree 78 of 150
building tree 79 of 150
building tree 80 of 150
building tree 81 of 150
building tree 82 of 150
building tree 83 of 150
building tree 84 of 150
building tree 85 of 150
building tree 86 of 150
building tree 87 of 150
building tree 88 of 150
building tree 89 of 150
building tree 90 of 150
building tree 91 of 150
building tree 92 of 150
building tree 93 of 150
building tree 94 of 150
building tree 95 of 150
building tree 96 of 150
building tree 97 of 150
building tree 98 of 150
building tree 99 of 150
building tree 100 of 150
building tree 101 of 150
building tree 102 of 150
building tree 103 of 150
building tree 104 of 150
building tree 105 of 150
building tree 106 of 150
building tree 107 of 150
building tree 108 of 150
building tree 109 of 150
building tree 110 of 150
building tree 111 of 150
building tree 112 of 150
building tree 113 of 150
building tree 114 of 150
building tree 115 of 150
building tree 116 of 150
building tree 117 of 150
building tree 118 of 150
building tree 119 of 150
building tree 120 of 150
building tree 121 of 150
building tree 122 of 150
building tree 123 of 150
building tree 124 of 150
building tree 125 of 150
building tree 126 of 150
building tree 127 of 150
building tree 128 of 150
building tree 129 of 150
building tree 130 of 150
building tree 131 of 150
building tree 132 of 150
building tree 133 of 150
building tree 134 of 150
building tree 135 of 150
building tree 136 of 150
building tree 137 of 150
building tree 138 of 150
building tree 139 of 150
building tree 140 of 150
building tree 141 of 150
building tree 142 of 150
building tree 143 of 150
building tree 144 of 150
building tree 145 of 150
building tree 146 of 150
building tree 147 of 150
building tree 148 of 150
building tree 149 of 150
building tree 150 of 150
[Parallel(n_jobs=2)]: Done 150 out of 150 | elapsed:    1.4s finished
[Parallel(n_jobs=2)]: Using backend ThreadingBackend with 2 concurrent workers.
[Parallel(n_jobs=2)]: Done  37 tasks      | elapsed:    0.0s
[Parallel(n_jobs=2)]: Done 150 out of 150 | elapsed:    0.0s finished
[CV] END max_depth=None, min_samples_split=2, n_estimators=150; total time=   1.4s
[Parallel(n_jobs=2)]: Using backend ThreadingBackend with 2 concurrent workers.
building tree 1 of 150building tree 2 of 150

building tree 3 of 150
building tree 4 of 150
building tree 5 of 150
building tree 6 of 150
building tree 7 of 150
building tree 8 of 150
building tree 9 of 150
building tree 10 of 150
building tree 11 of 150
building tree 12 of 150
building tree 13 of 150
building tree 14 of 150
building tree 15 of 150
building tree 16 of 150
building tree 17 of 150
building tree 18 of 150
building tree 19 of 150
building tree 20 of 150
building tree 21 of 150
building tree 22 of 150
building tree 23 of 150
building tree 24 of 150
building tree 25 of 150
building tree 26 of 150
building tree 27 of 150
building tree 28 of 150
building tree 29 of 150
building tree 30 of 150
building tree 31 of 150
building tree 32 of 150
building tree 33 of 150
building tree 34 of 150
building tree 35 of 150
building tree 36 of 150
building tree 37 of 150
building tree 38 of 150
building tree 39 of 150[Parallel(n_jobs=2)]: Done  37 tasks      | elapsed:    0.4s

building tree 40 of 150
building tree 41 of 150
building tree 42 of 150
building tree 43 of 150
building tree 44 of 150
building tree 45 of 150
building tree 46 of 150
building tree 47 of 150
building tree 48 of 150
building tree 49 of 150
building tree 50 of 150
building tree 51 of 150
building tree 52 of 150
building tree 53 of 150
building tree 54 of 150
building tree 55 of 150
building tree 56 of 150
building tree 57 of 150
building tree 58 of 150
building tree 59 of 150
building tree 60 of 150
building tree 61 of 150
building tree 62 of 150
building tree 63 of 150
building tree 64 of 150
building tree 65 of 150
building tree 66 of 150
building tree 67 of 150
building tree 68 of 150building tree 69 of 150

building tree 70 of 150
building tree 71 of 150
building tree 72 of 150
building tree 73 of 150
building tree 74 of 150
building tree 75 of 150
building tree 76 of 150
building tree 77 of 150
building tree 78 of 150
building tree 79 of 150
building tree 80 of 150
building tree 81 of 150
building tree 82 of 150
building tree 83 of 150
building tree 84 of 150
building tree 85 of 150
building tree 86 of 150
building tree 87 of 150
building tree 88 of 150
building tree 89 of 150
building tree 90 of 150
building tree 91 of 150
building tree 92 of 150
building tree 93 of 150
building tree 94 of 150
building tree 95 of 150
building tree 96 of 150
building tree 97 of 150
building tree 98 of 150
building tree 99 of 150
building tree 100 of 150
building tree 101 of 150
building tree 102 of 150
building tree 103 of 150
building tree 104 of 150
building tree 105 of 150
building tree 106 of 150
building tree 107 of 150
building tree 108 of 150
building tree 109 of 150
building tree 110 of 150
building tree 111 of 150
building tree 112 of 150
building tree 113 of 150
building tree 114 of 150
building tree 115 of 150
building tree 116 of 150
building tree 117 of 150
building tree 118 of 150
building tree 119 of 150
building tree 120 of 150
building tree 121 of 150
building tree 122 of 150
building tree 123 of 150
building tree 124 of 150
building tree 125 of 150
building tree 126 of 150
building tree 127 of 150
building tree 128 of 150
building tree 129 of 150
building tree 130 of 150
building tree 131 of 150
building tree 132 of 150
building tree 133 of 150
building tree 134 of 150
building tree 135 of 150
building tree 136 of 150
building tree 137 of 150
building tree 138 of 150
building tree 139 of 150
building tree 140 of 150
building tree 141 of 150
building tree 142 of 150
building tree 143 of 150
building tree 144 of 150
building tree 145 of 150
building tree 146 of 150
building tree 147 of 150
building tree 148 of 150
building tree 149 of 150
building tree 150 of 150
[Parallel(n_jobs=2)]: Done 150 out of 150 | elapsed:    1.4s finished
[Parallel(n_jobs=2)]: Using backend ThreadingBackend with 2 concurrent workers.
[Parallel(n_jobs=2)]: Done  37 tasks      | elapsed:    0.0s
[Parallel(n_jobs=2)]: Done 150 out of 150 | elapsed:    0.0s finished
[CV] END max_depth=None, min_samples_split=2, n_estimators=150; total time=   1.5s
[Parallel(n_jobs=2)]: Using backend ThreadingBackend with 2 concurrent workers.
building tree 1 of 150
building tree 2 of 150
building tree 3 of 150
building tree 4 of 150
building tree 5 of 150
building tree 6 of 150
building tree 7 of 150
building tree 8 of 150
building tree 9 of 150
building tree 10 of 150
building tree 11 of 150
building tree 12 of 150
building tree 13 of 150
building tree 14 of 150
building tree 15 of 150
building tree 16 of 150
building tree 17 of 150
building tree 18 of 150
building tree 19 of 150
building tree 20 of 150
building tree 21 of 150
building tree 22 of 150
building tree 23 of 150
building tree 24 of 150
building tree 25 of 150
building tree 26 of 150
building tree 27 of 150
building tree 28 of 150
building tree 29 of 150
building tree 30 of 150
building tree 31 of 150
building tree 32 of 150
building tree 33 of 150
building tree 34 of 150
building tree 35 of 150
building tree 36 of 150
building tree 37 of 150
building tree 38 of 150
building tree 39 of 150[Parallel(n_jobs=2)]: Done  37 tasks      | elapsed:    0.3s

building tree 40 of 150
building tree 41 of 150
building tree 42 of 150
building tree 43 of 150
building tree 44 of 150
building tree 45 of 150
building tree 46 of 150
building tree 47 of 150
building tree 48 of 150
building tree 49 of 150
building tree 50 of 150
building tree 51 of 150
building tree 52 of 150
building tree 53 of 150
building tree 54 of 150
building tree 55 of 150
building tree 56 of 150
building tree 57 of 150
building tree 58 of 150
building tree 59 of 150
building tree 60 of 150
building tree 61 of 150
building tree 62 of 150
building tree 63 of 150
building tree 64 of 150
building tree 65 of 150
building tree 66 of 150
building tree 67 of 150
building tree 68 of 150
building tree 69 of 150
building tree 70 of 150
building tree 71 of 150
building tree 72 of 150
building tree 73 of 150
building tree 74 of 150
building tree 75 of 150
building tree 76 of 150
building tree 77 of 150
building tree 78 of 150
building tree 79 of 150
building tree 80 of 150
building tree 81 of 150
building tree 82 of 150
building tree 83 of 150
building tree 84 of 150
building tree 85 of 150
building tree 86 of 150
building tree 87 of 150
building tree 88 of 150
building tree 89 of 150
building tree 90 of 150
building tree 91 of 150
building tree 92 of 150
building tree 93 of 150
building tree 94 of 150
building tree 95 of 150
building tree 96 of 150
building tree 97 of 150
building tree 98 of 150
building tree 99 of 150
building tree 100 of 150
building tree 101 of 150
building tree 102 of 150
building tree 103 of 150
building tree 104 of 150
building tree 105 of 150
building tree 106 of 150
building tree 107 of 150
building tree 108 of 150
building tree 109 of 150
building tree 110 of 150
building tree 111 of 150
building tree 112 of 150building tree 113 of 150

building tree 114 of 150
building tree 115 of 150
building tree 116 of 150
building tree 117 of 150
building tree 118 of 150
building tree 119 of 150
building tree 120 of 150
building tree 121 of 150
building tree 122 of 150
building tree 123 of 150
building tree 124 of 150
building tree 125 of 150
building tree 126 of 150
building tree 127 of 150
building tree 128 of 150
building tree 129 of 150
building tree 130 of 150
building tree 131 of 150
building tree 132 of 150
building tree 133 of 150
building tree 134 of 150
building tree 135 of 150
building tree 136 of 150
building tree 137 of 150
building tree 138 of 150
building tree 139 of 150
building tree 140 of 150
building tree 141 of 150
building tree 142 of 150
building tree 143 of 150
building tree 144 of 150
building tree 145 of 150
building tree 146 of 150
building tree 147 of 150
building tree 148 of 150
building tree 149 of 150
building tree 150 of 150
[Parallel(n_jobs=2)]: Done 150 out of 150 | elapsed:    1.3s finished
[Parallel(n_jobs=2)]: Using backend ThreadingBackend with 2 concurrent workers.
[Parallel(n_jobs=2)]: Done  37 tasks      | elapsed:    0.0s
[Parallel(n_jobs=2)]: Done 150 out of 150 | elapsed:    0.0s finished
[CV] END max_depth=None, min_samples_split=2, n_estimators=150; total time=   1.4s
[Parallel(n_jobs=2)]: Using backend ThreadingBackend with 2 concurrent workers.
building tree 1 of 150
building tree 2 of 150
building tree 3 of 150
building tree 4 of 150
building tree 5 of 150
building tree 6 of 150
building tree 7 of 150
building tree 8 of 150
building tree 9 of 150
building tree 10 of 150
building tree 11 of 150
building tree 12 of 150
building tree 13 of 150
building tree 14 of 150
building tree 15 of 150
building tree 16 of 150
building tree 17 of 150
building tree 18 of 150
building tree 19 of 150
building tree 20 of 150
building tree 21 of 150
building tree 22 of 150
building tree 23 of 150
building tree 24 of 150
building tree 25 of 150
building tree 26 of 150
building tree 27 of 150
building tree 28 of 150
building tree 29 of 150
building tree 30 of 150
building tree 31 of 150
building tree 32 of 150
building tree 33 of 150
building tree 34 of 150
building tree 35 of 150
building tree 36 of 150
building tree 37 of 150
building tree 38 of 150
building tree 39 of 150[Parallel(n_jobs=2)]: Done  37 tasks      | elapsed:    0.4s

building tree 40 of 150
building tree 41 of 150
building tree 42 of 150
building tree 43 of 150
building tree 44 of 150
building tree 45 of 150
building tree 46 of 150
building tree 47 of 150
building tree 48 of 150
building tree 49 of 150
building tree 50 of 150
building tree 51 of 150
building tree 52 of 150
building tree 53 of 150
building tree 54 of 150
building tree 55 of 150
building tree 56 of 150
building tree 57 of 150
building tree 58 of 150
building tree 59 of 150
building tree 60 of 150
building tree 61 of 150
building tree 62 of 150
building tree 63 of 150
building tree 64 of 150
building tree 65 of 150
building tree 66 of 150
building tree 67 of 150
building tree 68 of 150
building tree 69 of 150
building tree 70 of 150
building tree 71 of 150
building tree 72 of 150
building tree 73 of 150
building tree 74 of 150
building tree 75 of 150
building tree 76 of 150
building tree 77 of 150
building tree 78 of 150
building tree 79 of 150
building tree 80 of 150
building tree 81 of 150
building tree 82 of 150
building tree 83 of 150
building tree 84 of 150
building tree 85 of 150
building tree 86 of 150
building tree 87 of 150
building tree 88 of 150
building tree 89 of 150
building tree 90 of 150
building tree 91 of 150
building tree 92 of 150
building tree 93 of 150
building tree 94 of 150
building tree 95 of 150
building tree 96 of 150
building tree 97 of 150
building tree 98 of 150
building tree 99 of 150
building tree 100 of 150
building tree 101 of 150
building tree 102 of 150
building tree 103 of 150
building tree 104 of 150
building tree 105 of 150
building tree 106 of 150
building tree 107 of 150
building tree 108 of 150
building tree 109 of 150
building tree 110 of 150
building tree 111 of 150
building tree 112 of 150
building tree 113 of 150
building tree 114 of 150
building tree 115 of 150
building tree 116 of 150
building tree 117 of 150
building tree 118 of 150
building tree 119 of 150
building tree 120 of 150
building tree 121 of 150
building tree 122 of 150
building tree 123 of 150
building tree 124 of 150
building tree 125 of 150
building tree 126 of 150
building tree 127 of 150
building tree 128 of 150
building tree 129 of 150
building tree 130 of 150
building tree 131 of 150
building tree 132 of 150
building tree 133 of 150
building tree 134 of 150
building tree 135 of 150
building tree 136 of 150
building tree 137 of 150
building tree 138 of 150
building tree 139 of 150
building tree 140 of 150
building tree 141 of 150
building tree 142 of 150
building tree 143 of 150
building tree 144 of 150
building tree 145 of 150
building tree 146 of 150
building tree 147 of 150
building tree 148 of 150
building tree 149 of 150
building tree 150 of 150
[Parallel(n_jobs=2)]: Done 150 out of 150 | elapsed:    1.4s finished
[Parallel(n_jobs=2)]: Using backend ThreadingBackend with 2 concurrent workers.
[Parallel(n_jobs=2)]: Done  37 tasks      | elapsed:    0.0s
[Parallel(n_jobs=2)]: Done 150 out of 150 | elapsed:    0.0s finished
[CV] END max_depth=None, min_samples_split=2, n_estimators=150; total time=   1.5s
[Parallel(n_jobs=2)]: Using backend ThreadingBackend with 2 concurrent workers.
building tree 1 of 50
building tree 2 of 50
building tree 3 of 50
building tree 4 of 50
building tree 5 of 50
building tree 6 of 50
building tree 7 of 50
building tree 8 of 50
building tree 9 of 50
building tree 10 of 50
building tree 11 of 50
building tree 12 of 50
building tree 13 of 50
building tree 14 of 50
building tree 15 of 50
building tree 16 of 50
building tree 17 of 50
building tree 18 of 50
building tree 19 of 50
building tree 20 of 50
building tree 21 of 50
building tree 22 of 50
building tree 23 of 50
building tree 24 of 50
building tree 25 of 50
building tree 26 of 50
building tree 27 of 50
building tree 28 of 50
building tree 29 of 50
building tree 30 of 50
building tree 31 of 50
building tree 32 of 50
building tree 33 of 50
building tree 34 of 50
building tree 35 of 50
building tree 36 of 50
building tree 37 of 50
building tree 38 of 50
building tree 39 of 50[Parallel(n_jobs=2)]: Done  37 tasks      | elapsed:    0.3s

building tree 40 of 50
building tree 41 of 50
building tree 42 of 50
building tree 43 of 50
building tree 44 of 50
building tree 45 of 50
building tree 46 of 50
building tree 47 of 50
building tree 48 of 50
building tree 49 of 50
building tree 50 of 50
[Parallel(n_jobs=2)]: Done  50 out of  50 | elapsed:    0.5s finished
[Parallel(n_jobs=2)]: Using backend ThreadingBackend with 2 concurrent workers.
[Parallel(n_jobs=2)]: Done  37 tasks      | elapsed:    0.0s
[Parallel(n_jobs=2)]: Done  50 out of  50 | elapsed:    0.0s finished
[CV] END max_depth=None, min_samples_split=5, n_estimators=50; total time=   0.5s
[Parallel(n_jobs=2)]: Using backend ThreadingBackend with 2 concurrent workers.
building tree 1 of 50building tree 2 of 50

building tree 3 of 50
building tree 4 of 50
building tree 5 of 50
building tree 6 of 50
building tree 7 of 50
building tree 8 of 50
building tree 9 of 50
building tree 10 of 50
building tree 11 of 50
building tree 12 of 50
building tree 13 of 50
building tree 14 of 50
building tree 15 of 50
building tree 16 of 50
building tree 17 of 50
building tree 18 of 50
building tree 19 of 50
building tree 20 of 50
building tree 21 of 50
building tree 22 of 50
building tree 23 of 50
building tree 24 of 50
building tree 25 of 50
building tree 26 of 50
building tree 27 of 50
building tree 28 of 50
building tree 29 of 50
building tree 30 of 50
building tree 31 of 50
building tree 32 of 50
building tree 33 of 50
building tree 34 of 50
building tree 35 of 50
building tree 36 of 50
building tree 37 of 50
building tree 38 of 50
building tree 39 of 50[Parallel(n_jobs=2)]: Done  37 tasks      | elapsed:    0.3s

building tree 40 of 50
building tree 41 of 50
building tree 42 of 50
building tree 43 of 50
building tree 44 of 50
building tree 45 of 50
building tree 46 of 50
building tree 47 of 50
building tree 48 of 50
building tree 49 of 50
building tree 50 of 50
[Parallel(n_jobs=2)]: Done  50 out of  50 | elapsed:    0.4s finished
[Parallel(n_jobs=2)]: Using backend ThreadingBackend with 2 concurrent workers.
[Parallel(n_jobs=2)]: Done  37 tasks      | elapsed:    0.0s
[Parallel(n_jobs=2)]: Done  50 out of  50 | elapsed:    0.0s finished
[CV] END max_depth=None, min_samples_split=5, n_estimators=50; total time=   0.5s
[Parallel(n_jobs=2)]: Using backend ThreadingBackend with 2 concurrent workers.
building tree 1 of 50
building tree 2 of 50
building tree 3 of 50
building tree 4 of 50
building tree 5 of 50
building tree 6 of 50
building tree 7 of 50
building tree 8 of 50
building tree 9 of 50
building tree 10 of 50
building tree 11 of 50
building tree 12 of 50
building tree 13 of 50
building tree 14 of 50
building tree 15 of 50
building tree 16 of 50
building tree 17 of 50
building tree 18 of 50
building tree 19 of 50
building tree 20 of 50
building tree 21 of 50
building tree 22 of 50
building tree 23 of 50
building tree 24 of 50
building tree 25 of 50
building tree 26 of 50
building tree 27 of 50
building tree 28 of 50
building tree 29 of 50
building tree 30 of 50
building tree 31 of 50
building tree 32 of 50
building tree 33 of 50
building tree 34 of 50
building tree 35 of 50
building tree 36 of 50
building tree 37 of 50
building tree 38 of 50
building tree 39 of 50[Parallel(n_jobs=2)]: Done  37 tasks      | elapsed:    0.3s

building tree 40 of 50
building tree 41 of 50
building tree 42 of 50
building tree 43 of 50
building tree 44 of 50
building tree 45 of 50
building tree 46 of 50
building tree 47 of 50
building tree 48 of 50
building tree 49 of 50
building tree 50 of 50
[Parallel(n_jobs=2)]: Done  50 out of  50 | elapsed:    0.5s finished
[Parallel(n_jobs=2)]: Using backend ThreadingBackend with 2 concurrent workers.
[Parallel(n_jobs=2)]: Done  37 tasks      | elapsed:    0.0s
[Parallel(n_jobs=2)]: Done  50 out of  50 | elapsed:    0.0s finished
[CV] END max_depth=None, min_samples_split=5, n_estimators=50; total time=   0.6s
[Parallel(n_jobs=2)]: Using backend ThreadingBackend with 2 concurrent workers.
building tree 1 of 50
building tree 2 of 50
building tree 3 of 50
building tree 4 of 50
building tree 5 of 50
building tree 6 of 50
building tree 7 of 50
building tree 8 of 50
building tree 9 of 50
building tree 10 of 50
building tree 11 of 50
building tree 12 of 50
building tree 13 of 50
building tree 14 of 50
building tree 15 of 50
building tree 16 of 50
building tree 17 of 50
building tree 18 of 50
building tree 19 of 50
building tree 20 of 50
building tree 21 of 50
building tree 22 of 50
building tree 23 of 50
building tree 24 of 50
building tree 25 of 50
building tree 26 of 50
building tree 27 of 50
building tree 28 of 50
building tree 29 of 50
building tree 30 of 50
building tree 31 of 50
building tree 32 of 50
building tree 33 of 50
building tree 34 of 50
building tree 35 of 50
building tree 36 of 50
building tree 37 of 50
building tree 38 of 50
building tree 39 of 50
[Parallel(n_jobs=2)]: Done  37 tasks      | elapsed:    0.3s
building tree 40 of 50
building tree 41 of 50
building tree 42 of 50
building tree 43 of 50
building tree 44 of 50
building tree 45 of 50
building tree 46 of 50
building tree 47 of 50
building tree 48 of 50
building tree 49 of 50
building tree 50 of 50
[Parallel(n_jobs=2)]: Done  50 out of  50 | elapsed:    0.4s finished
[Parallel(n_jobs=2)]: Using backend ThreadingBackend with 2 concurrent workers.
[Parallel(n_jobs=2)]: Done  37 tasks      | elapsed:    0.0s
[Parallel(n_jobs=2)]: Done  50 out of  50 | elapsed:    0.0s finished
[CV] END max_depth=None, min_samples_split=5, n_estimators=50; total time=   0.5s
[Parallel(n_jobs=2)]: Using backend ThreadingBackend with 2 concurrent workers.
building tree 1 of 50
building tree 2 of 50
building tree 3 of 50
building tree 4 of 50
building tree 5 of 50
building tree 6 of 50
building tree 7 of 50
building tree 8 of 50
building tree 9 of 50
building tree 10 of 50
building tree 11 of 50
building tree 12 of 50
building tree 13 of 50
building tree 14 of 50
building tree 15 of 50
building tree 16 of 50
building tree 17 of 50
building tree 18 of 50
building tree 19 of 50
building tree 20 of 50
building tree 21 of 50
building tree 22 of 50building tree 23 of 50

building tree 24 of 50
building tree 25 of 50
building tree 26 of 50
building tree 27 of 50
building tree 28 of 50
building tree 29 of 50
building tree 30 of 50
building tree 31 of 50
building tree 32 of 50
building tree 33 of 50
building tree 34 of 50
building tree 35 of 50
building tree 36 of 50
building tree 37 of 50
building tree 38 of 50
building tree 39 of 50[Parallel(n_jobs=2)]: Done  37 tasks      | elapsed:    0.4s

building tree 40 of 50
building tree 41 of 50
building tree 42 of 50
building tree 43 of 50
building tree 44 of 50
building tree 45 of 50
building tree 46 of 50
building tree 47 of 50
building tree 48 of 50
building tree 49 of 50
building tree 50 of 50
[Parallel(n_jobs=2)]: Done  50 out of  50 | elapsed:    0.5s finished
[Parallel(n_jobs=2)]: Using backend ThreadingBackend with 2 concurrent workers.
[Parallel(n_jobs=2)]: Done  37 tasks      | elapsed:    0.0s
[Parallel(n_jobs=2)]: Done  50 out of  50 | elapsed:    0.0s finished
[CV] END max_depth=None, min_samples_split=5, n_estimators=50; total time=   0.5s
[Parallel(n_jobs=2)]: Using backend ThreadingBackend with 2 concurrent workers.
building tree 1 of 100
building tree 2 of 100
building tree 3 of 100
building tree 4 of 100
building tree 5 of 100
building tree 6 of 100
building tree 7 of 100
building tree 8 of 100
building tree 9 of 100
building tree 10 of 100
building tree 11 of 100
building tree 12 of 100
building tree 13 of 100
building tree 14 of 100
building tree 15 of 100
building tree 16 of 100
building tree 17 of 100
building tree 18 of 100
building tree 19 of 100
building tree 20 of 100
building tree 21 of 100
building tree 22 of 100
building tree 23 of 100
building tree 24 of 100
building tree 25 of 100
building tree 26 of 100
building tree 27 of 100
building tree 28 of 100
building tree 29 of 100
building tree 30 of 100
building tree 31 of 100
building tree 32 of 100
building tree 33 of 100
building tree 34 of 100
building tree 35 of 100
building tree 36 of 100
building tree 37 of 100
building tree 38 of 100
building tree 39 of 100[Parallel(n_jobs=2)]: Done  37 tasks      | elapsed:    0.3s

building tree 40 of 100
building tree 41 of 100
building tree 42 of 100
building tree 43 of 100
building tree 44 of 100
building tree 45 of 100
building tree 46 of 100
building tree 47 of 100
building tree 48 of 100
building tree 49 of 100
building tree 50 of 100
building tree 51 of 100
building tree 52 of 100
building tree 53 of 100
building tree 54 of 100
building tree 55 of 100
building tree 56 of 100
building tree 57 of 100
building tree 58 of 100
building tree 59 of 100
building tree 60 of 100
building tree 61 of 100
building tree 62 of 100
building tree 63 of 100
building tree 64 of 100
building tree 65 of 100
building tree 66 of 100
building tree 67 of 100
building tree 68 of 100
building tree 69 of 100
building tree 70 of 100
building tree 71 of 100
building tree 72 of 100
building tree 73 of 100
building tree 74 of 100
building tree 75 of 100
building tree 76 of 100
building tree 77 of 100
building tree 78 of 100
building tree 79 of 100
building tree 80 of 100
building tree 81 of 100
building tree 82 of 100
building tree 83 of 100
building tree 84 of 100
building tree 85 of 100
building tree 86 of 100
building tree 87 of 100
building tree 88 of 100
building tree 89 of 100
building tree 90 of 100
building tree 91 of 100
building tree 92 of 100
building tree 93 of 100
building tree 94 of 100
building tree 95 of 100
building tree 96 of 100
building tree 97 of 100
building tree 98 of 100
building tree 99 of 100
building tree 100 of 100
[Parallel(n_jobs=2)]: Done 100 out of 100 | elapsed:    0.9s finished
[Parallel(n_jobs=2)]: Using backend ThreadingBackend with 2 concurrent workers.
[Parallel(n_jobs=2)]: Done  37 tasks      | elapsed:    0.0s
[Parallel(n_jobs=2)]: Done 100 out of 100 | elapsed:    0.0s finished
[CV] END max_depth=None, min_samples_split=5, n_estimators=100; total time=   0.9s
[Parallel(n_jobs=2)]: Using backend ThreadingBackend with 2 concurrent workers.
building tree 1 of 100building tree 2 of 100

building tree 3 of 100
building tree 4 of 100
building tree 5 of 100
building tree 6 of 100
building tree 7 of 100
building tree 8 of 100
building tree 9 of 100
building tree 10 of 100
building tree 11 of 100
building tree 12 of 100
building tree 13 of 100
building tree 14 of 100
building tree 15 of 100
building tree 16 of 100
building tree 17 of 100
building tree 18 of 100
building tree 19 of 100
building tree 20 of 100
building tree 21 of 100
building tree 22 of 100
building tree 23 of 100
building tree 24 of 100
building tree 25 of 100
building tree 26 of 100
building tree 27 of 100
building tree 28 of 100
building tree 29 of 100
building tree 30 of 100
building tree 31 of 100
building tree 32 of 100
building tree 33 of 100
building tree 34 of 100
building tree 35 of 100
building tree 36 of 100
building tree 37 of 100
building tree 38 of 100
building tree 39 of 100[Parallel(n_jobs=2)]: Done  37 tasks      | elapsed:    0.3s

building tree 40 of 100
building tree 41 of 100
building tree 42 of 100
building tree 43 of 100
building tree 44 of 100
building tree 45 of 100
building tree 46 of 100
building tree 47 of 100
building tree 48 of 100
building tree 49 of 100
building tree 50 of 100
building tree 51 of 100
building tree 52 of 100
building tree 53 of 100
building tree 54 of 100
building tree 55 of 100
building tree 56 of 100
building tree 57 of 100
building tree 58 of 100
building tree 59 of 100
building tree 60 of 100
building tree 61 of 100
building tree 62 of 100
building tree 63 of 100
building tree 64 of 100
building tree 65 of 100
building tree 66 of 100
building tree 67 of 100
building tree 68 of 100
building tree 69 of 100
building tree 70 of 100
building tree 71 of 100
building tree 72 of 100
building tree 73 of 100
building tree 74 of 100
building tree 75 of 100
building tree 76 of 100
building tree 77 of 100
building tree 78 of 100
building tree 79 of 100
building tree 80 of 100
building tree 81 of 100
building tree 82 of 100
building tree 83 of 100
building tree 84 of 100
building tree 85 of 100
building tree 86 of 100
building tree 87 of 100
building tree 88 of 100
building tree 89 of 100
building tree 90 of 100
building tree 91 of 100
building tree 92 of 100
building tree 93 of 100
building tree 94 of 100
building tree 95 of 100
building tree 96 of 100
building tree 97 of 100
building tree 98 of 100
building tree 99 of 100
building tree 100 of 100
[Parallel(n_jobs=2)]: Done 100 out of 100 | elapsed:    0.9s finished
[Parallel(n_jobs=2)]: Using backend ThreadingBackend with 2 concurrent workers.
[Parallel(n_jobs=2)]: Done  37 tasks      | elapsed:    0.0s
[Parallel(n_jobs=2)]: Done 100 out of 100 | elapsed:    0.0s finished
[CV] END max_depth=None, min_samples_split=5, n_estimators=100; total time=   0.9s
[Parallel(n_jobs=2)]: Using backend ThreadingBackend with 2 concurrent workers.
building tree 1 of 100
building tree 2 of 100
building tree 3 of 100
building tree 4 of 100
building tree 5 of 100
building tree 6 of 100
building tree 7 of 100
building tree 8 of 100
building tree 9 of 100
building tree 10 of 100
building tree 11 of 100
building tree 12 of 100
building tree 13 of 100
building tree 14 of 100
building tree 15 of 100
building tree 16 of 100
building tree 17 of 100
building tree 18 of 100
building tree 19 of 100
building tree 20 of 100
building tree 21 of 100
building tree 22 of 100
building tree 23 of 100
building tree 24 of 100
building tree 25 of 100
building tree 26 of 100
building tree 27 of 100
building tree 28 of 100
building tree 29 of 100
building tree 30 of 100
building tree 31 of 100
building tree 32 of 100
building tree 33 of 100
building tree 34 of 100
building tree 35 of 100
building tree 36 of 100
building tree 37 of 100
building tree 38 of 100
building tree 39 of 100[Parallel(n_jobs=2)]: Done  37 tasks      | elapsed:    0.3s

building tree 40 of 100
building tree 41 of 100
building tree 42 of 100
building tree 43 of 100
building tree 44 of 100
building tree 45 of 100
building tree 46 of 100
building tree 47 of 100
building tree 48 of 100
building tree 49 of 100
building tree 50 of 100
building tree 51 of 100
building tree 52 of 100
building tree 53 of 100
building tree 54 of 100
building tree 55 of 100
building tree 56 of 100
building tree 57 of 100
building tree 58 of 100
building tree 59 of 100
building tree 60 of 100
building tree 61 of 100
building tree 62 of 100
building tree 63 of 100
building tree 64 of 100
building tree 65 of 100
building tree 66 of 100
building tree 67 of 100
building tree 68 of 100
building tree 69 of 100
building tree 70 of 100
building tree 71 of 100
building tree 72 of 100
building tree 73 of 100
building tree 74 of 100
building tree 75 of 100
building tree 76 of 100
building tree 77 of 100
building tree 78 of 100
building tree 79 of 100
building tree 80 of 100
building tree 81 of 100
building tree 82 of 100
building tree 83 of 100
building tree 84 of 100
building tree 85 of 100
building tree 86 of 100
building tree 87 of 100
building tree 88 of 100
building tree 89 of 100
building tree 90 of 100
building tree 91 of 100
building tree 92 of 100
building tree 93 of 100
building tree 94 of 100
building tree 95 of 100
building tree 96 of 100
building tree 97 of 100
building tree 98 of 100
building tree 99 of 100
building tree 100 of 100
[Parallel(n_jobs=2)]: Done 100 out of 100 | elapsed:    0.9s finished
[Parallel(n_jobs=2)]: Using backend ThreadingBackend with 2 concurrent workers.
[Parallel(n_jobs=2)]: Done  37 tasks      | elapsed:    0.0s
[Parallel(n_jobs=2)]: Done 100 out of 100 | elapsed:    0.0s finished
[CV] END max_depth=None, min_samples_split=5, n_estimators=100; total time=   1.0s
[Parallel(n_jobs=2)]: Using backend ThreadingBackend with 2 concurrent workers.
building tree 1 of 100
building tree 2 of 100
building tree 3 of 100
building tree 4 of 100
building tree 5 of 100
building tree 6 of 100
building tree 7 of 100
building tree 8 of 100
building tree 9 of 100
building tree 10 of 100
building tree 11 of 100
building tree 12 of 100
building tree 13 of 100
building tree 14 of 100
building tree 15 of 100
building tree 16 of 100
building tree 17 of 100
building tree 18 of 100
building tree 19 of 100
building tree 20 of 100
building tree 21 of 100
building tree 22 of 100
building tree 23 of 100
building tree 24 of 100
building tree 25 of 100
building tree 26 of 100
building tree 27 of 100
building tree 28 of 100
building tree 29 of 100
building tree 30 of 100
building tree 31 of 100
building tree 32 of 100
building tree 33 of 100
building tree 34 of 100
building tree 35 of 100
building tree 36 of 100
building tree 37 of 100
building tree 38 of 100
building tree 39 of 100[Parallel(n_jobs=2)]: Done  37 tasks      | elapsed:    0.3s

building tree 40 of 100
building tree 41 of 100
building tree 42 of 100
building tree 43 of 100
building tree 44 of 100
building tree 45 of 100
building tree 46 of 100
building tree 47 of 100
building tree 48 of 100
building tree 49 of 100
building tree 50 of 100
building tree 51 of 100
building tree 52 of 100
building tree 53 of 100
building tree 54 of 100
building tree 55 of 100
building tree 56 of 100
building tree 57 of 100
building tree 58 of 100
building tree 59 of 100
building tree 60 of 100
building tree 61 of 100
building tree 62 of 100
building tree 63 of 100
building tree 64 of 100
building tree 65 of 100
building tree 66 of 100
building tree 67 of 100
building tree 68 of 100
building tree 69 of 100
building tree 70 of 100
building tree 71 of 100
building tree 72 of 100
building tree 73 of 100
building tree 74 of 100
building tree 75 of 100
building tree 76 of 100
building tree 77 of 100
building tree 78 of 100
building tree 79 of 100
building tree 80 of 100
building tree 81 of 100
building tree 82 of 100
building tree 83 of 100
building tree 84 of 100
building tree 85 of 100
building tree 86 of 100
building tree 87 of 100
building tree 88 of 100
building tree 89 of 100
building tree 90 of 100
building tree 91 of 100
building tree 92 of 100
building tree 93 of 100
building tree 94 of 100
building tree 95 of 100
building tree 96 of 100
building tree 97 of 100
building tree 98 of 100
building tree 99 of 100
building tree 100 of 100
[Parallel(n_jobs=2)]: Done 100 out of 100 | elapsed:    0.9s finished
[Parallel(n_jobs=2)]: Using backend ThreadingBackend with 2 concurrent workers.
[Parallel(n_jobs=2)]: Done  37 tasks      | elapsed:    0.0s
[Parallel(n_jobs=2)]: Done 100 out of 100 | elapsed:    0.0s finished
[CV] END max_depth=None, min_samples_split=5, n_estimators=100; total time=   0.9s
[Parallel(n_jobs=2)]: Using backend ThreadingBackend with 2 concurrent workers.
building tree 1 of 100
building tree 2 of 100
building tree 3 of 100
building tree 4 of 100
building tree 5 of 100
building tree 6 of 100
building tree 7 of 100
building tree 8 of 100
building tree 9 of 100
building tree 10 of 100
building tree 11 of 100
building tree 12 of 100
building tree 13 of 100
building tree 14 of 100
building tree 15 of 100
building tree 16 of 100
building tree 17 of 100
building tree 18 of 100
building tree 19 of 100
building tree 20 of 100
building tree 21 of 100
building tree 22 of 100
building tree 23 of 100
building tree 24 of 100
building tree 25 of 100
building tree 26 of 100
building tree 27 of 100
building tree 28 of 100
building tree 29 of 100
building tree 30 of 100
building tree 31 of 100
building tree 32 of 100
building tree 33 of 100
building tree 34 of 100
building tree 35 of 100
building tree 36 of 100
building tree 37 of 100
building tree 38 of 100
building tree 39 of 100[Parallel(n_jobs=2)]: Done  37 tasks      | elapsed:    0.4s

building tree 40 of 100
building tree 41 of 100
building tree 42 of 100
building tree 43 of 100
building tree 44 of 100
building tree 45 of 100
building tree 46 of 100
building tree 47 of 100
building tree 48 of 100
building tree 49 of 100
building tree 50 of 100
building tree 51 of 100
building tree 52 of 100
building tree 53 of 100
building tree 54 of 100
building tree 55 of 100
building tree 56 of 100
building tree 57 of 100
building tree 58 of 100
building tree 59 of 100
building tree 60 of 100
building tree 61 of 100
building tree 62 of 100
building tree 63 of 100
building tree 64 of 100
building tree 65 of 100
building tree 66 of 100
building tree 67 of 100
building tree 68 of 100
building tree 69 of 100
building tree 70 of 100
building tree 71 of 100
building tree 72 of 100
building tree 73 of 100
building tree 74 of 100
building tree 75 of 100
building tree 76 of 100
building tree 77 of 100
building tree 78 of 100
building tree 79 of 100
building tree 80 of 100
building tree 81 of 100
building tree 82 of 100
building tree 83 of 100
building tree 84 of 100
building tree 85 of 100
building tree 86 of 100
building tree 87 of 100
building tree 88 of 100
building tree 89 of 100
building tree 90 of 100
building tree 91 of 100
building tree 92 of 100
building tree 93 of 100
building tree 94 of 100
building tree 95 of 100
building tree 96 of 100
building tree 97 of 100
building tree 98 of 100
building tree 99 of 100
building tree 100 of 100
[Parallel(n_jobs=2)]: Done 100 out of 100 | elapsed:    1.0s finished
[Parallel(n_jobs=2)]: Using backend ThreadingBackend with 2 concurrent workers.
[Parallel(n_jobs=2)]: Done  37 tasks      | elapsed:    0.0s
[Parallel(n_jobs=2)]: Done 100 out of 100 | elapsed:    0.0s finished
[CV] END max_depth=None, min_samples_split=5, n_estimators=100; total time=   1.0s
[Parallel(n_jobs=2)]: Using backend ThreadingBackend with 2 concurrent workers.
building tree 1 of 150building tree 2 of 150

building tree 3 of 150
building tree 4 of 150
building tree 5 of 150
building tree 6 of 150
building tree 7 of 150
building tree 8 of 150
building tree 9 of 150
building tree 10 of 150
building tree 11 of 150
building tree 12 of 150
building tree 13 of 150
building tree 14 of 150
building tree 15 of 150
building tree 16 of 150
building tree 17 of 150
building tree 18 of 150
building tree 19 of 150
building tree 20 of 150
building tree 21 of 150
building tree 22 of 150
building tree 23 of 150
building tree 24 of 150
building tree 25 of 150
building tree 26 of 150
building tree 27 of 150
building tree 28 of 150
building tree 29 of 150
building tree 30 of 150
building tree 31 of 150
building tree 32 of 150
building tree 33 of 150
building tree 34 of 150
building tree 35 of 150
building tree 36 of 150
building tree 37 of 150
building tree 38 of 150
building tree 39 of 150[Parallel(n_jobs=2)]: Done  37 tasks      | elapsed:    0.3s

building tree 40 of 150
building tree 41 of 150
building tree 42 of 150
building tree 43 of 150
building tree 44 of 150
building tree 45 of 150
building tree 46 of 150
building tree 47 of 150
building tree 48 of 150
building tree 49 of 150
building tree 50 of 150
building tree 51 of 150
building tree 52 of 150
building tree 53 of 150
building tree 54 of 150
building tree 55 of 150
building tree 56 of 150
building tree 57 of 150
building tree 58 of 150
building tree 59 of 150
building tree 60 of 150
building tree 61 of 150
building tree 62 of 150
building tree 63 of 150
building tree 64 of 150
building tree 65 of 150
building tree 66 of 150
building tree 67 of 150
building tree 68 of 150
building tree 69 of 150
building tree 70 of 150
building tree 71 of 150
building tree 72 of 150
building tree 73 of 150
building tree 74 of 150
building tree 75 of 150
building tree 76 of 150
building tree 77 of 150
building tree 78 of 150
building tree 79 of 150
building tree 80 of 150
building tree 81 of 150
building tree 82 of 150
building tree 83 of 150
building tree 84 of 150
building tree 85 of 150
building tree 86 of 150
building tree 87 of 150
building tree 88 of 150
building tree 89 of 150
building tree 90 of 150
building tree 91 of 150
building tree 92 of 150
building tree 93 of 150
building tree 94 of 150
building tree 95 of 150
building tree 96 of 150
building tree 97 of 150
building tree 98 of 150
building tree 99 of 150
building tree 100 of 150
building tree 101 of 150
building tree 102 of 150
building tree 103 of 150
building tree 104 of 150
building tree 105 of 150
building tree 106 of 150
building tree 107 of 150
building tree 108 of 150
building tree 109 of 150
building tree 110 of 150
building tree 111 of 150
building tree 112 of 150
building tree 113 of 150
building tree 114 of 150
building tree 115 of 150
building tree 116 of 150
building tree 117 of 150
building tree 118 of 150
building tree 119 of 150
building tree 120 of 150
building tree 121 of 150
building tree 122 of 150
building tree 123 of 150
building tree 124 of 150
building tree 125 of 150
building tree 126 of 150
building tree 127 of 150
building tree 128 of 150
building tree 129 of 150
building tree 130 of 150
building tree 131 of 150
building tree 132 of 150
building tree 133 of 150building tree 134 of 150

building tree 135 of 150
building tree 136 of 150
building tree 137 of 150
building tree 138 of 150
building tree 139 of 150
building tree 140 of 150
building tree 141 of 150
building tree 142 of 150
building tree 143 of 150
building tree 144 of 150
building tree 145 of 150
building tree 146 of 150
building tree 147 of 150
building tree 148 of 150
building tree 149 of 150
building tree 150 of 150
[Parallel(n_jobs=2)]: Done 150 out of 150 | elapsed:    1.3s finished
[Parallel(n_jobs=2)]: Using backend ThreadingBackend with 2 concurrent workers.
[Parallel(n_jobs=2)]: Done  37 tasks      | elapsed:    0.0s
[Parallel(n_jobs=2)]: Done 150 out of 150 | elapsed:    0.0s finished
[CV] END max_depth=None, min_samples_split=5, n_estimators=150; total time=   1.4s
[Parallel(n_jobs=2)]: Using backend ThreadingBackend with 2 concurrent workers.
building tree 1 of 150building tree 2 of 150

building tree 3 of 150
building tree 4 of 150
building tree 5 of 150
building tree 6 of 150
building tree 7 of 150
building tree 8 of 150
building tree 9 of 150
building tree 10 of 150
building tree 11 of 150
building tree 12 of 150
building tree 13 of 150
building tree 14 of 150
building tree 15 of 150
building tree 16 of 150
building tree 17 of 150
building tree 18 of 150
building tree 19 of 150
building tree 20 of 150
building tree 21 of 150
building tree 22 of 150
building tree 23 of 150
building tree 24 of 150
building tree 25 of 150
building tree 26 of 150
building tree 27 of 150
building tree 28 of 150
building tree 29 of 150
building tree 30 of 150
building tree 31 of 150
building tree 32 of 150
building tree 33 of 150
building tree 34 of 150
building tree 35 of 150
building tree 36 of 150
building tree 37 of 150
building tree 38 of 150
building tree 39 of 150[Parallel(n_jobs=2)]: Done  37 tasks      | elapsed:    0.3s

building tree 40 of 150
building tree 41 of 150
building tree 42 of 150
building tree 43 of 150
building tree 44 of 150
building tree 45 of 150
building tree 46 of 150
building tree 47 of 150
building tree 48 of 150
building tree 49 of 150
building tree 50 of 150
building tree 51 of 150
building tree 52 of 150
building tree 53 of 150
building tree 54 of 150
building tree 55 of 150
building tree 56 of 150
building tree 57 of 150
building tree 58 of 150
building tree 59 of 150
building tree 60 of 150
building tree 61 of 150
building tree 62 of 150
building tree 63 of 150
building tree 64 of 150
building tree 65 of 150
building tree 66 of 150
building tree 67 of 150
building tree 68 of 150
building tree 69 of 150
building tree 70 of 150
building tree 71 of 150
building tree 72 of 150
building tree 73 of 150
building tree 74 of 150
building tree 75 of 150
building tree 76 of 150
building tree 77 of 150
building tree 78 of 150
building tree 79 of 150
building tree 80 of 150
building tree 81 of 150
building tree 82 of 150
building tree 83 of 150
building tree 84 of 150
building tree 85 of 150
building tree 86 of 150
building tree 87 of 150
building tree 88 of 150
building tree 89 of 150
building tree 90 of 150
building tree 91 of 150
building tree 92 of 150
building tree 93 of 150
building tree 94 of 150
building tree 95 of 150
building tree 96 of 150
building tree 97 of 150
building tree 98 of 150
building tree 99 of 150
building tree 100 of 150
building tree 101 of 150
building tree 102 of 150
building tree 103 of 150
building tree 104 of 150
building tree 105 of 150
building tree 106 of 150
building tree 107 of 150
building tree 108 of 150
building tree 109 of 150
building tree 110 of 150
building tree 111 of 150
building tree 112 of 150
building tree 113 of 150
building tree 114 of 150
building tree 115 of 150
building tree 116 of 150
building tree 117 of 150
building tree 118 of 150
building tree 119 of 150
building tree 120 of 150
building tree 121 of 150
building tree 122 of 150
building tree 123 of 150
building tree 124 of 150
building tree 125 of 150
building tree 126 of 150
building tree 127 of 150
building tree 128 of 150
building tree 129 of 150
building tree 130 of 150
building tree 131 of 150
building tree 132 of 150
building tree 133 of 150
building tree 134 of 150
building tree 135 of 150
building tree 136 of 150
building tree 137 of 150
building tree 138 of 150
building tree 139 of 150
building tree 140 of 150
building tree 141 of 150
building tree 142 of 150
building tree 143 of 150
building tree 144 of 150
building tree 145 of 150
building tree 146 of 150
building tree 147 of 150
building tree 148 of 150
building tree 149 of 150
building tree 150 of 150
[Parallel(n_jobs=2)]: Done 150 out of 150 | elapsed:    1.3s finished
[Parallel(n_jobs=2)]: Using backend ThreadingBackend with 2 concurrent workers.
[Parallel(n_jobs=2)]: Done  37 tasks      | elapsed:    0.0s
[Parallel(n_jobs=2)]: Done 150 out of 150 | elapsed:    0.0s finished
[CV] END max_depth=None, min_samples_split=5, n_estimators=150; total time=   1.4s
[Parallel(n_jobs=2)]: Using backend ThreadingBackend with 2 concurrent workers.
building tree 1 of 150
building tree 2 of 150
building tree 3 of 150
building tree 4 of 150
building tree 5 of 150
building tree 6 of 150
building tree 7 of 150
building tree 8 of 150
building tree 9 of 150
building tree 10 of 150
building tree 11 of 150
building tree 12 of 150
building tree 13 of 150
building tree 14 of 150
building tree 15 of 150
building tree 16 of 150
building tree 17 of 150
building tree 18 of 150
building tree 19 of 150
building tree 20 of 150
building tree 21 of 150
building tree 22 of 150
building tree 23 of 150
building tree 24 of 150
building tree 25 of 150
building tree 26 of 150
building tree 27 of 150
building tree 28 of 150
building tree 29 of 150
building tree 30 of 150
building tree 31 of 150
building tree 32 of 150
building tree 33 of 150
building tree 34 of 150
building tree 35 of 150
building tree 36 of 150
building tree 37 of 150
building tree 38 of 150
building tree 39 of 150[Parallel(n_jobs=2)]: Done  37 tasks      | elapsed:    0.4s

building tree 40 of 150
building tree 41 of 150
building tree 42 of 150
building tree 43 of 150
building tree 44 of 150
building tree 45 of 150
building tree 46 of 150
building tree 47 of 150
building tree 48 of 150
building tree 49 of 150
building tree 50 of 150
building tree 51 of 150
building tree 52 of 150
building tree 53 of 150
building tree 54 of 150
building tree 55 of 150
building tree 56 of 150
building tree 57 of 150
building tree 58 of 150
building tree 59 of 150
building tree 60 of 150
building tree 61 of 150
building tree 62 of 150
building tree 63 of 150
building tree 64 of 150
building tree 65 of 150
building tree 66 of 150
building tree 67 of 150
building tree 68 of 150
building tree 69 of 150
building tree 70 of 150
building tree 71 of 150
building tree 72 of 150
building tree 73 of 150
building tree 74 of 150
building tree 75 of 150
building tree 76 of 150
building tree 77 of 150
building tree 78 of 150
building tree 79 of 150
building tree 80 of 150
building tree 81 of 150
building tree 82 of 150
building tree 83 of 150
building tree 84 of 150
building tree 85 of 150
building tree 86 of 150
building tree 87 of 150
building tree 88 of 150
building tree 89 of 150
building tree 90 of 150
building tree 91 of 150
building tree 92 of 150
building tree 93 of 150
building tree 94 of 150
building tree 95 of 150
building tree 96 of 150
building tree 97 of 150
building tree 98 of 150
building tree 99 of 150
building tree 100 of 150
building tree 101 of 150
building tree 102 of 150
building tree 103 of 150
building tree 104 of 150
building tree 105 of 150
building tree 106 of 150
building tree 107 of 150
building tree 108 of 150
building tree 109 of 150
building tree 110 of 150
building tree 111 of 150
building tree 112 of 150
building tree 113 of 150
building tree 114 of 150
building tree 115 of 150
building tree 116 of 150
building tree 117 of 150
building tree 118 of 150
building tree 119 of 150
building tree 120 of 150
building tree 121 of 150
building tree 122 of 150
building tree 123 of 150
building tree 124 of 150
building tree 125 of 150
building tree 126 of 150
building tree 127 of 150
building tree 128 of 150
building tree 129 of 150
building tree 130 of 150
building tree 131 of 150
building tree 132 of 150
building tree 133 of 150
building tree 134 of 150
building tree 135 of 150
building tree 136 of 150
building tree 137 of 150
building tree 138 of 150
building tree 139 of 150
building tree 140 of 150
building tree 141 of 150
building tree 142 of 150
building tree 143 of 150
building tree 144 of 150
building tree 145 of 150
building tree 146 of 150
building tree 147 of 150
building tree 148 of 150
building tree 149 of 150
building tree 150 of 150
[Parallel(n_jobs=2)]: Done 150 out of 150 | elapsed:    1.4s finished
[Parallel(n_jobs=2)]: Using backend ThreadingBackend with 2 concurrent workers.
[Parallel(n_jobs=2)]: Done  37 tasks      | elapsed:    0.0s
[Parallel(n_jobs=2)]: Done 150 out of 150 | elapsed:    0.0s finished
[CV] END max_depth=None, min_samples_split=5, n_estimators=150; total time=   1.5s
[Parallel(n_jobs=2)]: Using backend ThreadingBackend with 2 concurrent workers.
building tree 1 of 150
building tree 2 of 150
building tree 3 of 150
building tree 4 of 150
building tree 5 of 150
building tree 6 of 150
building tree 7 of 150
building tree 8 of 150
building tree 9 of 150
building tree 10 of 150
building tree 11 of 150
building tree 12 of 150
building tree 13 of 150
building tree 14 of 150
building tree 15 of 150
building tree 16 of 150
building tree 17 of 150
building tree 18 of 150
building tree 19 of 150
building tree 20 of 150
building tree 21 of 150
building tree 22 of 150
building tree 23 of 150
building tree 24 of 150
building tree 25 of 150
building tree 26 of 150
building tree 27 of 150
building tree 28 of 150
building tree 29 of 150
building tree 30 of 150
building tree 31 of 150
building tree 32 of 150
building tree 33 of 150
building tree 34 of 150
building tree 35 of 150
building tree 36 of 150
building tree 37 of 150
building tree 38 of 150
building tree 39 of 150[Parallel(n_jobs=2)]: Done  37 tasks      | elapsed:    0.3s

building tree 40 of 150
building tree 41 of 150
building tree 42 of 150
building tree 43 of 150
building tree 44 of 150
building tree 45 of 150
building tree 46 of 150
building tree 47 of 150
building tree 48 of 150
building tree 49 of 150
building tree 50 of 150
building tree 51 of 150
building tree 52 of 150
building tree 53 of 150
building tree 54 of 150
building tree 55 of 150
building tree 56 of 150
building tree 57 of 150
building tree 58 of 150
building tree 59 of 150
building tree 60 of 150
building tree 61 of 150
building tree 62 of 150
building tree 63 of 150
building tree 64 of 150
building tree 65 of 150
building tree 66 of 150
building tree 67 of 150
building tree 68 of 150
building tree 69 of 150
building tree 70 of 150
building tree 71 of 150
building tree 72 of 150
building tree 73 of 150
building tree 74 of 150
building tree 75 of 150
building tree 76 of 150
building tree 77 of 150
building tree 78 of 150
building tree 79 of 150
building tree 80 of 150
building tree 81 of 150
building tree 82 of 150
building tree 83 of 150
building tree 84 of 150
building tree 85 of 150
building tree 86 of 150
building tree 87 of 150
building tree 88 of 150
building tree 89 of 150
building tree 90 of 150
building tree 91 of 150
building tree 92 of 150
building tree 93 of 150
building tree 94 of 150
building tree 95 of 150
building tree 96 of 150
building tree 97 of 150
building tree 98 of 150
building tree 99 of 150
building tree 100 of 150
building tree 101 of 150
building tree 102 of 150
building tree 103 of 150
building tree 104 of 150
building tree 105 of 150
building tree 106 of 150
building tree 107 of 150
building tree 108 of 150
building tree 109 of 150
building tree 110 of 150
building tree 111 of 150
building tree 112 of 150
building tree 113 of 150
building tree 114 of 150
building tree 115 of 150
building tree 116 of 150
building tree 117 of 150
building tree 118 of 150
building tree 119 of 150
building tree 120 of 150
building tree 121 of 150
building tree 122 of 150
building tree 123 of 150
building tree 124 of 150
building tree 125 of 150
building tree 126 of 150
building tree 127 of 150
building tree 128 of 150
building tree 129 of 150
building tree 130 of 150
building tree 131 of 150
building tree 132 of 150
building tree 133 of 150
building tree 134 of 150
building tree 135 of 150
building tree 136 of 150
building tree 137 of 150
building tree 138 of 150
building tree 139 of 150
building tree 140 of 150
building tree 141 of 150
building tree 142 of 150
building tree 143 of 150
building tree 144 of 150
building tree 145 of 150
building tree 146 of 150
building tree 147 of 150
building tree 148 of 150
building tree 149 of 150
building tree 150 of 150
[Parallel(n_jobs=2)]: Done 150 out of 150 | elapsed:    1.3s finished
[Parallel(n_jobs=2)]: Using backend ThreadingBackend with 2 concurrent workers.
[Parallel(n_jobs=2)]: Done  37 tasks      | elapsed:    0.0s
[Parallel(n_jobs=2)]: Done 150 out of 150 | elapsed:    0.0s finished
[CV] END max_depth=None, min_samples_split=5, n_estimators=150; total time=   1.4s
[Parallel(n_jobs=2)]: Using backend ThreadingBackend with 2 concurrent workers.
building tree 1 of 150building tree 2 of 150

building tree 3 of 150
building tree 4 of 150
building tree 5 of 150
building tree 6 of 150
building tree 7 of 150
building tree 8 of 150
building tree 9 of 150
building tree 10 of 150
building tree 11 of 150
building tree 12 of 150
building tree 13 of 150
building tree 14 of 150
building tree 15 of 150
building tree 16 of 150
building tree 17 of 150
building tree 18 of 150
building tree 19 of 150
building tree 20 of 150
building tree 21 of 150
building tree 22 of 150
building tree 23 of 150
building tree 24 of 150
building tree 25 of 150
building tree 26 of 150
building tree 27 of 150
building tree 28 of 150
building tree 29 of 150
building tree 30 of 150
building tree 31 of 150
building tree 32 of 150
building tree 33 of 150
building tree 34 of 150
building tree 35 of 150
building tree 36 of 150
building tree 37 of 150
building tree 38 of 150
building tree 39 of 150[Parallel(n_jobs=2)]: Done  37 tasks      | elapsed:    0.4s

building tree 40 of 150
building tree 41 of 150
building tree 42 of 150
building tree 43 of 150
building tree 44 of 150
building tree 45 of 150
building tree 46 of 150
building tree 47 of 150
building tree 48 of 150
building tree 49 of 150
building tree 50 of 150
building tree 51 of 150
building tree 52 of 150
building tree 53 of 150
building tree 54 of 150
building tree 55 of 150
building tree 56 of 150
building tree 57 of 150
building tree 58 of 150
building tree 59 of 150
building tree 60 of 150
building tree 61 of 150
building tree 62 of 150
building tree 63 of 150
building tree 64 of 150
building tree 65 of 150
building tree 66 of 150
building tree 67 of 150
building tree 68 of 150
building tree 69 of 150
building tree 70 of 150
building tree 71 of 150
building tree 72 of 150
building tree 73 of 150
building tree 74 of 150
building tree 75 of 150
building tree 76 of 150
building tree 77 of 150
building tree 78 of 150
building tree 79 of 150
building tree 80 of 150
building tree 81 of 150
building tree 82 of 150
building tree 83 of 150
building tree 84 of 150
building tree 85 of 150
building tree 86 of 150
building tree 87 of 150
building tree 88 of 150
building tree 89 of 150
building tree 90 of 150
building tree 91 of 150
building tree 92 of 150
building tree 93 of 150
building tree 94 of 150
building tree 95 of 150
building tree 96 of 150
building tree 97 of 150
building tree 98 of 150
building tree 99 of 150
building tree 100 of 150
building tree 101 of 150
building tree 102 of 150
building tree 103 of 150
building tree 104 of 150
building tree 105 of 150
building tree 106 of 150
building tree 107 of 150
building tree 108 of 150
building tree 109 of 150
building tree 110 of 150
building tree 111 of 150
building tree 112 of 150
building tree 113 of 150
building tree 114 of 150
building tree 115 of 150
building tree 116 of 150
building tree 117 of 150
building tree 118 of 150
building tree 119 of 150
building tree 120 of 150
building tree 121 of 150
building tree 122 of 150
building tree 123 of 150
building tree 124 of 150
building tree 125 of 150
building tree 126 of 150
building tree 127 of 150
building tree 128 of 150
building tree 129 of 150
building tree 130 of 150
building tree 131 of 150
building tree 132 of 150
building tree 133 of 150
building tree 134 of 150
building tree 135 of 150
building tree 136 of 150
building tree 137 of 150
building tree 138 of 150
building tree 139 of 150
building tree 140 of 150
building tree 141 of 150
building tree 142 of 150
building tree 143 of 150
building tree 144 of 150
building tree 145 of 150
building tree 146 of 150
building tree 147 of 150
building tree 148 of 150
building tree 149 of 150
building tree 150 of 150
[Parallel(n_jobs=2)]: Done 150 out of 150 | elapsed:    1.4s finished
[Parallel(n_jobs=2)]: Using backend ThreadingBackend with 2 concurrent workers.
[Parallel(n_jobs=2)]: Done  37 tasks      | elapsed:    0.0s
[Parallel(n_jobs=2)]: Done 150 out of 150 | elapsed:    0.0s finished
[CV] END max_depth=None, min_samples_split=5, n_estimators=150; total time=   1.5s
[Parallel(n_jobs=2)]: Using backend ThreadingBackend with 2 concurrent workers.
building tree 1 of 50building tree 2 of 50

building tree 3 of 50
building tree 4 of 50
building tree 5 of 50
building tree 6 of 50
building tree 7 of 50
building tree 8 of 50
building tree 9 of 50
building tree 10 of 50
building tree 11 of 50
building tree 12 of 50
building tree 13 of 50
building tree 14 of 50
building tree 15 of 50building tree 16 of 50

building tree 17 of 50
building tree 18 of 50
building tree 19 of 50
building tree 20 of 50
building tree 21 of 50
building tree 22 of 50
building tree 23 of 50
building tree 24 of 50
building tree 25 of 50
building tree 26 of 50
building tree 27 of 50
building tree 28 of 50
building tree 29 of 50
building tree 30 of 50
building tree 31 of 50
building tree 32 of 50
building tree 33 of 50
building tree 34 of 50
building tree 35 of 50
building tree 36 of 50
building tree 37 of 50
building tree 38 of 50
building tree 39 of 50
[Parallel(n_jobs=2)]: Done  37 tasks      | elapsed:    0.3s
building tree 40 of 50
building tree 41 of 50
building tree 42 of 50
building tree 43 of 50
building tree 44 of 50
building tree 45 of 50
building tree 46 of 50
building tree 47 of 50
building tree 48 of 50
building tree 49 of 50
building tree 50 of 50
[Parallel(n_jobs=2)]: Done  50 out of  50 | elapsed:    0.4s finished
[Parallel(n_jobs=2)]: Using backend ThreadingBackend with 2 concurrent workers.
[Parallel(n_jobs=2)]: Done  37 tasks      | elapsed:    0.0s
[Parallel(n_jobs=2)]: Done  50 out of  50 | elapsed:    0.0s finished
[CV] END max_depth=None, min_samples_split=10, n_estimators=50; total time=   0.5s
[Parallel(n_jobs=2)]: Using backend ThreadingBackend with 2 concurrent workers.
building tree 1 of 50building tree 2 of 50

building tree 3 of 50
building tree 4 of 50
building tree 5 of 50
building tree 6 of 50
building tree 7 of 50
building tree 8 of 50
building tree 9 of 50
building tree 10 of 50
building tree 11 of 50
building tree 12 of 50
building tree 13 of 50
building tree 14 of 50
building tree 15 of 50
building tree 16 of 50
building tree 17 of 50
building tree 18 of 50
building tree 19 of 50
building tree 20 of 50
building tree 21 of 50
building tree 22 of 50
building tree 23 of 50
building tree 24 of 50
building tree 25 of 50
building tree 26 of 50
building tree 27 of 50
building tree 28 of 50
building tree 29 of 50
building tree 30 of 50
building tree 31 of 50
building tree 32 of 50
building tree 33 of 50
building tree 34 of 50
building tree 35 of 50
building tree 36 of 50
building tree 37 of 50
building tree 38 of 50
building tree 39 of 50[Parallel(n_jobs=2)]: Done  37 tasks      | elapsed:    0.3s

building tree 40 of 50
building tree 41 of 50
building tree 42 of 50
building tree 43 of 50
building tree 44 of 50
building tree 45 of 50
building tree 46 of 50
building tree 47 of 50
building tree 48 of 50
building tree 49 of 50
building tree 50 of 50
[Parallel(n_jobs=2)]: Done  50 out of  50 | elapsed:    0.4s finished
[Parallel(n_jobs=2)]: Using backend ThreadingBackend with 2 concurrent workers.
[Parallel(n_jobs=2)]: Done  37 tasks      | elapsed:    0.0s
[Parallel(n_jobs=2)]: Done  50 out of  50 | elapsed:    0.0s finished
[CV] END max_depth=None, min_samples_split=10, n_estimators=50; total time=   0.5s
[Parallel(n_jobs=2)]: Using backend ThreadingBackend with 2 concurrent workers.
building tree 1 of 50
building tree 2 of 50
building tree 3 of 50
building tree 4 of 50
building tree 5 of 50
building tree 6 of 50
building tree 7 of 50
building tree 8 of 50
building tree 9 of 50
building tree 10 of 50
building tree 11 of 50
building tree 12 of 50
building tree 13 of 50
building tree 14 of 50
building tree 15 of 50
building tree 16 of 50
building tree 17 of 50
building tree 18 of 50
building tree 19 of 50
building tree 20 of 50
building tree 21 of 50
building tree 22 of 50
building tree 23 of 50
building tree 24 of 50
building tree 25 of 50
building tree 26 of 50
building tree 27 of 50
building tree 28 of 50
building tree 29 of 50
building tree 30 of 50
building tree 31 of 50
building tree 32 of 50
building tree 33 of 50
building tree 34 of 50
building tree 35 of 50
building tree 36 of 50
building tree 37 of 50
building tree 38 of 50
building tree 39 of 50[Parallel(n_jobs=2)]: Done  37 tasks      | elapsed:    0.3s

building tree 40 of 50
building tree 41 of 50
building tree 42 of 50
building tree 43 of 50
building tree 44 of 50
building tree 45 of 50
building tree 46 of 50
building tree 47 of 50
building tree 48 of 50
building tree 49 of 50
building tree 50 of 50
[Parallel(n_jobs=2)]: Done  50 out of  50 | elapsed:    0.4s finished
[Parallel(n_jobs=2)]: Using backend ThreadingBackend with 2 concurrent workers.
[Parallel(n_jobs=2)]: Done  37 tasks      | elapsed:    0.0s
[Parallel(n_jobs=2)]: Done  50 out of  50 | elapsed:    0.0s finished
[CV] END max_depth=None, min_samples_split=10, n_estimators=50; total time=   0.5s
[Parallel(n_jobs=2)]: Using backend ThreadingBackend with 2 concurrent workers.
building tree 1 of 50
building tree 2 of 50
building tree 3 of 50
building tree 4 of 50
building tree 5 of 50
building tree 6 of 50
building tree 7 of 50
building tree 8 of 50
building tree 9 of 50
building tree 10 of 50
building tree 11 of 50
building tree 12 of 50
building tree 13 of 50
building tree 14 of 50
building tree 15 of 50
building tree 16 of 50
building tree 17 of 50
building tree 18 of 50
building tree 19 of 50
building tree 20 of 50
building tree 21 of 50
building tree 22 of 50
building tree 23 of 50
building tree 24 of 50
building tree 25 of 50
building tree 26 of 50
building tree 27 of 50
building tree 28 of 50
building tree 29 of 50
building tree 30 of 50
building tree 31 of 50
building tree 32 of 50
building tree 33 of 50
building tree 34 of 50
building tree 35 of 50
building tree 36 of 50
building tree 37 of 50building tree 38 of 50

building tree 39 of 50[Parallel(n_jobs=2)]: Done  37 tasks      | elapsed:    0.3s

building tree 40 of 50
building tree 41 of 50
building tree 42 of 50
building tree 43 of 50
building tree 44 of 50
building tree 45 of 50
building tree 46 of 50
building tree 47 of 50
building tree 48 of 50
building tree 49 of 50
building tree 50 of 50
[Parallel(n_jobs=2)]: Done  50 out of  50 | elapsed:    0.4s finished
[Parallel(n_jobs=2)]: Using backend ThreadingBackend with 2 concurrent workers.
[Parallel(n_jobs=2)]: Done  37 tasks      | elapsed:    0.0s
[Parallel(n_jobs=2)]: Done  50 out of  50 | elapsed:    0.0s finished
[CV] END max_depth=None, min_samples_split=10, n_estimators=50; total time=   0.4s
[Parallel(n_jobs=2)]: Using backend ThreadingBackend with 2 concurrent workers.
building tree 1 of 50
building tree 2 of 50
building tree 3 of 50
building tree 4 of 50
building tree 5 of 50
building tree 6 of 50
building tree 7 of 50
building tree 8 of 50
building tree 9 of 50
building tree 10 of 50
building tree 11 of 50
building tree 12 of 50
building tree 13 of 50
building tree 14 of 50
building tree 15 of 50
building tree 16 of 50
building tree 17 of 50
building tree 18 of 50
building tree 19 of 50
building tree 20 of 50
building tree 21 of 50
building tree 22 of 50
building tree 23 of 50
building tree 24 of 50
building tree 25 of 50
building tree 26 of 50
building tree 27 of 50
building tree 28 of 50
building tree 29 of 50
building tree 30 of 50
building tree 31 of 50
building tree 32 of 50
building tree 33 of 50
building tree 34 of 50
building tree 35 of 50
building tree 36 of 50
building tree 37 of 50
building tree 38 of 50
building tree 39 of 50[Parallel(n_jobs=2)]: Done  37 tasks      | elapsed:    0.3s

building tree 40 of 50
building tree 41 of 50
building tree 42 of 50
building tree 43 of 50
building tree 44 of 50
building tree 45 of 50
building tree 46 of 50
building tree 47 of 50
building tree 48 of 50
building tree 49 of 50
building tree 50 of 50
[Parallel(n_jobs=2)]: Done  50 out of  50 | elapsed:    0.5s finished
[Parallel(n_jobs=2)]: Using backend ThreadingBackend with 2 concurrent workers.
[Parallel(n_jobs=2)]: Done  37 tasks      | elapsed:    0.0s
[Parallel(n_jobs=2)]: Done  50 out of  50 | elapsed:    0.0s finished
[CV] END max_depth=None, min_samples_split=10, n_estimators=50; total time=   0.5s
[Parallel(n_jobs=2)]: Using backend ThreadingBackend with 2 concurrent workers.
building tree 1 of 100
building tree 2 of 100
building tree 3 of 100
building tree 4 of 100
building tree 5 of 100
building tree 6 of 100
building tree 7 of 100
building tree 8 of 100
building tree 9 of 100
building tree 10 of 100
building tree 11 of 100
building tree 12 of 100
building tree 13 of 100
building tree 14 of 100
building tree 15 of 100
building tree 16 of 100
building tree 17 of 100
building tree 18 of 100
building tree 19 of 100
building tree 20 of 100
building tree 21 of 100
building tree 22 of 100
building tree 23 of 100
building tree 24 of 100
building tree 25 of 100
building tree 26 of 100
building tree 27 of 100
building tree 28 of 100
building tree 29 of 100
building tree 30 of 100
building tree 31 of 100
building tree 32 of 100
building tree 33 of 100
building tree 34 of 100
building tree 35 of 100
building tree 36 of 100
building tree 37 of 100
building tree 38 of 100
building tree 39 of 100[Parallel(n_jobs=2)]: Done  37 tasks      | elapsed:    0.3s

building tree 40 of 100
building tree 41 of 100
building tree 42 of 100
building tree 43 of 100
building tree 44 of 100
building tree 45 of 100
building tree 46 of 100
building tree 47 of 100
building tree 48 of 100
building tree 49 of 100
building tree 50 of 100
building tree 51 of 100
building tree 52 of 100
building tree 53 of 100
building tree 54 of 100
building tree 55 of 100
building tree 56 of 100
building tree 57 of 100
building tree 58 of 100
building tree 59 of 100
building tree 60 of 100
building tree 61 of 100
building tree 62 of 100
building tree 63 of 100
building tree 64 of 100
building tree 65 of 100
building tree 66 of 100
building tree 67 of 100
building tree 68 of 100
building tree 69 of 100
building tree 70 of 100
building tree 71 of 100
building tree 72 of 100
building tree 73 of 100
building tree 74 of 100
building tree 75 of 100
building tree 76 of 100
building tree 77 of 100
building tree 78 of 100
building tree 79 of 100
building tree 80 of 100
building tree 81 of 100
building tree 82 of 100
building tree 83 of 100
building tree 84 of 100
building tree 85 of 100
building tree 86 of 100
building tree 87 of 100
building tree 88 of 100
building tree 89 of 100
building tree 90 of 100
building tree 91 of 100
building tree 92 of 100
building tree 93 of 100
building tree 94 of 100
building tree 95 of 100
building tree 96 of 100
building tree 97 of 100
building tree 98 of 100
building tree 99 of 100
building tree 100 of 100
[Parallel(n_jobs=2)]: Done 100 out of 100 | elapsed:    0.8s finished
[Parallel(n_jobs=2)]: Using backend ThreadingBackend with 2 concurrent workers.
[Parallel(n_jobs=2)]: Done  37 tasks      | elapsed:    0.0s
[Parallel(n_jobs=2)]: Done 100 out of 100 | elapsed:    0.0s finished
[CV] END max_depth=None, min_samples_split=10, n_estimators=100; total time=   0.9s
[Parallel(n_jobs=2)]: Using backend ThreadingBackend with 2 concurrent workers.
building tree 1 of 100
building tree 2 of 100
building tree 3 of 100
building tree 4 of 100
building tree 5 of 100
building tree 6 of 100
building tree 7 of 100
building tree 8 of 100
building tree 9 of 100
building tree 10 of 100
building tree 11 of 100
building tree 12 of 100
building tree 13 of 100
building tree 14 of 100
building tree 15 of 100
building tree 16 of 100
building tree 17 of 100
building tree 18 of 100
building tree 19 of 100
building tree 20 of 100
building tree 21 of 100
building tree 22 of 100
building tree 23 of 100
building tree 24 of 100
building tree 25 of 100
building tree 26 of 100
building tree 27 of 100
building tree 28 of 100
building tree 29 of 100
building tree 30 of 100
building tree 31 of 100
building tree 32 of 100
building tree 33 of 100
building tree 34 of 100
building tree 35 of 100
building tree 36 of 100
building tree 37 of 100
building tree 38 of 100
building tree 39 of 100[Parallel(n_jobs=2)]: Done  37 tasks      | elapsed:    0.3s

building tree 40 of 100
building tree 41 of 100
building tree 42 of 100
building tree 43 of 100
building tree 44 of 100
building tree 45 of 100
building tree 46 of 100
building tree 47 of 100
building tree 48 of 100
building tree 49 of 100
building tree 50 of 100
building tree 51 of 100
building tree 52 of 100
building tree 53 of 100
building tree 54 of 100
building tree 55 of 100
building tree 56 of 100
building tree 57 of 100
building tree 58 of 100
building tree 59 of 100
building tree 60 of 100
building tree 61 of 100
building tree 62 of 100
building tree 63 of 100
building tree 64 of 100
building tree 65 of 100
building tree 66 of 100
building tree 67 of 100
building tree 68 of 100
building tree 69 of 100
building tree 70 of 100
building tree 71 of 100
building tree 72 of 100
building tree 73 of 100
building tree 74 of 100
building tree 75 of 100
building tree 76 of 100
building tree 77 of 100
building tree 78 of 100
building tree 79 of 100
building tree 80 of 100
building tree 81 of 100
building tree 82 of 100
building tree 83 of 100
building tree 84 of 100
building tree 85 of 100
building tree 86 of 100
building tree 87 of 100
building tree 88 of 100
building tree 89 of 100
building tree 90 of 100
building tree 91 of 100
building tree 92 of 100
building tree 93 of 100
building tree 94 of 100
building tree 95 of 100
building tree 96 of 100
building tree 97 of 100
building tree 98 of 100
building tree 99 of 100
building tree 100 of 100
[Parallel(n_jobs=2)]: Done 100 out of 100 | elapsed:    0.9s finished
[Parallel(n_jobs=2)]: Using backend ThreadingBackend with 2 concurrent workers.
[Parallel(n_jobs=2)]: Done  37 tasks      | elapsed:    0.0s
[Parallel(n_jobs=2)]: Done 100 out of 100 | elapsed:    0.0s finished
[CV] END max_depth=None, min_samples_split=10, n_estimators=100; total time=   0.9s
[Parallel(n_jobs=2)]: Using backend ThreadingBackend with 2 concurrent workers.
building tree 1 of 100
building tree 2 of 100
building tree 3 of 100
building tree 4 of 100
building tree 5 of 100
building tree 6 of 100
building tree 7 of 100
building tree 8 of 100
building tree 9 of 100
building tree 10 of 100
building tree 11 of 100
building tree 12 of 100
building tree 13 of 100
building tree 14 of 100
building tree 15 of 100
building tree 16 of 100
building tree 17 of 100
building tree 18 of 100
building tree 19 of 100
building tree 20 of 100
building tree 21 of 100
building tree 22 of 100
building tree 23 of 100
building tree 24 of 100
building tree 25 of 100
building tree 26 of 100
building tree 27 of 100
building tree 28 of 100
building tree 29 of 100
building tree 30 of 100
building tree 31 of 100
building tree 32 of 100
building tree 33 of 100
building tree 34 of 100
building tree 35 of 100
building tree 36 of 100
building tree 37 of 100
building tree 38 of 100
building tree 39 of 100
[Parallel(n_jobs=2)]: Done  37 tasks      | elapsed:    0.3s
building tree 40 of 100
building tree 41 of 100
building tree 42 of 100
building tree 43 of 100
building tree 44 of 100
building tree 45 of 100
building tree 46 of 100
building tree 47 of 100
building tree 48 of 100
building tree 49 of 100
building tree 50 of 100
building tree 51 of 100
building tree 52 of 100
building tree 53 of 100
building tree 54 of 100
building tree 55 of 100
building tree 56 of 100
building tree 57 of 100
building tree 58 of 100
building tree 59 of 100
building tree 60 of 100
building tree 61 of 100
building tree 62 of 100
building tree 63 of 100
building tree 64 of 100
building tree 65 of 100
building tree 66 of 100
building tree 67 of 100
building tree 68 of 100
building tree 69 of 100
building tree 70 of 100
building tree 71 of 100
building tree 72 of 100
building tree 73 of 100
building tree 74 of 100
building tree 75 of 100
building tree 76 of 100
building tree 77 of 100
building tree 78 of 100
building tree 79 of 100
building tree 80 of 100
building tree 81 of 100
building tree 82 of 100
building tree 83 of 100
building tree 84 of 100
building tree 85 of 100
building tree 86 of 100
building tree 87 of 100
building tree 88 of 100
building tree 89 of 100
building tree 90 of 100
building tree 91 of 100
building tree 92 of 100
building tree 93 of 100
building tree 94 of 100
building tree 95 of 100
building tree 96 of 100
building tree 97 of 100
building tree 98 of 100
building tree 99 of 100
building tree 100 of 100
[Parallel(n_jobs=2)]: Done 100 out of 100 | elapsed:    0.8s finished
[Parallel(n_jobs=2)]: Using backend ThreadingBackend with 2 concurrent workers.
[Parallel(n_jobs=2)]: Done  37 tasks      | elapsed:    0.0s
[Parallel(n_jobs=2)]: Done 100 out of 100 | elapsed:    0.0s finished
[CV] END max_depth=None, min_samples_split=10, n_estimators=100; total time=   0.9s
[Parallel(n_jobs=2)]: Using backend ThreadingBackend with 2 concurrent workers.
building tree 1 of 100
building tree 2 of 100
building tree 3 of 100
building tree 4 of 100
building tree 5 of 100
building tree 6 of 100
building tree 7 of 100
building tree 8 of 100
building tree 9 of 100
building tree 10 of 100
building tree 11 of 100
building tree 12 of 100
building tree 13 of 100
building tree 14 of 100
building tree 15 of 100
building tree 16 of 100
building tree 17 of 100
building tree 18 of 100
building tree 19 of 100
building tree 20 of 100
building tree 21 of 100
building tree 22 of 100
building tree 23 of 100
building tree 24 of 100
building tree 25 of 100
building tree 26 of 100
building tree 27 of 100
building tree 28 of 100
building tree 29 of 100
building tree 30 of 100
building tree 31 of 100
building tree 32 of 100
building tree 33 of 100
building tree 34 of 100
building tree 35 of 100
building tree 36 of 100
building tree 37 of 100
building tree 38 of 100
building tree 39 of 100[Parallel(n_jobs=2)]: Done  37 tasks      | elapsed:    0.3s

building tree 40 of 100
building tree 41 of 100
building tree 42 of 100
building tree 43 of 100
building tree 44 of 100
building tree 45 of 100
building tree 46 of 100
building tree 47 of 100
building tree 48 of 100
building tree 49 of 100
building tree 50 of 100
building tree 51 of 100
building tree 52 of 100
building tree 53 of 100
building tree 54 of 100
building tree 55 of 100
building tree 56 of 100
building tree 57 of 100building tree 58 of 100

building tree 59 of 100
building tree 60 of 100
building tree 61 of 100
building tree 62 of 100
building tree 63 of 100
building tree 64 of 100
building tree 65 of 100
building tree 66 of 100
building tree 67 of 100
building tree 68 of 100
building tree 69 of 100
building tree 70 of 100
building tree 71 of 100
building tree 72 of 100
building tree 73 of 100
building tree 74 of 100
building tree 75 of 100
building tree 76 of 100
building tree 77 of 100
building tree 78 of 100
building tree 79 of 100
building tree 80 of 100
building tree 81 of 100
building tree 82 of 100
building tree 83 of 100
building tree 84 of 100
building tree 85 of 100
building tree 86 of 100
building tree 87 of 100
building tree 88 of 100
building tree 89 of 100
building tree 90 of 100
building tree 91 of 100
building tree 92 of 100
building tree 93 of 100
building tree 94 of 100
building tree 95 of 100
building tree 96 of 100
building tree 97 of 100
building tree 98 of 100
building tree 99 of 100
building tree 100 of 100
[Parallel(n_jobs=2)]: Done 100 out of 100 | elapsed:    0.8s finished
[Parallel(n_jobs=2)]: Using backend ThreadingBackend with 2 concurrent workers.
[Parallel(n_jobs=2)]: Done  37 tasks      | elapsed:    0.0s
[Parallel(n_jobs=2)]: Done 100 out of 100 | elapsed:    0.0s finished
[CV] END max_depth=None, min_samples_split=10, n_estimators=100; total time=   0.9s
[Parallel(n_jobs=2)]: Using backend ThreadingBackend with 2 concurrent workers.
building tree 1 of 100
building tree 2 of 100
building tree 3 of 100
building tree 4 of 100
building tree 5 of 100
building tree 6 of 100
building tree 7 of 100
building tree 8 of 100
building tree 9 of 100
building tree 10 of 100
building tree 11 of 100
building tree 12 of 100
building tree 13 of 100
building tree 14 of 100
building tree 15 of 100
building tree 16 of 100
building tree 17 of 100
building tree 18 of 100
building tree 19 of 100
building tree 20 of 100
building tree 21 of 100
building tree 22 of 100
building tree 23 of 100
building tree 24 of 100
building tree 25 of 100
building tree 26 of 100
building tree 27 of 100
building tree 28 of 100
building tree 29 of 100
building tree 30 of 100
building tree 31 of 100
building tree 32 of 100
building tree 33 of 100
building tree 34 of 100
building tree 35 of 100
building tree 36 of 100
building tree 37 of 100
building tree 38 of 100
building tree 39 of 100
[Parallel(n_jobs=2)]: Done  37 tasks      | elapsed:    0.3s
building tree 40 of 100
building tree 41 of 100
building tree 42 of 100
building tree 43 of 100
building tree 44 of 100
building tree 45 of 100
building tree 46 of 100
building tree 47 of 100
building tree 48 of 100
building tree 49 of 100
building tree 50 of 100
building tree 51 of 100
building tree 52 of 100
building tree 53 of 100
building tree 54 of 100
building tree 55 of 100
building tree 56 of 100
building tree 57 of 100
building tree 58 of 100
building tree 59 of 100
building tree 60 of 100
building tree 61 of 100
building tree 62 of 100
building tree 63 of 100
building tree 64 of 100
building tree 65 of 100
building tree 66 of 100
building tree 67 of 100
building tree 68 of 100
building tree 69 of 100
building tree 70 of 100
building tree 71 of 100
building tree 72 of 100
building tree 73 of 100
building tree 74 of 100
building tree 75 of 100
building tree 76 of 100
building tree 77 of 100
building tree 78 of 100
building tree 79 of 100
building tree 80 of 100
building tree 81 of 100
building tree 82 of 100
building tree 83 of 100
building tree 84 of 100
building tree 85 of 100
building tree 86 of 100
building tree 87 of 100
building tree 88 of 100
building tree 89 of 100
building tree 90 of 100
building tree 91 of 100
building tree 92 of 100
building tree 93 of 100
building tree 94 of 100
building tree 95 of 100
building tree 96 of 100
building tree 97 of 100
building tree 98 of 100
building tree 99 of 100
building tree 100 of 100
[Parallel(n_jobs=2)]: Done 100 out of 100 | elapsed:    0.9s finished
[Parallel(n_jobs=2)]: Using backend ThreadingBackend with 2 concurrent workers.
[Parallel(n_jobs=2)]: Done  37 tasks      | elapsed:    0.0s
[Parallel(n_jobs=2)]: Done 100 out of 100 | elapsed:    0.0s finished
[CV] END max_depth=None, min_samples_split=10, n_estimators=100; total time=   0.9s
[Parallel(n_jobs=2)]: Using backend ThreadingBackend with 2 concurrent workers.
building tree 1 of 150building tree 2 of 150

building tree 3 of 150
building tree 4 of 150
building tree 5 of 150
building tree 6 of 150
building tree 7 of 150
building tree 8 of 150
building tree 9 of 150
building tree 10 of 150
building tree 11 of 150
building tree 12 of 150
building tree 13 of 150
building tree 14 of 150
building tree 15 of 150
building tree 16 of 150
building tree 17 of 150
building tree 18 of 150
building tree 19 of 150
building tree 20 of 150
building tree 21 of 150
building tree 22 of 150
building tree 23 of 150
building tree 24 of 150
building tree 25 of 150
building tree 26 of 150
building tree 27 of 150
building tree 28 of 150
building tree 29 of 150
building tree 30 of 150
building tree 31 of 150
building tree 32 of 150
building tree 33 of 150
building tree 34 of 150
building tree 35 of 150
building tree 36 of 150
building tree 37 of 150
building tree 38 of 150
building tree 39 of 150[Parallel(n_jobs=2)]: Done  37 tasks      | elapsed:    0.3s

building tree 40 of 150
building tree 41 of 150
building tree 42 of 150
building tree 43 of 150
building tree 44 of 150
building tree 45 of 150
building tree 46 of 150
building tree 47 of 150
building tree 48 of 150
building tree 49 of 150
building tree 50 of 150
building tree 51 of 150
building tree 52 of 150
building tree 53 of 150
building tree 54 of 150
building tree 55 of 150
building tree 56 of 150
building tree 57 of 150
building tree 58 of 150
building tree 59 of 150
building tree 60 of 150
building tree 61 of 150
building tree 62 of 150
building tree 63 of 150
building tree 64 of 150
building tree 65 of 150
building tree 66 of 150
building tree 67 of 150
building tree 68 of 150
building tree 69 of 150
building tree 70 of 150
building tree 71 of 150
building tree 72 of 150
building tree 73 of 150
building tree 74 of 150
building tree 75 of 150
building tree 76 of 150
building tree 77 of 150
building tree 78 of 150
building tree 79 of 150
building tree 80 of 150
building tree 81 of 150
building tree 82 of 150
building tree 83 of 150
building tree 84 of 150
building tree 85 of 150
building tree 86 of 150
building tree 87 of 150
building tree 88 of 150
building tree 89 of 150
building tree 90 of 150
building tree 91 of 150
building tree 92 of 150
building tree 93 of 150
building tree 94 of 150
building tree 95 of 150
building tree 96 of 150
building tree 97 of 150
building tree 98 of 150
building tree 99 of 150
building tree 100 of 150
building tree 101 of 150
building tree 102 of 150
building tree 103 of 150
building tree 104 of 150
building tree 105 of 150
building tree 106 of 150
building tree 107 of 150
building tree 108 of 150
building tree 109 of 150
building tree 110 of 150
building tree 111 of 150
building tree 112 of 150
building tree 113 of 150
building tree 114 of 150
building tree 115 of 150
building tree 116 of 150
building tree 117 of 150
building tree 118 of 150
building tree 119 of 150
building tree 120 of 150
building tree 121 of 150
building tree 122 of 150building tree 123 of 150

building tree 124 of 150
building tree 125 of 150
building tree 126 of 150
building tree 127 of 150
building tree 128 of 150
building tree 129 of 150
building tree 130 of 150
building tree 131 of 150
building tree 132 of 150
building tree 133 of 150
building tree 134 of 150building tree 135 of 150

building tree 136 of 150
building tree 137 of 150
building tree 138 of 150
building tree 139 of 150
building tree 140 of 150
building tree 141 of 150
building tree 142 of 150
building tree 143 of 150
building tree 144 of 150
building tree 145 of 150
building tree 146 of 150
building tree 147 of 150
building tree 148 of 150
building tree 149 of 150
building tree 150 of 150
[Parallel(n_jobs=2)]: Done 150 out of 150 | elapsed:    1.2s finished
[Parallel(n_jobs=2)]: Using backend ThreadingBackend with 2 concurrent workers.
[Parallel(n_jobs=2)]: Done  37 tasks      | elapsed:    0.0s
[Parallel(n_jobs=2)]: Done 150 out of 150 | elapsed:    0.1s finished
[CV] END max_depth=None, min_samples_split=10, n_estimators=150; total time=   1.3s
[Parallel(n_jobs=2)]: Using backend ThreadingBackend with 2 concurrent workers.
building tree 1 of 150
building tree 2 of 150
building tree 3 of 150
building tree 4 of 150
building tree 5 of 150
building tree 6 of 150
building tree 7 of 150
building tree 8 of 150
building tree 9 of 150
building tree 10 of 150
building tree 11 of 150
building tree 12 of 150
building tree 13 of 150
building tree 14 of 150
building tree 15 of 150
building tree 16 of 150
building tree 17 of 150
building tree 18 of 150
building tree 19 of 150
building tree 20 of 150
building tree 21 of 150
building tree 22 of 150
building tree 23 of 150
building tree 24 of 150
building tree 25 of 150
building tree 26 of 150
building tree 27 of 150
building tree 28 of 150
building tree 29 of 150
building tree 30 of 150
building tree 31 of 150
building tree 32 of 150
building tree 33 of 150
building tree 34 of 150
building tree 35 of 150
building tree 36 of 150
building tree 37 of 150
building tree 38 of 150
building tree 39 of 150[Parallel(n_jobs=2)]: Done  37 tasks      | elapsed:    0.3s

building tree 40 of 150
building tree 41 of 150
building tree 42 of 150
building tree 43 of 150
building tree 44 of 150
building tree 45 of 150
building tree 46 of 150
building tree 47 of 150
building tree 48 of 150
building tree 49 of 150
building tree 50 of 150
building tree 51 of 150
building tree 52 of 150
building tree 53 of 150
building tree 54 of 150
building tree 55 of 150
building tree 56 of 150
building tree 57 of 150
building tree 58 of 150
building tree 59 of 150
building tree 60 of 150
building tree 61 of 150
building tree 62 of 150
building tree 63 of 150
building tree 64 of 150
building tree 65 of 150
building tree 66 of 150
building tree 67 of 150
building tree 68 of 150
building tree 69 of 150
building tree 70 of 150
building tree 71 of 150
building tree 72 of 150
building tree 73 of 150
building tree 74 of 150
building tree 75 of 150
building tree 76 of 150
building tree 77 of 150
building tree 78 of 150
building tree 79 of 150
building tree 80 of 150
building tree 81 of 150
building tree 82 of 150
building tree 83 of 150
building tree 84 of 150
building tree 85 of 150
building tree 86 of 150
building tree 87 of 150
building tree 88 of 150
building tree 89 of 150
building tree 90 of 150
building tree 91 of 150
building tree 92 of 150
building tree 93 of 150
building tree 94 of 150
building tree 95 of 150
building tree 96 of 150
building tree 97 of 150
building tree 98 of 150
building tree 99 of 150
building tree 100 of 150
building tree 101 of 150
building tree 102 of 150
building tree 103 of 150
building tree 104 of 150
building tree 105 of 150
building tree 106 of 150
building tree 107 of 150
building tree 108 of 150
building tree 109 of 150
building tree 110 of 150
building tree 111 of 150
building tree 112 of 150
building tree 113 of 150
building tree 114 of 150
building tree 115 of 150
building tree 116 of 150
building tree 117 of 150
building tree 118 of 150
building tree 119 of 150
building tree 120 of 150
building tree 121 of 150
building tree 122 of 150
building tree 123 of 150
building tree 124 of 150
building tree 125 of 150
building tree 126 of 150
building tree 127 of 150
building tree 128 of 150
building tree 129 of 150
building tree 130 of 150
building tree 131 of 150
building tree 132 of 150
building tree 133 of 150
building tree 134 of 150
building tree 135 of 150
building tree 136 of 150
building tree 137 of 150
building tree 138 of 150
building tree 139 of 150
building tree 140 of 150
building tree 141 of 150
building tree 142 of 150
building tree 143 of 150
building tree 144 of 150
building tree 145 of 150
building tree 146 of 150
building tree 147 of 150
building tree 148 of 150
building tree 149 of 150
building tree 150 of 150
[Parallel(n_jobs=2)]: Done 150 out of 150 | elapsed:    1.2s finished
[Parallel(n_jobs=2)]: Using backend ThreadingBackend with 2 concurrent workers.
[Parallel(n_jobs=2)]: Done  37 tasks      | elapsed:    0.0s
[Parallel(n_jobs=2)]: Done 150 out of 150 | elapsed:    0.0s finished
[CV] END max_depth=None, min_samples_split=10, n_estimators=150; total time=   1.3s
[Parallel(n_jobs=2)]: Using backend ThreadingBackend with 2 concurrent workers.
building tree 1 of 150
building tree 2 of 150
building tree 3 of 150
building tree 4 of 150
building tree 5 of 150
building tree 6 of 150
building tree 7 of 150
building tree 8 of 150
building tree 9 of 150
building tree 10 of 150
building tree 11 of 150
building tree 12 of 150
building tree 13 of 150
building tree 14 of 150
building tree 15 of 150
building tree 16 of 150
building tree 17 of 150
building tree 18 of 150
building tree 19 of 150
building tree 20 of 150
building tree 21 of 150
building tree 22 of 150
building tree 23 of 150
building tree 24 of 150
building tree 25 of 150
building tree 26 of 150
building tree 27 of 150
building tree 28 of 150
building tree 29 of 150
building tree 30 of 150
building tree 31 of 150
building tree 32 of 150
building tree 33 of 150
building tree 34 of 150
building tree 35 of 150building tree 36 of 150

building tree 37 of 150
building tree 38 of 150
building tree 39 of 150[Parallel(n_jobs=2)]: Done  37 tasks      | elapsed:    0.3s

building tree 40 of 150
building tree 41 of 150
building tree 42 of 150
building tree 43 of 150
building tree 44 of 150
building tree 45 of 150
building tree 46 of 150
building tree 47 of 150
building tree 48 of 150
building tree 49 of 150
building tree 50 of 150
building tree 51 of 150
building tree 52 of 150
building tree 53 of 150
building tree 54 of 150
building tree 55 of 150
building tree 56 of 150
building tree 57 of 150
building tree 58 of 150
building tree 59 of 150
building tree 60 of 150
building tree 61 of 150
building tree 62 of 150
building tree 63 of 150
building tree 64 of 150
building tree 65 of 150
building tree 66 of 150
building tree 67 of 150
building tree 68 of 150
building tree 69 of 150
building tree 70 of 150
building tree 71 of 150
building tree 72 of 150
building tree 73 of 150
building tree 74 of 150
building tree 75 of 150
building tree 76 of 150
building tree 77 of 150
building tree 78 of 150
building tree 79 of 150
building tree 80 of 150
building tree 81 of 150
building tree 82 of 150
building tree 83 of 150
building tree 84 of 150
building tree 85 of 150
building tree 86 of 150
building tree 87 of 150
building tree 88 of 150
building tree 89 of 150
building tree 90 of 150
building tree 91 of 150
building tree 92 of 150
building tree 93 of 150
building tree 94 of 150
building tree 95 of 150
building tree 96 of 150
building tree 97 of 150
building tree 98 of 150
building tree 99 of 150
building tree 100 of 150
building tree 101 of 150
building tree 102 of 150
building tree 103 of 150
building tree 104 of 150
building tree 105 of 150
building tree 106 of 150
building tree 107 of 150
building tree 108 of 150
building tree 109 of 150
building tree 110 of 150
building tree 111 of 150
building tree 112 of 150
building tree 113 of 150
building tree 114 of 150
building tree 115 of 150
building tree 116 of 150
building tree 117 of 150
building tree 118 of 150
building tree 119 of 150
building tree 120 of 150
building tree 121 of 150
building tree 122 of 150
building tree 123 of 150
building tree 124 of 150
building tree 125 of 150
building tree 126 of 150
building tree 127 of 150
building tree 128 of 150
building tree 129 of 150
building tree 130 of 150
building tree 131 of 150
building tree 132 of 150
building tree 133 of 150
building tree 134 of 150
building tree 135 of 150
building tree 136 of 150
building tree 137 of 150
building tree 138 of 150
building tree 139 of 150
building tree 140 of 150
building tree 141 of 150
building tree 142 of 150
building tree 143 of 150
building tree 144 of 150
building tree 145 of 150
building tree 146 of 150
building tree 147 of 150
building tree 148 of 150
building tree 149 of 150
building tree 150 of 150
[Parallel(n_jobs=2)]: Done 150 out of 150 | elapsed:    1.3s finished
[Parallel(n_jobs=2)]: Using backend ThreadingBackend with 2 concurrent workers.
[Parallel(n_jobs=2)]: Done  37 tasks      | elapsed:    0.0s
[Parallel(n_jobs=2)]: Done 150 out of 150 | elapsed:    0.1s finished
[CV] END max_depth=None, min_samples_split=10, n_estimators=150; total time=   1.4s
[Parallel(n_jobs=2)]: Using backend ThreadingBackend with 2 concurrent workers.
building tree 1 of 150building tree 2 of 150

building tree 3 of 150
building tree 4 of 150
building tree 5 of 150
building tree 6 of 150
building tree 7 of 150
building tree 8 of 150
building tree 9 of 150
building tree 10 of 150
building tree 11 of 150
building tree 12 of 150
building tree 13 of 150
building tree 14 of 150
building tree 15 of 150
building tree 16 of 150
building tree 17 of 150
building tree 18 of 150
building tree 19 of 150
building tree 20 of 150
building tree 21 of 150
building tree 22 of 150
building tree 23 of 150
building tree 24 of 150
building tree 25 of 150
building tree 26 of 150
building tree 27 of 150
building tree 28 of 150
building tree 29 of 150
building tree 30 of 150
building tree 31 of 150
building tree 32 of 150
building tree 33 of 150
building tree 34 of 150
building tree 35 of 150
building tree 36 of 150
building tree 37 of 150
building tree 38 of 150
building tree 39 of 150[Parallel(n_jobs=2)]: Done  37 tasks      | elapsed:    0.3s

building tree 40 of 150
building tree 41 of 150building tree 42 of 150

building tree 43 of 150
building tree 44 of 150
building tree 45 of 150
building tree 46 of 150
building tree 47 of 150
building tree 48 of 150
building tree 49 of 150
building tree 50 of 150
building tree 51 of 150
building tree 52 of 150
building tree 53 of 150
building tree 54 of 150
building tree 55 of 150
building tree 56 of 150
building tree 57 of 150
building tree 58 of 150
building tree 59 of 150
building tree 60 of 150
building tree 61 of 150
building tree 62 of 150
building tree 63 of 150
building tree 64 of 150
building tree 65 of 150
building tree 66 of 150
building tree 67 of 150
building tree 68 of 150
building tree 69 of 150
building tree 70 of 150
building tree 71 of 150
building tree 72 of 150
building tree 73 of 150
building tree 74 of 150
building tree 75 of 150
building tree 76 of 150
building tree 77 of 150
building tree 78 of 150
building tree 79 of 150
building tree 80 of 150
building tree 81 of 150
building tree 82 of 150
building tree 83 of 150
building tree 84 of 150
building tree 85 of 150
building tree 86 of 150
building tree 87 of 150
building tree 88 of 150
building tree 89 of 150
building tree 90 of 150
building tree 91 of 150
building tree 92 of 150building tree 93 of 150

building tree 94 of 150
building tree 95 of 150
building tree 96 of 150
building tree 97 of 150
building tree 98 of 150
building tree 99 of 150
building tree 100 of 150
building tree 101 of 150
building tree 102 of 150
building tree 103 of 150
building tree 104 of 150
building tree 105 of 150
building tree 106 of 150
building tree 107 of 150
building tree 108 of 150
building tree 109 of 150
building tree 110 of 150
building tree 111 of 150
building tree 112 of 150
building tree 113 of 150
building tree 114 of 150building tree 115 of 150

building tree 116 of 150
building tree 117 of 150
building tree 118 of 150
building tree 119 of 150
building tree 120 of 150
building tree 121 of 150
building tree 122 of 150
building tree 123 of 150
building tree 124 of 150
building tree 125 of 150
building tree 126 of 150
building tree 127 of 150
building tree 128 of 150
building tree 129 of 150
building tree 130 of 150
building tree 131 of 150
building tree 132 of 150
building tree 133 of 150
building tree 134 of 150
building tree 135 of 150
building tree 136 of 150
building tree 137 of 150
building tree 138 of 150
building tree 139 of 150
building tree 140 of 150
building tree 141 of 150
building tree 142 of 150
building tree 143 of 150
building tree 144 of 150
building tree 145 of 150
building tree 146 of 150building tree 147 of 150

building tree 148 of 150
building tree 149 of 150
building tree 150 of 150
[Parallel(n_jobs=2)]: Done 150 out of 150 | elapsed:    1.2s finished
[Parallel(n_jobs=2)]: Using backend ThreadingBackend with 2 concurrent workers.
[Parallel(n_jobs=2)]: Done  37 tasks      | elapsed:    0.0s
[Parallel(n_jobs=2)]: Done 150 out of 150 | elapsed:    0.0s finished
[CV] END max_depth=None, min_samples_split=10, n_estimators=150; total time=   1.3s
[Parallel(n_jobs=2)]: Using backend ThreadingBackend with 2 concurrent workers.
building tree 1 of 150
building tree 2 of 150
building tree 3 of 150
building tree 4 of 150
building tree 5 of 150
building tree 6 of 150
building tree 7 of 150
building tree 8 of 150
building tree 9 of 150
building tree 10 of 150
building tree 11 of 150building tree 12 of 150

building tree 13 of 150
building tree 14 of 150
building tree 15 of 150
building tree 16 of 150
building tree 17 of 150
building tree 18 of 150
building tree 19 of 150
building tree 20 of 150
building tree 21 of 150
building tree 22 of 150
building tree 23 of 150
building tree 24 of 150
building tree 25 of 150
building tree 26 of 150
building tree 27 of 150
building tree 28 of 150
building tree 29 of 150
building tree 30 of 150
building tree 31 of 150
building tree 32 of 150
building tree 33 of 150
building tree 34 of 150
building tree 35 of 150
building tree 36 of 150
building tree 37 of 150
building tree 38 of 150
building tree 39 of 150[Parallel(n_jobs=2)]: Done  37 tasks      | elapsed:    0.4s

building tree 40 of 150
building tree 41 of 150
building tree 42 of 150
building tree 43 of 150
building tree 44 of 150
building tree 45 of 150
building tree 46 of 150
building tree 47 of 150
building tree 48 of 150
building tree 49 of 150
building tree 50 of 150
building tree 51 of 150
building tree 52 of 150
building tree 53 of 150
building tree 54 of 150
building tree 55 of 150
building tree 56 of 150
building tree 57 of 150
building tree 58 of 150
building tree 59 of 150
building tree 60 of 150
building tree 61 of 150
building tree 62 of 150
building tree 63 of 150building tree 64 of 150

building tree 65 of 150
building tree 66 of 150
building tree 67 of 150
building tree 68 of 150
building tree 69 of 150
building tree 70 of 150
building tree 71 of 150
building tree 72 of 150
building tree 73 of 150
building tree 74 of 150
building tree 75 of 150
building tree 76 of 150
building tree 77 of 150
building tree 78 of 150
building tree 79 of 150
building tree 80 of 150
building tree 81 of 150
building tree 82 of 150
building tree 83 of 150
building tree 84 of 150
building tree 85 of 150
building tree 86 of 150
building tree 87 of 150
building tree 88 of 150
building tree 89 of 150
building tree 90 of 150
building tree 91 of 150
building tree 92 of 150
building tree 93 of 150
building tree 94 of 150
building tree 95 of 150
building tree 96 of 150
building tree 97 of 150
building tree 98 of 150
building tree 99 of 150
building tree 100 of 150
building tree 101 of 150
building tree 102 of 150
building tree 103 of 150
building tree 104 of 150
building tree 105 of 150
building tree 106 of 150
building tree 107 of 150
building tree 108 of 150
building tree 109 of 150
building tree 110 of 150
building tree 111 of 150
building tree 112 of 150
building tree 113 of 150
building tree 114 of 150
building tree 115 of 150
building tree 116 of 150
building tree 117 of 150
building tree 118 of 150
building tree 119 of 150
building tree 120 of 150
building tree 121 of 150
building tree 122 of 150
building tree 123 of 150
building tree 124 of 150
building tree 125 of 150
building tree 126 of 150
building tree 127 of 150
building tree 128 of 150
building tree 129 of 150
building tree 130 of 150
building tree 131 of 150
building tree 132 of 150
building tree 133 of 150
building tree 134 of 150
building tree 135 of 150
building tree 136 of 150
building tree 137 of 150
building tree 138 of 150
building tree 139 of 150
building tree 140 of 150
building tree 141 of 150
building tree 142 of 150
building tree 143 of 150building tree 144 of 150

building tree 145 of 150
building tree 146 of 150
building tree 147 of 150
building tree 148 of 150
building tree 149 of 150
building tree 150 of 150
[Parallel(n_jobs=2)]: Done 150 out of 150 | elapsed:    1.3s finished
[Parallel(n_jobs=2)]: Using backend ThreadingBackend with 2 concurrent workers.
[Parallel(n_jobs=2)]: Done  37 tasks      | elapsed:    0.0s
[Parallel(n_jobs=2)]: Done 150 out of 150 | elapsed:    0.0s finished
[CV] END max_depth=None, min_samples_split=10, n_estimators=150; total time=   1.4s
[Parallel(n_jobs=2)]: Using backend ThreadingBackend with 2 concurrent workers.
building tree 1 of 50
building tree 2 of 50
building tree 3 of 50building tree 4 of 50

building tree 5 of 50
building tree 6 of 50
building tree 7 of 50
building tree 8 of 50
building tree 9 of 50
building tree 10 of 50
building tree 11 of 50
building tree 12 of 50
building tree 13 of 50
building tree 14 of 50
building tree 15 of 50
building tree 16 of 50
building tree 17 of 50
building tree 18 of 50
building tree 19 of 50
building tree 20 of 50
building tree 21 of 50
building tree 22 of 50
building tree 23 of 50
building tree 24 of 50
building tree 25 of 50
building tree 26 of 50
building tree 27 of 50
building tree 28 of 50
building tree 29 of 50building tree 30 of 50

building tree 31 of 50
building tree 32 of 50
building tree 33 of 50
building tree 34 of 50
building tree 35 of 50
building tree 36 of 50
building tree 37 of 50
building tree 38 of 50
building tree 39 of 50
[Parallel(n_jobs=2)]: Done  37 tasks      | elapsed:    0.3s
building tree 40 of 50
building tree 41 of 50
building tree 42 of 50
building tree 43 of 50
building tree 44 of 50
building tree 45 of 50
building tree 46 of 50
building tree 47 of 50
building tree 48 of 50
building tree 49 of 50
building tree 50 of 50
[Parallel(n_jobs=2)]: Done  50 out of  50 | elapsed:    0.4s finished
[Parallel(n_jobs=2)]: Using backend ThreadingBackend with 2 concurrent workers.
[Parallel(n_jobs=2)]: Done  37 tasks      | elapsed:    0.0s
[Parallel(n_jobs=2)]: Done  50 out of  50 | elapsed:    0.0s finished
[CV] END max_depth=None, min_samples_split=15, n_estimators=50; total time=   0.4s
[Parallel(n_jobs=2)]: Using backend ThreadingBackend with 2 concurrent workers.
building tree 1 of 50
building tree 2 of 50
building tree 3 of 50
building tree 4 of 50
building tree 5 of 50
building tree 6 of 50
building tree 7 of 50
building tree 8 of 50
building tree 9 of 50
building tree 10 of 50
building tree 11 of 50
building tree 12 of 50
building tree 13 of 50
building tree 14 of 50
building tree 15 of 50
building tree 16 of 50
building tree 17 of 50
building tree 18 of 50
building tree 19 of 50
building tree 20 of 50
building tree 21 of 50
building tree 22 of 50
building tree 23 of 50
building tree 24 of 50
building tree 25 of 50
building tree 26 of 50
building tree 27 of 50
building tree 28 of 50
building tree 29 of 50
building tree 30 of 50
building tree 31 of 50
building tree 32 of 50
building tree 33 of 50
building tree 34 of 50
building tree 35 of 50
building tree 36 of 50
building tree 37 of 50
building tree 38 of 50
building tree 39 of 50[Parallel(n_jobs=2)]: Done  37 tasks      | elapsed:    0.3s

building tree 40 of 50
building tree 41 of 50
building tree 42 of 50
building tree 43 of 50
building tree 44 of 50
building tree 45 of 50
building tree 46 of 50
building tree 47 of 50
building tree 48 of 50
building tree 49 of 50
building tree 50 of 50
[Parallel(n_jobs=2)]: Done  50 out of  50 | elapsed:    0.4s finished
[Parallel(n_jobs=2)]: Using backend ThreadingBackend with 2 concurrent workers.
[Parallel(n_jobs=2)]: Done  37 tasks      | elapsed:    0.0s
[Parallel(n_jobs=2)]: Done  50 out of  50 | elapsed:    0.0s finished
[CV] END max_depth=None, min_samples_split=15, n_estimators=50; total time=   0.4s
[Parallel(n_jobs=2)]: Using backend ThreadingBackend with 2 concurrent workers.
building tree 1 of 50building tree 2 of 50

building tree 3 of 50
building tree 4 of 50
building tree 5 of 50
building tree 6 of 50
building tree 7 of 50
building tree 8 of 50
building tree 9 of 50
building tree 10 of 50
building tree 11 of 50
building tree 12 of 50
building tree 13 of 50
building tree 14 of 50
building tree 15 of 50
building tree 16 of 50
building tree 17 of 50
building tree 18 of 50
building tree 19 of 50
building tree 20 of 50
building tree 21 of 50
building tree 22 of 50
building tree 23 of 50
building tree 24 of 50
building tree 25 of 50
building tree 26 of 50
building tree 27 of 50
building tree 28 of 50
building tree 29 of 50
building tree 30 of 50
building tree 31 of 50
building tree 32 of 50
building tree 33 of 50
building tree 34 of 50
building tree 35 of 50
building tree 36 of 50
building tree 37 of 50
building tree 38 of 50
building tree 39 of 50[Parallel(n_jobs=2)]: Done  37 tasks      | elapsed:    0.3s

building tree 40 of 50
building tree 41 of 50
building tree 42 of 50
building tree 43 of 50
building tree 44 of 50
building tree 45 of 50
building tree 46 of 50
building tree 47 of 50
building tree 48 of 50
building tree 49 of 50
building tree 50 of 50
[Parallel(n_jobs=2)]: Done  50 out of  50 | elapsed:    0.4s finished
[Parallel(n_jobs=2)]: Using backend ThreadingBackend with 2 concurrent workers.
[Parallel(n_jobs=2)]: Done  37 tasks      | elapsed:    0.0s
[Parallel(n_jobs=2)]: Done  50 out of  50 | elapsed:    0.0s finished
[CV] END max_depth=None, min_samples_split=15, n_estimators=50; total time=   0.4s
[Parallel(n_jobs=2)]: Using backend ThreadingBackend with 2 concurrent workers.
building tree 1 of 50
building tree 2 of 50
building tree 3 of 50
building tree 4 of 50
building tree 5 of 50
building tree 6 of 50
building tree 7 of 50
building tree 8 of 50
building tree 9 of 50
building tree 10 of 50
building tree 11 of 50
building tree 12 of 50
building tree 13 of 50
building tree 14 of 50
building tree 15 of 50
building tree 16 of 50
building tree 17 of 50
building tree 18 of 50
building tree 19 of 50
building tree 20 of 50
building tree 21 of 50
building tree 22 of 50
building tree 23 of 50
building tree 24 of 50
building tree 25 of 50
building tree 26 of 50
building tree 27 of 50
building tree 28 of 50
building tree 29 of 50
building tree 30 of 50
building tree 31 of 50
building tree 32 of 50
building tree 33 of 50
building tree 34 of 50
building tree 35 of 50
building tree 36 of 50
building tree 37 of 50
building tree 38 of 50
building tree 39 of 50[Parallel(n_jobs=2)]: Done  37 tasks      | elapsed:    0.3s

building tree 40 of 50
building tree 41 of 50
building tree 42 of 50
building tree 43 of 50
building tree 44 of 50
building tree 45 of 50
building tree 46 of 50
building tree 47 of 50
building tree 48 of 50
building tree 49 of 50
building tree 50 of 50
[Parallel(n_jobs=2)]: Done  50 out of  50 | elapsed:    0.4s finished
[Parallel(n_jobs=2)]: Using backend ThreadingBackend with 2 concurrent workers.
[Parallel(n_jobs=2)]: Done  37 tasks      | elapsed:    0.0s
[Parallel(n_jobs=2)]: Done  50 out of  50 | elapsed:    0.0s finished
[CV] END max_depth=None, min_samples_split=15, n_estimators=50; total time=   0.4s
[Parallel(n_jobs=2)]: Using backend ThreadingBackend with 2 concurrent workers.
building tree 1 of 50
building tree 2 of 50
building tree 3 of 50
building tree 4 of 50
building tree 5 of 50
building tree 6 of 50
building tree 7 of 50
building tree 8 of 50
building tree 9 of 50
building tree 10 of 50
building tree 11 of 50
building tree 12 of 50
building tree 13 of 50
building tree 14 of 50
building tree 15 of 50
building tree 16 of 50
building tree 17 of 50
building tree 18 of 50
building tree 19 of 50
building tree 20 of 50
building tree 21 of 50
building tree 22 of 50
building tree 23 of 50
building tree 24 of 50
building tree 25 of 50
building tree 26 of 50
building tree 27 of 50
building tree 28 of 50
building tree 29 of 50
building tree 30 of 50
building tree 31 of 50
building tree 32 of 50
building tree 33 of 50
building tree 34 of 50
building tree 35 of 50
building tree 36 of 50
building tree 37 of 50
building tree 38 of 50
building tree 39 of 50[Parallel(n_jobs=2)]: Done  37 tasks      | elapsed:    0.3s

building tree 40 of 50
building tree 41 of 50
building tree 42 of 50
building tree 43 of 50
building tree 44 of 50
building tree 45 of 50
building tree 46 of 50
building tree 47 of 50
building tree 48 of 50
building tree 49 of 50
building tree 50 of 50
[Parallel(n_jobs=2)]: Done  50 out of  50 | elapsed:    0.4s finished
[Parallel(n_jobs=2)]: Using backend ThreadingBackend with 2 concurrent workers.
[Parallel(n_jobs=2)]: Done  37 tasks      | elapsed:    0.0s
[Parallel(n_jobs=2)]: Done  50 out of  50 | elapsed:    0.0s finished
[CV] END max_depth=None, min_samples_split=15, n_estimators=50; total time=   0.5s
[Parallel(n_jobs=2)]: Using backend ThreadingBackend with 2 concurrent workers.
building tree 1 of 100
building tree 2 of 100
building tree 3 of 100
building tree 4 of 100
building tree 5 of 100
building tree 6 of 100
building tree 7 of 100
building tree 8 of 100
building tree 9 of 100
building tree 10 of 100
building tree 11 of 100
building tree 12 of 100
building tree 13 of 100
building tree 14 of 100
building tree 15 of 100
building tree 16 of 100
building tree 17 of 100
building tree 18 of 100
building tree 19 of 100
building tree 20 of 100
building tree 21 of 100
building tree 22 of 100
building tree 23 of 100
building tree 24 of 100
building tree 25 of 100
building tree 26 of 100
building tree 27 of 100
building tree 28 of 100
building tree 29 of 100
building tree 30 of 100
building tree 31 of 100
building tree 32 of 100
building tree 33 of 100
building tree 34 of 100
building tree 35 of 100
building tree 36 of 100
building tree 37 of 100
building tree 38 of 100
building tree 39 of 100[Parallel(n_jobs=2)]: Done  37 tasks      | elapsed:    0.3s

building tree 40 of 100
building tree 41 of 100
building tree 42 of 100
building tree 43 of 100
building tree 44 of 100
building tree 45 of 100
building tree 46 of 100
building tree 47 of 100
building tree 48 of 100
building tree 49 of 100
building tree 50 of 100
building tree 51 of 100
building tree 52 of 100
building tree 53 of 100
building tree 54 of 100
building tree 55 of 100
building tree 56 of 100
building tree 57 of 100
building tree 58 of 100
building tree 59 of 100
building tree 60 of 100
building tree 61 of 100
building tree 62 of 100
building tree 63 of 100
building tree 64 of 100
building tree 65 of 100
building tree 66 of 100
building tree 67 of 100
building tree 68 of 100
building tree 69 of 100
building tree 70 of 100
building tree 71 of 100
building tree 72 of 100
building tree 73 of 100
building tree 74 of 100
building tree 75 of 100
building tree 76 of 100
building tree 77 of 100
building tree 78 of 100
building tree 79 of 100
building tree 80 of 100
building tree 81 of 100
building tree 82 of 100
building tree 83 of 100
building tree 84 of 100
building tree 85 of 100
building tree 86 of 100
building tree 87 of 100
building tree 88 of 100
building tree 89 of 100
building tree 90 of 100
building tree 91 of 100
building tree 92 of 100
building tree 93 of 100
building tree 94 of 100
building tree 95 of 100
building tree 96 of 100
building tree 97 of 100
building tree 98 of 100
building tree 99 of 100
building tree 100 of 100
[Parallel(n_jobs=2)]: Done 100 out of 100 | elapsed:    0.8s finished
[Parallel(n_jobs=2)]: Using backend ThreadingBackend with 2 concurrent workers.
[Parallel(n_jobs=2)]: Done  37 tasks      | elapsed:    0.0s
[Parallel(n_jobs=2)]: Done 100 out of 100 | elapsed:    0.0s finished
[CV] END max_depth=None, min_samples_split=15, n_estimators=100; total time=   0.8s
[Parallel(n_jobs=2)]: Using backend ThreadingBackend with 2 concurrent workers.
building tree 1 of 100
building tree 2 of 100
building tree 3 of 100
building tree 4 of 100
building tree 5 of 100
building tree 6 of 100
building tree 7 of 100
building tree 8 of 100
building tree 9 of 100
building tree 10 of 100
building tree 11 of 100
building tree 12 of 100
building tree 13 of 100
building tree 14 of 100
building tree 15 of 100
building tree 16 of 100
building tree 17 of 100
building tree 18 of 100
building tree 19 of 100
building tree 20 of 100
building tree 21 of 100
building tree 22 of 100
building tree 23 of 100
building tree 24 of 100
building tree 25 of 100
building tree 26 of 100
building tree 27 of 100
building tree 28 of 100
building tree 29 of 100
building tree 30 of 100
building tree 31 of 100
building tree 32 of 100
building tree 33 of 100
building tree 34 of 100
building tree 35 of 100
building tree 36 of 100
building tree 37 of 100
building tree 38 of 100
building tree 39 of 100[Parallel(n_jobs=2)]: Done  37 tasks      | elapsed:    0.3s

building tree 40 of 100
building tree 41 of 100
building tree 42 of 100
building tree 43 of 100
building tree 44 of 100
building tree 45 of 100
building tree 46 of 100
building tree 47 of 100
building tree 48 of 100
building tree 49 of 100
building tree 50 of 100
building tree 51 of 100
building tree 52 of 100
building tree 53 of 100
building tree 54 of 100
building tree 55 of 100
building tree 56 of 100
building tree 57 of 100
building tree 58 of 100
building tree 59 of 100
building tree 60 of 100
building tree 61 of 100
building tree 62 of 100
building tree 63 of 100
building tree 64 of 100
building tree 65 of 100
building tree 66 of 100
building tree 67 of 100
building tree 68 of 100
building tree 69 of 100
building tree 70 of 100
building tree 71 of 100
building tree 72 of 100
building tree 73 of 100
building tree 74 of 100
building tree 75 of 100
building tree 76 of 100
building tree 77 of 100
building tree 78 of 100
building tree 79 of 100
building tree 80 of 100
building tree 81 of 100
building tree 82 of 100
building tree 83 of 100
building tree 84 of 100
building tree 85 of 100
building tree 86 of 100
building tree 87 of 100building tree 88 of 100

building tree 89 of 100
building tree 90 of 100
building tree 91 of 100
building tree 92 of 100
building tree 93 of 100
building tree 94 of 100
building tree 95 of 100
building tree 96 of 100
building tree 97 of 100
building tree 98 of 100
building tree 99 of 100
building tree 100 of 100
[Parallel(n_jobs=2)]: Done 100 out of 100 | elapsed:    0.8s finished
[Parallel(n_jobs=2)]: Using backend ThreadingBackend with 2 concurrent workers.
[Parallel(n_jobs=2)]: Done  37 tasks      | elapsed:    0.0s
[Parallel(n_jobs=2)]: Done 100 out of 100 | elapsed:    0.0s finished
[CV] END max_depth=None, min_samples_split=15, n_estimators=100; total time=   0.8s
[Parallel(n_jobs=2)]: Using backend ThreadingBackend with 2 concurrent workers.
building tree 1 of 100building tree 2 of 100

building tree 3 of 100
building tree 4 of 100
building tree 5 of 100
building tree 6 of 100
building tree 7 of 100
building tree 8 of 100
building tree 9 of 100
building tree 10 of 100
building tree 11 of 100
building tree 12 of 100
building tree 13 of 100
building tree 14 of 100
building tree 15 of 100
building tree 16 of 100
building tree 17 of 100
building tree 18 of 100
building tree 19 of 100
building tree 20 of 100
building tree 21 of 100
building tree 22 of 100
building tree 23 of 100
building tree 24 of 100
building tree 25 of 100
building tree 26 of 100
building tree 27 of 100
building tree 28 of 100
building tree 29 of 100
building tree 30 of 100
building tree 31 of 100
building tree 32 of 100
building tree 33 of 100
building tree 34 of 100
building tree 35 of 100
building tree 36 of 100
building tree 37 of 100
building tree 38 of 100
building tree 39 of 100
[Parallel(n_jobs=2)]: Done  37 tasks      | elapsed:    0.3s
building tree 40 of 100
building tree 41 of 100
building tree 42 of 100
building tree 43 of 100
building tree 44 of 100
building tree 45 of 100
building tree 46 of 100
building tree 47 of 100
building tree 48 of 100
building tree 49 of 100
building tree 50 of 100
building tree 51 of 100
building tree 52 of 100
building tree 53 of 100
building tree 54 of 100
building tree 55 of 100
building tree 56 of 100
building tree 57 of 100
building tree 58 of 100
building tree 59 of 100
building tree 60 of 100
building tree 61 of 100
building tree 62 of 100
building tree 63 of 100
building tree 64 of 100
building tree 65 of 100
building tree 66 of 100
building tree 67 of 100
building tree 68 of 100
building tree 69 of 100
building tree 70 of 100
building tree 71 of 100
building tree 72 of 100
building tree 73 of 100
building tree 74 of 100
building tree 75 of 100
building tree 76 of 100
building tree 77 of 100
building tree 78 of 100
building tree 79 of 100
building tree 80 of 100
building tree 81 of 100
building tree 82 of 100
building tree 83 of 100
building tree 84 of 100
building tree 85 of 100
building tree 86 of 100
building tree 87 of 100
building tree 88 of 100
building tree 89 of 100
building tree 90 of 100
building tree 91 of 100
building tree 92 of 100
building tree 93 of 100
building tree 94 of 100
building tree 95 of 100
building tree 96 of 100
building tree 97 of 100
building tree 98 of 100
building tree 99 of 100
building tree 100 of 100
[Parallel(n_jobs=2)]: Done 100 out of 100 | elapsed:    0.8s finished
[Parallel(n_jobs=2)]: Using backend ThreadingBackend with 2 concurrent workers.
[Parallel(n_jobs=2)]: Done  37 tasks      | elapsed:    0.0s
[Parallel(n_jobs=2)]: Done 100 out of 100 | elapsed:    0.0s finished
[CV] END max_depth=None, min_samples_split=15, n_estimators=100; total time=   0.9s
[Parallel(n_jobs=2)]: Using backend ThreadingBackend with 2 concurrent workers.
building tree 1 of 100building tree 2 of 100

building tree 3 of 100
building tree 4 of 100
building tree 5 of 100
building tree 6 of 100
building tree 7 of 100
building tree 8 of 100
building tree 9 of 100
building tree 10 of 100
building tree 11 of 100
building tree 12 of 100
building tree 13 of 100
building tree 14 of 100
building tree 15 of 100
building tree 16 of 100
building tree 17 of 100
building tree 18 of 100
building tree 19 of 100
building tree 20 of 100
building tree 21 of 100
building tree 22 of 100
building tree 23 of 100
building tree 24 of 100
building tree 25 of 100
building tree 26 of 100
building tree 27 of 100
building tree 28 of 100
building tree 29 of 100
building tree 30 of 100
building tree 31 of 100
building tree 32 of 100
building tree 33 of 100
building tree 34 of 100
building tree 35 of 100
building tree 36 of 100
building tree 37 of 100
building tree 38 of 100
building tree 39 of 100[Parallel(n_jobs=2)]: Done  37 tasks      | elapsed:    0.3s

building tree 40 of 100
building tree 41 of 100
building tree 42 of 100
building tree 43 of 100
building tree 44 of 100
building tree 45 of 100
building tree 46 of 100
building tree 47 of 100
building tree 48 of 100
building tree 49 of 100
building tree 50 of 100
building tree 51 of 100
building tree 52 of 100
building tree 53 of 100
building tree 54 of 100
building tree 55 of 100
building tree 56 of 100
building tree 57 of 100
building tree 58 of 100
building tree 59 of 100
building tree 60 of 100
building tree 61 of 100
building tree 62 of 100
building tree 63 of 100
building tree 64 of 100
building tree 65 of 100
building tree 66 of 100
building tree 67 of 100
building tree 68 of 100
building tree 69 of 100
building tree 70 of 100
building tree 71 of 100
building tree 72 of 100
building tree 73 of 100
building tree 74 of 100
building tree 75 of 100
building tree 76 of 100
building tree 77 of 100
building tree 78 of 100
building tree 79 of 100
building tree 80 of 100
building tree 81 of 100
building tree 82 of 100
building tree 83 of 100
building tree 84 of 100
building tree 85 of 100
building tree 86 of 100
building tree 87 of 100
building tree 88 of 100
building tree 89 of 100
building tree 90 of 100
building tree 91 of 100
building tree 92 of 100
building tree 93 of 100
building tree 94 of 100
building tree 95 of 100
building tree 96 of 100
building tree 97 of 100
building tree 98 of 100
building tree 99 of 100
building tree 100 of 100
[Parallel(n_jobs=2)]: Done 100 out of 100 | elapsed:    0.7s finished
[Parallel(n_jobs=2)]: Using backend ThreadingBackend with 2 concurrent workers.
[Parallel(n_jobs=2)]: Done  37 tasks      | elapsed:    0.0s
[Parallel(n_jobs=2)]: Done 100 out of 100 | elapsed:    0.0s finished
[CV] END max_depth=None, min_samples_split=15, n_estimators=100; total time=   0.8s
[Parallel(n_jobs=2)]: Using backend ThreadingBackend with 2 concurrent workers.
building tree 1 of 100
building tree 2 of 100
building tree 3 of 100
building tree 4 of 100
building tree 5 of 100
building tree 6 of 100
building tree 7 of 100
building tree 8 of 100
building tree 9 of 100
building tree 10 of 100
building tree 11 of 100
building tree 12 of 100
building tree 13 of 100
building tree 14 of 100
building tree 15 of 100
building tree 16 of 100
building tree 17 of 100
building tree 18 of 100
building tree 19 of 100
building tree 20 of 100
building tree 21 of 100
building tree 22 of 100
building tree 23 of 100
building tree 24 of 100
building tree 25 of 100
building tree 26 of 100
building tree 27 of 100
building tree 28 of 100
building tree 29 of 100
building tree 30 of 100
building tree 31 of 100
building tree 32 of 100
building tree 33 of 100
building tree 34 of 100
building tree 35 of 100
building tree 36 of 100
building tree 37 of 100
building tree 38 of 100
building tree 39 of 100[Parallel(n_jobs=2)]: Done  37 tasks      | elapsed:    0.3s

building tree 40 of 100
building tree 41 of 100
building tree 42 of 100
building tree 43 of 100
building tree 44 of 100
building tree 45 of 100
building tree 46 of 100
building tree 47 of 100
building tree 48 of 100
building tree 49 of 100
building tree 50 of 100
building tree 51 of 100
building tree 52 of 100
building tree 53 of 100
building tree 54 of 100
building tree 55 of 100
building tree 56 of 100
building tree 57 of 100
building tree 58 of 100
building tree 59 of 100
building tree 60 of 100
building tree 61 of 100
building tree 62 of 100
building tree 63 of 100
building tree 64 of 100
building tree 65 of 100
building tree 66 of 100
building tree 67 of 100
building tree 68 of 100
building tree 69 of 100
building tree 70 of 100
building tree 71 of 100
building tree 72 of 100
building tree 73 of 100
building tree 74 of 100
building tree 75 of 100
building tree 76 of 100
building tree 77 of 100
building tree 78 of 100
building tree 79 of 100
building tree 80 of 100
building tree 81 of 100
building tree 82 of 100
building tree 83 of 100
building tree 84 of 100
building tree 85 of 100
building tree 86 of 100
building tree 87 of 100
building tree 88 of 100
building tree 89 of 100
building tree 90 of 100
building tree 91 of 100
building tree 92 of 100
building tree 93 of 100
building tree 94 of 100
building tree 95 of 100
building tree 96 of 100
building tree 97 of 100
building tree 98 of 100
building tree 99 of 100
building tree 100 of 100
[Parallel(n_jobs=2)]: Done 100 out of 100 | elapsed:    0.8s finished
[Parallel(n_jobs=2)]: Using backend ThreadingBackend with 2 concurrent workers.
[Parallel(n_jobs=2)]: Done  37 tasks      | elapsed:    0.0s
[Parallel(n_jobs=2)]: Done 100 out of 100 | elapsed:    0.0s finished
[CV] END max_depth=None, min_samples_split=15, n_estimators=100; total time=   0.9s
[Parallel(n_jobs=2)]: Using backend ThreadingBackend with 2 concurrent workers.
building tree 1 of 150building tree 2 of 150

building tree 3 of 150
building tree 4 of 150
building tree 5 of 150
building tree 6 of 150
building tree 7 of 150
building tree 8 of 150
building tree 9 of 150
building tree 10 of 150
building tree 11 of 150
building tree 12 of 150
building tree 13 of 150
building tree 14 of 150
building tree 15 of 150
building tree 16 of 150
building tree 17 of 150
building tree 18 of 150
building tree 19 of 150
building tree 20 of 150
building tree 21 of 150
building tree 22 of 150
building tree 23 of 150
building tree 24 of 150
building tree 25 of 150
building tree 26 of 150
building tree 27 of 150
building tree 28 of 150
building tree 29 of 150
building tree 30 of 150
building tree 31 of 150
building tree 32 of 150
building tree 33 of 150
building tree 34 of 150
building tree 35 of 150
building tree 36 of 150
building tree 37 of 150
building tree 38 of 150
building tree 39 of 150[Parallel(n_jobs=2)]: Done  37 tasks      | elapsed:    0.3s

building tree 40 of 150
building tree 41 of 150
building tree 42 of 150
building tree 43 of 150
building tree 44 of 150
building tree 45 of 150
building tree 46 of 150
building tree 47 of 150
building tree 48 of 150
building tree 49 of 150
building tree 50 of 150
building tree 51 of 150
building tree 52 of 150
building tree 53 of 150
building tree 54 of 150
building tree 55 of 150
building tree 56 of 150
building tree 57 of 150
building tree 58 of 150
building tree 59 of 150
building tree 60 of 150
building tree 61 of 150
building tree 62 of 150
building tree 63 of 150
building tree 64 of 150
building tree 65 of 150
building tree 66 of 150
building tree 67 of 150
building tree 68 of 150
building tree 69 of 150
building tree 70 of 150
building tree 71 of 150
building tree 72 of 150
building tree 73 of 150
building tree 74 of 150
building tree 75 of 150
building tree 76 of 150
building tree 77 of 150
building tree 78 of 150
building tree 79 of 150
building tree 80 of 150
building tree 81 of 150
building tree 82 of 150
building tree 83 of 150
building tree 84 of 150
building tree 85 of 150
building tree 86 of 150
building tree 87 of 150
building tree 88 of 150
building tree 89 of 150
building tree 90 of 150
building tree 91 of 150
building tree 92 of 150
building tree 93 of 150
building tree 94 of 150
building tree 95 of 150
building tree 96 of 150
building tree 97 of 150
building tree 98 of 150
building tree 99 of 150
building tree 100 of 150
building tree 101 of 150
building tree 102 of 150
building tree 103 of 150
building tree 104 of 150
building tree 105 of 150
building tree 106 of 150
building tree 107 of 150
building tree 108 of 150
building tree 109 of 150
building tree 110 of 150
building tree 111 of 150
building tree 112 of 150
building tree 113 of 150
building tree 114 of 150
building tree 115 of 150
building tree 116 of 150
building tree 117 of 150
building tree 118 of 150
building tree 119 of 150
building tree 120 of 150
building tree 121 of 150
building tree 122 of 150
building tree 123 of 150
building tree 124 of 150
building tree 125 of 150
building tree 126 of 150
building tree 127 of 150
building tree 128 of 150
building tree 129 of 150
building tree 130 of 150
building tree 131 of 150
building tree 132 of 150
building tree 133 of 150
building tree 134 of 150
building tree 135 of 150
building tree 136 of 150
building tree 137 of 150
building tree 138 of 150
building tree 139 of 150
building tree 140 of 150
building tree 141 of 150
building tree 142 of 150
building tree 143 of 150
building tree 144 of 150
building tree 145 of 150
building tree 146 of 150
building tree 147 of 150
building tree 148 of 150
building tree 149 of 150
building tree 150 of 150
[Parallel(n_jobs=2)]: Done 150 out of 150 | elapsed:    1.2s finished
[Parallel(n_jobs=2)]: Using backend ThreadingBackend with 2 concurrent workers.
[Parallel(n_jobs=2)]: Done  37 tasks      | elapsed:    0.0s
[Parallel(n_jobs=2)]: Done 150 out of 150 | elapsed:    0.0s finished
[CV] END max_depth=None, min_samples_split=15, n_estimators=150; total time=   1.2s
[Parallel(n_jobs=2)]: Using backend ThreadingBackend with 2 concurrent workers.
building tree 1 of 150building tree 2 of 150

building tree 3 of 150
building tree 4 of 150
building tree 5 of 150
building tree 6 of 150
building tree 7 of 150
building tree 8 of 150
building tree 9 of 150
building tree 10 of 150
building tree 11 of 150
building tree 12 of 150
building tree 13 of 150
building tree 14 of 150
building tree 15 of 150
building tree 16 of 150
building tree 17 of 150
building tree 18 of 150
building tree 19 of 150
building tree 20 of 150
building tree 21 of 150
building tree 22 of 150
building tree 23 of 150
building tree 24 of 150
building tree 25 of 150
building tree 26 of 150
building tree 27 of 150
building tree 28 of 150
building tree 29 of 150
building tree 30 of 150
building tree 31 of 150
building tree 32 of 150
building tree 33 of 150
building tree 34 of 150
building tree 35 of 150
building tree 36 of 150
building tree 37 of 150
building tree 38 of 150
building tree 39 of 150[Parallel(n_jobs=2)]: Done  37 tasks      | elapsed:    0.3s

building tree 40 of 150
building tree 41 of 150
building tree 42 of 150
building tree 43 of 150
building tree 44 of 150
building tree 45 of 150
building tree 46 of 150
building tree 47 of 150
building tree 48 of 150
building tree 49 of 150
building tree 50 of 150
building tree 51 of 150
building tree 52 of 150
building tree 53 of 150
building tree 54 of 150
building tree 55 of 150
building tree 56 of 150
building tree 57 of 150
building tree 58 of 150
building tree 59 of 150
building tree 60 of 150
building tree 61 of 150
building tree 62 of 150
building tree 63 of 150
building tree 64 of 150
building tree 65 of 150
building tree 66 of 150
building tree 67 of 150
building tree 68 of 150
building tree 69 of 150
building tree 70 of 150
building tree 71 of 150
building tree 72 of 150
building tree 73 of 150
building tree 74 of 150
building tree 75 of 150
building tree 76 of 150
building tree 77 of 150
building tree 78 of 150
building tree 79 of 150
building tree 80 of 150
building tree 81 of 150
building tree 82 of 150
building tree 83 of 150
building tree 84 of 150
building tree 85 of 150
building tree 86 of 150
building tree 87 of 150
building tree 88 of 150
building tree 89 of 150
building tree 90 of 150
building tree 91 of 150
building tree 92 of 150
building tree 93 of 150
building tree 94 of 150
building tree 95 of 150
building tree 96 of 150
building tree 97 of 150
building tree 98 of 150
building tree 99 of 150
building tree 100 of 150
building tree 101 of 150
building tree 102 of 150
building tree 103 of 150
building tree 104 of 150
building tree 105 of 150
building tree 106 of 150
building tree 107 of 150
building tree 108 of 150
building tree 109 of 150
building tree 110 of 150
building tree 111 of 150
building tree 112 of 150
building tree 113 of 150
building tree 114 of 150
building tree 115 of 150
building tree 116 of 150
building tree 117 of 150
building tree 118 of 150
building tree 119 of 150
building tree 120 of 150
building tree 121 of 150
building tree 122 of 150
building tree 123 of 150
building tree 124 of 150
building tree 125 of 150
building tree 126 of 150
building tree 127 of 150
building tree 128 of 150
building tree 129 of 150
building tree 130 of 150
building tree 131 of 150
building tree 132 of 150
building tree 133 of 150
building tree 134 of 150
building tree 135 of 150
building tree 136 of 150
building tree 137 of 150
building tree 138 of 150
building tree 139 of 150
building tree 140 of 150
building tree 141 of 150
building tree 142 of 150
building tree 143 of 150
building tree 144 of 150
building tree 145 of 150
building tree 146 of 150
building tree 147 of 150
building tree 148 of 150
building tree 149 of 150
building tree 150 of 150
[Parallel(n_jobs=2)]: Done 150 out of 150 | elapsed:    1.2s finished
[Parallel(n_jobs=2)]: Using backend ThreadingBackend with 2 concurrent workers.
[Parallel(n_jobs=2)]: Done  37 tasks      | elapsed:    0.0s
[Parallel(n_jobs=2)]: Done 150 out of 150 | elapsed:    0.0s finished
[CV] END max_depth=None, min_samples_split=15, n_estimators=150; total time=   1.3s
[Parallel(n_jobs=2)]: Using backend ThreadingBackend with 2 concurrent workers.
building tree 1 of 150building tree 2 of 150

building tree 3 of 150
building tree 4 of 150
building tree 5 of 150
building tree 6 of 150
building tree 7 of 150
building tree 8 of 150
building tree 9 of 150
building tree 10 of 150
building tree 11 of 150
building tree 12 of 150
building tree 13 of 150
building tree 14 of 150
building tree 15 of 150
building tree 16 of 150
building tree 17 of 150
building tree 18 of 150
building tree 19 of 150
building tree 20 of 150
building tree 21 of 150
building tree 22 of 150
building tree 23 of 150
building tree 24 of 150
building tree 25 of 150
building tree 26 of 150
building tree 27 of 150
building tree 28 of 150
building tree 29 of 150
building tree 30 of 150
building tree 31 of 150
building tree 32 of 150
building tree 33 of 150
building tree 34 of 150
building tree 35 of 150
building tree 36 of 150
building tree 37 of 150building tree 38 of 150

building tree 39 of 150[Parallel(n_jobs=2)]: Done  37 tasks      | elapsed:    0.3s

building tree 40 of 150
building tree 41 of 150
building tree 42 of 150
building tree 43 of 150
building tree 44 of 150
building tree 45 of 150
building tree 46 of 150
building tree 47 of 150
building tree 48 of 150
building tree 49 of 150
building tree 50 of 150
building tree 51 of 150
building tree 52 of 150
building tree 53 of 150
building tree 54 of 150
building tree 55 of 150
building tree 56 of 150
building tree 57 of 150
building tree 58 of 150
building tree 59 of 150
building tree 60 of 150
building tree 61 of 150
building tree 62 of 150
building tree 63 of 150
building tree 64 of 150
building tree 65 of 150
building tree 66 of 150
building tree 67 of 150
building tree 68 of 150
building tree 69 of 150
building tree 70 of 150
building tree 71 of 150
building tree 72 of 150
building tree 73 of 150
building tree 74 of 150
building tree 75 of 150
building tree 76 of 150
building tree 77 of 150
building tree 78 of 150
building tree 79 of 150
building tree 80 of 150
building tree 81 of 150
building tree 82 of 150
building tree 83 of 150
building tree 84 of 150
building tree 85 of 150
building tree 86 of 150
building tree 87 of 150
building tree 88 of 150
building tree 89 of 150
building tree 90 of 150
building tree 91 of 150
building tree 92 of 150
building tree 93 of 150
building tree 94 of 150
building tree 95 of 150
building tree 96 of 150
building tree 97 of 150
building tree 98 of 150
building tree 99 of 150
building tree 100 of 150
building tree 101 of 150
building tree 102 of 150
building tree 103 of 150
building tree 104 of 150
building tree 105 of 150
building tree 106 of 150
building tree 107 of 150
building tree 108 of 150
building tree 109 of 150
building tree 110 of 150
building tree 111 of 150
building tree 112 of 150
building tree 113 of 150
building tree 114 of 150
building tree 115 of 150
building tree 116 of 150
building tree 117 of 150
building tree 118 of 150
building tree 119 of 150
building tree 120 of 150
building tree 121 of 150
building tree 122 of 150
building tree 123 of 150
building tree 124 of 150
building tree 125 of 150
building tree 126 of 150
building tree 127 of 150
building tree 128 of 150
building tree 129 of 150
building tree 130 of 150
building tree 131 of 150
building tree 132 of 150
building tree 133 of 150
building tree 134 of 150
building tree 135 of 150
building tree 136 of 150
building tree 137 of 150
building tree 138 of 150
building tree 139 of 150
building tree 140 of 150
building tree 141 of 150
building tree 142 of 150
building tree 143 of 150
building tree 144 of 150
building tree 145 of 150
building tree 146 of 150
building tree 147 of 150
building tree 148 of 150
building tree 149 of 150
building tree 150 of 150
[Parallel(n_jobs=2)]: Done 150 out of 150 | elapsed:    1.2s finished
[Parallel(n_jobs=2)]: Using backend ThreadingBackend with 2 concurrent workers.
[Parallel(n_jobs=2)]: Done  37 tasks      | elapsed:    0.0s
[Parallel(n_jobs=2)]: Done 150 out of 150 | elapsed:    0.0s finished
[CV] END max_depth=None, min_samples_split=15, n_estimators=150; total time=   1.3s
[Parallel(n_jobs=2)]: Using backend ThreadingBackend with 2 concurrent workers.
building tree 1 of 150
building tree 2 of 150
building tree 3 of 150
building tree 4 of 150
building tree 5 of 150
building tree 6 of 150
building tree 7 of 150
building tree 8 of 150
building tree 9 of 150
building tree 10 of 150
building tree 11 of 150
building tree 12 of 150
building tree 13 of 150
building tree 14 of 150
building tree 15 of 150
building tree 16 of 150
building tree 17 of 150
building tree 18 of 150
building tree 19 of 150
building tree 20 of 150
building tree 21 of 150
building tree 22 of 150
building tree 23 of 150
building tree 24 of 150
building tree 25 of 150
building tree 26 of 150
building tree 27 of 150
building tree 28 of 150
building tree 29 of 150
building tree 30 of 150
building tree 31 of 150
building tree 32 of 150
building tree 33 of 150
building tree 34 of 150
building tree 35 of 150
building tree 36 of 150
building tree 37 of 150
building tree 38 of 150
building tree 39 of 150[Parallel(n_jobs=2)]: Done  37 tasks      | elapsed:    0.3s

building tree 40 of 150
building tree 41 of 150
building tree 42 of 150
building tree 43 of 150
building tree 44 of 150
building tree 45 of 150
building tree 46 of 150
building tree 47 of 150
building tree 48 of 150
building tree 49 of 150
building tree 50 of 150
building tree 51 of 150
building tree 52 of 150
building tree 53 of 150
building tree 54 of 150
building tree 55 of 150
building tree 56 of 150
building tree 57 of 150
building tree 58 of 150
building tree 59 of 150
building tree 60 of 150
building tree 61 of 150
building tree 62 of 150
building tree 63 of 150
building tree 64 of 150
building tree 65 of 150
building tree 66 of 150
building tree 67 of 150
building tree 68 of 150
building tree 69 of 150
building tree 70 of 150
building tree 71 of 150building tree 72 of 150

building tree 73 of 150
building tree 74 of 150
building tree 75 of 150
building tree 76 of 150
building tree 77 of 150
building tree 78 of 150
building tree 79 of 150
building tree 80 of 150
building tree 81 of 150
building tree 82 of 150
building tree 83 of 150
building tree 84 of 150
building tree 85 of 150
building tree 86 of 150
building tree 87 of 150
building tree 88 of 150
building tree 89 of 150
building tree 90 of 150
building tree 91 of 150
building tree 92 of 150
building tree 93 of 150
building tree 94 of 150
building tree 95 of 150
building tree 96 of 150
building tree 97 of 150
building tree 98 of 150
building tree 99 of 150
building tree 100 of 150
building tree 101 of 150
building tree 102 of 150
building tree 103 of 150
building tree 104 of 150
building tree 105 of 150
building tree 106 of 150
building tree 107 of 150
building tree 108 of 150
building tree 109 of 150
building tree 110 of 150
building tree 111 of 150
building tree 112 of 150
building tree 113 of 150
building tree 114 of 150
building tree 115 of 150
building tree 116 of 150
building tree 117 of 150
building tree 118 of 150
building tree 119 of 150
building tree 120 of 150
building tree 121 of 150
building tree 122 of 150
building tree 123 of 150
building tree 124 of 150
building tree 125 of 150
building tree 126 of 150
building tree 127 of 150
building tree 128 of 150
building tree 129 of 150
building tree 130 of 150
building tree 131 of 150
building tree 132 of 150
building tree 133 of 150
building tree 134 of 150
building tree 135 of 150
building tree 136 of 150
building tree 137 of 150
building tree 138 of 150
building tree 139 of 150
building tree 140 of 150
building tree 141 of 150
building tree 142 of 150
building tree 143 of 150
building tree 144 of 150
building tree 145 of 150
building tree 146 of 150
building tree 147 of 150
building tree 148 of 150
building tree 149 of 150
building tree 150 of 150
[Parallel(n_jobs=2)]: Done 150 out of 150 | elapsed:    1.2s finished
[Parallel(n_jobs=2)]: Using backend ThreadingBackend with 2 concurrent workers.
[Parallel(n_jobs=2)]: Done  37 tasks      | elapsed:    0.0s
[Parallel(n_jobs=2)]: Done 150 out of 150 | elapsed:    0.0s finished
[CV] END max_depth=None, min_samples_split=15, n_estimators=150; total time=   1.2s
[Parallel(n_jobs=2)]: Using backend ThreadingBackend with 2 concurrent workers.
building tree 1 of 150
building tree 2 of 150
building tree 3 of 150
building tree 4 of 150
building tree 5 of 150
building tree 6 of 150
building tree 7 of 150
building tree 8 of 150
building tree 9 of 150
building tree 10 of 150
building tree 11 of 150
building tree 12 of 150
building tree 13 of 150
building tree 14 of 150
building tree 15 of 150
building tree 16 of 150
building tree 17 of 150
building tree 18 of 150
building tree 19 of 150
building tree 20 of 150
building tree 21 of 150
building tree 22 of 150
building tree 23 of 150
building tree 24 of 150
building tree 25 of 150
building tree 26 of 150
building tree 27 of 150
building tree 28 of 150
building tree 29 of 150
building tree 30 of 150
building tree 31 of 150
building tree 32 of 150
building tree 33 of 150
building tree 34 of 150
building tree 35 of 150
building tree 36 of 150
building tree 37 of 150
building tree 38 of 150
building tree 39 of 150
[Parallel(n_jobs=2)]: Done  37 tasks      | elapsed:    0.3s
building tree 40 of 150
building tree 41 of 150
building tree 42 of 150
building tree 43 of 150
building tree 44 of 150
building tree 45 of 150
building tree 46 of 150
building tree 47 of 150
building tree 48 of 150
building tree 49 of 150building tree 50 of 150

building tree 51 of 150
building tree 52 of 150
building tree 53 of 150
building tree 54 of 150
building tree 55 of 150
building tree 56 of 150
building tree 57 of 150
building tree 58 of 150
building tree 59 of 150
building tree 60 of 150
building tree 61 of 150
building tree 62 of 150
building tree 63 of 150
building tree 64 of 150
building tree 65 of 150
building tree 66 of 150
building tree 67 of 150
building tree 68 of 150
building tree 69 of 150building tree 70 of 150

building tree 71 of 150
building tree 72 of 150
building tree 73 of 150
building tree 74 of 150
building tree 75 of 150
building tree 76 of 150
building tree 77 of 150
building tree 78 of 150
building tree 79 of 150
building tree 80 of 150
building tree 81 of 150
building tree 82 of 150
building tree 83 of 150
building tree 84 of 150
building tree 85 of 150
building tree 86 of 150
building tree 87 of 150
building tree 88 of 150
building tree 89 of 150
building tree 90 of 150
building tree 91 of 150
building tree 92 of 150
building tree 93 of 150
building tree 94 of 150
building tree 95 of 150
building tree 96 of 150
building tree 97 of 150
building tree 98 of 150
building tree 99 of 150
building tree 100 of 150
building tree 101 of 150
building tree 102 of 150
building tree 103 of 150
building tree 104 of 150
building tree 105 of 150
building tree 106 of 150
building tree 107 of 150
building tree 108 of 150
building tree 109 of 150
building tree 110 of 150
building tree 111 of 150
building tree 112 of 150
building tree 113 of 150
building tree 114 of 150
building tree 115 of 150
building tree 116 of 150
building tree 117 of 150
building tree 118 of 150
building tree 119 of 150
building tree 120 of 150
building tree 121 of 150
building tree 122 of 150
building tree 123 of 150
building tree 124 of 150
building tree 125 of 150
building tree 126 of 150
building tree 127 of 150
building tree 128 of 150
building tree 129 of 150
building tree 130 of 150
building tree 131 of 150
building tree 132 of 150
building tree 133 of 150
building tree 134 of 150
building tree 135 of 150
building tree 136 of 150
building tree 137 of 150
building tree 138 of 150
building tree 139 of 150
building tree 140 of 150
building tree 141 of 150
building tree 142 of 150
building tree 143 of 150
building tree 144 of 150
building tree 145 of 150
building tree 146 of 150
building tree 147 of 150
building tree 148 of 150
building tree 149 of 150
building tree 150 of 150
[Parallel(n_jobs=2)]: Done 150 out of 150 | elapsed:    1.3s finished
[Parallel(n_jobs=2)]: Using backend ThreadingBackend with 2 concurrent workers.
[Parallel(n_jobs=2)]: Done  37 tasks      | elapsed:    0.0s
[Parallel(n_jobs=2)]: Done 150 out of 150 | elapsed:    0.0s finished
[CV] END max_depth=None, min_samples_split=15, n_estimators=150; total time=   1.4s
[Parallel(n_jobs=2)]: Using backend ThreadingBackend with 2 concurrent workers.
building tree 1 of 50building tree 2 of 50

building tree 3 of 50
building tree 4 of 50
building tree 5 of 50
building tree 6 of 50
building tree 7 of 50
building tree 8 of 50
building tree 9 of 50
building tree 10 of 50
building tree 11 of 50
building tree 12 of 50
building tree 13 of 50
building tree 14 of 50
building tree 15 of 50
building tree 16 of 50
building tree 17 of 50
building tree 18 of 50
building tree 19 of 50
building tree 20 of 50
building tree 21 of 50
building tree 22 of 50
building tree 23 of 50
building tree 24 of 50
building tree 25 of 50
building tree 26 of 50
building tree 27 of 50
building tree 28 of 50
building tree 29 of 50
building tree 30 of 50
building tree 31 of 50
building tree 32 of 50
building tree 33 of 50
building tree 34 of 50
building tree 35 of 50
building tree 36 of 50
building tree 37 of 50
building tree 38 of 50
building tree 39 of 50[Parallel(n_jobs=2)]: Done  37 tasks      | elapsed:    0.2s

building tree 40 of 50
building tree 41 of 50
building tree 42 of 50
building tree 43 of 50
building tree 44 of 50
building tree 45 of 50
building tree 46 of 50
building tree 47 of 50
building tree 48 of 50
building tree 49 of 50
building tree 50 of 50
[Parallel(n_jobs=2)]: Done  50 out of  50 | elapsed:    0.3s finished
[Parallel(n_jobs=2)]: Using backend ThreadingBackend with 2 concurrent workers.
[Parallel(n_jobs=2)]: Done  37 tasks      | elapsed:    0.0s
[Parallel(n_jobs=2)]: Done  50 out of  50 | elapsed:    0.0s finished
[CV] END ..max_depth=5, min_samples_split=2, n_estimators=50; total time=   0.3s
[Parallel(n_jobs=2)]: Using backend ThreadingBackend with 2 concurrent workers.
building tree 1 of 50
building tree 2 of 50
building tree 3 of 50
building tree 4 of 50
building tree 5 of 50
building tree 6 of 50
building tree 7 of 50
building tree 8 of 50
building tree 9 of 50
building tree 10 of 50
building tree 11 of 50
building tree 12 of 50
building tree 13 of 50
building tree 14 of 50
building tree 15 of 50
building tree 16 of 50
building tree 17 of 50
building tree 18 of 50
building tree 19 of 50
building tree 20 of 50
building tree 21 of 50
building tree 22 of 50
building tree 23 of 50
building tree 24 of 50
building tree 25 of 50
building tree 26 of 50
building tree 27 of 50
building tree 28 of 50
building tree 29 of 50
building tree 30 of 50
building tree 31 of 50
building tree 32 of 50
building tree 33 of 50
building tree 34 of 50
building tree 35 of 50
building tree 36 of 50
building tree 37 of 50
building tree 38 of 50
building tree 39 of 50[Parallel(n_jobs=2)]: Done  37 tasks      | elapsed:    0.2s

building tree 40 of 50
building tree 41 of 50
building tree 42 of 50
building tree 43 of 50
building tree 44 of 50
building tree 45 of 50
building tree 46 of 50
building tree 47 of 50
building tree 48 of 50
building tree 49 of 50
building tree 50 of 50
[Parallel(n_jobs=2)]: Done  50 out of  50 | elapsed:    0.3s finished
[Parallel(n_jobs=2)]: Using backend ThreadingBackend with 2 concurrent workers.
[Parallel(n_jobs=2)]: Done  37 tasks      | elapsed:    0.0s
[Parallel(n_jobs=2)]: Done  50 out of  50 | elapsed:    0.0s finished
[CV] END ..max_depth=5, min_samples_split=2, n_estimators=50; total time=   0.3s
[Parallel(n_jobs=2)]: Using backend ThreadingBackend with 2 concurrent workers.
building tree 1 of 50
building tree 2 of 50
building tree 3 of 50
building tree 4 of 50
building tree 5 of 50
building tree 6 of 50
building tree 7 of 50
building tree 8 of 50
building tree 9 of 50
building tree 10 of 50
building tree 11 of 50
building tree 12 of 50
building tree 13 of 50
building tree 14 of 50
building tree 15 of 50
building tree 16 of 50
building tree 17 of 50
building tree 18 of 50
building tree 19 of 50
building tree 20 of 50
building tree 21 of 50
building tree 22 of 50
building tree 23 of 50
building tree 24 of 50
building tree 25 of 50
building tree 26 of 50
building tree 27 of 50
building tree 28 of 50
building tree 29 of 50
building tree 30 of 50
building tree 31 of 50
building tree 32 of 50
building tree 33 of 50
building tree 34 of 50
building tree 35 of 50
building tree 36 of 50
building tree 37 of 50
building tree 38 of 50
building tree 39 of 50[Parallel(n_jobs=2)]: Done  37 tasks      | elapsed:    0.2s

building tree 40 of 50
building tree 41 of 50
building tree 42 of 50
building tree 43 of 50
building tree 44 of 50
building tree 45 of 50
building tree 46 of 50
building tree 47 of 50
building tree 48 of 50
building tree 49 of 50
building tree 50 of 50
[Parallel(n_jobs=2)]: Done  50 out of  50 | elapsed:    0.3s finished
[Parallel(n_jobs=2)]: Using backend ThreadingBackend with 2 concurrent workers.
[Parallel(n_jobs=2)]: Done  37 tasks      | elapsed:    0.0s
[Parallel(n_jobs=2)]: Done  50 out of  50 | elapsed:    0.0s finished
[CV] END ..max_depth=5, min_samples_split=2, n_estimators=50; total time=   0.3s
[Parallel(n_jobs=2)]: Using backend ThreadingBackend with 2 concurrent workers.
building tree 1 of 50
building tree 2 of 50
building tree 3 of 50
building tree 4 of 50
building tree 5 of 50
building tree 6 of 50
building tree 7 of 50
building tree 8 of 50
building tree 9 of 50
building tree 10 of 50
building tree 11 of 50
building tree 12 of 50
building tree 13 of 50
building tree 14 of 50
building tree 15 of 50
building tree 16 of 50
building tree 17 of 50
building tree 18 of 50
building tree 19 of 50
building tree 20 of 50
building tree 21 of 50
building tree 22 of 50
building tree 23 of 50
building tree 24 of 50
building tree 25 of 50
building tree 26 of 50
building tree 27 of 50
building tree 28 of 50
building tree 29 of 50
building tree 30 of 50
building tree 31 of 50
building tree 32 of 50
building tree 33 of 50
building tree 34 of 50
building tree 35 of 50
building tree 36 of 50
building tree 37 of 50
building tree 38 of 50
building tree 39 of 50[Parallel(n_jobs=2)]: Done  37 tasks      | elapsed:    0.2s

building tree 40 of 50
building tree 41 of 50
building tree 42 of 50
building tree 43 of 50
building tree 44 of 50
building tree 45 of 50
building tree 46 of 50
building tree 47 of 50
building tree 48 of 50
building tree 49 of 50
building tree 50 of 50
[Parallel(n_jobs=2)]: Done  50 out of  50 | elapsed:    0.3s finished
[Parallel(n_jobs=2)]: Using backend ThreadingBackend with 2 concurrent workers.
[Parallel(n_jobs=2)]: Done  37 tasks      | elapsed:    0.0s
[Parallel(n_jobs=2)]: Done  50 out of  50 | elapsed:    0.0s finished
[CV] END ..max_depth=5, min_samples_split=2, n_estimators=50; total time=   0.3s
[Parallel(n_jobs=2)]: Using backend ThreadingBackend with 2 concurrent workers.
building tree 1 of 50
building tree 2 of 50
building tree 3 of 50
building tree 4 of 50
building tree 5 of 50
building tree 6 of 50
building tree 7 of 50
building tree 8 of 50
building tree 9 of 50
building tree 10 of 50
building tree 11 of 50
building tree 12 of 50
building tree 13 of 50
building tree 14 of 50
building tree 15 of 50
building tree 16 of 50
building tree 17 of 50
building tree 18 of 50
building tree 19 of 50
building tree 20 of 50
building tree 21 of 50
building tree 22 of 50
building tree 23 of 50
building tree 24 of 50
building tree 25 of 50
building tree 26 of 50
building tree 27 of 50
building tree 28 of 50
building tree 29 of 50
building tree 30 of 50
building tree 31 of 50
building tree 32 of 50
building tree 33 of 50
building tree 34 of 50
building tree 35 of 50building tree 36 of 50

building tree 37 of 50
building tree 38 of 50
building tree 39 of 50[Parallel(n_jobs=2)]: Done  37 tasks      | elapsed:    0.2s

building tree 40 of 50
building tree 41 of 50
building tree 42 of 50
building tree 43 of 50
building tree 44 of 50
building tree 45 of 50
building tree 46 of 50
building tree 47 of 50
building tree 48 of 50
building tree 49 of 50
building tree 50 of 50
[Parallel(n_jobs=2)]: Done  50 out of  50 | elapsed:    0.2s finished
[Parallel(n_jobs=2)]: Using backend ThreadingBackend with 2 concurrent workers.
[Parallel(n_jobs=2)]: Done  37 tasks      | elapsed:    0.0s
[Parallel(n_jobs=2)]: Done  50 out of  50 | elapsed:    0.0s finished
[CV] END ..max_depth=5, min_samples_split=2, n_estimators=50; total time=   0.3s
[Parallel(n_jobs=2)]: Using backend ThreadingBackend with 2 concurrent workers.
building tree 1 of 100
building tree 2 of 100
building tree 3 of 100
building tree 4 of 100
building tree 5 of 100
building tree 6 of 100
building tree 7 of 100
building tree 8 of 100
building tree 9 of 100
building tree 10 of 100
building tree 11 of 100
building tree 12 of 100
building tree 13 of 100
building tree 14 of 100
building tree 15 of 100
building tree 16 of 100
building tree 17 of 100building tree 18 of 100

building tree 19 of 100
building tree 20 of 100
building tree 21 of 100
building tree 22 of 100
building tree 23 of 100
building tree 24 of 100
building tree 25 of 100
building tree 26 of 100
building tree 27 of 100
building tree 28 of 100
building tree 29 of 100
building tree 30 of 100
building tree 31 of 100
building tree 32 of 100
building tree 33 of 100
building tree 34 of 100
building tree 35 of 100
building tree 36 of 100
building tree 37 of 100
building tree 38 of 100
building tree 39 of 100[Parallel(n_jobs=2)]: Done  37 tasks      | elapsed:    0.2s

building tree 40 of 100
building tree 41 of 100
building tree 42 of 100
building tree 43 of 100
building tree 44 of 100
building tree 45 of 100
building tree 46 of 100
building tree 47 of 100
building tree 48 of 100
building tree 49 of 100
building tree 50 of 100
building tree 51 of 100
building tree 52 of 100
building tree 53 of 100
building tree 54 of 100
building tree 55 of 100
building tree 56 of 100
building tree 57 of 100
building tree 58 of 100
building tree 59 of 100
building tree 60 of 100
building tree 61 of 100
building tree 62 of 100
building tree 63 of 100
building tree 64 of 100
building tree 65 of 100
building tree 66 of 100
building tree 67 of 100
building tree 68 of 100
building tree 69 of 100
building tree 70 of 100
building tree 71 of 100
building tree 72 of 100
building tree 73 of 100
building tree 74 of 100
building tree 75 of 100
building tree 76 of 100
building tree 77 of 100
building tree 78 of 100
building tree 79 of 100
building tree 80 of 100
building tree 81 of 100
building tree 82 of 100
building tree 83 of 100
building tree 84 of 100
building tree 85 of 100
building tree 86 of 100
building tree 87 of 100
building tree 88 of 100
building tree 89 of 100
building tree 90 of 100
building tree 91 of 100
building tree 92 of 100
building tree 93 of 100
building tree 94 of 100
building tree 95 of 100
building tree 96 of 100
building tree 97 of 100
building tree 98 of 100
building tree 99 of 100
building tree 100 of 100
[Parallel(n_jobs=2)]: Done 100 out of 100 | elapsed:    0.5s finished
[Parallel(n_jobs=2)]: Using backend ThreadingBackend with 2 concurrent workers.
[Parallel(n_jobs=2)]: Done  37 tasks      | elapsed:    0.0s
[Parallel(n_jobs=2)]: Done 100 out of 100 | elapsed:    0.0s finished
[CV] END .max_depth=5, min_samples_split=2, n_estimators=100; total time=   0.5s
[Parallel(n_jobs=2)]: Using backend ThreadingBackend with 2 concurrent workers.
building tree 1 of 100
building tree 2 of 100
building tree 3 of 100
building tree 4 of 100
building tree 5 of 100
building tree 6 of 100
building tree 7 of 100
building tree 8 of 100
building tree 9 of 100
building tree 10 of 100
building tree 11 of 100
building tree 12 of 100
building tree 13 of 100
building tree 14 of 100
building tree 15 of 100
building tree 16 of 100
building tree 17 of 100
building tree 18 of 100
building tree 19 of 100
building tree 20 of 100
building tree 21 of 100
building tree 22 of 100
