==================== Running cox/four_features ====================
Train data path /home/minhn2/uiuc-kidney-failure/generated_data/rep99/four_features_train_data.csv
Test data path /home/minhn2/uiuc-kidney-failure/generated_data/rep99/four_features_test_data.csv
Number of patients: test 345 and train 500
Number of records: test 3667 and train 5806
Loading model from /home/minhn2/uiuc-kidney-failure/generated_data/rep99/four_features_cox_model.dill
Evaluate on test data
Concordance Index Test: 0.472
Integrated Brier Score Test: 0.085
Risk scores test: (3667,)
✗ cox/four_features failed:
Traceback (most recent call last):
  File "/home/minhn2/uiuc-kidney-failure/pkgs/scripts/run_stage2_new_scenarios.py", line 56, in main
    fn(scenario)
  File "/home/minhn2/uiuc-kidney-failure/pkgs/experiments/cox.py", line 57, in run_cox_model
    _, mean_auc = compute_time_dependent_auc(model, data_train, data_test, 'duration_in_days', 'has_esrd', times)
                  ^^^^^^^^^^^^^^^^^^^^^^^^^^^^^^^^^^^^^^^^^^^^^^^^^^^^^^^^^^^^^^^^^^^^^^^^^^^^^^^^^^^^^^^^^^^^^^^
  File "/home/minhn2/uiuc-kidney-failure/pkgs/experiments/cox.py", line 21, in compute_time_dependent_auc
    auc_values, mean_auc = cumulative_dynamic_auc(y_train, y_test, risk_scores_test, times)
                           ^^^^^^^^^^^^^^^^^^^^^^^^^^^^^^^^^^^^^^^^^^^^^^^^^^^^^^^^^^^^^^^^
  File "/home/minhn2/miniconda3/envs/minhn2/lib/python3.12/site-packages/sksurv/metrics.py", line 459, in cumulative_dynamic_auc
    ipcw = cens.predict_ipcw(survival_test)
           ^^^^^^^^^^^^^^^^^^^^^^^^^^^^^^^^
  File "/home/minhn2/miniconda3/envs/minhn2/lib/python3.12/site-packages/sksurv/nonparametric.py", line 583, in predict_ipcw
    raise ValueError("censoring survival function is zero at one or more time points")
ValueError: censoring survival function is zero at one or more time points
==================== Running cox/eight_features ====================
Train data path /home/minhn2/uiuc-kidney-failure/generated_data/rep99/eight_features_train_data.csv
Test data path /home/minhn2/uiuc-kidney-failure/generated_data/rep99/eight_features_test_data.csv
Number of patients: test 243 and train 400
Number of records: test 1100 and train 1856
Loading model from /home/minhn2/uiuc-kidney-failure/generated_data/rep99/eight_features_cox_model.dill
Evaluate on test data
Concordance Index Test: 0.509
Integrated Brier Score Test: 0.356
Risk scores test: (1100,)
Mean time-dependent AUC: 0.4668
✓ cox/eight_features completed successfully
==================== Running cox/twenty_features_heterogeneous ====================
Train data path /home/minhn2/uiuc-kidney-failure/generated_data/rep99/twenty_features_heterogeneous_train_data.csv
Test data path /home/minhn2/uiuc-kidney-failure/generated_data/rep99/twenty_features_heterogeneous_test_data.csv
Number of patients: test 20 and train 20
Number of records: test 9115 and train 4575
Fitting model:

Evaluate on test data
Concordance Index Test: 0.337
Warning: Could not compute Brier Score: time must be smaller than largest observed time point: 4449.404861111111
Risk scores test: (9115,)
Mean time-dependent AUC: 0.2961
✓ cox/twenty_features_heterogeneous completed successfully
==================== Running dynamic_deephit/four_features ====================
Using GPU: cuda:7
Train data path /home/minhn2/uiuc-kidney-failure/generated_data/rep99/four_features_train_data.csv
Test data path /home/minhn2/uiuc-kidney-failure/generated_data/rep99/four_features_test_data.csv
Number of patients: test 345 and train 500
Number of records: test 3667 and train 5806
Loading from saved weights
model summary:
DynamicDeepHit(
  (lstm): LSTM(4, 35, num_layers=2, batch_first=True, dropout=0.46896930153588456, bidirectional=True)
  (fc): Sequential(
    (0): Linear(in_features=70, out_features=35, bias=True)
    (1): Tanh()
  )
  (attention): Sequential(
    (0): Linear(in_features=35, out_features=35, bias=True)
    (1): Tanh()
    (2): Linear(in_features=35, out_features=1, bias=True)
  )
  (cause_specific_fc): Sequential(
    (0): Linear(in_features=35, out_features=124, bias=True)
    (1): ReLU()
    (2): Dropout(p=0.46896930153588456, inplace=False)
  )
  (risk_heads): ModuleList(
    (0): Sequential(
      (0): Linear(in_features=124, out_features=5475, bias=True)
    )
  )
)
features shape: torch.Size([16, 103, 4]), mask shape: torch.Size([16, 103]), T shape: torch.Size([16, 1]), E shape: torch.Size([16, 1]) hazards shape: (16, 5475)
Processing subject 0 with time 21 and event False hazards shape: [0.49024478]
all_E shape: (345,) first 10 values: [False  True  True  True  True  True False  True False  True]
all_R shape: (345,) first 10 values: [0.49024478 0.50290763 0.5056547  0.50393915 0.47578418 0.50406533
 0.48944023 0.5049819  0.3795073  0.50784045]
all_T shape: (345,) first 10 values: [  21    0    0    0  804    0 1346    0 3415    0]
Global test C-index (scikit-survival): 0.826 number of concordant pairs: 33277
Global test C-index: 0.826
Event rate: 250/345 (72.46%)
Starting simple C-index calculation...
Pairs evaluated: 39615, Concordant: 32834
Simple C-index implementation: 0.829
f_time_to_events shape: 105
f_risk_scores shape: 105
f_event_indicators shape: 105
✗ dynamic_deephit/four_features failed:
Traceback (most recent call last):
  File "/home/minhn2/uiuc-kidney-failure/pkgs/scripts/run_stage2_new_scenarios.py", line 56, in main
    fn(scenario)
  File "/home/minhn2/uiuc-kidney-failure/pkgs/experiments/dynamic_deephit.py", line 458, in run
    auc(model, test_dataset, df, device)
  File "/home/minhn2/uiuc-kidney-failure/pkgs/experiments/dynamic_deephit.py", line 307, in auc
    _, mean_auc = cumulative_dynamic_auc(y_train, y_test, f_risk_scores, times)
                  ^^^^^^^^^^^^^^^^^^^^^^^^^^^^^^^^^^^^^^^^^^^^^^^^^^^^^^^^^^^^^
  File "/home/minhn2/miniconda3/envs/minhn2/lib/python3.12/site-packages/sksurv/metrics.py", line 459, in cumulative_dynamic_auc
    ipcw = cens.predict_ipcw(survival_test)
           ^^^^^^^^^^^^^^^^^^^^^^^^^^^^^^^^
  File "/home/minhn2/miniconda3/envs/minhn2/lib/python3.12/site-packages/sksurv/nonparametric.py", line 583, in predict_ipcw
    raise ValueError("censoring survival function is zero at one or more time points")
ValueError: censoring survival function is zero at one or more time points
==================== Running dynamic_deephit/eight_features ====================
Using GPU: cuda:7
Train data path /home/minhn2/uiuc-kidney-failure/generated_data/rep99/eight_features_train_data.csv
Test data path /home/minhn2/uiuc-kidney-failure/generated_data/rep99/eight_features_test_data.csv
Number of patients: test 243 and train 400
Number of records: test 1100 and train 1856
Loading from saved weights
model summary:
DynamicDeepHit(
  (lstm): LSTM(8, 35, num_layers=2, batch_first=True, dropout=0.15863856692789646, bidirectional=True)
  (fc): Sequential(
    (0): Linear(in_features=70, out_features=35, bias=True)
    (1): Tanh()
  )
  (attention): Sequential(
    (0): Linear(in_features=35, out_features=35, bias=True)
    (1): Tanh()
    (2): Linear(in_features=35, out_features=1, bias=True)
  )
  (cause_specific_fc): Identity()
  (risk_heads): ModuleList(
    (0): Sequential(
      (0): Linear(in_features=35, out_features=5475, bias=True)
    )
  )
)
features shape: torch.Size([16, 63, 8]), mask shape: torch.Size([16, 63]), T shape: torch.Size([16, 1]), E shape: torch.Size([16, 1]) hazards shape: (16, 5475)
Processing subject 0 with time 0 and event True hazards shape: [0.59847194]
all_E shape: (243,) first 10 values: [ True  True  True  True  True  True  True False False  True]
all_R shape: (243,) first 10 values: [0.59847194 0.59724313 0.5986167  0.5972448  0.4310552  0.5984709
 0.59626096 0.43613285 0.5976275  0.5987513 ]
all_T shape: (243,) first 10 values: [  0   0   0   0 665   0   0   2   0   0]
Global test C-index (scikit-survival): 0.868 number of concordant pairs: 14378
Global test C-index: 0.868
Event rate: 212/243 (87.24%)
Starting simple C-index calculation...
Pairs evaluated: 14771, Concordant: 13402
Simple C-index implementation: 0.907
f_time_to_events shape: 71
f_risk_scores shape: 71
f_event_indicators shape: 71
Mean time-dependent AUC: 0.85
Integrated Brier Score Test: 0.268
✓ dynamic_deephit/eight_features completed successfully
==================== Running dynamic_deephit/twenty_features_heterogeneous ====================
[I 2026-08-22 13:18:39,567] A new study created in memory with name: no-name-df94f094-53a0-455b-91fd-2df76d10a2e5
[I 2026-08-22 13:20:00,074] Trial 0 finished with value: 0.6666666666666666 and parameters: {'num_layer': 1, 'hidden_dim_0': 108, 'learning_rate': 0.0005707474839962895, 'drop_out_rate': 0.1712503156697009, 'llh_loss': 0.3638070921622639}. Best is trial 0 with value: 0.6666666666666666.
/home/minhn2/uiuc-kidney-failure/pkgs/experiments/dynamic_deephit.py:240: FutureWarning: You are using `torch.load` with `weights_only=False` (the current default value), which uses the default pickle module implicitly. It is possible to construct malicious pickle data which will execute arbitrary code during unpickling (See https://github.com/pytorch/pytorch/blob/main/SECURITY.md#untrusted-models for more details). In a future release, the default value for `weights_only` will be flipped to `True`. This limits the functions that could be executed during unpickling. Arbitrary objects will no longer be allowed to be loaded via this mode unless they are explicitly allowlisted by the user via `torch.serialization.add_safe_globals`. We recommend you start setting `weights_only=True` for any use case where you don't have full control of the loaded file. Please open an issue on GitHub for any issues related to this experimental feature.
  saved_model = torch.load(saved_path, map_location=device)
[I 2026-08-22 13:20:43,377] Trial 1 finished with value: 0.6979166666666666 and parameters: {'num_layer': 1, 'hidden_dim_0': 116, 'learning_rate': 0.009196087643505744, 'drop_out_rate': 0.43087390194350483, 'llh_loss': 0.18572681989188516}. Best is trial 1 with value: 0.6979166666666666.
/home/minhn2/uiuc-kidney-failure/pkgs/experiments/dynamic_deephit.py:240: FutureWarning: You are using `torch.load` with `weights_only=False` (the current default value), which uses the default pickle module implicitly. It is possible to construct malicious pickle data which will execute arbitrary code during unpickling (See https://github.com/pytorch/pytorch/blob/main/SECURITY.md#untrusted-models for more details). In a future release, the default value for `weights_only` will be flipped to `True`. This limits the functions that could be executed during unpickling. Arbitrary objects will no longer be allowed to be loaded via this mode unless they are explicitly allowlisted by the user via `torch.serialization.add_safe_globals`. We recommend you start setting `weights_only=True` for any use case where you don't have full control of the loaded file. Please open an issue on GitHub for any issues related to this experimental feature.
  saved_model = torch.load(saved_path, map_location=device)
[I 2026-08-22 13:20:59,374] Trial 2 finished with value: 0.17708333333333334 and parameters: {'num_layer': 4, 'hidden_dim_0': 95, 'hidden_dim_1': 106, 'hidden_dim_2': 110, 'hidden_dim_3': 84, 'learning_rate': 0.0005636152161538279, 'drop_out_rate': 0.15924765116366998, 'llh_loss': 0.551010878014613}. Best is trial 1 with value: 0.6979166666666666.
/home/minhn2/uiuc-kidney-failure/pkgs/experiments/dynamic_deephit.py:240: FutureWarning: You are using `torch.load` with `weights_only=False` (the current default value), which uses the default pickle module implicitly. It is possible to construct malicious pickle data which will execute arbitrary code during unpickling (See https://github.com/pytorch/pytorch/blob/main/SECURITY.md#untrusted-models for more details). In a future release, the default value for `weights_only` will be flipped to `True`. This limits the functions that could be executed during unpickling. Arbitrary objects will no longer be allowed to be loaded via this mode unless they are explicitly allowlisted by the user via `torch.serialization.add_safe_globals`. We recommend you start setting `weights_only=True` for any use case where you don't have full control of the loaded file. Please open an issue on GitHub for any issues related to this experimental feature.
  saved_model = torch.load(saved_path, map_location=device)
[I 2026-08-22 13:22:03,177] Trial 3 finished with value: 0.625 and parameters: {'num_layer': 1, 'hidden_dim_0': 39, 'learning_rate': 0.005860446236806022, 'drop_out_rate': 0.22536090840815604, 'llh_loss': 0.612551806346466}. Best is trial 1 with value: 0.6979166666666666.
/home/minhn2/uiuc-kidney-failure/pkgs/experiments/dynamic_deephit.py:240: FutureWarning: You are using `torch.load` with `weights_only=False` (the current default value), which uses the default pickle module implicitly. It is possible to construct malicious pickle data which will execute arbitrary code during unpickling (See https://github.com/pytorch/pytorch/blob/main/SECURITY.md#untrusted-models for more details). In a future release, the default value for `weights_only` will be flipped to `True`. This limits the functions that could be executed during unpickling. Arbitrary objects will no longer be allowed to be loaded via this mode unless they are explicitly allowlisted by the user via `torch.serialization.add_safe_globals`. We recommend you start setting `weights_only=True` for any use case where you don't have full control of the loaded file. Please open an issue on GitHub for any issues related to this experimental feature.
  saved_model = torch.load(saved_path, map_location=device)
[I 2026-08-22 13:22:18,454] Trial 4 finished with value: 0.5520833333333334 and parameters: {'num_layer': 2, 'hidden_dim_0': 44, 'hidden_dim_1': 35, 'learning_rate': 1.3738063378377685e-05, 'drop_out_rate': 0.4186941219899586, 'llh_loss': 0.39249047246792956}. Best is trial 1 with value: 0.6979166666666666.
/home/minhn2/uiuc-kidney-failure/pkgs/experiments/dynamic_deephit.py:240: FutureWarning: You are using `torch.load` with `weights_only=False` (the current default value), which uses the default pickle module implicitly. It is possible to construct malicious pickle data which will execute arbitrary code during unpickling (See https://github.com/pytorch/pytorch/blob/main/SECURITY.md#untrusted-models for more details). In a future release, the default value for `weights_only` will be flipped to `True`. This limits the functions that could be executed during unpickling. Arbitrary objects will no longer be allowed to be loaded via this mode unless they are explicitly allowlisted by the user via `torch.serialization.add_safe_globals`. We recommend you start setting `weights_only=True` for any use case where you don't have full control of the loaded file. Please open an issue on GitHub for any issues related to this experimental feature.
  saved_model = torch.load(saved_path, map_location=device)
[I 2026-08-22 13:22:39,295] Trial 5 finished with value: 0.8541666666666666 and parameters: {'num_layer': 1, 'hidden_dim_0': 41, 'learning_rate': 1.733943503873181e-05, 'drop_out_rate': 0.45347822170824814, 'llh_loss': 0.54910556880134}. Best is trial 5 with value: 0.8541666666666666.
[W 2026-08-22 13:22:50,842] Trial 6 failed with parameters: {'num_layer': 4, 'hidden_dim_0': 106, 'hidden_dim_1': 67, 'hidden_dim_2': 128, 'hidden_dim_3': 90, 'learning_rate': 0.009499498758836808, 'drop_out_rate': 0.2076079325220268, 'llh_loss': 0.85654034133268} because of the following error: ValueError('NaNs detected in inputs, please correct or drop.').
Traceback (most recent call last):
  File "/home/minhn2/miniconda3/envs/minhn2/lib/python3.12/site-packages/optuna/study/_optimize.py", line 197, in _run_trial
    value_or_values = func(trial)
                      ^^^^^^^^^^^
  File "/home/minhn2/uiuc-kidney-failure/pkgs/experiments/dynamic_deephit.py", line 448, in <lambda>
    model = ex_optuna(lambda trial: objective(trial, scenario_name))
                                    ^^^^^^^^^^^^^^^^^^^^^^^^^^^^^^^
  File "/home/minhn2/uiuc-kidney-failure/pkgs/experiments/dynamic_deephit.py", line 236, in objective
    c_index = c_idx(model, dataset, device)
              ^^^^^^^^^^^^^^^^^^^^^^^^^^^^^
  File "/home/minhn2/uiuc-kidney-failure/pkgs/experiments/dynamic_deephit.py", line 421, in c_idx
    cindex = concordance_index(all_times, all_surv, all_events)
             ^^^^^^^^^^^^^^^^^^^^^^^^^^^^^^^^^^^^^^^^^^^^^^^^^^
  File "/home/minhn2/miniconda3/envs/minhn2/lib/python3.12/site-packages/lifelines/utils/concordance.py", line 91, in concordance_index
    event_times, predicted_scores, event_observed = _preprocess_scoring_data(event_times, predicted_scores, event_observed)
                                                    ^^^^^^^^^^^^^^^^^^^^^^^^^^^^^^^^^^^^^^^^^^^^^^^^^^^^^^^^^^^^^^^^^^^^^^^
  File "/home/minhn2/miniconda3/envs/minhn2/lib/python3.12/site-packages/lifelines/utils/concordance.py", line 301, in _preprocess_scoring_data
    raise ValueError("NaNs detected in inputs, please correct or drop.")
ValueError: NaNs detected in inputs, please correct or drop.
[W 2026-08-22 13:22:50,849] Trial 6 failed with value None.
Using GPU: cuda:1
Train data path /home/minhn2/uiuc-kidney-failure/generated_data/rep99/twenty_features_heterogeneous_train_data.csv
Test data path /home/minhn2/uiuc-kidney-failure/generated_data/rep99/twenty_features_heterogeneous_test_data.csv
Number of patients: test 20 and train 20
Number of records: test 9115 and train 4575
Running Optuna hyperparameter optimization
Using GPU: cuda:6
Running trial 0 for ExperimentScenario.TWENTY_FEATURES_HETEROGENEOUS on device cuda:6
Train data path /home/minhn2/uiuc-kidney-failure/generated_data/rep99/twenty_features_heterogeneous_train_data.csv
Test data path /home/minhn2/uiuc-kidney-failure/generated_data/rep99/twenty_features_heterogeneous_test_data.csv
Number of patients: test 20 and train 20
Number of records: test 9115 and train 4575
Epoch 1/50
features shape: torch.Size([16, 862, 40]), mask shape: torch.Size([16, 862]), time_to_event shape: torch.Size([16, 1]), event_indicator shape: torch.Size([16, 1]), time_to_events shape: torch.Size([16, 862]), event_indicators shape: torch.Size([16, 862]), sequence lengths shape: torch.Size([16, 1])
x shape: torch.Size([16, 862, 40])
mask shape: torch.Size([16, 862])
lstm_output shape: torch.Size([16, 862, 216])
fc_output shape: torch.Size([16, 862, 108])
context shape: torch.Size([16, 108])
attention_weights shape: torch.Size([16, 862, 1])
x shape after cause_specific_fc: torch.Size([16, 108])
hazard_preds shape: [torch.Size([16, 5475])]
res shape: torch.Size([16, 1, 5475])
Average Loss: 81.65908241271973
Epoch 2/50
features shape: torch.Size([16, 862, 40]), mask shape: torch.Size([16, 862]), time_to_event shape: torch.Size([16, 1]), event_indicator shape: torch.Size([16, 1]), time_to_events shape: torch.Size([16, 862]), event_indicators shape: torch.Size([16, 862]), sequence lengths shape: torch.Size([16, 1])
x shape: torch.Size([16, 862, 40])
mask shape: torch.Size([16, 862])
lstm_output shape: torch.Size([16, 862, 216])
fc_output shape: torch.Size([16, 862, 108])
context shape: torch.Size([16, 108])
attention_weights shape: torch.Size([16, 862, 1])
x shape after cause_specific_fc: torch.Size([16, 108])
hazard_preds shape: [torch.Size([16, 5475])]
res shape: torch.Size([16, 1, 5475])
Average Loss: 88.05774688720703
Patience Counter: 1
Epoch 3/50
features shape: torch.Size([16, 862, 40]), mask shape: torch.Size([16, 862]), time_to_event shape: torch.Size([16, 1]), event_indicator shape: torch.Size([16, 1]), time_to_events shape: torch.Size([16, 862]), event_indicators shape: torch.Size([16, 862]), sequence lengths shape: torch.Size([16, 1])
x shape: torch.Size([16, 862, 40])
mask shape: torch.Size([16, 862])
lstm_output shape: torch.Size([16, 862, 216])
fc_output shape: torch.Size([16, 862, 108])
context shape: torch.Size([16, 108])
attention_weights shape: torch.Size([16, 862, 1])
x shape after cause_specific_fc: torch.Size([16, 108])
hazard_preds shape: [torch.Size([16, 5475])]
res shape: torch.Size([16, 1, 5475])
Average Loss: 77.65015411376953
Epoch 4/50
features shape: torch.Size([16, 862, 40]), mask shape: torch.Size([16, 862]), time_to_event shape: torch.Size([16, 1]), event_indicator shape: torch.Size([16, 1]), time_to_events shape: torch.Size([16, 862]), event_indicators shape: torch.Size([16, 862]), sequence lengths shape: torch.Size([16, 1])
x shape: torch.Size([16, 862, 40])
mask shape: torch.Size([16, 862])
lstm_output shape: torch.Size([16, 862, 216])
fc_output shape: torch.Size([16, 862, 108])
context shape: torch.Size([16, 108])
attention_weights shape: torch.Size([16, 862, 1])
x shape after cause_specific_fc: torch.Size([16, 108])
hazard_preds shape: [torch.Size([16, 5475])]
res shape: torch.Size([16, 1, 5475])
Average Loss: 118.84289932250977
Patience Counter: 1
Epoch 5/50
features shape: torch.Size([16, 862, 40]), mask shape: torch.Size([16, 862]), time_to_event shape: torch.Size([16, 1]), event_indicator shape: torch.Size([16, 1]), time_to_events shape: torch.Size([16, 862]), event_indicators shape: torch.Size([16, 862]), sequence lengths shape: torch.Size([16, 1])
x shape: torch.Size([16, 862, 40])
mask shape: torch.Size([16, 862])
lstm_output shape: torch.Size([16, 862, 216])
fc_output shape: torch.Size([16, 862, 108])
context shape: torch.Size([16, 108])
attention_weights shape: torch.Size([16, 862, 1])
x shape after cause_specific_fc: torch.Size([16, 108])
hazard_preds shape: [torch.Size([16, 5475])]
res shape: torch.Size([16, 1, 5475])
Average Loss: 99.87249374389648
Patience Counter: 2
Epoch 6/50
features shape: torch.Size([16, 862, 40]), mask shape: torch.Size([16, 862]), time_to_event shape: torch.Size([16, 1]), event_indicator shape: torch.Size([16, 1]), time_to_events shape: torch.Size([16, 862]), event_indicators shape: torch.Size([16, 862]), sequence lengths shape: torch.Size([16, 1])
x shape: torch.Size([16, 862, 40])
mask shape: torch.Size([16, 862])
lstm_output shape: torch.Size([16, 862, 216])
fc_output shape: torch.Size([16, 862, 108])
context shape: torch.Size([16, 108])
attention_weights shape: torch.Size([16, 862, 1])
x shape after cause_specific_fc: torch.Size([16, 108])
hazard_preds shape: [torch.Size([16, 5475])]
res shape: torch.Size([16, 1, 5475])
Average Loss: 73.6750545501709
Epoch 7/50
features shape: torch.Size([16, 862, 40]), mask shape: torch.Size([16, 862]), time_to_event shape: torch.Size([16, 1]), event_indicator shape: torch.Size([16, 1]), time_to_events shape: torch.Size([16, 862]), event_indicators shape: torch.Size([16, 862]), sequence lengths shape: torch.Size([16, 1])
x shape: torch.Size([16, 862, 40])
mask shape: torch.Size([16, 862])
lstm_output shape: torch.Size([16, 862, 216])
fc_output shape: torch.Size([16, 862, 108])
context shape: torch.Size([16, 108])
attention_weights shape: torch.Size([16, 862, 1])
x shape after cause_specific_fc: torch.Size([16, 108])
hazard_preds shape: [torch.Size([16, 5475])]
res shape: torch.Size([16, 1, 5475])
Average Loss: 102.28892517089844
Patience Counter: 1
Epoch 8/50
features shape: torch.Size([16, 862, 40]), mask shape: torch.Size([16, 862]), time_to_event shape: torch.Size([16, 1]), event_indicator shape: torch.Size([16, 1]), time_to_events shape: torch.Size([16, 862]), event_indicators shape: torch.Size([16, 862]), sequence lengths shape: torch.Size([16, 1])
x shape: torch.Size([16, 862, 40])
mask shape: torch.Size([16, 862])
lstm_output shape: torch.Size([16, 862, 216])
fc_output shape: torch.Size([16, 862, 108])
context shape: torch.Size([16, 108])
attention_weights shape: torch.Size([16, 862, 1])
x shape after cause_specific_fc: torch.Size([16, 108])
hazard_preds shape: [torch.Size([16, 5475])]
res shape: torch.Size([16, 1, 5475])
Average Loss: 80.12716293334961
Patience Counter: 2
Epoch 9/50
features shape: torch.Size([16, 862, 40]), mask shape: torch.Size([16, 862]), time_to_event shape: torch.Size([16, 1]), event_indicator shape: torch.Size([16, 1]), time_to_events shape: torch.Size([16, 862]), event_indicators shape: torch.Size([16, 862]), sequence lengths shape: torch.Size([16, 1])
x shape: torch.Size([16, 862, 40])
mask shape: torch.Size([16, 862])
lstm_output shape: torch.Size([16, 862, 216])
fc_output shape: torch.Size([16, 862, 108])
context shape: torch.Size([16, 108])
attention_weights shape: torch.Size([16, 862, 1])
x shape after cause_specific_fc: torch.Size([16, 108])
hazard_preds shape: [torch.Size([16, 5475])]
res shape: torch.Size([16, 1, 5475])
Average Loss: 52.85070085525513
Epoch 10/50
features shape: torch.Size([16, 862, 40]), mask shape: torch.Size([16, 862]), time_to_event shape: torch.Size([16, 1]), event_indicator shape: torch.Size([16, 1]), time_to_events shape: torch.Size([16, 862]), event_indicators shape: torch.Size([16, 862]), sequence lengths shape: torch.Size([16, 1])
x shape: torch.Size([16, 862, 40])
mask shape: torch.Size([16, 862])
lstm_output shape: torch.Size([16, 862, 216])
fc_output shape: torch.Size([16, 862, 108])
context shape: torch.Size([16, 108])
attention_weights shape: torch.Size([16, 862, 1])
x shape after cause_specific_fc: torch.Size([16, 108])
hazard_preds shape: [torch.Size([16, 5475])]
res shape: torch.Size([16, 1, 5475])
Average Loss: 42.35110783576965
Epoch 11/50
features shape: torch.Size([16, 862, 40]), mask shape: torch.Size([16, 862]), time_to_event shape: torch.Size([16, 1]), event_indicator shape: torch.Size([16, 1]), time_to_events shape: torch.Size([16, 862]), event_indicators shape: torch.Size([16, 862]), sequence lengths shape: torch.Size([16, 1])
x shape: torch.Size([16, 862, 40])
mask shape: torch.Size([16, 862])
lstm_output shape: torch.Size([16, 862, 216])
fc_output shape: torch.Size([16, 862, 108])
context shape: torch.Size([16, 108])
attention_weights shape: torch.Size([16, 862, 1])
x shape after cause_specific_fc: torch.Size([16, 108])
hazard_preds shape: [torch.Size([16, 5475])]
res shape: torch.Size([16, 1, 5475])
Average Loss: 65.11008644104004
Patience Counter: 1
Epoch 12/50
features shape: torch.Size([16, 862, 40]), mask shape: torch.Size([16, 862]), time_to_event shape: torch.Size([16, 1]), event_indicator shape: torch.Size([16, 1]), time_to_events shape: torch.Size([16, 862]), event_indicators shape: torch.Size([16, 862]), sequence lengths shape: torch.Size([16, 1])
x shape: torch.Size([16, 862, 40])
mask shape: torch.Size([16, 862])
lstm_output shape: torch.Size([16, 862, 216])
fc_output shape: torch.Size([16, 862, 108])
context shape: torch.Size([16, 108])
attention_weights shape: torch.Size([16, 862, 1])
x shape after cause_specific_fc: torch.Size([16, 108])
hazard_preds shape: [torch.Size([16, 5475])]
res shape: torch.Size([16, 1, 5475])
Average Loss: 40.855844497680664
Epoch 13/50
features shape: torch.Size([16, 862, 40]), mask shape: torch.Size([16, 862]), time_to_event shape: torch.Size([16, 1]), event_indicator shape: torch.Size([16, 1]), time_to_events shape: torch.Size([16, 862]), event_indicators shape: torch.Size([16, 862]), sequence lengths shape: torch.Size([16, 1])
x shape: torch.Size([16, 862, 40])
mask shape: torch.Size([16, 862])
lstm_output shape: torch.Size([16, 862, 216])
fc_output shape: torch.Size([16, 862, 108])
context shape: torch.Size([16, 108])
attention_weights shape: torch.Size([16, 862, 1])
x shape after cause_specific_fc: torch.Size([16, 108])
hazard_preds shape: [torch.Size([16, 5475])]
res shape: torch.Size([16, 1, 5475])
Average Loss: 60.135379791259766
Patience Counter: 1
Epoch 14/50
features shape: torch.Size([16, 862, 40]), mask shape: torch.Size([16, 862]), time_to_event shape: torch.Size([16, 1]), event_indicator shape: torch.Size([16, 1]), time_to_events shape: torch.Size([16, 862]), event_indicators shape: torch.Size([16, 862]), sequence lengths shape: torch.Size([16, 1])
x shape: torch.Size([16, 862, 40])
mask shape: torch.Size([16, 862])
lstm_output shape: torch.Size([16, 862, 216])
fc_output shape: torch.Size([16, 862, 108])
context shape: torch.Size([16, 108])
attention_weights shape: torch.Size([16, 862, 1])
x shape after cause_specific_fc: torch.Size([16, 108])
hazard_preds shape: [torch.Size([16, 5475])]
res shape: torch.Size([16, 1, 5475])
Average Loss: 31.171438694000244
Epoch 15/50
features shape: torch.Size([16, 862, 40]), mask shape: torch.Size([16, 862]), time_to_event shape: torch.Size([16, 1]), event_indicator shape: torch.Size([16, 1]), time_to_events shape: torch.Size([16, 862]), event_indicators shape: torch.Size([16, 862]), sequence lengths shape: torch.Size([16, 1])
x shape: torch.Size([16, 862, 40])
mask shape: torch.Size([16, 862])
lstm_output shape: torch.Size([16, 862, 216])
fc_output shape: torch.Size([16, 862, 108])
context shape: torch.Size([16, 108])
attention_weights shape: torch.Size([16, 862, 1])
x shape after cause_specific_fc: torch.Size([16, 108])
hazard_preds shape: [torch.Size([16, 5475])]
res shape: torch.Size([16, 1, 5475])
Average Loss: 24.792372316122055
Epoch 16/50
features shape: torch.Size([16, 862, 40]), mask shape: torch.Size([16, 862]), time_to_event shape: torch.Size([16, 1]), event_indicator shape: torch.Size([16, 1]), time_to_events shape: torch.Size([16, 862]), event_indicators shape: torch.Size([16, 862]), sequence lengths shape: torch.Size([16, 1])
x shape: torch.Size([16, 862, 40])
mask shape: torch.Size([16, 862])
lstm_output shape: torch.Size([16, 862, 216])
fc_output shape: torch.Size([16, 862, 108])
context shape: torch.Size([16, 108])
attention_weights shape: torch.Size([16, 862, 1])
x shape after cause_specific_fc: torch.Size([16, 108])
hazard_preds shape: [torch.Size([16, 5475])]
res shape: torch.Size([16, 1, 5475])
Average Loss: 26.74199867248535
Patience Counter: 1
Epoch 17/50
features shape: torch.Size([16, 862, 40]), mask shape: torch.Size([16, 862]), time_to_event shape: torch.Size([16, 1]), event_indicator shape: torch.Size([16, 1]), time_to_events shape: torch.Size([16, 862]), event_indicators shape: torch.Size([16, 862]), sequence lengths shape: torch.Size([16, 1])
x shape: torch.Size([16, 862, 40])
mask shape: torch.Size([16, 862])
lstm_output shape: torch.Size([16, 862, 216])
fc_output shape: torch.Size([16, 862, 108])
context shape: torch.Size([16, 108])
attention_weights shape: torch.Size([16, 862, 1])
x shape after cause_specific_fc: torch.Size([16, 108])
hazard_preds shape: [torch.Size([16, 5475])]
res shape: torch.Size([16, 1, 5475])
Average Loss: 23.154887676239014
Epoch 18/50
features shape: torch.Size([16, 862, 40]), mask shape: torch.Size([16, 862]), time_to_event shape: torch.Size([16, 1]), event_indicator shape: torch.Size([16, 1]), time_to_events shape: torch.Size([16, 862]), event_indicators shape: torch.Size([16, 862]), sequence lengths shape: torch.Size([16, 1])
x shape: torch.Size([16, 862, 40])
mask shape: torch.Size([16, 862])
lstm_output shape: torch.Size([16, 862, 216])
fc_output shape: torch.Size([16, 862, 108])
context shape: torch.Size([16, 108])
attention_weights shape: torch.Size([16, 862, 1])
x shape after cause_specific_fc: torch.Size([16, 108])
hazard_preds shape: [torch.Size([16, 5475])]
res shape: torch.Size([16, 1, 5475])
Average Loss: 36.16655921936035
Patience Counter: 1
Epoch 19/50
features shape: torch.Size([16, 862, 40]), mask shape: torch.Size([16, 862]), time_to_event shape: torch.Size([16, 1]), event_indicator shape: torch.Size([16, 1]), time_to_events shape: torch.Size([16, 862]), event_indicators shape: torch.Size([16, 862]), sequence lengths shape: torch.Size([16, 1])
x shape: torch.Size([16, 862, 40])
mask shape: torch.Size([16, 862])
lstm_output shape: torch.Size([16, 862, 216])
fc_output shape: torch.Size([16, 862, 108])
context shape: torch.Size([16, 108])
attention_weights shape: torch.Size([16, 862, 1])
x shape after cause_specific_fc: torch.Size([16, 108])
hazard_preds shape: [torch.Size([16, 5475])]
res shape: torch.Size([16, 1, 5475])
Average Loss: 30.983569145202637
Patience Counter: 2
Epoch 20/50
features shape: torch.Size([16, 862, 40]), mask shape: torch.Size([16, 862]), time_to_event shape: torch.Size([16, 1]), event_indicator shape: torch.Size([16, 1]), time_to_events shape: torch.Size([16, 862]), event_indicators shape: torch.Size([16, 862]), sequence lengths shape: torch.Size([16, 1])
x shape: torch.Size([16, 862, 40])
mask shape: torch.Size([16, 862])
lstm_output shape: torch.Size([16, 862, 216])
fc_output shape: torch.Size([16, 862, 108])
context shape: torch.Size([16, 108])
attention_weights shape: torch.Size([16, 862, 1])
x shape after cause_specific_fc: torch.Size([16, 108])
hazard_preds shape: [torch.Size([16, 5475])]
res shape: torch.Size([16, 1, 5475])
Average Loss: 33.25275802612305
Patience Counter: 3
Epoch 21/50
features shape: torch.Size([16, 862, 40]), mask shape: torch.Size([16, 862]), time_to_event shape: torch.Size([16, 1]), event_indicator shape: torch.Size([16, 1]), time_to_events shape: torch.Size([16, 862]), event_indicators shape: torch.Size([16, 862]), sequence lengths shape: torch.Size([16, 1])
x shape: torch.Size([16, 862, 40])
mask shape: torch.Size([16, 862])
lstm_output shape: torch.Size([16, 862, 216])
fc_output shape: torch.Size([16, 862, 108])
context shape: torch.Size([16, 108])
attention_weights shape: torch.Size([16, 862, 1])
x shape after cause_specific_fc: torch.Size([16, 108])
hazard_preds shape: [torch.Size([16, 5475])]
res shape: torch.Size([16, 1, 5475])
Average Loss: 14.344475209712982
Epoch 22/50
features shape: torch.Size([16, 862, 40]), mask shape: torch.Size([16, 862]), time_to_event shape: torch.Size([16, 1]), event_indicator shape: torch.Size([16, 1]), time_to_events shape: torch.Size([16, 862]), event_indicators shape: torch.Size([16, 862]), sequence lengths shape: torch.Size([16, 1])
x shape: torch.Size([16, 862, 40])
mask shape: torch.Size([16, 862])
lstm_output shape: torch.Size([16, 862, 216])
fc_output shape: torch.Size([16, 862, 108])
context shape: torch.Size([16, 108])
attention_weights shape: torch.Size([16, 862, 1])
x shape after cause_specific_fc: torch.Size([16, 108])
hazard_preds shape: [torch.Size([16, 5475])]
res shape: torch.Size([16, 1, 5475])
Average Loss: 19.00850200653076
Patience Counter: 1
Epoch 23/50
features shape: torch.Size([16, 862, 40]), mask shape: torch.Size([16, 862]), time_to_event shape: torch.Size([16, 1]), event_indicator shape: torch.Size([16, 1]), time_to_events shape: torch.Size([16, 862]), event_indicators shape: torch.Size([16, 862]), sequence lengths shape: torch.Size([16, 1])
x shape: torch.Size([16, 862, 40])
mask shape: torch.Size([16, 862])
lstm_output shape: torch.Size([16, 862, 216])
fc_output shape: torch.Size([16, 862, 108])
context shape: torch.Size([16, 108])
attention_weights shape: torch.Size([16, 862, 1])
x shape after cause_specific_fc: torch.Size([16, 108])
hazard_preds shape: [torch.Size([16, 5475])]
res shape: torch.Size([16, 1, 5475])
Average Loss: 21.651443481445312
Patience Counter: 2
Epoch 24/50
features shape: torch.Size([16, 862, 40]), mask shape: torch.Size([16, 862]), time_to_event shape: torch.Size([16, 1]), event_indicator shape: torch.Size([16, 1]), time_to_events shape: torch.Size([16, 862]), event_indicators shape: torch.Size([16, 862]), sequence lengths shape: torch.Size([16, 1])
x shape: torch.Size([16, 862, 40])
mask shape: torch.Size([16, 862])
lstm_output shape: torch.Size([16, 862, 216])
fc_output shape: torch.Size([16, 862, 108])
context shape: torch.Size([16, 108])
attention_weights shape: torch.Size([16, 862, 1])
x shape after cause_specific_fc: torch.Size([16, 108])
hazard_preds shape: [torch.Size([16, 5475])]
res shape: torch.Size([16, 1, 5475])
Average Loss: 14.850371360778809
Patience Counter: 3
Epoch 25/50
features shape: torch.Size([16, 862, 40]), mask shape: torch.Size([16, 862]), time_to_event shape: torch.Size([16, 1]), event_indicator shape: torch.Size([16, 1]), time_to_events shape: torch.Size([16, 862]), event_indicators shape: torch.Size([16, 862]), sequence lengths shape: torch.Size([16, 1])
x shape: torch.Size([16, 862, 40])
mask shape: torch.Size([16, 862])
lstm_output shape: torch.Size([16, 862, 216])
fc_output shape: torch.Size([16, 862, 108])
context shape: torch.Size([16, 108])
attention_weights shape: torch.Size([16, 862, 1])
x shape after cause_specific_fc: torch.Size([16, 108])
hazard_preds shape: [torch.Size([16, 5475])]
res shape: torch.Size([16, 1, 5475])
Average Loss: 12.545197010040283
Epoch 26/50
features shape: torch.Size([16, 862, 40]), mask shape: torch.Size([16, 862]), time_to_event shape: torch.Size([16, 1]), event_indicator shape: torch.Size([16, 1]), time_to_events shape: torch.Size([16, 862]), event_indicators shape: torch.Size([16, 862]), sequence lengths shape: torch.Size([16, 1])
x shape: torch.Size([16, 862, 40])
mask shape: torch.Size([16, 862])
lstm_output shape: torch.Size([16, 862, 216])
fc_output shape: torch.Size([16, 862, 108])
context shape: torch.Size([16, 108])
attention_weights shape: torch.Size([16, 862, 1])
x shape after cause_specific_fc: torch.Size([16, 108])
hazard_preds shape: [torch.Size([16, 5475])]
res shape: torch.Size([16, 1, 5475])
Average Loss: 17.11004114151001
Patience Counter: 1
Epoch 27/50
features shape: torch.Size([16, 862, 40]), mask shape: torch.Size([16, 862]), time_to_event shape: torch.Size([16, 1]), event_indicator shape: torch.Size([16, 1]), time_to_events shape: torch.Size([16, 862]), event_indicators shape: torch.Size([16, 862]), sequence lengths shape: torch.Size([16, 1])
x shape: torch.Size([16, 862, 40])
mask shape: torch.Size([16, 862])
lstm_output shape: torch.Size([16, 862, 216])
fc_output shape: torch.Size([16, 862, 108])
context shape: torch.Size([16, 108])
attention_weights shape: torch.Size([16, 862, 1])
x shape after cause_specific_fc: torch.Size([16, 108])
hazard_preds shape: [torch.Size([16, 5475])]
res shape: torch.Size([16, 1, 5475])
Average Loss: 10.92279863357544
Epoch 28/50
features shape: torch.Size([16, 862, 40]), mask shape: torch.Size([16, 862]), time_to_event shape: torch.Size([16, 1]), event_indicator shape: torch.Size([16, 1]), time_to_events shape: torch.Size([16, 862]), event_indicators shape: torch.Size([16, 862]), sequence lengths shape: torch.Size([16, 1])
x shape: torch.Size([16, 862, 40])
mask shape: torch.Size([16, 862])
lstm_output shape: torch.Size([16, 862, 216])
fc_output shape: torch.Size([16, 862, 108])
context shape: torch.Size([16, 108])
attention_weights shape: torch.Size([16, 862, 1])
x shape after cause_specific_fc: torch.Size([16, 108])
hazard_preds shape: [torch.Size([16, 5475])]
res shape: torch.Size([16, 1, 5475])
Average Loss: 9.285985469818115
Epoch 29/50
features shape: torch.Size([16, 862, 40]), mask shape: torch.Size([16, 862]), time_to_event shape: torch.Size([16, 1]), event_indicator shape: torch.Size([16, 1]), time_to_events shape: torch.Size([16, 862]), event_indicators shape: torch.Size([16, 862]), sequence lengths shape: torch.Size([16, 1])
x shape: torch.Size([16, 862, 40])
mask shape: torch.Size([16, 862])
lstm_output shape: torch.Size([16, 862, 216])
fc_output shape: torch.Size([16, 862, 108])
context shape: torch.Size([16, 108])
attention_weights shape: torch.Size([16, 862, 1])
x shape after cause_specific_fc: torch.Size([16, 108])
hazard_preds shape: [torch.Size([16, 5475])]
res shape: torch.Size([16, 1, 5475])
Average Loss: 16.777600288391113
Patience Counter: 1
Epoch 30/50
features shape: torch.Size([16, 862, 40]), mask shape: torch.Size([16, 862]), time_to_event shape: torch.Size([16, 1]), event_indicator shape: torch.Size([16, 1]), time_to_events shape: torch.Size([16, 862]), event_indicators shape: torch.Size([16, 862]), sequence lengths shape: torch.Size([16, 1])
x shape: torch.Size([16, 862, 40])
mask shape: torch.Size([16, 862])
lstm_output shape: torch.Size([16, 862, 216])
fc_output shape: torch.Size([16, 862, 108])
context shape: torch.Size([16, 108])
attention_weights shape: torch.Size([16, 862, 1])
x shape after cause_specific_fc: torch.Size([16, 108])
hazard_preds shape: [torch.Size([16, 5475])]
res shape: torch.Size([16, 1, 5475])
Average Loss: 9.162549018859863
Epoch 31/50
features shape: torch.Size([16, 862, 40]), mask shape: torch.Size([16, 862]), time_to_event shape: torch.Size([16, 1]), event_indicator shape: torch.Size([16, 1]), time_to_events shape: torch.Size([16, 862]), event_indicators shape: torch.Size([16, 862]), sequence lengths shape: torch.Size([16, 1])
x shape: torch.Size([16, 862, 40])
mask shape: torch.Size([16, 862])
lstm_output shape: torch.Size([16, 862, 216])
fc_output shape: torch.Size([16, 862, 108])
context shape: torch.Size([16, 108])
attention_weights shape: torch.Size([16, 862, 1])
x shape after cause_specific_fc: torch.Size([16, 108])
hazard_preds shape: [torch.Size([16, 5475])]
res shape: torch.Size([16, 1, 5475])
Average Loss: 15.041407108306885
Patience Counter: 1
Epoch 32/50
features shape: torch.Size([16, 862, 40]), mask shape: torch.Size([16, 862]), time_to_event shape: torch.Size([16, 1]), event_indicator shape: torch.Size([16, 1]), time_to_events shape: torch.Size([16, 862]), event_indicators shape: torch.Size([16, 862]), sequence lengths shape: torch.Size([16, 1])
x shape: torch.Size([16, 862, 40])
mask shape: torch.Size([16, 862])
lstm_output shape: torch.Size([16, 862, 216])
fc_output shape: torch.Size([16, 862, 108])
context shape: torch.Size([16, 108])
attention_weights shape: torch.Size([16, 862, 1])
x shape after cause_specific_fc: torch.Size([16, 108])
hazard_preds shape: [torch.Size([16, 5475])]
res shape: torch.Size([16, 1, 5475])
Average Loss: 14.202232360839844
Patience Counter: 2
Epoch 33/50
features shape: torch.Size([16, 862, 40]), mask shape: torch.Size([16, 862]), time_to_event shape: torch.Size([16, 1]), event_indicator shape: torch.Size([16, 1]), time_to_events shape: torch.Size([16, 862]), event_indicators shape: torch.Size([16, 862]), sequence lengths shape: torch.Size([16, 1])
x shape: torch.Size([16, 862, 40])
mask shape: torch.Size([16, 862])
lstm_output shape: torch.Size([16, 862, 216])
fc_output shape: torch.Size([16, 862, 108])
context shape: torch.Size([16, 108])
attention_weights shape: torch.Size([16, 862, 1])
x shape after cause_specific_fc: torch.Size([16, 108])
hazard_preds shape: [torch.Size([16, 5475])]
res shape: torch.Size([16, 1, 5475])
Average Loss: 10.186663627624512
Patience Counter: 3
Epoch 34/50
features shape: torch.Size([16, 862, 40]), mask shape: torch.Size([16, 862]), time_to_event shape: torch.Size([16, 1]), event_indicator shape: torch.Size([16, 1]), time_to_events shape: torch.Size([16, 862]), event_indicators shape: torch.Size([16, 862]), sequence lengths shape: torch.Size([16, 1])
x shape: torch.Size([16, 862, 40])
mask shape: torch.Size([16, 862])
lstm_output shape: torch.Size([16, 862, 216])
fc_output shape: torch.Size([16, 862, 108])
context shape: torch.Size([16, 108])
attention_weights shape: torch.Size([16, 862, 1])
x shape after cause_specific_fc: torch.Size([16, 108])
hazard_preds shape: [torch.Size([16, 5475])]
res shape: torch.Size([16, 1, 5475])
Average Loss: 12.398131608963013
Patience Counter: 4
Epoch 35/50
features shape: torch.Size([16, 862, 40]), mask shape: torch.Size([16, 862]), time_to_event shape: torch.Size([16, 1]), event_indicator shape: torch.Size([16, 1]), time_to_events shape: torch.Size([16, 862]), event_indicators shape: torch.Size([16, 862]), sequence lengths shape: torch.Size([16, 1])
x shape: torch.Size([16, 862, 40])
mask shape: torch.Size([16, 862])
lstm_output shape: torch.Size([16, 862, 216])
fc_output shape: torch.Size([16, 862, 108])
context shape: torch.Size([16, 108])
attention_weights shape: torch.Size([16, 862, 1])
x shape after cause_specific_fc: torch.Size([16, 108])
hazard_preds shape: [torch.Size([16, 5475])]
res shape: torch.Size([16, 1, 5475])
Average Loss: 6.426925182342529
Epoch 36/50
features shape: torch.Size([16, 862, 40]), mask shape: torch.Size([16, 862]), time_to_event shape: torch.Size([16, 1]), event_indicator shape: torch.Size([16, 1]), time_to_events shape: torch.Size([16, 862]), event_indicators shape: torch.Size([16, 862]), sequence lengths shape: torch.Size([16, 1])
x shape: torch.Size([16, 862, 40])
mask shape: torch.Size([16, 862])
lstm_output shape: torch.Size([16, 862, 216])
fc_output shape: torch.Size([16, 862, 108])
context shape: torch.Size([16, 108])
attention_weights shape: torch.Size([16, 862, 1])
x shape after cause_specific_fc: torch.Size([16, 108])
hazard_preds shape: [torch.Size([16, 5475])]
res shape: torch.Size([16, 1, 5475])
Average Loss: 9.754958391189575
Patience Counter: 1
Epoch 37/50
features shape: torch.Size([16, 862, 40]), mask shape: torch.Size([16, 862]), time_to_event shape: torch.Size([16, 1]), event_indicator shape: torch.Size([16, 1]), time_to_events shape: torch.Size([16, 862]), event_indicators shape: torch.Size([16, 862]), sequence lengths shape: torch.Size([16, 1])
x shape: torch.Size([16, 862, 40])
mask shape: torch.Size([16, 862])
lstm_output shape: torch.Size([16, 862, 216])
fc_output shape: torch.Size([16, 862, 108])
context shape: torch.Size([16, 108])
attention_weights shape: torch.Size([16, 862, 1])
x shape after cause_specific_fc: torch.Size([16, 108])
hazard_preds shape: [torch.Size([16, 5475])]
res shape: torch.Size([16, 1, 5475])
Average Loss: 5.432934939861298
Epoch 38/50
features shape: torch.Size([16, 862, 40]), mask shape: torch.Size([16, 862]), time_to_event shape: torch.Size([16, 1]), event_indicator shape: torch.Size([16, 1]), time_to_events shape: torch.Size([16, 862]), event_indicators shape: torch.Size([16, 862]), sequence lengths shape: torch.Size([16, 1])
x shape: torch.Size([16, 862, 40])
mask shape: torch.Size([16, 862])
lstm_output shape: torch.Size([16, 862, 216])
fc_output shape: torch.Size([16, 862, 108])
context shape: torch.Size([16, 108])
attention_weights shape: torch.Size([16, 862, 1])
x shape after cause_specific_fc: torch.Size([16, 108])
hazard_preds shape: [torch.Size([16, 5475])]
res shape: torch.Size([16, 1, 5475])
Average Loss: 11.18810224533081
Patience Counter: 1
Epoch 39/50
features shape: torch.Size([16, 862, 40]), mask shape: torch.Size([16, 862]), time_to_event shape: torch.Size([16, 1]), event_indicator shape: torch.Size([16, 1]), time_to_events shape: torch.Size([16, 862]), event_indicators shape: torch.Size([16, 862]), sequence lengths shape: torch.Size([16, 1])
x shape: torch.Size([16, 862, 40])
mask shape: torch.Size([16, 862])
lstm_output shape: torch.Size([16, 862, 216])
fc_output shape: torch.Size([16, 862, 108])
context shape: torch.Size([16, 108])
attention_weights shape: torch.Size([16, 862, 1])
x shape after cause_specific_fc: torch.Size([16, 108])
hazard_preds shape: [torch.Size([16, 5475])]
res shape: torch.Size([16, 1, 5475])
Average Loss: 8.719269752502441
Patience Counter: 2
Epoch 40/50
features shape: torch.Size([16, 862, 40]), mask shape: torch.Size([16, 862]), time_to_event shape: torch.Size([16, 1]), event_indicator shape: torch.Size([16, 1]), time_to_events shape: torch.Size([16, 862]), event_indicators shape: torch.Size([16, 862]), sequence lengths shape: torch.Size([16, 1])
x shape: torch.Size([16, 862, 40])
mask shape: torch.Size([16, 862])
lstm_output shape: torch.Size([16, 862, 216])
fc_output shape: torch.Size([16, 862, 108])
context shape: torch.Size([16, 108])
attention_weights shape: torch.Size([16, 862, 1])
x shape after cause_specific_fc: torch.Size([16, 108])
hazard_preds shape: [torch.Size([16, 5475])]
res shape: torch.Size([16, 1, 5475])
Average Loss: 6.766662120819092
Patience Counter: 3
Epoch 41/50
features shape: torch.Size([16, 862, 40]), mask shape: torch.Size([16, 862]), time_to_event shape: torch.Size([16, 1]), event_indicator shape: torch.Size([16, 1]), time_to_events shape: torch.Size([16, 862]), event_indicators shape: torch.Size([16, 862]), sequence lengths shape: torch.Size([16, 1])
x shape: torch.Size([16, 862, 40])
mask shape: torch.Size([16, 862])
lstm_output shape: torch.Size([16, 862, 216])
fc_output shape: torch.Size([16, 862, 108])
context shape: torch.Size([16, 108])
attention_weights shape: torch.Size([16, 862, 1])
x shape after cause_specific_fc: torch.Size([16, 108])
hazard_preds shape: [torch.Size([16, 5475])]
res shape: torch.Size([16, 1, 5475])
Average Loss: 9.132271528244019
Patience Counter: 4
Epoch 42/50
features shape: torch.Size([16, 862, 40]), mask shape: torch.Size([16, 862]), time_to_event shape: torch.Size([16, 1]), event_indicator shape: torch.Size([16, 1]), time_to_events shape: torch.Size([16, 862]), event_indicators shape: torch.Size([16, 862]), sequence lengths shape: torch.Size([16, 1])
x shape: torch.Size([16, 862, 40])
mask shape: torch.Size([16, 862])
lstm_output shape: torch.Size([16, 862, 216])
fc_output shape: torch.Size([16, 862, 108])
context shape: torch.Size([16, 108])
attention_weights shape: torch.Size([16, 862, 1])
x shape after cause_specific_fc: torch.Size([16, 108])
hazard_preds shape: [torch.Size([16, 5475])]
res shape: torch.Size([16, 1, 5475])
Average Loss: 6.292351007461548
Patience Counter: 5
Early stopping triggered
features shape: torch.Size([16, 862, 40]), mask shape: torch.Size([16, 862]), T shape: torch.Size([16, 1]), E shape: torch.Size([16, 1]) hazards shape: (16, 5475)
Processing subject 0 with time 28 and event True hazards shape: [0.1137237]
all_E shape: (20,) first 10 values: [ True  True  True False  True False False  True  True False]
all_R shape: (20,) first 10 values: [0.1137237  0.30964306 0.31355202 0.04739512 0.31355953 0.03130482
 0.02370136 0.5446857  0.3135517  0.04924078]
all_T shape: (20,) first 10 values: [  28 1535    0  804    0  357    2 2369    0 1529]
Global test C-index (scikit-survival): 0.667 number of concordant pairs: 64
Global test C-index: 0.667
No existing model, saving current model
Using GPU: cuda:7
Running trial 1 for ExperimentScenario.TWENTY_FEATURES_HETEROGENEOUS on device cuda:7
Train data path /home/minhn2/uiuc-kidney-failure/generated_data/rep99/twenty_features_heterogeneous_train_data.csv
Test data path /home/minhn2/uiuc-kidney-failure/generated_data/rep99/twenty_features_heterogeneous_test_data.csv
Number of patients: test 20 and train 20
Number of records: test 9115 and train 4575
Epoch 1/50
features shape: torch.Size([16, 862, 40]), mask shape: torch.Size([16, 862]), time_to_event shape: torch.Size([16, 1]), event_indicator shape: torch.Size([16, 1]), time_to_events shape: torch.Size([16, 862]), event_indicators shape: torch.Size([16, 862]), sequence lengths shape: torch.Size([16, 1])
x shape: torch.Size([16, 862, 40])
mask shape: torch.Size([16, 862])
lstm_output shape: torch.Size([16, 862, 232])
fc_output shape: torch.Size([16, 862, 116])
context shape: torch.Size([16, 116])
attention_weights shape: torch.Size([16, 862, 1])
x shape after cause_specific_fc: torch.Size([16, 116])
hazard_preds shape: [torch.Size([16, 5475])]
res shape: torch.Size([16, 1, 5475])
Average Loss: 71.17215538024902
Epoch 2/50
features shape: torch.Size([16, 862, 40]), mask shape: torch.Size([16, 862]), time_to_event shape: torch.Size([16, 1]), event_indicator shape: torch.Size([16, 1]), time_to_events shape: torch.Size([16, 862]), event_indicators shape: torch.Size([16, 862]), sequence lengths shape: torch.Size([16, 1])
x shape: torch.Size([16, 862, 40])
mask shape: torch.Size([16, 862])
lstm_output shape: torch.Size([16, 862, 232])
fc_output shape: torch.Size([16, 862, 116])
context shape: torch.Size([16, 116])
attention_weights shape: torch.Size([16, 862, 1])
x shape after cause_specific_fc: torch.Size([16, 116])
hazard_preds shape: [torch.Size([16, 5475])]
res shape: torch.Size([16, 1, 5475])
Average Loss: 19.554057359695435
Epoch 3/50
features shape: torch.Size([16, 862, 40]), mask shape: torch.Size([16, 862]), time_to_event shape: torch.Size([16, 1]), event_indicator shape: torch.Size([16, 1]), time_to_events shape: torch.Size([16, 862]), event_indicators shape: torch.Size([16, 862]), sequence lengths shape: torch.Size([16, 1])
x shape: torch.Size([16, 862, 40])
mask shape: torch.Size([16, 862])
lstm_output shape: torch.Size([16, 862, 232])
fc_output shape: torch.Size([16, 862, 116])
context shape: torch.Size([16, 116])
attention_weights shape: torch.Size([16, 862, 1])
x shape after cause_specific_fc: torch.Size([16, 116])
hazard_preds shape: [torch.Size([16, 5475])]
res shape: torch.Size([16, 1, 5475])
Average Loss: 10.744080781936646
Epoch 4/50
features shape: torch.Size([16, 862, 40]), mask shape: torch.Size([16, 862]), time_to_event shape: torch.Size([16, 1]), event_indicator shape: torch.Size([16, 1]), time_to_events shape: torch.Size([16, 862]), event_indicators shape: torch.Size([16, 862]), sequence lengths shape: torch.Size([16, 1])
x shape: torch.Size([16, 862, 40])
mask shape: torch.Size([16, 862])
lstm_output shape: torch.Size([16, 862, 232])
fc_output shape: torch.Size([16, 862, 116])
context shape: torch.Size([16, 116])
attention_weights shape: torch.Size([16, 862, 1])
x shape after cause_specific_fc: torch.Size([16, 116])
hazard_preds shape: [torch.Size([16, 5475])]
res shape: torch.Size([16, 1, 5475])
Average Loss: 8.03108525276184
Epoch 5/50
features shape: torch.Size([16, 862, 40]), mask shape: torch.Size([16, 862]), time_to_event shape: torch.Size([16, 1]), event_indicator shape: torch.Size([16, 1]), time_to_events shape: torch.Size([16, 862]), event_indicators shape: torch.Size([16, 862]), sequence lengths shape: torch.Size([16, 1])
x shape: torch.Size([16, 862, 40])
mask shape: torch.Size([16, 862])
lstm_output shape: torch.Size([16, 862, 232])
fc_output shape: torch.Size([16, 862, 116])
context shape: torch.Size([16, 116])
attention_weights shape: torch.Size([16, 862, 1])
x shape after cause_specific_fc: torch.Size([16, 116])
hazard_preds shape: [torch.Size([16, 5475])]
res shape: torch.Size([16, 1, 5475])
Average Loss: 2.9387645721435547
Epoch 6/50
features shape: torch.Size([16, 862, 40]), mask shape: torch.Size([16, 862]), time_to_event shape: torch.Size([16, 1]), event_indicator shape: torch.Size([16, 1]), time_to_events shape: torch.Size([16, 862]), event_indicators shape: torch.Size([16, 862]), sequence lengths shape: torch.Size([16, 1])
x shape: torch.Size([16, 862, 40])
mask shape: torch.Size([16, 862])
lstm_output shape: torch.Size([16, 862, 232])
fc_output shape: torch.Size([16, 862, 116])
context shape: torch.Size([16, 116])
attention_weights shape: torch.Size([16, 862, 1])
x shape after cause_specific_fc: torch.Size([16, 116])
hazard_preds shape: [torch.Size([16, 5475])]
res shape: torch.Size([16, 1, 5475])
Average Loss: 2.059009850025177
Epoch 7/50
features shape: torch.Size([16, 862, 40]), mask shape: torch.Size([16, 862]), time_to_event shape: torch.Size([16, 1]), event_indicator shape: torch.Size([16, 1]), time_to_events shape: torch.Size([16, 862]), event_indicators shape: torch.Size([16, 862]), sequence lengths shape: torch.Size([16, 1])
x shape: torch.Size([16, 862, 40])
mask shape: torch.Size([16, 862])
lstm_output shape: torch.Size([16, 862, 232])
fc_output shape: torch.Size([16, 862, 116])
context shape: torch.Size([16, 116])
attention_weights shape: torch.Size([16, 862, 1])
x shape after cause_specific_fc: torch.Size([16, 116])
hazard_preds shape: [torch.Size([16, 5475])]
res shape: torch.Size([16, 1, 5475])
Average Loss: 1.2341240644454956
Epoch 8/50
features shape: torch.Size([16, 862, 40]), mask shape: torch.Size([16, 862]), time_to_event shape: torch.Size([16, 1]), event_indicator shape: torch.Size([16, 1]), time_to_events shape: torch.Size([16, 862]), event_indicators shape: torch.Size([16, 862]), sequence lengths shape: torch.Size([16, 1])
x shape: torch.Size([16, 862, 40])
mask shape: torch.Size([16, 862])
lstm_output shape: torch.Size([16, 862, 232])
fc_output shape: torch.Size([16, 862, 116])
context shape: torch.Size([16, 116])
attention_weights shape: torch.Size([16, 862, 1])
x shape after cause_specific_fc: torch.Size([16, 116])
hazard_preds shape: [torch.Size([16, 5475])]
res shape: torch.Size([16, 1, 5475])
Average Loss: 1.2132342457771301
Epoch 9/50
features shape: torch.Size([16, 862, 40]), mask shape: torch.Size([16, 862]), time_to_event shape: torch.Size([16, 1]), event_indicator shape: torch.Size([16, 1]), time_to_events shape: torch.Size([16, 862]), event_indicators shape: torch.Size([16, 862]), sequence lengths shape: torch.Size([16, 1])
x shape: torch.Size([16, 862, 40])
mask shape: torch.Size([16, 862])
lstm_output shape: torch.Size([16, 862, 232])
fc_output shape: torch.Size([16, 862, 116])
context shape: torch.Size([16, 116])
attention_weights shape: torch.Size([16, 862, 1])
x shape after cause_specific_fc: torch.Size([16, 116])
hazard_preds shape: [torch.Size([16, 5475])]
res shape: torch.Size([16, 1, 5475])
Average Loss: 1.0612343549728394
Epoch 10/50
features shape: torch.Size([16, 862, 40]), mask shape: torch.Size([16, 862]), time_to_event shape: torch.Size([16, 1]), event_indicator shape: torch.Size([16, 1]), time_to_events shape: torch.Size([16, 862]), event_indicators shape: torch.Size([16, 862]), sequence lengths shape: torch.Size([16, 1])
x shape: torch.Size([16, 862, 40])
mask shape: torch.Size([16, 862])
lstm_output shape: torch.Size([16, 862, 232])
fc_output shape: torch.Size([16, 862, 116])
context shape: torch.Size([16, 116])
attention_weights shape: torch.Size([16, 862, 1])
x shape after cause_specific_fc: torch.Size([16, 116])
hazard_preds shape: [torch.Size([16, 5475])]
res shape: torch.Size([16, 1, 5475])
Average Loss: 1.1208592653274536
Patience Counter: 1
Epoch 11/50
features shape: torch.Size([16, 862, 40]), mask shape: torch.Size([16, 862]), time_to_event shape: torch.Size([16, 1]), event_indicator shape: torch.Size([16, 1]), time_to_events shape: torch.Size([16, 862]), event_indicators shape: torch.Size([16, 862]), sequence lengths shape: torch.Size([16, 1])
x shape: torch.Size([16, 862, 40])
mask shape: torch.Size([16, 862])
lstm_output shape: torch.Size([16, 862, 232])
fc_output shape: torch.Size([16, 862, 116])
context shape: torch.Size([16, 116])
attention_weights shape: torch.Size([16, 862, 1])
x shape after cause_specific_fc: torch.Size([16, 116])
hazard_preds shape: [torch.Size([16, 5475])]
res shape: torch.Size([16, 1, 5475])
Average Loss: 1.033873736858368
Epoch 12/50
features shape: torch.Size([16, 862, 40]), mask shape: torch.Size([16, 862]), time_to_event shape: torch.Size([16, 1]), event_indicator shape: torch.Size([16, 1]), time_to_events shape: torch.Size([16, 862]), event_indicators shape: torch.Size([16, 862]), sequence lengths shape: torch.Size([16, 1])
x shape: torch.Size([16, 862, 40])
mask shape: torch.Size([16, 862])
lstm_output shape: torch.Size([16, 862, 232])
fc_output shape: torch.Size([16, 862, 116])
context shape: torch.Size([16, 116])
attention_weights shape: torch.Size([16, 862, 1])
x shape after cause_specific_fc: torch.Size([16, 116])
hazard_preds shape: [torch.Size([16, 5475])]
res shape: torch.Size([16, 1, 5475])
Average Loss: 1.0706402659416199
Patience Counter: 1
Epoch 13/50
features shape: torch.Size([16, 862, 40]), mask shape: torch.Size([16, 862]), time_to_event shape: torch.Size([16, 1]), event_indicator shape: torch.Size([16, 1]), time_to_events shape: torch.Size([16, 862]), event_indicators shape: torch.Size([16, 862]), sequence lengths shape: torch.Size([16, 1])
x shape: torch.Size([16, 862, 40])
mask shape: torch.Size([16, 862])
lstm_output shape: torch.Size([16, 862, 232])
fc_output shape: torch.Size([16, 862, 116])
context shape: torch.Size([16, 116])
attention_weights shape: torch.Size([16, 862, 1])
x shape after cause_specific_fc: torch.Size([16, 116])
hazard_preds shape: [torch.Size([16, 5475])]
res shape: torch.Size([16, 1, 5475])
Average Loss: 1.029863715171814
Epoch 14/50
features shape: torch.Size([16, 862, 40]), mask shape: torch.Size([16, 862]), time_to_event shape: torch.Size([16, 1]), event_indicator shape: torch.Size([16, 1]), time_to_events shape: torch.Size([16, 862]), event_indicators shape: torch.Size([16, 862]), sequence lengths shape: torch.Size([16, 1])
x shape: torch.Size([16, 862, 40])
mask shape: torch.Size([16, 862])
lstm_output shape: torch.Size([16, 862, 232])
fc_output shape: torch.Size([16, 862, 116])
context shape: torch.Size([16, 116])
attention_weights shape: torch.Size([16, 862, 1])
x shape after cause_specific_fc: torch.Size([16, 116])
hazard_preds shape: [torch.Size([16, 5475])]
res shape: torch.Size([16, 1, 5475])
Average Loss: 1.001939594745636
Epoch 15/50
features shape: torch.Size([16, 862, 40]), mask shape: torch.Size([16, 862]), time_to_event shape: torch.Size([16, 1]), event_indicator shape: torch.Size([16, 1]), time_to_events shape: torch.Size([16, 862]), event_indicators shape: torch.Size([16, 862]), sequence lengths shape: torch.Size([16, 1])
x shape: torch.Size([16, 862, 40])
mask shape: torch.Size([16, 862])
lstm_output shape: torch.Size([16, 862, 232])
fc_output shape: torch.Size([16, 862, 116])
context shape: torch.Size([16, 116])
attention_weights shape: torch.Size([16, 862, 1])
x shape after cause_specific_fc: torch.Size([16, 116])
hazard_preds shape: [torch.Size([16, 5475])]
res shape: torch.Size([16, 1, 5475])
Average Loss: 1.042261779308319
Patience Counter: 1
Epoch 16/50
features shape: torch.Size([16, 862, 40]), mask shape: torch.Size([16, 862]), time_to_event shape: torch.Size([16, 1]), event_indicator shape: torch.Size([16, 1]), time_to_events shape: torch.Size([16, 862]), event_indicators shape: torch.Size([16, 862]), sequence lengths shape: torch.Size([16, 1])
x shape: torch.Size([16, 862, 40])
mask shape: torch.Size([16, 862])
lstm_output shape: torch.Size([16, 862, 232])
fc_output shape: torch.Size([16, 862, 116])
context shape: torch.Size([16, 116])
attention_weights shape: torch.Size([16, 862, 1])
x shape after cause_specific_fc: torch.Size([16, 116])
hazard_preds shape: [torch.Size([16, 5475])]
res shape: torch.Size([16, 1, 5475])
Average Loss: 1.081826537847519
Patience Counter: 2
Epoch 17/50
features shape: torch.Size([16, 862, 40]), mask shape: torch.Size([16, 862]), time_to_event shape: torch.Size([16, 1]), event_indicator shape: torch.Size([16, 1]), time_to_events shape: torch.Size([16, 862]), event_indicators shape: torch.Size([16, 862]), sequence lengths shape: torch.Size([16, 1])
x shape: torch.Size([16, 862, 40])
mask shape: torch.Size([16, 862])
lstm_output shape: torch.Size([16, 862, 232])
fc_output shape: torch.Size([16, 862, 116])
context shape: torch.Size([16, 116])
attention_weights shape: torch.Size([16, 862, 1])
x shape after cause_specific_fc: torch.Size([16, 116])
hazard_preds shape: [torch.Size([16, 5475])]
res shape: torch.Size([16, 1, 5475])
Average Loss: 1.049634724855423
Patience Counter: 3
Epoch 18/50
features shape: torch.Size([16, 862, 40]), mask shape: torch.Size([16, 862]), time_to_event shape: torch.Size([16, 1]), event_indicator shape: torch.Size([16, 1]), time_to_events shape: torch.Size([16, 862]), event_indicators shape: torch.Size([16, 862]), sequence lengths shape: torch.Size([16, 1])
x shape: torch.Size([16, 862, 40])
mask shape: torch.Size([16, 862])
lstm_output shape: torch.Size([16, 862, 232])
fc_output shape: torch.Size([16, 862, 116])
context shape: torch.Size([16, 116])
attention_weights shape: torch.Size([16, 862, 1])
x shape after cause_specific_fc: torch.Size([16, 116])
hazard_preds shape: [torch.Size([16, 5475])]
res shape: torch.Size([16, 1, 5475])
Average Loss: 0.5691048577427864
Epoch 19/50
features shape: torch.Size([16, 862, 40]), mask shape: torch.Size([16, 862]), time_to_event shape: torch.Size([16, 1]), event_indicator shape: torch.Size([16, 1]), time_to_events shape: torch.Size([16, 862]), event_indicators shape: torch.Size([16, 862]), sequence lengths shape: torch.Size([16, 1])
x shape: torch.Size([16, 862, 40])
mask shape: torch.Size([16, 862])
lstm_output shape: torch.Size([16, 862, 232])
fc_output shape: torch.Size([16, 862, 116])
context shape: torch.Size([16, 116])
attention_weights shape: torch.Size([16, 862, 1])
x shape after cause_specific_fc: torch.Size([16, 116])
hazard_preds shape: [torch.Size([16, 5475])]
res shape: torch.Size([16, 1, 5475])
Average Loss: 1.020355999469757
Patience Counter: 1
Epoch 20/50
features shape: torch.Size([16, 862, 40]), mask shape: torch.Size([16, 862]), time_to_event shape: torch.Size([16, 1]), event_indicator shape: torch.Size([16, 1]), time_to_events shape: torch.Size([16, 862]), event_indicators shape: torch.Size([16, 862]), sequence lengths shape: torch.Size([16, 1])
x shape: torch.Size([16, 862, 40])
mask shape: torch.Size([16, 862])
lstm_output shape: torch.Size([16, 862, 232])
fc_output shape: torch.Size([16, 862, 116])
context shape: torch.Size([16, 116])
attention_weights shape: torch.Size([16, 862, 1])
x shape after cause_specific_fc: torch.Size([16, 116])
hazard_preds shape: [torch.Size([16, 5475])]
res shape: torch.Size([16, 1, 5475])
Average Loss: 1.0044065117835999
Patience Counter: 2
Epoch 21/50
features shape: torch.Size([16, 862, 40]), mask shape: torch.Size([16, 862]), time_to_event shape: torch.Size([16, 1]), event_indicator shape: torch.Size([16, 1]), time_to_events shape: torch.Size([16, 862]), event_indicators shape: torch.Size([16, 862]), sequence lengths shape: torch.Size([16, 1])
x shape: torch.Size([16, 862, 40])
mask shape: torch.Size([16, 862])
lstm_output shape: torch.Size([16, 862, 232])
fc_output shape: torch.Size([16, 862, 116])
context shape: torch.Size([16, 116])
attention_weights shape: torch.Size([16, 862, 1])
x shape after cause_specific_fc: torch.Size([16, 116])
hazard_preds shape: [torch.Size([16, 5475])]
res shape: torch.Size([16, 1, 5475])
Average Loss: 0.9844046831130981
Patience Counter: 3
Epoch 22/50
features shape: torch.Size([16, 862, 40]), mask shape: torch.Size([16, 862]), time_to_event shape: torch.Size([16, 1]), event_indicator shape: torch.Size([16, 1]), time_to_events shape: torch.Size([16, 862]), event_indicators shape: torch.Size([16, 862]), sequence lengths shape: torch.Size([16, 1])
x shape: torch.Size([16, 862, 40])
mask shape: torch.Size([16, 862])
lstm_output shape: torch.Size([16, 862, 232])
fc_output shape: torch.Size([16, 862, 116])
context shape: torch.Size([16, 116])
attention_weights shape: torch.Size([16, 862, 1])
x shape after cause_specific_fc: torch.Size([16, 116])
hazard_preds shape: [torch.Size([16, 5475])]
res shape: torch.Size([16, 1, 5475])
Average Loss: 0.5777614936232567
Patience Counter: 4
Epoch 23/50
features shape: torch.Size([16, 862, 40]), mask shape: torch.Size([16, 862]), time_to_event shape: torch.Size([16, 1]), event_indicator shape: torch.Size([16, 1]), time_to_events shape: torch.Size([16, 862]), event_indicators shape: torch.Size([16, 862]), sequence lengths shape: torch.Size([16, 1])
x shape: torch.Size([16, 862, 40])
mask shape: torch.Size([16, 862])
lstm_output shape: torch.Size([16, 862, 232])
fc_output shape: torch.Size([16, 862, 116])
context shape: torch.Size([16, 116])
attention_weights shape: torch.Size([16, 862, 1])
x shape after cause_specific_fc: torch.Size([16, 116])
hazard_preds shape: [torch.Size([16, 5475])]
res shape: torch.Size([16, 1, 5475])
Average Loss: 1.0032334327697754
Patience Counter: 5
Early stopping triggered
features shape: torch.Size([16, 862, 40]), mask shape: torch.Size([16, 862]), T shape: torch.Size([16, 1]), E shape: torch.Size([16, 1]) hazards shape: (16, 5475)
Processing subject 0 with time 28 and event True hazards shape: [0.08237594]
all_E shape: (20,) first 10 values: [ True  True  True False  True False False  True  True False]
all_R shape: (20,) first 10 values: [8.2375944e-02 1.8193223e-01 3.8304418e-01 1.5671852e-04 3.8306549e-01
 1.9507318e-04 8.2308805e-05 4.9645734e-01 3.8304394e-01 2.4278523e-04]
all_T shape: (20,) first 10 values: [  28 1535    0  804    0  357    2 2369    0 1529]
Global test C-index (scikit-survival): 0.698 number of concordant pairs: 67
Global test C-index: 0.698
features shape: torch.Size([16, 862, 40]), mask shape: torch.Size([16, 862]), T shape: torch.Size([16, 1]), E shape: torch.Size([16, 1]) hazards shape: (16, 5475)
Processing subject 0 with time 28 and event True hazards shape: [0.1137237]
all_E shape: (20,) first 10 values: [ True  True  True False  True False False  True  True False]
all_R shape: (20,) first 10 values: [0.1137237  0.30964306 0.31355202 0.04739512 0.31355953 0.03130482
 0.02370136 0.5446857  0.3135517  0.04924078]
all_T shape: (20,) first 10 values: [  28 1535    0  804    0  357    2 2369    0 1529]
Global test C-index (scikit-survival): 0.667 number of concordant pairs: 64
Global test C-index: 0.667
Saved model C-index: 0.6667, Current trial C-index: 0.6979
New model is better, saving current model
Using GPU: cuda:1
Running trial 2 for ExperimentScenario.TWENTY_FEATURES_HETEROGENEOUS on device cuda:1
Train data path /home/minhn2/uiuc-kidney-failure/generated_data/rep99/twenty_features_heterogeneous_train_data.csv
Test data path /home/minhn2/uiuc-kidney-failure/generated_data/rep99/twenty_features_heterogeneous_test_data.csv
Number of patients: test 20 and train 20
Number of records: test 9115 and train 4575
Epoch 1/50
features shape: torch.Size([16, 862, 40]), mask shape: torch.Size([16, 862]), time_to_event shape: torch.Size([16, 1]), event_indicator shape: torch.Size([16, 1]), time_to_events shape: torch.Size([16, 862]), event_indicators shape: torch.Size([16, 862]), sequence lengths shape: torch.Size([16, 1])
x shape: torch.Size([16, 862, 40])
mask shape: torch.Size([16, 862])
lstm_output shape: torch.Size([16, 862, 190])
fc_output shape: torch.Size([16, 862, 95])
context shape: torch.Size([16, 95])
attention_weights shape: torch.Size([16, 862, 1])
x shape after cause_specific_fc: torch.Size([16, 84])
hazard_preds shape: [torch.Size([16, 5475])]
res shape: torch.Size([16, 1, 5475])
Average Loss: 147.48494338989258
Epoch 2/50
features shape: torch.Size([16, 862, 40]), mask shape: torch.Size([16, 862]), time_to_event shape: torch.Size([16, 1]), event_indicator shape: torch.Size([16, 1]), time_to_events shape: torch.Size([16, 862]), event_indicators shape: torch.Size([16, 862]), sequence lengths shape: torch.Size([16, 1])
x shape: torch.Size([16, 862, 40])
mask shape: torch.Size([16, 862])
lstm_output shape: torch.Size([16, 862, 190])
fc_output shape: torch.Size([16, 862, 95])
context shape: torch.Size([16, 95])
attention_weights shape: torch.Size([16, 862, 1])
x shape after cause_specific_fc: torch.Size([16, 84])
hazard_preds shape: [torch.Size([16, 5475])]
res shape: torch.Size([16, 1, 5475])
Average Loss: 171.87419891357422
Patience Counter: 1
Epoch 3/50
features shape: torch.Size([16, 862, 40]), mask shape: torch.Size([16, 862]), time_to_event shape: torch.Size([16, 1]), event_indicator shape: torch.Size([16, 1]), time_to_events shape: torch.Size([16, 862]), event_indicators shape: torch.Size([16, 862]), sequence lengths shape: torch.Size([16, 1])
x shape: torch.Size([16, 862, 40])
mask shape: torch.Size([16, 862])
lstm_output shape: torch.Size([16, 862, 190])
fc_output shape: torch.Size([16, 862, 95])
context shape: torch.Size([16, 95])
attention_weights shape: torch.Size([16, 862, 1])
x shape after cause_specific_fc: torch.Size([16, 84])
hazard_preds shape: [torch.Size([16, 5475])]
res shape: torch.Size([16, 1, 5475])
Average Loss: 104.35326609015465
Epoch 4/50
features shape: torch.Size([16, 862, 40]), mask shape: torch.Size([16, 862]), time_to_event shape: torch.Size([16, 1]), event_indicator shape: torch.Size([16, 1]), time_to_events shape: torch.Size([16, 862]), event_indicators shape: torch.Size([16, 862]), sequence lengths shape: torch.Size([16, 1])
x shape: torch.Size([16, 862, 40])
mask shape: torch.Size([16, 862])
lstm_output shape: torch.Size([16, 862, 190])
fc_output shape: torch.Size([16, 862, 95])
context shape: torch.Size([16, 95])
attention_weights shape: torch.Size([16, 862, 1])
x shape after cause_specific_fc: torch.Size([16, 84])
hazard_preds shape: [torch.Size([16, 5475])]
res shape: torch.Size([16, 1, 5475])
Average Loss: 196.98672485351562
Patience Counter: 1
Epoch 5/50
features shape: torch.Size([16, 862, 40]), mask shape: torch.Size([16, 862]), time_to_event shape: torch.Size([16, 1]), event_indicator shape: torch.Size([16, 1]), time_to_events shape: torch.Size([16, 862]), event_indicators shape: torch.Size([16, 862]), sequence lengths shape: torch.Size([16, 1])
x shape: torch.Size([16, 862, 40])
mask shape: torch.Size([16, 862])
lstm_output shape: torch.Size([16, 862, 190])
fc_output shape: torch.Size([16, 862, 95])
context shape: torch.Size([16, 95])
attention_weights shape: torch.Size([16, 862, 1])
x shape after cause_specific_fc: torch.Size([16, 84])
hazard_preds shape: [torch.Size([16, 5475])]
res shape: torch.Size([16, 1, 5475])
Average Loss: 121.46355438232422
Patience Counter: 2
Epoch 6/50
features shape: torch.Size([16, 862, 40]), mask shape: torch.Size([16, 862]), time_to_event shape: torch.Size([16, 1]), event_indicator shape: torch.Size([16, 1]), time_to_events shape: torch.Size([16, 862]), event_indicators shape: torch.Size([16, 862]), sequence lengths shape: torch.Size([16, 1])
x shape: torch.Size([16, 862, 40])
mask shape: torch.Size([16, 862])
lstm_output shape: torch.Size([16, 862, 190])
fc_output shape: torch.Size([16, 862, 95])
context shape: torch.Size([16, 95])
attention_weights shape: torch.Size([16, 862, 1])
x shape after cause_specific_fc: torch.Size([16, 84])
hazard_preds shape: [torch.Size([16, 5475])]
res shape: torch.Size([16, 1, 5475])
Average Loss: 157.02572631835938
Patience Counter: 3
Epoch 7/50
features shape: torch.Size([16, 862, 40]), mask shape: torch.Size([16, 862]), time_to_event shape: torch.Size([16, 1]), event_indicator shape: torch.Size([16, 1]), time_to_events shape: torch.Size([16, 862]), event_indicators shape: torch.Size([16, 862]), sequence lengths shape: torch.Size([16, 1])
x shape: torch.Size([16, 862, 40])
mask shape: torch.Size([16, 862])
lstm_output shape: torch.Size([16, 862, 190])
fc_output shape: torch.Size([16, 862, 95])
context shape: torch.Size([16, 95])
attention_weights shape: torch.Size([16, 862, 1])
x shape after cause_specific_fc: torch.Size([16, 84])
hazard_preds shape: [torch.Size([16, 5475])]
res shape: torch.Size([16, 1, 5475])
Average Loss: 200.35623931884766
Patience Counter: 4
Epoch 8/50
features shape: torch.Size([16, 862, 40]), mask shape: torch.Size([16, 862]), time_to_event shape: torch.Size([16, 1]), event_indicator shape: torch.Size([16, 1]), time_to_events shape: torch.Size([16, 862]), event_indicators shape: torch.Size([16, 862]), sequence lengths shape: torch.Size([16, 1])
x shape: torch.Size([16, 862, 40])
mask shape: torch.Size([16, 862])
lstm_output shape: torch.Size([16, 862, 190])
fc_output shape: torch.Size([16, 862, 95])
context shape: torch.Size([16, 95])
attention_weights shape: torch.Size([16, 862, 1])
x shape after cause_specific_fc: torch.Size([16, 84])
hazard_preds shape: [torch.Size([16, 5475])]
res shape: torch.Size([16, 1, 5475])
Average Loss: 181.25047302246094
Patience Counter: 5
Early stopping triggered
features shape: torch.Size([16, 862, 40]), mask shape: torch.Size([16, 862]), T shape: torch.Size([16, 1]), E shape: torch.Size([16, 1]) hazards shape: (16, 5475)
Processing subject 0 with time 28 and event True hazards shape: [0.48467806]
all_E shape: (20,) first 10 values: [ True  True  True False  True False False  True  True False]
all_R shape: (20,) first 10 values: [0.48467806 0.49123144 0.47941774 0.48936152 0.47943082 0.4582857
 0.47652084 0.5066998  0.47933346 0.48977518]
all_T shape: (20,) first 10 values: [  28 1535    0  804    0  357    2 2369    0 1529]
Global test C-index (scikit-survival): 0.177 number of concordant pairs: 17
Global test C-index: 0.177
features shape: torch.Size([16, 862, 40]), mask shape: torch.Size([16, 862]), T shape: torch.Size([16, 1]), E shape: torch.Size([16, 1]) hazards shape: (16, 5475)
Processing subject 0 with time 28 and event True hazards shape: [0.08237594]
all_E shape: (20,) first 10 values: [ True  True  True False  True False False  True  True False]
all_R shape: (20,) first 10 values: [8.2375944e-02 1.8193223e-01 3.8304418e-01 1.5671852e-04 3.8306549e-01
 1.9507318e-04 8.2308805e-05 4.9645734e-01 3.8304394e-01 2.4278523e-04]
all_T shape: (20,) first 10 values: [  28 1535    0  804    0  357    2 2369    0 1529]
Global test C-index (scikit-survival): 0.698 number of concordant pairs: 67
Global test C-index: 0.698
Saved model C-index: 0.6979, Current trial C-index: 0.1771
Saved model is better, keeping it
Using GPU: cuda:4
Running trial 3 for ExperimentScenario.TWENTY_FEATURES_HETEROGENEOUS on device cuda:4
Train data path /home/minhn2/uiuc-kidney-failure/generated_data/rep99/twenty_features_heterogeneous_train_data.csv
Test data path /home/minhn2/uiuc-kidney-failure/generated_data/rep99/twenty_features_heterogeneous_test_data.csv
Number of patients: test 20 and train 20
Number of records: test 9115 and train 4575
Epoch 1/50
features shape: torch.Size([16, 862, 40]), mask shape: torch.Size([16, 862]), time_to_event shape: torch.Size([16, 1]), event_indicator shape: torch.Size([16, 1]), time_to_events shape: torch.Size([16, 862]), event_indicators shape: torch.Size([16, 862]), sequence lengths shape: torch.Size([16, 1])
x shape: torch.Size([16, 862, 40])
mask shape: torch.Size([16, 862])
lstm_output shape: torch.Size([16, 862, 78])
fc_output shape: torch.Size([16, 862, 39])
context shape: torch.Size([16, 39])
attention_weights shape: torch.Size([16, 862, 1])
x shape after cause_specific_fc: torch.Size([16, 39])
hazard_preds shape: [torch.Size([16, 5475])]
res shape: torch.Size([16, 1, 5475])
Average Loss: 116.7868986427784
Epoch 2/50
features shape: torch.Size([16, 862, 40]), mask shape: torch.Size([16, 862]), time_to_event shape: torch.Size([16, 1]), event_indicator shape: torch.Size([16, 1]), time_to_events shape: torch.Size([16, 862]), event_indicators shape: torch.Size([16, 862]), sequence lengths shape: torch.Size([16, 1])
x shape: torch.Size([16, 862, 40])
mask shape: torch.Size([16, 862])
lstm_output shape: torch.Size([16, 862, 78])
fc_output shape: torch.Size([16, 862, 39])
context shape: torch.Size([16, 39])
attention_weights shape: torch.Size([16, 862, 1])
x shape after cause_specific_fc: torch.Size([16, 39])
hazard_preds shape: [torch.Size([16, 5475])]
res shape: torch.Size([16, 1, 5475])
Average Loss: 247.03387451171875
Patience Counter: 1
Epoch 3/50
features shape: torch.Size([16, 862, 40]), mask shape: torch.Size([16, 862]), time_to_event shape: torch.Size([16, 1]), event_indicator shape: torch.Size([16, 1]), time_to_events shape: torch.Size([16, 862]), event_indicators shape: torch.Size([16, 862]), sequence lengths shape: torch.Size([16, 1])
x shape: torch.Size([16, 862, 40])
mask shape: torch.Size([16, 862])
lstm_output shape: torch.Size([16, 862, 78])
fc_output shape: torch.Size([16, 862, 39])
context shape: torch.Size([16, 39])
attention_weights shape: torch.Size([16, 862, 1])
x shape after cause_specific_fc: torch.Size([16, 39])
hazard_preds shape: [torch.Size([16, 5475])]
res shape: torch.Size([16, 1, 5475])
Average Loss: 184.09761428833008
Patience Counter: 2
Epoch 4/50
features shape: torch.Size([16, 862, 40]), mask shape: torch.Size([16, 862]), time_to_event shape: torch.Size([16, 1]), event_indicator shape: torch.Size([16, 1]), time_to_events shape: torch.Size([16, 862]), event_indicators shape: torch.Size([16, 862]), sequence lengths shape: torch.Size([16, 1])
x shape: torch.Size([16, 862, 40])
mask shape: torch.Size([16, 862])
lstm_output shape: torch.Size([16, 862, 78])
fc_output shape: torch.Size([16, 862, 39])
context shape: torch.Size([16, 39])
attention_weights shape: torch.Size([16, 862, 1])
x shape after cause_specific_fc: torch.Size([16, 39])
hazard_preds shape: [torch.Size([16, 5475])]
res shape: torch.Size([16, 1, 5475])
Average Loss: 84.73324584960938
Epoch 5/50
features shape: torch.Size([16, 862, 40]), mask shape: torch.Size([16, 862]), time_to_event shape: torch.Size([16, 1]), event_indicator shape: torch.Size([16, 1]), time_to_events shape: torch.Size([16, 862]), event_indicators shape: torch.Size([16, 862]), sequence lengths shape: torch.Size([16, 1])
x shape: torch.Size([16, 862, 40])
mask shape: torch.Size([16, 862])
lstm_output shape: torch.Size([16, 862, 78])
fc_output shape: torch.Size([16, 862, 39])
context shape: torch.Size([16, 39])
attention_weights shape: torch.Size([16, 862, 1])
x shape after cause_specific_fc: torch.Size([16, 39])
hazard_preds shape: [torch.Size([16, 5475])]
res shape: torch.Size([16, 1, 5475])
Average Loss: 98.30444717407227
Patience Counter: 1
Epoch 6/50
features shape: torch.Size([16, 862, 40]), mask shape: torch.Size([16, 862]), time_to_event shape: torch.Size([16, 1]), event_indicator shape: torch.Size([16, 1]), time_to_events shape: torch.Size([16, 862]), event_indicators shape: torch.Size([16, 862]), sequence lengths shape: torch.Size([16, 1])
x shape: torch.Size([16, 862, 40])
mask shape: torch.Size([16, 862])
lstm_output shape: torch.Size([16, 862, 78])
fc_output shape: torch.Size([16, 862, 39])
context shape: torch.Size([16, 39])
attention_weights shape: torch.Size([16, 862, 1])
x shape after cause_specific_fc: torch.Size([16, 39])
hazard_preds shape: [torch.Size([16, 5475])]
res shape: torch.Size([16, 1, 5475])
Average Loss: 70.4087028503418
Epoch 7/50
features shape: torch.Size([16, 862, 40]), mask shape: torch.Size([16, 862]), time_to_event shape: torch.Size([16, 1]), event_indicator shape: torch.Size([16, 1]), time_to_events shape: torch.Size([16, 862]), event_indicators shape: torch.Size([16, 862]), sequence lengths shape: torch.Size([16, 1])
x shape: torch.Size([16, 862, 40])
mask shape: torch.Size([16, 862])
lstm_output shape: torch.Size([16, 862, 78])
fc_output shape: torch.Size([16, 862, 39])
context shape: torch.Size([16, 39])
attention_weights shape: torch.Size([16, 862, 1])
x shape after cause_specific_fc: torch.Size([16, 39])
hazard_preds shape: [torch.Size([16, 5475])]
res shape: torch.Size([16, 1, 5475])
Average Loss: 42.50758171081543
Epoch 8/50
features shape: torch.Size([16, 862, 40]), mask shape: torch.Size([16, 862]), time_to_event shape: torch.Size([16, 1]), event_indicator shape: torch.Size([16, 1]), time_to_events shape: torch.Size([16, 862]), event_indicators shape: torch.Size([16, 862]), sequence lengths shape: torch.Size([16, 1])
x shape: torch.Size([16, 862, 40])
mask shape: torch.Size([16, 862])
lstm_output shape: torch.Size([16, 862, 78])
fc_output shape: torch.Size([16, 862, 39])
context shape: torch.Size([16, 39])
attention_weights shape: torch.Size([16, 862, 1])
x shape after cause_specific_fc: torch.Size([16, 39])
hazard_preds shape: [torch.Size([16, 5475])]
res shape: torch.Size([16, 1, 5475])
Average Loss: 46.36702919006348
Patience Counter: 1
Epoch 9/50
features shape: torch.Size([16, 862, 40]), mask shape: torch.Size([16, 862]), time_to_event shape: torch.Size([16, 1]), event_indicator shape: torch.Size([16, 1]), time_to_events shape: torch.Size([16, 862]), event_indicators shape: torch.Size([16, 862]), sequence lengths shape: torch.Size([16, 1])
x shape: torch.Size([16, 862, 40])
mask shape: torch.Size([16, 862])
lstm_output shape: torch.Size([16, 862, 78])
fc_output shape: torch.Size([16, 862, 39])
context shape: torch.Size([16, 39])
attention_weights shape: torch.Size([16, 862, 1])
x shape after cause_specific_fc: torch.Size([16, 39])
hazard_preds shape: [torch.Size([16, 5475])]
res shape: torch.Size([16, 1, 5475])
Average Loss: 16.962495803833008
Epoch 10/50
features shape: torch.Size([16, 862, 40]), mask shape: torch.Size([16, 862]), time_to_event shape: torch.Size([16, 1]), event_indicator shape: torch.Size([16, 1]), time_to_events shape: torch.Size([16, 862]), event_indicators shape: torch.Size([16, 862]), sequence lengths shape: torch.Size([16, 1])
x shape: torch.Size([16, 862, 40])
mask shape: torch.Size([16, 862])
lstm_output shape: torch.Size([16, 862, 78])
fc_output shape: torch.Size([16, 862, 39])
context shape: torch.Size([16, 39])
attention_weights shape: torch.Size([16, 862, 1])
x shape after cause_specific_fc: torch.Size([16, 39])
hazard_preds shape: [torch.Size([16, 5475])]
res shape: torch.Size([16, 1, 5475])
Average Loss: 10.63846230506897
Epoch 11/50
features shape: torch.Size([16, 862, 40]), mask shape: torch.Size([16, 862]), time_to_event shape: torch.Size([16, 1]), event_indicator shape: torch.Size([16, 1]), time_to_events shape: torch.Size([16, 862]), event_indicators shape: torch.Size([16, 862]), sequence lengths shape: torch.Size([16, 1])
x shape: torch.Size([16, 862, 40])
mask shape: torch.Size([16, 862])
lstm_output shape: torch.Size([16, 862, 78])
fc_output shape: torch.Size([16, 862, 39])
context shape: torch.Size([16, 39])
attention_weights shape: torch.Size([16, 862, 1])
x shape after cause_specific_fc: torch.Size([16, 39])
hazard_preds shape: [torch.Size([16, 5475])]
res shape: torch.Size([16, 1, 5475])
Average Loss: 7.6083656549453735
Epoch 12/50
features shape: torch.Size([16, 862, 40]), mask shape: torch.Size([16, 862]), time_to_event shape: torch.Size([16, 1]), event_indicator shape: torch.Size([16, 1]), time_to_events shape: torch.Size([16, 862]), event_indicators shape: torch.Size([16, 862]), sequence lengths shape: torch.Size([16, 1])
x shape: torch.Size([16, 862, 40])
mask shape: torch.Size([16, 862])
lstm_output shape: torch.Size([16, 862, 78])
fc_output shape: torch.Size([16, 862, 39])
context shape: torch.Size([16, 39])
attention_weights shape: torch.Size([16, 862, 1])
x shape after cause_specific_fc: torch.Size([16, 39])
hazard_preds shape: [torch.Size([16, 5475])]
res shape: torch.Size([16, 1, 5475])
Average Loss: 11.809906482696533
Patience Counter: 1
Epoch 13/50
features shape: torch.Size([16, 862, 40]), mask shape: torch.Size([16, 862]), time_to_event shape: torch.Size([16, 1]), event_indicator shape: torch.Size([16, 1]), time_to_events shape: torch.Size([16, 862]), event_indicators shape: torch.Size([16, 862]), sequence lengths shape: torch.Size([16, 1])
x shape: torch.Size([16, 862, 40])
mask shape: torch.Size([16, 862])
lstm_output shape: torch.Size([16, 862, 78])
fc_output shape: torch.Size([16, 862, 39])
context shape: torch.Size([16, 39])
attention_weights shape: torch.Size([16, 862, 1])
x shape after cause_specific_fc: torch.Size([16, 39])
hazard_preds shape: [torch.Size([16, 5475])]
res shape: torch.Size([16, 1, 5475])
Average Loss: 7.5306761264801025
Epoch 14/50
features shape: torch.Size([16, 862, 40]), mask shape: torch.Size([16, 862]), time_to_event shape: torch.Size([16, 1]), event_indicator shape: torch.Size([16, 1]), time_to_events shape: torch.Size([16, 862]), event_indicators shape: torch.Size([16, 862]), sequence lengths shape: torch.Size([16, 1])
x shape: torch.Size([16, 862, 40])
mask shape: torch.Size([16, 862])
lstm_output shape: torch.Size([16, 862, 78])
fc_output shape: torch.Size([16, 862, 39])
context shape: torch.Size([16, 39])
attention_weights shape: torch.Size([16, 862, 1])
x shape after cause_specific_fc: torch.Size([16, 39])
hazard_preds shape: [torch.Size([16, 5475])]
res shape: torch.Size([16, 1, 5475])
Average Loss: 10.948332905769348
Patience Counter: 1
Epoch 15/50
features shape: torch.Size([16, 862, 40]), mask shape: torch.Size([16, 862]), time_to_event shape: torch.Size([16, 1]), event_indicator shape: torch.Size([16, 1]), time_to_events shape: torch.Size([16, 862]), event_indicators shape: torch.Size([16, 862]), sequence lengths shape: torch.Size([16, 1])
x shape: torch.Size([16, 862, 40])
mask shape: torch.Size([16, 862])
lstm_output shape: torch.Size([16, 862, 78])
fc_output shape: torch.Size([16, 862, 39])
context shape: torch.Size([16, 39])
attention_weights shape: torch.Size([16, 862, 1])
x shape after cause_specific_fc: torch.Size([16, 39])
hazard_preds shape: [torch.Size([16, 5475])]
res shape: torch.Size([16, 1, 5475])
Average Loss: 3.486549496650696
Epoch 16/50
features shape: torch.Size([16, 862, 40]), mask shape: torch.Size([16, 862]), time_to_event shape: torch.Size([16, 1]), event_indicator shape: torch.Size([16, 1]), time_to_events shape: torch.Size([16, 862]), event_indicators shape: torch.Size([16, 862]), sequence lengths shape: torch.Size([16, 1])
x shape: torch.Size([16, 862, 40])
mask shape: torch.Size([16, 862])
lstm_output shape: torch.Size([16, 862, 78])
fc_output shape: torch.Size([16, 862, 39])
context shape: torch.Size([16, 39])
attention_weights shape: torch.Size([16, 862, 1])
x shape after cause_specific_fc: torch.Size([16, 39])
hazard_preds shape: [torch.Size([16, 5475])]
res shape: torch.Size([16, 1, 5475])
Average Loss: 4.846086740493774
Patience Counter: 1
Epoch 17/50
features shape: torch.Size([16, 862, 40]), mask shape: torch.Size([16, 862]), time_to_event shape: torch.Size([16, 1]), event_indicator shape: torch.Size([16, 1]), time_to_events shape: torch.Size([16, 862]), event_indicators shape: torch.Size([16, 862]), sequence lengths shape: torch.Size([16, 1])
x shape: torch.Size([16, 862, 40])
mask shape: torch.Size([16, 862])
lstm_output shape: torch.Size([16, 862, 78])
fc_output shape: torch.Size([16, 862, 39])
context shape: torch.Size([16, 39])
attention_weights shape: torch.Size([16, 862, 1])
x shape after cause_specific_fc: torch.Size([16, 39])
hazard_preds shape: [torch.Size([16, 5475])]
res shape: torch.Size([16, 1, 5475])
Average Loss: 3.4424123764038086
Epoch 18/50
features shape: torch.Size([16, 862, 40]), mask shape: torch.Size([16, 862]), time_to_event shape: torch.Size([16, 1]), event_indicator shape: torch.Size([16, 1]), time_to_events shape: torch.Size([16, 862]), event_indicators shape: torch.Size([16, 862]), sequence lengths shape: torch.Size([16, 1])
x shape: torch.Size([16, 862, 40])
mask shape: torch.Size([16, 862])
lstm_output shape: torch.Size([16, 862, 78])
fc_output shape: torch.Size([16, 862, 39])
context shape: torch.Size([16, 39])
attention_weights shape: torch.Size([16, 862, 1])
x shape after cause_specific_fc: torch.Size([16, 39])
hazard_preds shape: [torch.Size([16, 5475])]
res shape: torch.Size([16, 1, 5475])
Average Loss: 5.015392065048218
Patience Counter: 1
Epoch 19/50
features shape: torch.Size([16, 862, 40]), mask shape: torch.Size([16, 862]), time_to_event shape: torch.Size([16, 1]), event_indicator shape: torch.Size([16, 1]), time_to_events shape: torch.Size([16, 862]), event_indicators shape: torch.Size([16, 862]), sequence lengths shape: torch.Size([16, 1])
x shape: torch.Size([16, 862, 40])
mask shape: torch.Size([16, 862])
lstm_output shape: torch.Size([16, 862, 78])
fc_output shape: torch.Size([16, 862, 39])
context shape: torch.Size([16, 39])
attention_weights shape: torch.Size([16, 862, 1])
x shape after cause_specific_fc: torch.Size([16, 39])
hazard_preds shape: [torch.Size([16, 5475])]
res shape: torch.Size([16, 1, 5475])
Average Loss: 4.942504584789276
Patience Counter: 2
Epoch 20/50
features shape: torch.Size([16, 862, 40]), mask shape: torch.Size([16, 862]), time_to_event shape: torch.Size([16, 1]), event_indicator shape: torch.Size([16, 1]), time_to_events shape: torch.Size([16, 862]), event_indicators shape: torch.Size([16, 862]), sequence lengths shape: torch.Size([16, 1])
x shape: torch.Size([16, 862, 40])
mask shape: torch.Size([16, 862])
lstm_output shape: torch.Size([16, 862, 78])
fc_output shape: torch.Size([16, 862, 39])
context shape: torch.Size([16, 39])
attention_weights shape: torch.Size([16, 862, 1])
x shape after cause_specific_fc: torch.Size([16, 39])
hazard_preds shape: [torch.Size([16, 5475])]
res shape: torch.Size([16, 1, 5475])
Average Loss: 3.7770575284957886
Patience Counter: 3
Epoch 21/50
features shape: torch.Size([16, 862, 40]), mask shape: torch.Size([16, 862]), time_to_event shape: torch.Size([16, 1]), event_indicator shape: torch.Size([16, 1]), time_to_events shape: torch.Size([16, 862]), event_indicators shape: torch.Size([16, 862]), sequence lengths shape: torch.Size([16, 1])
x shape: torch.Size([16, 862, 40])
mask shape: torch.Size([16, 862])
lstm_output shape: torch.Size([16, 862, 78])
fc_output shape: torch.Size([16, 862, 39])
context shape: torch.Size([16, 39])
attention_weights shape: torch.Size([16, 862, 1])
x shape after cause_specific_fc: torch.Size([16, 39])
hazard_preds shape: [torch.Size([16, 5475])]
res shape: torch.Size([16, 1, 5475])
Average Loss: 3.5083277225494385
Patience Counter: 4
Epoch 22/50
features shape: torch.Size([16, 862, 40]), mask shape: torch.Size([16, 862]), time_to_event shape: torch.Size([16, 1]), event_indicator shape: torch.Size([16, 1]), time_to_events shape: torch.Size([16, 862]), event_indicators shape: torch.Size([16, 862]), sequence lengths shape: torch.Size([16, 1])
x shape: torch.Size([16, 862, 40])
mask shape: torch.Size([16, 862])
lstm_output shape: torch.Size([16, 862, 78])
fc_output shape: torch.Size([16, 862, 39])
context shape: torch.Size([16, 39])
attention_weights shape: torch.Size([16, 862, 1])
x shape after cause_specific_fc: torch.Size([16, 39])
hazard_preds shape: [torch.Size([16, 5475])]
res shape: torch.Size([16, 1, 5475])
Average Loss: 2.076582670211792
Epoch 23/50
features shape: torch.Size([16, 862, 40]), mask shape: torch.Size([16, 862]), time_to_event shape: torch.Size([16, 1]), event_indicator shape: torch.Size([16, 1]), time_to_events shape: torch.Size([16, 862]), event_indicators shape: torch.Size([16, 862]), sequence lengths shape: torch.Size([16, 1])
x shape: torch.Size([16, 862, 40])
mask shape: torch.Size([16, 862])
lstm_output shape: torch.Size([16, 862, 78])
fc_output shape: torch.Size([16, 862, 39])
context shape: torch.Size([16, 39])
attention_weights shape: torch.Size([16, 862, 1])
x shape after cause_specific_fc: torch.Size([16, 39])
hazard_preds shape: [torch.Size([16, 5475])]
res shape: torch.Size([16, 1, 5475])
Average Loss: 2.0428022146224976
Epoch 24/50
features shape: torch.Size([16, 862, 40]), mask shape: torch.Size([16, 862]), time_to_event shape: torch.Size([16, 1]), event_indicator shape: torch.Size([16, 1]), time_to_events shape: torch.Size([16, 862]), event_indicators shape: torch.Size([16, 862]), sequence lengths shape: torch.Size([16, 1])
x shape: torch.Size([16, 862, 40])
mask shape: torch.Size([16, 862])
lstm_output shape: torch.Size([16, 862, 78])
fc_output shape: torch.Size([16, 862, 39])
context shape: torch.Size([16, 39])
attention_weights shape: torch.Size([16, 862, 1])
x shape after cause_specific_fc: torch.Size([16, 39])
hazard_preds shape: [torch.Size([16, 5475])]
res shape: torch.Size([16, 1, 5475])
Average Loss: 1.890049695968628
Epoch 25/50
features shape: torch.Size([16, 862, 40]), mask shape: torch.Size([16, 862]), time_to_event shape: torch.Size([16, 1]), event_indicator shape: torch.Size([16, 1]), time_to_events shape: torch.Size([16, 862]), event_indicators shape: torch.Size([16, 862]), sequence lengths shape: torch.Size([16, 1])
x shape: torch.Size([16, 862, 40])
mask shape: torch.Size([16, 862])
lstm_output shape: torch.Size([16, 862, 78])
fc_output shape: torch.Size([16, 862, 39])
context shape: torch.Size([16, 39])
attention_weights shape: torch.Size([16, 862, 1])
x shape after cause_specific_fc: torch.Size([16, 39])
hazard_preds shape: [torch.Size([16, 5475])]
res shape: torch.Size([16, 1, 5475])
Average Loss: 2.070951461791992
Patience Counter: 1
Epoch 26/50
features shape: torch.Size([16, 862, 40]), mask shape: torch.Size([16, 862]), time_to_event shape: torch.Size([16, 1]), event_indicator shape: torch.Size([16, 1]), time_to_events shape: torch.Size([16, 862]), event_indicators shape: torch.Size([16, 862]), sequence lengths shape: torch.Size([16, 1])
x shape: torch.Size([16, 862, 40])
mask shape: torch.Size([16, 862])
lstm_output shape: torch.Size([16, 862, 78])
fc_output shape: torch.Size([16, 862, 39])
context shape: torch.Size([16, 39])
attention_weights shape: torch.Size([16, 862, 1])
x shape after cause_specific_fc: torch.Size([16, 39])
hazard_preds shape: [torch.Size([16, 5475])]
res shape: torch.Size([16, 1, 5475])
Average Loss: 2.1663299798965454
Patience Counter: 2
Epoch 27/50
features shape: torch.Size([16, 862, 40]), mask shape: torch.Size([16, 862]), time_to_event shape: torch.Size([16, 1]), event_indicator shape: torch.Size([16, 1]), time_to_events shape: torch.Size([16, 862]), event_indicators shape: torch.Size([16, 862]), sequence lengths shape: torch.Size([16, 1])
x shape: torch.Size([16, 862, 40])
mask shape: torch.Size([16, 862])
lstm_output shape: torch.Size([16, 862, 78])
fc_output shape: torch.Size([16, 862, 39])
context shape: torch.Size([16, 39])
attention_weights shape: torch.Size([16, 862, 1])
x shape after cause_specific_fc: torch.Size([16, 39])
hazard_preds shape: [torch.Size([16, 5475])]
res shape: torch.Size([16, 1, 5475])
Average Loss: 1.7582964897155762
Epoch 28/50
features shape: torch.Size([16, 862, 40]), mask shape: torch.Size([16, 862]), time_to_event shape: torch.Size([16, 1]), event_indicator shape: torch.Size([16, 1]), time_to_events shape: torch.Size([16, 862]), event_indicators shape: torch.Size([16, 862]), sequence lengths shape: torch.Size([16, 1])
x shape: torch.Size([16, 862, 40])
mask shape: torch.Size([16, 862])
lstm_output shape: torch.Size([16, 862, 78])
fc_output shape: torch.Size([16, 862, 39])
context shape: torch.Size([16, 39])
attention_weights shape: torch.Size([16, 862, 1])
x shape after cause_specific_fc: torch.Size([16, 39])
hazard_preds shape: [torch.Size([16, 5475])]
res shape: torch.Size([16, 1, 5475])
Average Loss: 1.8200709819793701
Patience Counter: 1
Epoch 29/50
features shape: torch.Size([16, 862, 40]), mask shape: torch.Size([16, 862]), time_to_event shape: torch.Size([16, 1]), event_indicator shape: torch.Size([16, 1]), time_to_events shape: torch.Size([16, 862]), event_indicators shape: torch.Size([16, 862]), sequence lengths shape: torch.Size([16, 1])
x shape: torch.Size([16, 862, 40])
mask shape: torch.Size([16, 862])
lstm_output shape: torch.Size([16, 862, 78])
fc_output shape: torch.Size([16, 862, 39])
context shape: torch.Size([16, 39])
attention_weights shape: torch.Size([16, 862, 1])
x shape after cause_specific_fc: torch.Size([16, 39])
hazard_preds shape: [torch.Size([16, 5475])]
res shape: torch.Size([16, 1, 5475])
Average Loss: 1.6438579857349396
Epoch 30/50
features shape: torch.Size([16, 862, 40]), mask shape: torch.Size([16, 862]), time_to_event shape: torch.Size([16, 1]), event_indicator shape: torch.Size([16, 1]), time_to_events shape: torch.Size([16, 862]), event_indicators shape: torch.Size([16, 862]), sequence lengths shape: torch.Size([16, 1])
x shape: torch.Size([16, 862, 40])
mask shape: torch.Size([16, 862])
lstm_output shape: torch.Size([16, 862, 78])
fc_output shape: torch.Size([16, 862, 39])
context shape: torch.Size([16, 39])
attention_weights shape: torch.Size([16, 862, 1])
x shape after cause_specific_fc: torch.Size([16, 39])
hazard_preds shape: [torch.Size([16, 5475])]
res shape: torch.Size([16, 1, 5475])
Average Loss: 1.5228986144065857
Epoch 31/50
features shape: torch.Size([16, 862, 40]), mask shape: torch.Size([16, 862]), time_to_event shape: torch.Size([16, 1]), event_indicator shape: torch.Size([16, 1]), time_to_events shape: torch.Size([16, 862]), event_indicators shape: torch.Size([16, 862]), sequence lengths shape: torch.Size([16, 1])
x shape: torch.Size([16, 862, 40])
mask shape: torch.Size([16, 862])
lstm_output shape: torch.Size([16, 862, 78])
fc_output shape: torch.Size([16, 862, 39])
context shape: torch.Size([16, 39])
attention_weights shape: torch.Size([16, 862, 1])
x shape after cause_specific_fc: torch.Size([16, 39])
hazard_preds shape: [torch.Size([16, 5475])]
res shape: torch.Size([16, 1, 5475])
Average Loss: 1.5505818128585815
Patience Counter: 1
Epoch 32/50
features shape: torch.Size([16, 862, 40]), mask shape: torch.Size([16, 862]), time_to_event shape: torch.Size([16, 1]), event_indicator shape: torch.Size([16, 1]), time_to_events shape: torch.Size([16, 862]), event_indicators shape: torch.Size([16, 862]), sequence lengths shape: torch.Size([16, 1])
x shape: torch.Size([16, 862, 40])
mask shape: torch.Size([16, 862])
lstm_output shape: torch.Size([16, 862, 78])
fc_output shape: torch.Size([16, 862, 39])
context shape: torch.Size([16, 39])
attention_weights shape: torch.Size([16, 862, 1])
x shape after cause_specific_fc: torch.Size([16, 39])
hazard_preds shape: [torch.Size([16, 5475])]
res shape: torch.Size([16, 1, 5475])
Average Loss: 2.6974743604660034
Patience Counter: 2
Epoch 33/50
features shape: torch.Size([16, 862, 40]), mask shape: torch.Size([16, 862]), time_to_event shape: torch.Size([16, 1]), event_indicator shape: torch.Size([16, 1]), time_to_events shape: torch.Size([16, 862]), event_indicators shape: torch.Size([16, 862]), sequence lengths shape: torch.Size([16, 1])
x shape: torch.Size([16, 862, 40])
mask shape: torch.Size([16, 862])
lstm_output shape: torch.Size([16, 862, 78])
fc_output shape: torch.Size([16, 862, 39])
context shape: torch.Size([16, 39])
attention_weights shape: torch.Size([16, 862, 1])
x shape after cause_specific_fc: torch.Size([16, 39])
hazard_preds shape: [torch.Size([16, 5475])]
res shape: torch.Size([16, 1, 5475])
Average Loss: 2.0332767963409424
Patience Counter: 3
Epoch 34/50
features shape: torch.Size([16, 862, 40]), mask shape: torch.Size([16, 862]), time_to_event shape: torch.Size([16, 1]), event_indicator shape: torch.Size([16, 1]), time_to_events shape: torch.Size([16, 862]), event_indicators shape: torch.Size([16, 862]), sequence lengths shape: torch.Size([16, 1])
x shape: torch.Size([16, 862, 40])
mask shape: torch.Size([16, 862])
lstm_output shape: torch.Size([16, 862, 78])
fc_output shape: torch.Size([16, 862, 39])
context shape: torch.Size([16, 39])
attention_weights shape: torch.Size([16, 862, 1])
x shape after cause_specific_fc: torch.Size([16, 39])
hazard_preds shape: [torch.Size([16, 5475])]
res shape: torch.Size([16, 1, 5475])
Average Loss: 2.2461976408958435
Patience Counter: 4
Epoch 35/50
features shape: torch.Size([16, 862, 40]), mask shape: torch.Size([16, 862]), time_to_event shape: torch.Size([16, 1]), event_indicator shape: torch.Size([16, 1]), time_to_events shape: torch.Size([16, 862]), event_indicators shape: torch.Size([16, 862]), sequence lengths shape: torch.Size([16, 1])
x shape: torch.Size([16, 862, 40])
mask shape: torch.Size([16, 862])
lstm_output shape: torch.Size([16, 862, 78])
fc_output shape: torch.Size([16, 862, 39])
context shape: torch.Size([16, 39])
attention_weights shape: torch.Size([16, 862, 1])
x shape after cause_specific_fc: torch.Size([16, 39])
hazard_preds shape: [torch.Size([16, 5475])]
res shape: torch.Size([16, 1, 5475])
Average Loss: 2.1813364028930664
Patience Counter: 5
Early stopping triggered
features shape: torch.Size([16, 862, 40]), mask shape: torch.Size([16, 862]), T shape: torch.Size([16, 1]), E shape: torch.Size([16, 1]) hazards shape: (16, 5475)
Processing subject 0 with time 28 and event True hazards shape: [0.13063088]
all_E shape: (20,) first 10 values: [ True  True  True False  True False False  True  True False]
all_R shape: (20,) first 10 values: [0.13063088 0.26552966 0.43451115 0.00540901 0.4345108  0.00256766
 0.0036428  0.60670877 0.43451118 0.00421559]
all_T shape: (20,) first 10 values: [  28 1535    0  804    0  357    2 2369    0 1529]
Global test C-index (scikit-survival): 0.625 number of concordant pairs: 60
Global test C-index: 0.625
features shape: torch.Size([16, 862, 40]), mask shape: torch.Size([16, 862]), T shape: torch.Size([16, 1]), E shape: torch.Size([16, 1]) hazards shape: (16, 5475)
Processing subject 0 with time 28 and event True hazards shape: [0.08237594]
all_E shape: (20,) first 10 values: [ True  True  True False  True False False  True  True False]
all_R shape: (20,) first 10 values: [8.2375944e-02 1.8193223e-01 3.8304418e-01 1.5671852e-04 3.8306549e-01
 1.9507318e-04 8.2308805e-05 4.9645734e-01 3.8304394e-01 2.4278523e-04]
all_T shape: (20,) first 10 values: [  28 1535    0  804    0  357    2 2369    0 1529]
Global test C-index (scikit-survival): 0.698 number of concordant pairs: 67
Global test C-index: 0.698
Saved model C-index: 0.6979, Current trial C-index: 0.6250
Saved model is better, keeping it
Using GPU: cuda:1
Running trial 4 for ExperimentScenario.TWENTY_FEATURES_HETEROGENEOUS on device cuda:1
Train data path /home/minhn2/uiuc-kidney-failure/generated_data/rep99/twenty_features_heterogeneous_train_data.csv
Test data path /home/minhn2/uiuc-kidney-failure/generated_data/rep99/twenty_features_heterogeneous_test_data.csv
Number of patients: test 20 and train 20
Number of records: test 9115 and train 4575
Epoch 1/50
features shape: torch.Size([16, 862, 40]), mask shape: torch.Size([16, 862]), time_to_event shape: torch.Size([16, 1]), event_indicator shape: torch.Size([16, 1]), time_to_events shape: torch.Size([16, 862]), event_indicators shape: torch.Size([16, 862]), sequence lengths shape: torch.Size([16, 1])
x shape: torch.Size([16, 862, 40])
mask shape: torch.Size([16, 862])
lstm_output shape: torch.Size([16, 862, 88])
fc_output shape: torch.Size([16, 862, 44])
context shape: torch.Size([16, 44])
attention_weights shape: torch.Size([16, 862, 1])
x shape after cause_specific_fc: torch.Size([16, 35])
hazard_preds shape: [torch.Size([16, 5475])]
res shape: torch.Size([16, 1, 5475])
Average Loss: 141.37046432495117
Epoch 2/50
features shape: torch.Size([16, 862, 40]), mask shape: torch.Size([16, 862]), time_to_event shape: torch.Size([16, 1]), event_indicator shape: torch.Size([16, 1]), time_to_events shape: torch.Size([16, 862]), event_indicators shape: torch.Size([16, 862]), sequence lengths shape: torch.Size([16, 1])
x shape: torch.Size([16, 862, 40])
mask shape: torch.Size([16, 862])
lstm_output shape: torch.Size([16, 862, 88])
fc_output shape: torch.Size([16, 862, 44])
context shape: torch.Size([16, 44])
attention_weights shape: torch.Size([16, 862, 1])
x shape after cause_specific_fc: torch.Size([16, 35])
hazard_preds shape: [torch.Size([16, 5475])]
res shape: torch.Size([16, 1, 5475])
Average Loss: 75.27953797578812
Epoch 3/50
features shape: torch.Size([16, 862, 40]), mask shape: torch.Size([16, 862]), time_to_event shape: torch.Size([16, 1]), event_indicator shape: torch.Size([16, 1]), time_to_events shape: torch.Size([16, 862]), event_indicators shape: torch.Size([16, 862]), sequence lengths shape: torch.Size([16, 1])
x shape: torch.Size([16, 862, 40])
mask shape: torch.Size([16, 862])
lstm_output shape: torch.Size([16, 862, 88])
fc_output shape: torch.Size([16, 862, 44])
context shape: torch.Size([16, 44])
attention_weights shape: torch.Size([16, 862, 1])
x shape after cause_specific_fc: torch.Size([16, 35])
hazard_preds shape: [torch.Size([16, 5475])]
res shape: torch.Size([16, 1, 5475])
Average Loss: 75.14858800172806
Epoch 4/50
features shape: torch.Size([16, 862, 40]), mask shape: torch.Size([16, 862]), time_to_event shape: torch.Size([16, 1]), event_indicator shape: torch.Size([16, 1]), time_to_events shape: torch.Size([16, 862]), event_indicators shape: torch.Size([16, 862]), sequence lengths shape: torch.Size([16, 1])
x shape: torch.Size([16, 862, 40])
mask shape: torch.Size([16, 862])
lstm_output shape: torch.Size([16, 862, 88])
fc_output shape: torch.Size([16, 862, 44])
context shape: torch.Size([16, 44])
attention_weights shape: torch.Size([16, 862, 1])
x shape after cause_specific_fc: torch.Size([16, 35])
hazard_preds shape: [torch.Size([16, 5475])]
res shape: torch.Size([16, 1, 5475])
Average Loss: 149.44045639038086
Patience Counter: 1
Epoch 5/50
features shape: torch.Size([16, 862, 40]), mask shape: torch.Size([16, 862]), time_to_event shape: torch.Size([16, 1]), event_indicator shape: torch.Size([16, 1]), time_to_events shape: torch.Size([16, 862]), event_indicators shape: torch.Size([16, 862]), sequence lengths shape: torch.Size([16, 1])
x shape: torch.Size([16, 862, 40])
mask shape: torch.Size([16, 862])
lstm_output shape: torch.Size([16, 862, 88])
fc_output shape: torch.Size([16, 862, 44])
context shape: torch.Size([16, 44])
attention_weights shape: torch.Size([16, 862, 1])
x shape after cause_specific_fc: torch.Size([16, 35])
hazard_preds shape: [torch.Size([16, 5475])]
res shape: torch.Size([16, 1, 5475])
Average Loss: 88.12125587463379
Patience Counter: 2
Epoch 6/50
features shape: torch.Size([16, 862, 40]), mask shape: torch.Size([16, 862]), time_to_event shape: torch.Size([16, 1]), event_indicator shape: torch.Size([16, 1]), time_to_events shape: torch.Size([16, 862]), event_indicators shape: torch.Size([16, 862]), sequence lengths shape: torch.Size([16, 1])
x shape: torch.Size([16, 862, 40])
mask shape: torch.Size([16, 862])
lstm_output shape: torch.Size([16, 862, 88])
fc_output shape: torch.Size([16, 862, 44])
context shape: torch.Size([16, 44])
attention_weights shape: torch.Size([16, 862, 1])
x shape after cause_specific_fc: torch.Size([16, 35])
hazard_preds shape: [torch.Size([16, 5475])]
res shape: torch.Size([16, 1, 5475])
Average Loss: 85.05633163452148
Patience Counter: 3
Epoch 7/50
features shape: torch.Size([16, 862, 40]), mask shape: torch.Size([16, 862]), time_to_event shape: torch.Size([16, 1]), event_indicator shape: torch.Size([16, 1]), time_to_events shape: torch.Size([16, 862]), event_indicators shape: torch.Size([16, 862]), sequence lengths shape: torch.Size([16, 1])
x shape: torch.Size([16, 862, 40])
mask shape: torch.Size([16, 862])
lstm_output shape: torch.Size([16, 862, 88])
fc_output shape: torch.Size([16, 862, 44])
context shape: torch.Size([16, 44])
attention_weights shape: torch.Size([16, 862, 1])
x shape after cause_specific_fc: torch.Size([16, 35])
hazard_preds shape: [torch.Size([16, 5475])]
res shape: torch.Size([16, 1, 5475])
Average Loss: 108.71528625488281
Patience Counter: 4
Epoch 8/50
features shape: torch.Size([16, 862, 40]), mask shape: torch.Size([16, 862]), time_to_event shape: torch.Size([16, 1]), event_indicator shape: torch.Size([16, 1]), time_to_events shape: torch.Size([16, 862]), event_indicators shape: torch.Size([16, 862]), sequence lengths shape: torch.Size([16, 1])
x shape: torch.Size([16, 862, 40])
mask shape: torch.Size([16, 862])
lstm_output shape: torch.Size([16, 862, 88])
fc_output shape: torch.Size([16, 862, 44])
context shape: torch.Size([16, 44])
attention_weights shape: torch.Size([16, 862, 1])
x shape after cause_specific_fc: torch.Size([16, 35])
hazard_preds shape: [torch.Size([16, 5475])]
res shape: torch.Size([16, 1, 5475])
Average Loss: 75.23976475000381
Patience Counter: 5
Early stopping triggered
features shape: torch.Size([16, 862, 40]), mask shape: torch.Size([16, 862]), T shape: torch.Size([16, 1]), E shape: torch.Size([16, 1]) hazards shape: (16, 5475)
Processing subject 0 with time 28 and event True hazards shape: [0.5367367]
all_E shape: (20,) first 10 values: [ True  True  True False  True False False  True  True False]
all_R shape: (20,) first 10 values: [0.5367367  0.5292299  0.52504593 0.5380885  0.52491826 0.49000388
 0.47650093 0.5334938  0.52494097 0.4622064 ]
all_T shape: (20,) first 10 values: [  28 1535    0  804    0  357    2 2369    0 1529]
Global test C-index (scikit-survival): 0.552 number of concordant pairs: 53
Global test C-index: 0.552
features shape: torch.Size([16, 862, 40]), mask shape: torch.Size([16, 862]), T shape: torch.Size([16, 1]), E shape: torch.Size([16, 1]) hazards shape: (16, 5475)
Processing subject 0 with time 28 and event True hazards shape: [0.08237594]
all_E shape: (20,) first 10 values: [ True  True  True False  True False False  True  True False]
all_R shape: (20,) first 10 values: [8.2375944e-02 1.8193223e-01 3.8304418e-01 1.5671852e-04 3.8306549e-01
 1.9507318e-04 8.2308805e-05 4.9645734e-01 3.8304394e-01 2.4278523e-04]
all_T shape: (20,) first 10 values: [  28 1535    0  804    0  357    2 2369    0 1529]
Global test C-index (scikit-survival): 0.698 number of concordant pairs: 67
Global test C-index: 0.698
Saved model C-index: 0.6979, Current trial C-index: 0.5521
Saved model is better, keeping it
Using GPU: cuda:4
Running trial 5 for ExperimentScenario.TWENTY_FEATURES_HETEROGENEOUS on device cuda:4
Train data path /home/minhn2/uiuc-kidney-failure/generated_data/rep99/twenty_features_heterogeneous_train_data.csv
Test data path /home/minhn2/uiuc-kidney-failure/generated_data/rep99/twenty_features_heterogeneous_test_data.csv
Number of patients: test 20 and train 20
Number of records: test 9115 and train 4575
Epoch 1/50
features shape: torch.Size([16, 862, 40]), mask shape: torch.Size([16, 862]), time_to_event shape: torch.Size([16, 1]), event_indicator shape: torch.Size([16, 1]), time_to_events shape: torch.Size([16, 862]), event_indicators shape: torch.Size([16, 862]), sequence lengths shape: torch.Size([16, 1])
x shape: torch.Size([16, 862, 40])
mask shape: torch.Size([16, 862])
lstm_output shape: torch.Size([16, 862, 82])
fc_output shape: torch.Size([16, 862, 41])
context shape: torch.Size([16, 41])
attention_weights shape: torch.Size([16, 862, 1])
x shape after cause_specific_fc: torch.Size([16, 41])
hazard_preds shape: [torch.Size([16, 5475])]
res shape: torch.Size([16, 1, 5475])
Average Loss: 221.0612564086914
Epoch 2/50
features shape: torch.Size([16, 862, 40]), mask shape: torch.Size([16, 862]), time_to_event shape: torch.Size([16, 1]), event_indicator shape: torch.Size([16, 1]), time_to_events shape: torch.Size([16, 862]), event_indicators shape: torch.Size([16, 862]), sequence lengths shape: torch.Size([16, 1])
x shape: torch.Size([16, 862, 40])
mask shape: torch.Size([16, 862])
lstm_output shape: torch.Size([16, 862, 82])
fc_output shape: torch.Size([16, 862, 41])
context shape: torch.Size([16, 41])
attention_weights shape: torch.Size([16, 862, 1])
x shape after cause_specific_fc: torch.Size([16, 41])
hazard_preds shape: [torch.Size([16, 5475])]
res shape: torch.Size([16, 1, 5475])
Average Loss: 117.31499671936035
Epoch 3/50
features shape: torch.Size([16, 862, 40]), mask shape: torch.Size([16, 862]), time_to_event shape: torch.Size([16, 1]), event_indicator shape: torch.Size([16, 1]), time_to_events shape: torch.Size([16, 862]), event_indicators shape: torch.Size([16, 862]), sequence lengths shape: torch.Size([16, 1])
x shape: torch.Size([16, 862, 40])
mask shape: torch.Size([16, 862])
lstm_output shape: torch.Size([16, 862, 82])
fc_output shape: torch.Size([16, 862, 41])
context shape: torch.Size([16, 41])
attention_weights shape: torch.Size([16, 862, 1])
x shape after cause_specific_fc: torch.Size([16, 41])
hazard_preds shape: [torch.Size([16, 5475])]
res shape: torch.Size([16, 1, 5475])
Average Loss: 222.1554183959961
Patience Counter: 1
Epoch 4/50
features shape: torch.Size([16, 862, 40]), mask shape: torch.Size([16, 862]), time_to_event shape: torch.Size([16, 1]), event_indicator shape: torch.Size([16, 1]), time_to_events shape: torch.Size([16, 862]), event_indicators shape: torch.Size([16, 862]), sequence lengths shape: torch.Size([16, 1])
x shape: torch.Size([16, 862, 40])
mask shape: torch.Size([16, 862])
lstm_output shape: torch.Size([16, 862, 82])
fc_output shape: torch.Size([16, 862, 41])
context shape: torch.Size([16, 41])
attention_weights shape: torch.Size([16, 862, 1])
x shape after cause_specific_fc: torch.Size([16, 41])
hazard_preds shape: [torch.Size([16, 5475])]
res shape: torch.Size([16, 1, 5475])
Average Loss: 146.70267868041992
Patience Counter: 2
Epoch 5/50
features shape: torch.Size([16, 862, 40]), mask shape: torch.Size([16, 862]), time_to_event shape: torch.Size([16, 1]), event_indicator shape: torch.Size([16, 1]), time_to_events shape: torch.Size([16, 862]), event_indicators shape: torch.Size([16, 862]), sequence lengths shape: torch.Size([16, 1])
x shape: torch.Size([16, 862, 40])
mask shape: torch.Size([16, 862])
lstm_output shape: torch.Size([16, 862, 82])
fc_output shape: torch.Size([16, 862, 41])
context shape: torch.Size([16, 41])
attention_weights shape: torch.Size([16, 862, 1])
x shape after cause_specific_fc: torch.Size([16, 41])
hazard_preds shape: [torch.Size([16, 5475])]
res shape: torch.Size([16, 1, 5475])
Average Loss: 184.28600311279297
Patience Counter: 3
Epoch 6/50
features shape: torch.Size([16, 862, 40]), mask shape: torch.Size([16, 862]), time_to_event shape: torch.Size([16, 1]), event_indicator shape: torch.Size([16, 1]), time_to_events shape: torch.Size([16, 862]), event_indicators shape: torch.Size([16, 862]), sequence lengths shape: torch.Size([16, 1])
x shape: torch.Size([16, 862, 40])
mask shape: torch.Size([16, 862])
lstm_output shape: torch.Size([16, 862, 82])
fc_output shape: torch.Size([16, 862, 41])
context shape: torch.Size([16, 41])
attention_weights shape: torch.Size([16, 862, 1])
x shape after cause_specific_fc: torch.Size([16, 41])
hazard_preds shape: [torch.Size([16, 5475])]
res shape: torch.Size([16, 1, 5475])
Average Loss: 104.58273285627365
Epoch 7/50
features shape: torch.Size([16, 862, 40]), mask shape: torch.Size([16, 862]), time_to_event shape: torch.Size([16, 1]), event_indicator shape: torch.Size([16, 1]), time_to_events shape: torch.Size([16, 862]), event_indicators shape: torch.Size([16, 862]), sequence lengths shape: torch.Size([16, 1])
x shape: torch.Size([16, 862, 40])
mask shape: torch.Size([16, 862])
lstm_output shape: torch.Size([16, 862, 82])
fc_output shape: torch.Size([16, 862, 41])
context shape: torch.Size([16, 41])
attention_weights shape: torch.Size([16, 862, 1])
x shape after cause_specific_fc: torch.Size([16, 41])
hazard_preds shape: [torch.Size([16, 5475])]
res shape: torch.Size([16, 1, 5475])
Average Loss: 159.08853912353516
Patience Counter: 1
Epoch 8/50
features shape: torch.Size([16, 862, 40]), mask shape: torch.Size([16, 862]), time_to_event shape: torch.Size([16, 1]), event_indicator shape: torch.Size([16, 1]), time_to_events shape: torch.Size([16, 862]), event_indicators shape: torch.Size([16, 862]), sequence lengths shape: torch.Size([16, 1])
x shape: torch.Size([16, 862, 40])
mask shape: torch.Size([16, 862])
lstm_output shape: torch.Size([16, 862, 82])
fc_output shape: torch.Size([16, 862, 41])
context shape: torch.Size([16, 41])
attention_weights shape: torch.Size([16, 862, 1])
x shape after cause_specific_fc: torch.Size([16, 41])
hazard_preds shape: [torch.Size([16, 5475])]
res shape: torch.Size([16, 1, 5475])
Average Loss: 202.2933349609375
Patience Counter: 2
Epoch 9/50
features shape: torch.Size([16, 862, 40]), mask shape: torch.Size([16, 862]), time_to_event shape: torch.Size([16, 1]), event_indicator shape: torch.Size([16, 1]), time_to_events shape: torch.Size([16, 862]), event_indicators shape: torch.Size([16, 862]), sequence lengths shape: torch.Size([16, 1])
x shape: torch.Size([16, 862, 40])
mask shape: torch.Size([16, 862])
lstm_output shape: torch.Size([16, 862, 82])
fc_output shape: torch.Size([16, 862, 41])
context shape: torch.Size([16, 41])
attention_weights shape: torch.Size([16, 862, 1])
x shape after cause_specific_fc: torch.Size([16, 41])
hazard_preds shape: [torch.Size([16, 5475])]
res shape: torch.Size([16, 1, 5475])
Average Loss: 159.0464324951172
Patience Counter: 3
Epoch 10/50
features shape: torch.Size([16, 862, 40]), mask shape: torch.Size([16, 862]), time_to_event shape: torch.Size([16, 1]), event_indicator shape: torch.Size([16, 1]), time_to_events shape: torch.Size([16, 862]), event_indicators shape: torch.Size([16, 862]), sequence lengths shape: torch.Size([16, 1])
x shape: torch.Size([16, 862, 40])
mask shape: torch.Size([16, 862])
lstm_output shape: torch.Size([16, 862, 82])
fc_output shape: torch.Size([16, 862, 41])
context shape: torch.Size([16, 41])
attention_weights shape: torch.Size([16, 862, 1])
x shape after cause_specific_fc: torch.Size([16, 41])
hazard_preds shape: [torch.Size([16, 5475])]
res shape: torch.Size([16, 1, 5475])
Average Loss: 158.83049774169922
Patience Counter: 4
Epoch 11/50
features shape: torch.Size([16, 862, 40]), mask shape: torch.Size([16, 862]), time_to_event shape: torch.Size([16, 1]), event_indicator shape: torch.Size([16, 1]), time_to_events shape: torch.Size([16, 862]), event_indicators shape: torch.Size([16, 862]), sequence lengths shape: torch.Size([16, 1])
x shape: torch.Size([16, 862, 40])
mask shape: torch.Size([16, 862])
lstm_output shape: torch.Size([16, 862, 82])
fc_output shape: torch.Size([16, 862, 41])
context shape: torch.Size([16, 41])
attention_weights shape: torch.Size([16, 862, 1])
x shape after cause_specific_fc: torch.Size([16, 41])
hazard_preds shape: [torch.Size([16, 5475])]
res shape: torch.Size([16, 1, 5475])
Average Loss: 172.83130645751953
Patience Counter: 5
Early stopping triggered
features shape: torch.Size([16, 862, 40]), mask shape: torch.Size([16, 862]), T shape: torch.Size([16, 1]), E shape: torch.Size([16, 1]) hazards shape: (16, 5475)
Processing subject 0 with time 28 and event True hazards shape: [0.5085522]
all_E shape: (20,) first 10 values: [ True  True  True False  True False False  True  True False]
all_R shape: (20,) first 10 values: [0.5085522  0.5125937  0.5473443  0.49834242 0.5478238  0.51673394
 0.4572133  0.49043366 0.5483028  0.4800938 ]
all_T shape: (20,) first 10 values: [  28 1535    0  804    0  357    2 2369    0 1529]
Global test C-index (scikit-survival): 0.854 number of concordant pairs: 82
Global test C-index: 0.854
features shape: torch.Size([16, 862, 40]), mask shape: torch.Size([16, 862]), T shape: torch.Size([16, 1]), E shape: torch.Size([16, 1]) hazards shape: (16, 5475)
Processing subject 0 with time 28 and event True hazards shape: [0.08237594]
all_E shape: (20,) first 10 values: [ True  True  True False  True False False  True  True False]
all_R shape: (20,) first 10 values: [8.2375944e-02 1.8193223e-01 3.8304418e-01 1.5671852e-04 3.8306549e-01
 1.9507318e-04 8.2308805e-05 4.9645734e-01 3.8304394e-01 2.4278523e-04]
all_T shape: (20,) first 10 values: [  28 1535    0  804    0  357    2 2369    0 1529]
Global test C-index (scikit-survival): 0.698 number of concordant pairs: 67
Global test C-index: 0.698
Saved model C-index: 0.6979, Current trial C-index: 0.8542
New model is better, saving current model
Using GPU: cuda:6
Running trial 6 for ExperimentScenario.TWENTY_FEATURES_HETEROGENEOUS on device cuda:6
Train data path /home/minhn2/uiuc-kidney-failure/generated_data/rep99/twenty_features_heterogeneous_train_data.csv
Test data path /home/minhn2/uiuc-kidney-failure/generated_data/rep99/twenty_features_heterogeneous_test_data.csv
Number of patients: test 20 and train 20
Number of records: test 9115 and train 4575
Epoch 1/50
features shape: torch.Size([16, 862, 40]), mask shape: torch.Size([16, 862]), time_to_event shape: torch.Size([16, 1]), event_indicator shape: torch.Size([16, 1]), time_to_events shape: torch.Size([16, 862]), event_indicators shape: torch.Size([16, 862]), sequence lengths shape: torch.Size([16, 1])
x shape: torch.Size([16, 862, 40])
mask shape: torch.Size([16, 862])
lstm_output shape: torch.Size([16, 862, 212])
fc_output shape: torch.Size([16, 862, 106])
context shape: torch.Size([16, 106])
attention_weights shape: torch.Size([16, 862, 1])
x shape after cause_specific_fc: torch.Size([16, 90])
hazard_preds shape: [torch.Size([16, 5475])]
res shape: torch.Size([16, 1, 5475])
Average Loss: 227.92330169677734
Epoch 2/50
features shape: torch.Size([16, 862, 40]), mask shape: torch.Size([16, 862]), time_to_event shape: torch.Size([16, 1]), event_indicator shape: torch.Size([16, 1]), time_to_events shape: torch.Size([16, 862]), event_indicators shape: torch.Size([16, 862]), sequence lengths shape: torch.Size([16, 1])
x shape: torch.Size([16, 862, 40])
mask shape: torch.Size([16, 862])
lstm_output shape: torch.Size([16, 862, 212])
fc_output shape: torch.Size([16, 862, 106])
context shape: torch.Size([16, 106])
attention_weights shape: torch.Size([16, 862, 1])
x shape after cause_specific_fc: torch.Size([16, 90])
hazard_preds shape: [torch.Size([16, 5475])]
res shape: torch.Size([16, 1, 5475])
Average Loss: 1.2396601077523284e+19
Patience Counter: 1
Epoch 3/50
features shape: torch.Size([16, 862, 40]), mask shape: torch.Size([16, 862]), time_to_event shape: torch.Size([16, 1]), event_indicator shape: torch.Size([16, 1]), time_to_events shape: torch.Size([16, 862]), event_indicators shape: torch.Size([16, 862]), sequence lengths shape: torch.Size([16, 1])
x shape: torch.Size([16, 862, 40])
mask shape: torch.Size([16, 862])
lstm_output shape: torch.Size([16, 862, 212])
fc_output shape: torch.Size([16, 862, 106])
context shape: torch.Size([16, 106])
attention_weights shape: torch.Size([16, 862, 1])
x shape after cause_specific_fc: torch.Size([16, 90])
hazard_preds shape: [torch.Size([16, 5475])]
res shape: torch.Size([16, 1, 5475])
Average Loss: 3.6460590628354392e+19
Patience Counter: 2
Epoch 4/50
features shape: torch.Size([16, 862, 40]), mask shape: torch.Size([16, 862]), time_to_event shape: torch.Size([16, 1]), event_indicator shape: torch.Size([16, 1]), time_to_events shape: torch.Size([16, 862]), event_indicators shape: torch.Size([16, 862]), sequence lengths shape: torch.Size([16, 1])
x shape: torch.Size([16, 862, 40])
mask shape: torch.Size([16, 862])
lstm_output shape: torch.Size([16, 862, 212])
fc_output shape: torch.Size([16, 862, 106])
context shape: torch.Size([16, 106])
attention_weights shape: torch.Size([16, 862, 1])
x shape after cause_specific_fc: torch.Size([16, 90])
hazard_preds shape: [torch.Size([16, 5475])]
res shape: torch.Size([16, 1, 5475])
Average Loss: nan
Patience Counter: 3
Epoch 5/50
features shape: torch.Size([16, 862, 40]), mask shape: torch.Size([16, 862]), time_to_event shape: torch.Size([16, 1]), event_indicator shape: torch.Size([16, 1]), time_to_events shape: torch.Size([16, 862]), event_indicators shape: torch.Size([16, 862]), sequence lengths shape: torch.Size([16, 1])
x shape: torch.Size([16, 862, 40])
mask shape: torch.Size([16, 862])
lstm_output shape: torch.Size([16, 862, 212])
fc_output shape: torch.Size([16, 862, 106])
context shape: torch.Size([16, 106])
attention_weights shape: torch.Size([16, 862, 1])
x shape after cause_specific_fc: torch.Size([16, 90])
hazard_preds shape: [torch.Size([16, 5475])]
res shape: torch.Size([16, 1, 5475])
Average Loss: nan
Patience Counter: 4
Epoch 6/50
features shape: torch.Size([16, 862, 40]), mask shape: torch.Size([16, 862]), time_to_event shape: torch.Size([16, 1]), event_indicator shape: torch.Size([16, 1]), time_to_events shape: torch.Size([16, 862]), event_indicators shape: torch.Size([16, 862]), sequence lengths shape: torch.Size([16, 1])
x shape: torch.Size([16, 862, 40])
mask shape: torch.Size([16, 862])
lstm_output shape: torch.Size([16, 862, 212])
fc_output shape: torch.Size([16, 862, 106])
context shape: torch.Size([16, 106])
attention_weights shape: torch.Size([16, 862, 1])
x shape after cause_specific_fc: torch.Size([16, 90])
hazard_preds shape: [torch.Size([16, 5475])]
res shape: torch.Size([16, 1, 5475])
Average Loss: nan
Patience Counter: 5
Early stopping triggered
features shape: torch.Size([16, 862, 40]), mask shape: torch.Size([16, 862]), T shape: torch.Size([16, 1]), E shape: torch.Size([16, 1]) hazards shape: (16, 5475)
Processing subject 0 with time 28 and event True hazards shape: [nan]
all_E shape: (20,) first 10 values: [ True  True  True False  True False False  True  True False]
all_R shape: (20,) first 10 values: [nan nan nan nan nan nan nan nan nan nan]
all_T shape: (20,) first 10 values: [  28 1535    0  804    0  357    2 2369    0 1529]
✗ dynamic_deephit/twenty_features_heterogeneous failed:
Traceback (most recent call last):
  File "/home/minhn2/uiuc-kidney-failure/pkgs/scripts/run_stage2_new_scenarios.py", line 56, in main
    fn(scenario)
  File "/home/minhn2/uiuc-kidney-failure/pkgs/experiments/dynamic_deephit.py", line 448, in run
    model = ex_optuna(lambda trial: objective(trial, scenario_name))
            ^^^^^^^^^^^^^^^^^^^^^^^^^^^^^^^^^^^^^^^^^^^^^^^^^^^^^^^^
  File "/home/minhn2/uiuc-kidney-failure/pkgs/experiments/utils.py", line 132, in ex_optuna
    study.optimize(objective, n_trials=n_trials)
  File "/home/minhn2/miniconda3/envs/minhn2/lib/python3.12/site-packages/optuna/study/study.py", line 475, in optimize
    _optimize(
  File "/home/minhn2/miniconda3/envs/minhn2/lib/python3.12/site-packages/optuna/study/_optimize.py", line 63, in _optimize
    _optimize_sequential(
  File "/home/minhn2/miniconda3/envs/minhn2/lib/python3.12/site-packages/optuna/study/_optimize.py", line 160, in _optimize_sequential
    frozen_trial = _run_trial(study, func, catch)
                   ^^^^^^^^^^^^^^^^^^^^^^^^^^^^^^
  File "/home/minhn2/miniconda3/envs/minhn2/lib/python3.12/site-packages/optuna/study/_optimize.py", line 248, in _run_trial
    raise func_err
  File "/home/minhn2/miniconda3/envs/minhn2/lib/python3.12/site-packages/optuna/study/_optimize.py", line 197, in _run_trial
    value_or_values = func(trial)
                      ^^^^^^^^^^^
  File "/home/minhn2/uiuc-kidney-failure/pkgs/experiments/dynamic_deephit.py", line 448, in <lambda>
    model = ex_optuna(lambda trial: objective(trial, scenario_name))
                                    ^^^^^^^^^^^^^^^^^^^^^^^^^^^^^^^
  File "/home/minhn2/uiuc-kidney-failure/pkgs/experiments/dynamic_deephit.py", line 236, in objective
    c_index = c_idx(model, dataset, device)
              ^^^^^^^^^^^^^^^^^^^^^^^^^^^^^
  File "/home/minhn2/uiuc-kidney-failure/pkgs/experiments/dynamic_deephit.py", line 421, in c_idx
    cindex = concordance_index(all_times, all_surv, all_events)
             ^^^^^^^^^^^^^^^^^^^^^^^^^^^^^^^^^^^^^^^^^^^^^^^^^^
  File "/home/minhn2/miniconda3/envs/minhn2/lib/python3.12/site-packages/lifelines/utils/concordance.py", line 91, in concordance_index
    event_times, predicted_scores, event_observed = _preprocess_scoring_data(event_times, predicted_scores, event_observed)
                                                    ^^^^^^^^^^^^^^^^^^^^^^^^^^^^^^^^^^^^^^^^^^^^^^^^^^^^^^^^^^^^^^^^^^^^^^^
  File "/home/minhn2/miniconda3/envs/minhn2/lib/python3.12/site-packages/lifelines/utils/concordance.py", line 301, in _preprocess_scoring_data
    raise ValueError("NaNs detected in inputs, please correct or drop.")
ValueError: NaNs detected in inputs, please correct or drop.
==================== Running hazard_transformer/four_features ====================
[I 2026-08-22 13:22:50,868] A new study created in memory with name: no-name-0f0eff17-de3b-41eb-a046-eaae4e3f3d4c
[I 2026-08-22 13:23:09,254] Trial 0 finished with value: 0.5923549269541936 and parameters: {'num_layers': 2, 'learning_rate': 4.8091737345439376e-05, 'drop_out_rate': 0.410612165646666, 'n_head': 5, 'nhead_factor': 1}. Best is trial 0 with value: 0.5923549269541936.
[I 2026-08-22 13:23:27,506] Trial 1 finished with value: 0.4975336127117164 and parameters: {'num_layers': 2, 'learning_rate': 9.951587300433684e-05, 'drop_out_rate': 0.21528908087760193, 'n_head': 4, 'nhead_factor': 13}. Best is trial 0 with value: 0.5923549269541936.
[I 2026-08-22 13:23:45,910] Trial 2 finished with value: 0.4404138292299633 and parameters: {'num_layers': 2, 'learning_rate': 9.797161581923708e-05, 'drop_out_rate': 0.49836326270886955, 'n_head': 6, 'nhead_factor': 6}. Best is trial 0 with value: 0.5923549269541936.
[I 2026-08-22 13:24:09,057] Trial 3 finished with value: 0.517875851231011 and parameters: {'num_layers': 4, 'learning_rate': 0.00037647142318008594, 'drop_out_rate': 0.2800237792164211, 'n_head': 7, 'nhead_factor': 14}. Best is trial 0 with value: 0.5923549269541936.
[I 2026-08-22 13:24:31,297] Trial 4 finished with value: 0.5 and parameters: {'num_layers': 5, 'learning_rate': 0.00489218748883984, 'drop_out_rate': 0.23005893349769943, 'n_head': 7, 'nhead_factor': 3}. Best is trial 0 with value: 0.5923549269541936.
[I 2026-08-22 13:24:51,569] Trial 5 finished with value: 0.5472033059775333 and parameters: {'num_layers': 4, 'learning_rate': 3.3546212011752826e-05, 'drop_out_rate': 0.4913883663625874, 'n_head': 6, 'nhead_factor': 3}. Best is trial 0 with value: 0.5923549269541936.
[I 2026-08-22 13:25:08,556] Trial 6 finished with value: 0.3826465281415517 and parameters: {'num_layers': 2, 'learning_rate': 0.0009340778726124896, 'drop_out_rate': 0.48013557588988565, 'n_head': 2, 'nhead_factor': 2}. Best is trial 0 with value: 0.5923549269541936.
[I 2026-08-22 13:25:25,443] Trial 7 finished with value: 0.35795355334381 and parameters: {'num_layers': 2, 'learning_rate': 0.0025455468379451955, 'drop_out_rate': 0.29528137382015873, 'n_head': 2, 'nhead_factor': 6}. Best is trial 0 with value: 0.5923549269541936.
[I 2026-08-22 13:25:48,923] Trial 8 finished with value: 0.5 and parameters: {'num_layers': 5, 'learning_rate': 0.003792279818666414, 'drop_out_rate': 0.39781892608626024, 'n_head': 8, 'nhead_factor': 10}. Best is trial 0 with value: 0.5923549269541936.
[I 2026-08-22 13:26:10,791] Trial 9 finished with value: 0.4706870962109307 and parameters: {'num_layers': 6, 'learning_rate': 0.000159968227906649, 'drop_out_rate': 0.46715668880660965, 'n_head': 1, 'nhead_factor': 14}. Best is trial 0 with value: 0.5923549269541936.
Using GPU: cuda:3
Train data path /home/minhn2/uiuc-kidney-failure/generated_data/rep99/four_features_train_data.csv
Test data path /home/minhn2/uiuc-kidney-failure/generated_data/rep99/four_features_test_data.csv
Number of patients: test 345 and train 500
Number of records: test 3667 and train 5806
Running Optuna hyperparameter optimization
Using GPU: cuda:4
Running trial 0 for ExperimentScenario.FOUR_FEATURES on device cuda:4
Train data path /home/minhn2/uiuc-kidney-failure/generated_data/rep99/four_features_train_data.csv
Test data path /home/minhn2/uiuc-kidney-failure/generated_data/rep99/four_features_test_data.csv
Number of patients: test 345 and train 500
Number of records: test 3667 and train 5806
Epoch 1/50
Average Loss: 1.190599262714386
Epoch 2/50
Average Loss: 1.1524211764335632
Epoch 3/50
Average Loss: 1.1088542938232422
Epoch 4/50
Average Loss: 1.0617882013320923
Epoch 5/50
Average Loss: 1.0142467617988586
Epoch 6/50
Average Loss: 0.9676458835601807
Epoch 7/50
Average Loss: 0.9255896806716919
Epoch 8/50
Average Loss: 0.8899887800216675
Epoch 9/50
Average Loss: 0.8622042238712311
Epoch 10/50
Average Loss: 0.8423155248165131
Epoch 11/50
Average Loss: 0.8283456265926361
Epoch 12/50
Average Loss: 0.8168255090713501
Epoch 13/50
Average Loss: 0.8103420436382294
Epoch 14/50
Average Loss: 0.8043947517871857
Epoch 15/50
Average Loss: 0.8015701174736023
Epoch 16/50
Average Loss: 0.7992406487464905
Epoch 17/50
Average Loss: 0.7969278395175934
Epoch 18/50
Average Loss: 0.7952769696712494
Epoch 19/50
Average Loss: 0.7937879264354706
Epoch 20/50
Average Loss: 0.7924858331680298
Epoch 21/50
Average Loss: 0.7917316854000092
Epoch 22/50
Average Loss: 0.7910001277923584
Epoch 23/50
Average Loss: 0.7906357049942017
Epoch 24/50
Average Loss: 0.7901010811328888
Epoch 25/50
Average Loss: 0.7894180715084076
Epoch 26/50
Average Loss: 0.7891192436218262
Epoch 27/50
Average Loss: 0.7886448204517365
Epoch 28/50
Average Loss: 0.7880729734897614
Epoch 29/50
Average Loss: 0.787587583065033
Epoch 30/50
Average Loss: 0.7874715924263
Epoch 31/50
Average Loss: 0.7874351441860199
Epoch 32/50
Average Loss: 0.7867560684680939
Epoch 33/50
Average Loss: 0.7868888676166534
Patience Counter: 1
Epoch 34/50
Average Loss: 0.7866480946540833
Epoch 35/50
Average Loss: 0.7865259945392609
Epoch 36/50
Average Loss: 0.7861420214176178
Epoch 37/50
Average Loss: 0.7858416140079498
Epoch 38/50
Average Loss: 0.7859485447406769
Patience Counter: 1
Epoch 39/50
Average Loss: 0.7853225767612457
Epoch 40/50
Average Loss: 0.7856424152851105
Patience Counter: 1
Epoch 41/50
Average Loss: 0.7850146889686584
Epoch 42/50
Average Loss: 0.7845870852470398
Epoch 43/50
Average Loss: 0.7843247056007385
Epoch 44/50
Average Loss: 0.7844623327255249
Patience Counter: 1
Epoch 45/50
Average Loss: 0.7840752303600311
Epoch 46/50
Average Loss: 0.7838128209114075
Epoch 47/50
Average Loss: 0.7836411595344543
Epoch 48/50
Average Loss: 0.7834741771221161
Epoch 49/50
Average Loss: 0.7834016978740692
Epoch 50/50
Average Loss: 0.7830052673816681
C-index: 0.5924
Using GPU: cuda:7
Running trial 1 for ExperimentScenario.FOUR_FEATURES on device cuda:7
Train data path /home/minhn2/uiuc-kidney-failure/generated_data/rep99/four_features_train_data.csv
Test data path /home/minhn2/uiuc-kidney-failure/generated_data/rep99/four_features_test_data.csv
Number of patients: test 345 and train 500
Number of records: test 3667 and train 5806
Epoch 1/50
Average Loss: 0.6985344886779785
Epoch 2/50
Average Loss: 0.5850836038589478
Epoch 3/50
Average Loss: 0.5026362389326096
Epoch 4/50
Average Loss: 0.44303883612155914
Epoch 5/50
Average Loss: 0.3993746340274811
Epoch 6/50
Average Loss: 0.3649671673774719
Epoch 7/50
Average Loss: 0.33762049674987793
Epoch 8/50
Average Loss: 0.31472301483154297
Epoch 9/50
Average Loss: 0.2945396900177002
Epoch 10/50
Average Loss: 0.2803567796945572
Epoch 11/50
Average Loss: 0.2693627029657364
Epoch 12/50
Average Loss: 0.2602618336677551
Epoch 13/50
Average Loss: 0.25258849561214447
Epoch 14/50
Average Loss: 0.24621717631816864
Epoch 15/50
Average Loss: 0.24041347950696945
Epoch 16/50
Average Loss: 0.23526033759117126
Epoch 17/50
Average Loss: 0.23066012561321259
Epoch 18/50
Average Loss: 0.226370669901371
Epoch 19/50
Average Loss: 0.22231733798980713
Epoch 20/50
Average Loss: 0.2186254933476448
Epoch 21/50
Average Loss: 0.21497581154108047
Epoch 22/50
Average Loss: 0.21166913956403732
Epoch 23/50
Average Loss: 0.20849281549453735
Epoch 24/50
Average Loss: 0.20536978542804718
Epoch 25/50
Average Loss: 0.20239663869142532
Epoch 26/50
Average Loss: 0.1994229480624199
Epoch 27/50
Average Loss: 0.1965860277414322
Epoch 28/50
Average Loss: 0.19374138861894608
Epoch 29/50
Average Loss: 0.1910710707306862
Epoch 30/50
Average Loss: 0.18820523470640182
Epoch 31/50
Average Loss: 0.18568270653486252
Epoch 32/50
Average Loss: 0.18306010961532593
Epoch 33/50
Average Loss: 0.18045607954263687
Epoch 34/50
Average Loss: 0.17797081172466278
Epoch 35/50
Average Loss: 0.17550664395093918
Epoch 36/50
Average Loss: 0.17301902174949646
Epoch 37/50
Average Loss: 0.17058824747800827
Epoch 38/50
Average Loss: 0.16814974695444107
Epoch 39/50
Average Loss: 0.16581716388463974
Epoch 40/50
Average Loss: 0.163425013422966
Epoch 41/50
Average Loss: 0.16118156164884567
Epoch 42/50
Average Loss: 0.15885880589485168
Epoch 43/50
Average Loss: 0.1565319076180458
Epoch 44/50
Average Loss: 0.15446015447378159
Epoch 45/50
Average Loss: 0.15218480676412582
Epoch 46/50
Average Loss: 0.15008432418107986
Epoch 47/50
Average Loss: 0.14796530455350876
Epoch 48/50
Average Loss: 0.14582038670778275
Epoch 49/50
Average Loss: 0.14382295310497284
Epoch 50/50
Average Loss: 0.14173149317502975
C-index: 0.4975
Using GPU: cuda:6
Running trial 2 for ExperimentScenario.FOUR_FEATURES on device cuda:6
Train data path /home/minhn2/uiuc-kidney-failure/generated_data/rep99/four_features_train_data.csv
Test data path /home/minhn2/uiuc-kidney-failure/generated_data/rep99/four_features_test_data.csv
Number of patients: test 345 and train 500
Number of records: test 3667 and train 5806
Epoch 1/50
Average Loss: 0.6915369927883148
Epoch 2/50
Average Loss: 0.5953062772750854
Epoch 3/50
Average Loss: 0.5160961449146271
Epoch 4/50
Average Loss: 0.4579158127307892
Epoch 5/50
Average Loss: 0.4152453690767288
Epoch 6/50
Average Loss: 0.3843633085489273
Epoch 7/50
Average Loss: 0.3618726581335068
Epoch 8/50
Average Loss: 0.3448362499475479
Epoch 9/50
Average Loss: 0.3314031660556793
Epoch 10/50
Average Loss: 0.3214343935251236
Epoch 11/50
Average Loss: 0.3128981590270996
Epoch 12/50
Average Loss: 0.3062310069799423
Epoch 13/50
Average Loss: 0.30006350576877594
Epoch 14/50
Average Loss: 0.294972762465477
Epoch 15/50
Average Loss: 0.29023928940296173
Epoch 16/50
Average Loss: 0.2863307446241379
Epoch 17/50
Average Loss: 0.28267307579517365
Epoch 18/50
Average Loss: 0.27929356694221497
Epoch 19/50
Average Loss: 0.27617625892162323
Epoch 20/50
Average Loss: 0.2731544226408005
Epoch 21/50
Average Loss: 0.2703173905611038
Epoch 22/50
Average Loss: 0.267564132809639
Epoch 23/50
Average Loss: 0.26498645544052124
Epoch 24/50
Average Loss: 0.2625757157802582
Epoch 25/50
Average Loss: 0.2602531611919403
Epoch 26/50
Average Loss: 0.25791147351264954
Epoch 27/50
Average Loss: 0.2558663636445999
Epoch 28/50
Average Loss: 0.25381480157375336
Epoch 29/50
Average Loss: 0.25141508877277374
Epoch 30/50
Average Loss: 0.2492867112159729
Epoch 31/50
Average Loss: 0.24726975709199905
Epoch 32/50
Average Loss: 0.2454596906900406
Epoch 33/50
Average Loss: 0.24349062144756317
Epoch 34/50
Average Loss: 0.24159249663352966
Epoch 35/50
Average Loss: 0.2394878938794136
Epoch 36/50
Average Loss: 0.23745731264352798
Epoch 37/50
Average Loss: 0.2358255460858345
Epoch 38/50
Average Loss: 0.2339181825518608
Epoch 39/50
Average Loss: 0.23193977028131485
Epoch 40/50
Average Loss: 0.23015939444303513
Epoch 41/50
Average Loss: 0.22833307087421417
Epoch 42/50
Average Loss: 0.22643330693244934
Epoch 43/50
Average Loss: 0.2248646691441536
Epoch 44/50
Average Loss: 0.22282089293003082
Epoch 45/50
Average Loss: 0.22116700559854507
Epoch 46/50
Average Loss: 0.21930327266454697
Epoch 47/50
Average Loss: 0.21762122213840485
Epoch 48/50
Average Loss: 0.21596691757440567
Epoch 49/50
Average Loss: 0.21438543498516083
Epoch 50/50
Average Loss: 0.2124704271554947
C-index: 0.4404
Using GPU: cuda:2
Running trial 3 for ExperimentScenario.FOUR_FEATURES on device cuda:2
Train data path /home/minhn2/uiuc-kidney-failure/generated_data/rep99/four_features_train_data.csv
Test data path /home/minhn2/uiuc-kidney-failure/generated_data/rep99/four_features_test_data.csv
Number of patients: test 345 and train 500
Number of records: test 3667 and train 5806
Epoch 1/50
Average Loss: 0.47648054361343384
Epoch 2/50
Average Loss: 0.19919976592063904
Epoch 3/50
Average Loss: 0.13489334285259247
Epoch 4/50
Average Loss: 0.1036129742860794
Epoch 5/50
Average Loss: 0.08558597788214684
Epoch 6/50
Average Loss: 0.07398395612835884
Epoch 7/50
Average Loss: 0.06474519148468971
Epoch 8/50
Average Loss: 0.05713215097784996
Epoch 9/50
Average Loss: 0.05087905563414097
Epoch 10/50
Average Loss: 0.045426588505506516
Epoch 11/50
Average Loss: 0.040690602734684944
Epoch 12/50
Average Loss: 0.03636825829744339
Epoch 13/50
Average Loss: 0.03257235325872898
Epoch 14/50
Average Loss: 0.029162836261093616
Epoch 15/50
Average Loss: 0.026011448353528976
Epoch 16/50
Average Loss: 0.023186194710433483
Epoch 17/50
Average Loss: 0.02068630326539278
Epoch 18/50
Average Loss: 0.018536508083343506
Epoch 19/50
Average Loss: 0.01671009138226509
Epoch 20/50
Average Loss: 0.015112332534044981
Epoch 21/50
Average Loss: 0.013763725757598877
Epoch 22/50
Average Loss: 0.012538785114884377
Epoch 23/50
Average Loss: 0.011470402125269175
Epoch 24/50
Average Loss: 0.010538581758737564
Epoch 25/50
Average Loss: 0.00970132416114211
Epoch 26/50
Average Loss: 0.008967881556600332
Epoch 27/50
Average Loss: 0.008318760432302952
Epoch 28/50
Average Loss: 0.00772696896456182
Epoch 29/50
Average Loss: 0.007217036560177803
Epoch 30/50
Average Loss: 0.0067513983231037855
Epoch 31/50
Average Loss: 0.0063332917634397745
Epoch 32/50
Average Loss: 0.0059499917551875114
Epoch 33/50
Average Loss: 0.005605244776234031
Epoch 34/50
Average Loss: 0.005294884322211146
Epoch 35/50
Average Loss: 0.005013859132304788
Epoch 36/50
Average Loss: 0.004754773573949933
Epoch 37/50
Average Loss: 0.004509100690484047
Epoch 38/50
Average Loss: 0.0042884256690740585
Epoch 39/50
Average Loss: 0.004083978245034814
Epoch 40/50
Average Loss: 0.0038910796865820885
Epoch 41/50
Average Loss: 0.0037174313329160213
Epoch 42/50
Average Loss: 0.0035520882811397314
Epoch 43/50
Average Loss: 0.0034027446527034044
Epoch 44/50
Average Loss: 0.0032615583622828126
Epoch 45/50
Average Loss: 0.0031305416487157345
Epoch 46/50
Average Loss: 0.0030084849568083882
Epoch 47/50
Average Loss: 0.0028944332152605057
Epoch 48/50
Average Loss: 0.002787178847938776
Epoch 49/50
Average Loss: 0.002682607853785157
Epoch 50/50
Average Loss: 0.0025890686083585024
C-index: 0.5179
Using GPU: cuda:3
Running trial 4 for ExperimentScenario.FOUR_FEATURES on device cuda:3
Train data path /home/minhn2/uiuc-kidney-failure/generated_data/rep99/four_features_train_data.csv
Test data path /home/minhn2/uiuc-kidney-failure/generated_data/rep99/four_features_test_data.csv
Number of patients: test 345 and train 500
Number of records: test 3667 and train 5806
Epoch 1/50
Average Loss: 0.5260649919509888
Epoch 2/50
Average Loss: 0.19731444120407104
Epoch 3/50
Average Loss: 0.14303826540708542
Epoch 4/50
Average Loss: 0.10817450657486916
Epoch 5/50
Average Loss: 0.07962428405880928
Epoch 6/50
Average Loss: 0.05751127563416958
Epoch 7/50
Average Loss: 0.040957435965538025
Epoch 8/50
Average Loss: 0.029254848137497902
Epoch 9/50
Average Loss: 0.021201067604124546
Epoch 10/50
Average Loss: 0.015622858423739672
Epoch 11/50
Average Loss: 0.011694854591041803
Epoch 12/50
Average Loss: 0.008945502806454897
Epoch 13/50
Average Loss: 0.0069748342502862215
Epoch 14/50
Average Loss: 0.0055664838291704655
Epoch 15/50
Average Loss: 0.004519136855378747
Epoch 16/50
Average Loss: 0.0037375520914793015
Epoch 17/50
Average Loss: 0.003144075279124081
Epoch 18/50
Average Loss: 0.0027008590986952186
Epoch 19/50
Average Loss: 0.0023626789916306734
Epoch 20/50
Average Loss: 0.002089644782245159
Epoch 21/50
Average Loss: 0.001860207412391901
Epoch 22/50
Average Loss: 0.0016963997622951865
Epoch 23/50
Average Loss: 0.0015510477242060006
Epoch 24/50
Average Loss: 0.0014280941104516387
Epoch 25/50
Average Loss: 0.0013241989654488862
Epoch 26/50
Average Loss: 0.001241363410372287
Epoch 27/50
Average Loss: 0.0011724248179234564
Epoch 28/50
Average Loss: 0.0011092621716670692
Epoch 29/50
Average Loss: 0.0010552199673838913
Epoch 30/50
Average Loss: 0.0010004474897868931
Epoch 31/50
Average Loss: 0.0009632867877371609
Epoch 32/50
Average Loss: 0.0009279109071940184
Epoch 33/50
Average Loss: 0.0008874767227098346
Epoch 34/50
Average Loss: 0.0008578483539167792
Epoch 35/50
Average Loss: 0.0008263001800514758
Epoch 36/50
Average Loss: 0.0007951198203954846
Epoch 37/50
Average Loss: 0.0007736528932582587
Epoch 38/50
Average Loss: 0.0007538982899859548
Epoch 39/50
Average Loss: 0.0007300071301870048
Epoch 40/50
Average Loss: 0.0007066410908009857
Epoch 41/50
Average Loss: 0.0006893411627970636
Epoch 42/50
Average Loss: 0.0006674154428765178
Epoch 43/50
Average Loss: 0.0006481082818936557
Epoch 44/50
Average Loss: 0.0006364126165863127
Epoch 45/50
Average Loss: 0.0006191550055518746
Epoch 46/50
Average Loss: 0.000606320274528116
Epoch 47/50
Average Loss: 0.0005930603656452149
Epoch 48/50
Average Loss: 0.0005751916614826769
Epoch 49/50
Average Loss: 0.0005602313613053411
Epoch 50/50
Average Loss: 0.0005494735960382968
C-index: 0.5000
Using GPU: cuda:4
Running trial 5 for ExperimentScenario.FOUR_FEATURES on device cuda:4
Train data path /home/minhn2/uiuc-kidney-failure/generated_data/rep99/four_features_train_data.csv
Test data path /home/minhn2/uiuc-kidney-failure/generated_data/rep99/four_features_test_data.csv
Number of patients: test 345 and train 500
Number of records: test 3667 and train 5806
Epoch 1/50
Average Loss: 0.5996711850166321
Epoch 2/50
Average Loss: 0.5704509913921356
Epoch 3/50
Average Loss: 0.5419247448444366
Epoch 4/50
Average Loss: 0.5168143212795258
Epoch 5/50
Average Loss: 0.49581295251846313
Epoch 6/50
Average Loss: 0.47729218006134033
Epoch 7/50
Average Loss: 0.4613475352525711
Epoch 8/50
Average Loss: 0.4478282034397125
Epoch 9/50
Average Loss: 0.43542614579200745
Epoch 10/50
Average Loss: 0.42482008039951324
Epoch 11/50
Average Loss: 0.41564734280109406
Epoch 12/50
Average Loss: 0.40744712948799133
Epoch 13/50
Average Loss: 0.3996901214122772
Epoch 14/50
Average Loss: 0.39333318173885345
Epoch 15/50
Average Loss: 0.3870626389980316
Epoch 16/50
Average Loss: 0.3818066716194153
Epoch 17/50
Average Loss: 0.3773704022169113
Epoch 18/50
Average Loss: 0.37297607958316803
Epoch 19/50
Average Loss: 0.36993682384490967
Epoch 20/50
Average Loss: 0.3667731136083603
Epoch 21/50
Average Loss: 0.36391082406044006
Epoch 22/50
Average Loss: 0.36120668053627014
Epoch 23/50
Average Loss: 0.35880477726459503
Epoch 24/50
Average Loss: 0.3566367030143738
Epoch 25/50
Average Loss: 0.3550064265727997
Epoch 26/50
Average Loss: 0.3534420430660248
Epoch 27/50
Average Loss: 0.3517675846815109
Epoch 28/50
Average Loss: 0.35021890699863434
Epoch 29/50
Average Loss: 0.34895284473896027
Epoch 30/50
Average Loss: 0.34793299436569214
Epoch 31/50
Average Loss: 0.34650395810604095
Epoch 32/50
Average Loss: 0.3454643487930298
Epoch 33/50
Average Loss: 0.3446384221315384
Epoch 34/50
Average Loss: 0.3435288071632385
Epoch 35/50
Average Loss: 0.34283171594142914
Epoch 36/50
Average Loss: 0.34192852675914764
Epoch 37/50
Average Loss: 0.3409283757209778
Epoch 38/50
Average Loss: 0.340197816491127
Epoch 39/50
Average Loss: 0.33932703733444214
Epoch 40/50
Average Loss: 0.3384220749139786
Epoch 41/50
Average Loss: 0.3377676159143448
Epoch 42/50
Average Loss: 0.3368155509233475
Epoch 43/50
Average Loss: 0.33615295588970184
Epoch 44/50
Average Loss: 0.33537720143795013
Epoch 45/50
Average Loss: 0.3348325341939926
Epoch 46/50
Average Loss: 0.3339254856109619
Epoch 47/50
Average Loss: 0.3334793299436569
Epoch 48/50
Average Loss: 0.33260829746723175
Epoch 49/50
Average Loss: 0.3320455104112625
Epoch 50/50
Average Loss: 0.3315289169549942
C-index: 0.5472
Using GPU: cuda:3
Running trial 6 for ExperimentScenario.FOUR_FEATURES on device cuda:3
Train data path /home/minhn2/uiuc-kidney-failure/generated_data/rep99/four_features_train_data.csv
Test data path /home/minhn2/uiuc-kidney-failure/generated_data/rep99/four_features_test_data.csv
Number of patients: test 345 and train 500
Number of records: test 3667 and train 5806
Epoch 1/50
Average Loss: 0.82663694024086
Epoch 2/50
Average Loss: 0.7225761711597443
Epoch 3/50
Average Loss: 0.6889357268810272
Epoch 4/50
Average Loss: 0.6822907626628876
Epoch 5/50
Average Loss: 0.6731691062450409
Epoch 6/50
Average Loss: 0.66551473736763
Epoch 7/50
Average Loss: 0.6617693901062012
Epoch 8/50
Average Loss: 0.6563145518302917
Epoch 9/50
Average Loss: 0.6500178873538971
Epoch 10/50
Average Loss: 0.6448882818222046
Epoch 11/50
Average Loss: 0.6393375396728516
Epoch 12/50
Average Loss: 0.6331491768360138
Epoch 13/50
Average Loss: 0.6269493699073792
Epoch 14/50
Average Loss: 0.6207486093044281
Epoch 15/50
Average Loss: 0.6145590841770172
Epoch 16/50
Average Loss: 0.6077365875244141
Epoch 17/50
Average Loss: 0.6002947390079498
Epoch 18/50
Average Loss: 0.5933731496334076
Epoch 19/50
Average Loss: 0.5880514979362488
Epoch 20/50
Average Loss: 0.5827475488185883
Epoch 21/50
Average Loss: 0.5756901204586029
Epoch 22/50
Average Loss: 0.5697140991687775
Epoch 23/50
Average Loss: 0.5644964575767517
Epoch 24/50
Average Loss: 0.5585170388221741
Epoch 25/50
Average Loss: 0.5523244142532349
Epoch 26/50
Average Loss: 0.5458856225013733
Epoch 27/50
Average Loss: 0.5403471887111664
Epoch 28/50
Average Loss: 0.5345450341701508
Epoch 29/50
Average Loss: 0.5281186699867249
Epoch 30/50
Average Loss: 0.5217480361461639
Epoch 31/50
Average Loss: 0.5158555805683136
Epoch 32/50
Average Loss: 0.5102852284908295
Epoch 33/50
Average Loss: 0.5031005144119263
Epoch 34/50
Average Loss: 0.4977073222398758
Epoch 35/50
Average Loss: 0.49195632338523865
Epoch 36/50
Average Loss: 0.48570267856121063
Epoch 37/50
Average Loss: 0.47930552065372467
Epoch 38/50
Average Loss: 0.47341132164001465
Epoch 39/50
Average Loss: 0.46763093769550323
Epoch 40/50
Average Loss: 0.4610615670681
Epoch 41/50
Average Loss: 0.4555203914642334
Epoch 42/50
Average Loss: 0.449620857834816
Epoch 43/50
Average Loss: 0.4438886493444443
Epoch 44/50
Average Loss: 0.4379824548959732
Epoch 45/50
Average Loss: 0.43187056481838226
Epoch 46/50
Average Loss: 0.42629899084568024
Epoch 47/50
Average Loss: 0.4205939471721649
Epoch 48/50
Average Loss: 0.41484588384628296
Epoch 49/50
Average Loss: 0.4093155115842819
Epoch 50/50
Average Loss: 0.40335413813591003
C-index: 0.3826
Using GPU: cuda:6
Running trial 7 for ExperimentScenario.FOUR_FEATURES on device cuda:6
Train data path /home/minhn2/uiuc-kidney-failure/generated_data/rep99/four_features_train_data.csv
Test data path /home/minhn2/uiuc-kidney-failure/generated_data/rep99/four_features_test_data.csv
Number of patients: test 345 and train 500
Number of records: test 3667 and train 5806
Epoch 1/50
Average Loss: 0.8495296835899353
Epoch 2/50
Average Loss: 0.7285524904727936
Epoch 3/50
Average Loss: 0.6893084049224854
Epoch 4/50
Average Loss: 0.6704306304454803
Epoch 5/50
Average Loss: 0.6478711068630219
Epoch 6/50
Average Loss: 0.6105350852012634
Epoch 7/50
Average Loss: 0.5651125907897949
Epoch 8/50
Average Loss: 0.5270827412605286
Epoch 9/50
Average Loss: 0.5018141120672226
Epoch 10/50
Average Loss: 0.4810984283685684
Epoch 11/50
Average Loss: 0.4608381539583206
Epoch 12/50
Average Loss: 0.4389844536781311
Epoch 13/50
Average Loss: 0.4151505380868912
Epoch 14/50
Average Loss: 0.39044201374053955
Epoch 15/50
Average Loss: 0.36714373528957367
Epoch 16/50
Average Loss: 0.34326110780239105
Epoch 17/50
Average Loss: 0.3201296776533127
Epoch 18/50
Average Loss: 0.2986331731081009
Epoch 19/50
Average Loss: 0.2767617851495743
Epoch 20/50
Average Loss: 0.2556878924369812
Epoch 21/50
Average Loss: 0.23595449328422546
Epoch 22/50
Average Loss: 0.21604963392019272
Epoch 23/50
Average Loss: 0.19790267944335938
Epoch 24/50
Average Loss: 0.1801072210073471
Epoch 25/50
Average Loss: 0.16383046656847
Epoch 26/50
Average Loss: 0.14891420304775238
Epoch 27/50
Average Loss: 0.1349320486187935
Epoch 28/50
Average Loss: 0.12199236080050468
Epoch 29/50
Average Loss: 0.10991508886218071
Epoch 30/50
Average Loss: 0.09947969391942024
Epoch 31/50
Average Loss: 0.08980138227343559
Epoch 32/50
Average Loss: 0.08056030422449112
Epoch 33/50
Average Loss: 0.07270092144608498
Epoch 34/50
Average Loss: 0.06535010039806366
Epoch 35/50
Average Loss: 0.05886816419661045
Epoch 36/50
Average Loss: 0.05304982326924801
Epoch 37/50
Average Loss: 0.047731148079037666
Epoch 38/50
Average Loss: 0.04294233396649361
Epoch 39/50
Average Loss: 0.038697656244039536
Epoch 40/50
Average Loss: 0.03480469435453415
Epoch 41/50
Average Loss: 0.031405506655573845
Epoch 42/50
Average Loss: 0.02846867125481367
Epoch 43/50
Average Loss: 0.025948128663003445
Epoch 44/50
Average Loss: 0.023793363943696022
Epoch 45/50
Average Loss: 0.02183303516358137
Epoch 46/50
Average Loss: 0.020174579694867134
Epoch 47/50
Average Loss: 0.018723012879490852
Epoch 48/50
Average Loss: 0.0175028620287776
Epoch 49/50
Average Loss: 0.01637786254286766
Epoch 50/50
Average Loss: 0.015399991068989038
C-index: 0.3580
Using GPU: cuda:4
Running trial 8 for ExperimentScenario.FOUR_FEATURES on device cuda:4
Train data path /home/minhn2/uiuc-kidney-failure/generated_data/rep99/four_features_train_data.csv
Test data path /home/minhn2/uiuc-kidney-failure/generated_data/rep99/four_features_test_data.csv
Number of patients: test 345 and train 500
Number of records: test 3667 and train 5806
Epoch 1/50
Average Loss: 0.39093879610300064
Epoch 2/50
Average Loss: 0.09620210900902748
Epoch 3/50
Average Loss: 0.03808530326932669
Epoch 4/50
Average Loss: 0.015833775978535414
Epoch 5/50
Average Loss: 0.006683030165731907
Epoch 6/50
Average Loss: 0.0029063179390504956
Epoch 7/50
Average Loss: 0.0013222428387962282
Epoch 8/50
Average Loss: 0.0006383890577126294
Epoch 9/50
Average Loss: 0.0003284097765572369
Epoch 10/50
Average Loss: 0.00018219005869468674
Epoch 11/50
Average Loss: 0.00010820043826242909
Epoch 12/50
Average Loss: 6.808187390561216e-05
Epoch 13/50
Average Loss: 4.561937748803757e-05
Epoch 14/50
Average Loss: 3.2225093491433654e-05
Epoch 15/50
Average Loss: 2.3904844965727534e-05
Epoch 16/50
Average Loss: 1.8426104361424223e-05
Epoch 17/50
Average Loss: 1.4684341749671148e-05
Epoch 18/50
Average Loss: 1.2051943485857919e-05
Epoch 19/50
Average Loss: 1.0244585155305685e-05
Epoch 20/50
Average Loss: 8.911969416658394e-06
Epoch 21/50
Average Loss: 7.869388582548709e-06
Epoch 22/50
Average Loss: 7.0814207902003545e-06
Epoch 23/50
Average Loss: 6.462289320552372e-06
Epoch 24/50
Average Loss: 5.974514806439402e-06
Epoch 25/50
Average Loss: 5.614039309875807e-06
Epoch 26/50
Average Loss: 5.2820294058619766e-06
Epoch 27/50
Average Loss: 5.023830226491555e-06
Epoch 28/50
Average Loss: 4.8135657380043995e-06
Epoch 29/50
Average Loss: 4.626276449926081e-06
Epoch 30/50
Average Loss: 4.418224534674664e-06
Epoch 31/50
Average Loss: 4.281519977666903e-06
Epoch 32/50
Average Loss: 4.185746092844056e-06
Epoch 33/50
Average Loss: 4.069587703270372e-06
Epoch 34/50
Average Loss: 3.978605718657491e-06
Epoch 35/50
Average Loss: 3.903081733369618e-06
Epoch 36/50
Average Loss: 3.802522996920743e-06
Epoch 37/50
Average Loss: 3.7576689919660566e-06
Epoch 38/50
Average Loss: 3.6513648637992446e-06
Epoch 39/50
Average Loss: 3.5924824715038994e-06
Epoch 40/50
Average Loss: 3.5270164744360955e-06
Epoch 41/50
Average Loss: 3.451875272730831e-06
Epoch 42/50
Average Loss: 3.4013532967946958e-06
Epoch 43/50
Average Loss: 3.346833864270593e-06
Epoch 44/50
Average Loss: 3.3188478028023383e-06
Epoch 45/50
Average Loss: 3.2353814276575577e-06
Epoch 46/50
Average Loss: 3.204410063517571e-06
Epoch 47/50
Average Loss: 3.1613844839739613e-06
Epoch 48/50
Average Loss: 3.1205087225316674e-06
Epoch 49/50
Average Loss: 3.0820531264907913e-06
Epoch 50/50
Average Loss: 3.020399503839144e-06
C-index: 0.5000
Using GPU: cuda:2
Running trial 9 for ExperimentScenario.FOUR_FEATURES on device cuda:2
Train data path /home/minhn2/uiuc-kidney-failure/generated_data/rep99/four_features_train_data.csv
Test data path /home/minhn2/uiuc-kidney-failure/generated_data/rep99/four_features_test_data.csv
Number of patients: test 345 and train 500
Number of records: test 3667 and train 5806
Epoch 1/50
Average Loss: 0.794386625289917
Epoch 2/50
Average Loss: 0.664391815662384
Epoch 3/50
Average Loss: 0.6156396865844727
Epoch 4/50
Average Loss: 0.5908668041229248
Epoch 5/50
Average Loss: 0.5770498216152191
Epoch 6/50
Average Loss: 0.5698436200618744
Epoch 7/50
Average Loss: 0.5648542046546936
Epoch 8/50
Average Loss: 0.5594962239265442
Epoch 9/50
Average Loss: 0.5556148588657379
Epoch 10/50
Average Loss: 0.5520558059215546
Epoch 11/50
Average Loss: 0.5489661991596222
Epoch 12/50
Average Loss: 0.5451280176639557
Epoch 13/50
Average Loss: 0.5414794683456421
Epoch 14/50
Average Loss: 0.5379462242126465
Epoch 15/50
Average Loss: 0.5345397591590881
Epoch 16/50
Average Loss: 0.5309262573719025
Epoch 17/50
Average Loss: 0.527882844209671
Epoch 18/50
Average Loss: 0.5247549414634705
Epoch 19/50
Average Loss: 0.5211997628211975
Epoch 20/50
Average Loss: 0.5172571837902069
Epoch 21/50
Average Loss: 0.5136707425117493
Epoch 22/50
Average Loss: 0.5103338360786438
Epoch 23/50
Average Loss: 0.5066583454608917
Epoch 24/50
Average Loss: 0.5035039186477661
Epoch 25/50
Average Loss: 0.5007596760988235
Epoch 26/50
Average Loss: 0.49762003123760223
Epoch 27/50
Average Loss: 0.4947114437818527
Epoch 28/50
Average Loss: 0.49178799986839294
Epoch 29/50
Average Loss: 0.4889810234308243
Epoch 30/50
Average Loss: 0.4861280918121338
Epoch 31/50
Average Loss: 0.48333926498889923
Epoch 32/50
Average Loss: 0.48032936453819275
Epoch 33/50
Average Loss: 0.4779254049062729
Epoch 34/50
Average Loss: 0.47494861483573914
Epoch 35/50
Average Loss: 0.47260476648807526
Epoch 36/50
Average Loss: 0.4698593467473984
Epoch 37/50
Average Loss: 0.46734485030174255
Epoch 38/50
Average Loss: 0.46460503339767456
Epoch 39/50
Average Loss: 0.4621778875589371
Epoch 40/50
Average Loss: 0.4595631957054138
Epoch 41/50
Average Loss: 0.4573012739419937
Epoch 42/50
Average Loss: 0.45453429222106934
Epoch 43/50
Average Loss: 0.4524782747030258
Epoch 44/50
Average Loss: 0.4498452842235565
Epoch 45/50
Average Loss: 0.4471675306558609
Epoch 46/50
Average Loss: 0.4447808712720871
Epoch 47/50
Average Loss: 0.44261781871318817
Epoch 48/50
Average Loss: 0.4403492212295532
Epoch 49/50
Average Loss: 0.4380688965320587
Epoch 50/50
Average Loss: 0.4356387108564377
C-index: 0.4707
Number of finished trials:  10
Best trial:
Best hyperparameters: {'num_layers': 2, 'learning_rate': 4.8091737345439376e-05, 'drop_out_rate': 0.410612165646666, 'n_head': 5, 'nhead_factor': 1}
model summary
HazardTransformer(
  (input_embedding): Linear(in_features=4, out_features=5, bias=True)
  (time_encoder): Sequential(
    (0): Linear(in_features=1, out_features=2, bias=True)
    (1): ReLU()
    (2): Linear(in_features=2, out_features=5, bias=True)
  )
  (pos_encoder): PositionalEncoding()
  (transformer_encoder): TransformerEncoder(
    (layers): ModuleList(
      (0-1): 2 x TransformerEncoderLayer(
        (self_attn): MultiheadAttention(
          (out_proj): NonDynamicallyQuantizableLinear(in_features=5, out_features=5, bias=True)
        )
        (linear1): Linear(in_features=5, out_features=2048, bias=True)
        (dropout): Dropout(p=0.410612165646666, inplace=False)
        (linear2): Linear(in_features=2048, out_features=5, bias=True)
        (norm1): LayerNorm((5,), eps=1e-05, elementwise_affine=True)
        (norm2): LayerNorm((5,), eps=1e-05, elementwise_affine=True)
        (dropout1): Dropout(p=0.410612165646666, inplace=False)
        (dropout2): Dropout(p=0.410612165646666, inplace=False)
      )
    )
  )
  (hazard_decoders): ModuleList(
    (0): Sequential(
      (0): Linear(in_features=5, out_features=2, bias=True)
      (1): ReLU()
      (2): Linear(in_features=2, out_features=1, bias=True)
    )
  )
)
C-index: 0.5419
✗ hazard_transformer/four_features failed:
Traceback (most recent call last):
  File "/home/minhn2/uiuc-kidney-failure/pkgs/scripts/run_stage2_new_scenarios.py", line 56, in main
    fn(scenario)
  File "/home/minhn2/uiuc-kidney-failure/pkgs/experiments/hazard_transformer.py", line 316, in run
    auc(model, df, DataLoader(HazardTransformerDataset(df_test, scenario_name), shuffle=True, collate_fn=custom_collate_fn, batch_size=256), device)
  File "/home/minhn2/uiuc-kidney-failure/pkgs/experiments/hazard_transformer.py", line 250, in auc
    _, mean_auc = cumulative_dynamic_auc(y_train, y_test, risk_scores, times)
                  ^^^^^^^^^^^^^^^^^^^^^^^^^^^^^^^^^^^^^^^^^^^^^^^^^^^^^^^^^^^
  File "/home/minhn2/miniconda3/envs/minhn2/lib/python3.12/site-packages/sksurv/metrics.py", line 459, in cumulative_dynamic_auc
    ipcw = cens.predict_ipcw(survival_test)
           ^^^^^^^^^^^^^^^^^^^^^^^^^^^^^^^^
  File "/home/minhn2/miniconda3/envs/minhn2/lib/python3.12/site-packages/sksurv/nonparametric.py", line 583, in predict_ipcw
    raise ValueError("censoring survival function is zero at one or more time points")
ValueError: censoring survival function is zero at one or more time points
==================== Running hazard_transformer/eight_features ====================
[I 2026-08-22 13:26:11,401] A new study created in memory with name: no-name-c7cd1494-3887-4059-8ab8-7e720a778e73
[I 2026-08-22 13:26:29,290] Trial 0 finished with value: 0.6492978230241331 and parameters: {'num_layers': 2, 'learning_rate': 0.003003795546288897, 'drop_out_rate': 0.1893559830402241, 'n_head': 8, 'nhead_factor': 2}. Best is trial 0 with value: 0.6492978230241331.
[I 2026-08-22 13:26:49,278] Trial 1 finished with value: 0.5461755215197928 and parameters: {'num_layers': 5, 'learning_rate': 0.0003206786677377225, 'drop_out_rate': 0.4426245790616765, 'n_head': 6, 'nhead_factor': 2}. Best is trial 0 with value: 0.6492978230241331.
[I 2026-08-22 13:27:09,944] Trial 2 finished with value: 0.5 and parameters: {'num_layers': 5, 'learning_rate': 0.0034809787272277524, 'drop_out_rate': 0.44509469358242315, 'n_head': 3, 'nhead_factor': 15}. Best is trial 0 with value: 0.6492978230241331.
[I 2026-08-22 13:27:30,819] Trial 3 finished with value: 0.5182020633549971 and parameters: {'num_layers': 6, 'learning_rate': 0.00012876495103773396, 'drop_out_rate': 0.3067296557167006, 'n_head': 3, 'nhead_factor': 10}. Best is trial 0 with value: 0.6492978230241331.
/home/minhn2/miniconda3/envs/minhn2/lib/python3.12/site-packages/torch/nn/init.py:511: UserWarning: Initializing zero-element tensors is a no-op
  warnings.warn("Initializing zero-element tensors is a no-op")
[I 2026-08-22 13:27:49,575] Trial 4 finished with value: 0.5 and parameters: {'num_layers': 5, 'learning_rate': 6.997888664375715e-05, 'drop_out_rate': 0.38156310339202115, 'n_head': 1, 'nhead_factor': 1}. Best is trial 0 with value: 0.6492978230241331.
[I 2026-08-22 13:28:09,834] Trial 5 finished with value: 0.43575876016906784 and parameters: {'num_layers': 4, 'learning_rate': 0.00018759971995766842, 'drop_out_rate': 0.39989315002664627, 'n_head': 7, 'nhead_factor': 6}. Best is trial 0 with value: 0.6492978230241331.
[I 2026-08-22 13:28:29,828] Trial 6 finished with value: 0.47727582602372404 and parameters: {'num_layers': 4, 'learning_rate': 3.740700390128215e-05, 'drop_out_rate': 0.4200334212280159, 'n_head': 6, 'nhead_factor': 10}. Best is trial 0 with value: 0.6492978230241331.
[I 2026-08-22 13:28:49,380] Trial 7 finished with value: 0.4360087260828069 and parameters: {'num_layers': 6, 'learning_rate': 1.5272424730048e-05, 'drop_out_rate': 0.437922869034126, 'n_head': 2, 'nhead_factor': 6}. Best is trial 0 with value: 0.6492978230241331.
[I 2026-08-22 13:29:11,503] Trial 8 finished with value: 0.40964868427032675 and parameters: {'num_layers': 6, 'learning_rate': 0.00012767353520695514, 'drop_out_rate': 0.48932357782997715, 'n_head': 5, 'nhead_factor': 10}. Best is trial 0 with value: 0.6492978230241331.
[I 2026-08-22 13:29:30,170] Trial 9 finished with value: 0.5 and parameters: {'num_layers': 2, 'learning_rate': 0.0018764298947373857, 'drop_out_rate': 0.4160693651036492, 'n_head': 7, 'nhead_factor': 15}. Best is trial 0 with value: 0.6492978230241331.
Using GPU: cuda:6
Train data path /home/minhn2/uiuc-kidney-failure/generated_data/rep99/eight_features_train_data.csv
Test data path /home/minhn2/uiuc-kidney-failure/generated_data/rep99/eight_features_test_data.csv
Number of patients: test 243 and train 400
Number of records: test 1100 and train 1856
Running Optuna hyperparameter optimization
Using GPU: cuda:4
Running trial 0 for ExperimentScenario.EIGHT_FEATURES on device cuda:4
Train data path /home/minhn2/uiuc-kidney-failure/generated_data/rep99/eight_features_train_data.csv
Test data path /home/minhn2/uiuc-kidney-failure/generated_data/rep99/eight_features_test_data.csv
Number of patients: test 243 and train 400
Number of records: test 1100 and train 1856
Epoch 1/50
Average Loss: 0.5413090288639069
Epoch 2/50
Average Loss: 0.4157806932926178
Epoch 3/50
Average Loss: 0.390554815530777
Epoch 4/50
Average Loss: 0.36867357790470123
Epoch 5/50
Average Loss: 0.34549009799957275
Epoch 6/50
Average Loss: 0.3208683878183365
Epoch 7/50
Average Loss: 0.2958064377307892
Epoch 8/50
Average Loss: 0.2701357305049896
Epoch 9/50
Average Loss: 0.24477748572826385
Epoch 10/50
Average Loss: 0.2212388664484024
Epoch 11/50
Average Loss: 0.19847629964351654
Epoch 12/50
Average Loss: 0.17723289132118225
Epoch 13/50
Average Loss: 0.1574723795056343
Epoch 14/50
Average Loss: 0.13792823255062103
Epoch 15/50
Average Loss: 0.12081242725253105
Epoch 16/50
Average Loss: 0.105129424482584
Epoch 17/50
Average Loss: 0.09093257412314415
Epoch 18/50
Average Loss: 0.07848237454891205
Epoch 19/50
Average Loss: 0.06757224723696709
Epoch 20/50
Average Loss: 0.05811518430709839
Epoch 21/50
Average Loss: 0.05011485144495964
Epoch 22/50
Average Loss: 0.04312560334801674
Epoch 23/50
Average Loss: 0.03716086968779564
Epoch 24/50
Average Loss: 0.03222918603569269
Epoch 25/50
Average Loss: 0.02783303987234831
Epoch 26/50
Average Loss: 0.024302353151142597
Epoch 27/50
Average Loss: 0.021267765201628208
Epoch 28/50
Average Loss: 0.018760275095701218
Epoch 29/50
Average Loss: 0.016515945084393024
Epoch 30/50
Average Loss: 0.014705764595419168
Epoch 31/50
Average Loss: 0.013151580933481455
Epoch 32/50
Average Loss: 0.0118112419731915
Epoch 33/50
Average Loss: 0.010630679782480001
Epoch 34/50
Average Loss: 0.00960289454087615
Epoch 35/50
Average Loss: 0.008704559411853552
Epoch 36/50
Average Loss: 0.00793495075777173
Epoch 37/50
Average Loss: 0.007194272242486477
Epoch 38/50
Average Loss: 0.006598783424124122
Epoch 39/50
Average Loss: 0.006073733791708946
Epoch 40/50
Average Loss: 0.005730858305469155
Epoch 41/50
Average Loss: 0.005368935875594616
Epoch 42/50
Average Loss: 0.004996101604774594
Epoch 43/50
Average Loss: 0.004685422871261835
Epoch 44/50
Average Loss: 0.004419976146891713
Epoch 45/50
Average Loss: 0.004205104662105441
Epoch 46/50
Average Loss: 0.0039884247817099094
Epoch 47/50
Average Loss: 0.003788125584833324
Epoch 48/50
Average Loss: 0.0036009912146255374
Epoch 49/50
Average Loss: 0.0034250991884618998
Epoch 50/50
Average Loss: 0.0032769242534413934
C-index: 0.6493
Using GPU: cuda:5
Running trial 1 for ExperimentScenario.EIGHT_FEATURES on device cuda:5
Train data path /home/minhn2/uiuc-kidney-failure/generated_data/rep99/eight_features_train_data.csv
Test data path /home/minhn2/uiuc-kidney-failure/generated_data/rep99/eight_features_test_data.csv
Number of patients: test 243 and train 400
Number of records: test 1100 and train 1856
Epoch 1/50
Average Loss: 0.6004581153392792
Epoch 2/50
Average Loss: 0.5315496623516083
Epoch 3/50
Average Loss: 0.5022802799940109
Epoch 4/50
Average Loss: 0.487045556306839
Epoch 5/50
Average Loss: 0.4760524332523346
Epoch 6/50
Average Loss: 0.47199828922748566
Epoch 7/50
Average Loss: 0.4689799100160599
Epoch 8/50
Average Loss: 0.46628139913082123
Epoch 9/50
Average Loss: 0.4634569138288498
Epoch 10/50
Average Loss: 0.4603005647659302
Epoch 11/50
Average Loss: 0.45650774240493774
Epoch 12/50
Average Loss: 0.45281699299812317
Epoch 13/50
Average Loss: 0.4495832920074463
Epoch 14/50
Average Loss: 0.446403831243515
Epoch 15/50
Average Loss: 0.44315747916698456
Epoch 16/50
Average Loss: 0.4401964098215103
Epoch 17/50
Average Loss: 0.4357184171676636
Epoch 18/50
Average Loss: 0.43248938024044037
Epoch 19/50
Average Loss: 0.4282146692276001
Epoch 20/50
Average Loss: 0.42510712146759033
Epoch 21/50
Average Loss: 0.4215005338191986
Epoch 22/50
Average Loss: 0.4184466302394867
Epoch 23/50
Average Loss: 0.4146300256252289
Epoch 24/50
Average Loss: 0.4118424355983734
Epoch 25/50
Average Loss: 0.40818457305431366
Epoch 26/50
Average Loss: 0.4057839959859848
Epoch 27/50
Average Loss: 0.4022776484489441
Epoch 28/50
Average Loss: 0.39932817220687866
Epoch 29/50
Average Loss: 0.39609162509441376
Epoch 30/50
Average Loss: 0.393077552318573
Epoch 31/50
Average Loss: 0.3897574841976166
Epoch 32/50
Average Loss: 0.38692252337932587
Epoch 33/50
Average Loss: 0.3837137222290039
Epoch 34/50
Average Loss: 0.380942240357399
Epoch 35/50
Average Loss: 0.378324419260025
Epoch 36/50
Average Loss: 0.3748660534620285
Epoch 37/50
Average Loss: 0.3719664067029953
Epoch 38/50
Average Loss: 0.36901408433914185
Epoch 39/50
Average Loss: 0.3663076013326645
Epoch 40/50
Average Loss: 0.3629460483789444
Epoch 41/50
Average Loss: 0.36043909192085266
Epoch 42/50
Average Loss: 0.3573981374502182
Epoch 43/50
Average Loss: 0.35451464354991913
Epoch 44/50
Average Loss: 0.35165563225746155
Epoch 45/50
Average Loss: 0.34876708686351776
Epoch 46/50
Average Loss: 0.34591764211654663
Epoch 47/50
Average Loss: 0.3428313285112381
Epoch 48/50
Average Loss: 0.34006883203983307
Epoch 49/50
Average Loss: 0.33735819160938263
Epoch 50/50
Average Loss: 0.33451567590236664
C-index: 0.5462
Using GPU: cuda:4
Running trial 2 for ExperimentScenario.EIGHT_FEATURES on device cuda:4
Train data path /home/minhn2/uiuc-kidney-failure/generated_data/rep99/eight_features_train_data.csv
Test data path /home/minhn2/uiuc-kidney-failure/generated_data/rep99/eight_features_test_data.csv
Number of patients: test 243 and train 400
Number of records: test 1100 and train 1856
Epoch 1/50
Average Loss: 0.5384455919265747
Epoch 2/50
Average Loss: 0.213507741689682
Epoch 3/50
Average Loss: 0.14549870789051056
Epoch 4/50
Average Loss: 0.10422470048069954
Epoch 5/50
Average Loss: 0.07280049845576286
Epoch 6/50
Average Loss: 0.04996377043426037
Epoch 7/50
Average Loss: 0.03440673649311066
Epoch 8/50
Average Loss: 0.023831292055547237
Epoch 9/50
Average Loss: 0.01652614865452051
Epoch 10/50
Average Loss: 0.01172336284071207
Epoch 11/50
Average Loss: 0.008399693528190255
Epoch 12/50
Average Loss: 0.006112051662057638
Epoch 13/50
Average Loss: 0.00457293470390141
Epoch 14/50
Average Loss: 0.0035057320492342114
Epoch 15/50
Average Loss: 0.0027284821262583137
Epoch 16/50
Average Loss: 0.002162423450499773
Epoch 17/50
Average Loss: 0.001784126041457057
Epoch 18/50
Average Loss: 0.0014940061373636127
Epoch 19/50
Average Loss: 0.0012578581809066236
Epoch 20/50
Average Loss: 0.0010832749539986253
Epoch 21/50
Average Loss: 0.000945786596275866
Epoch 22/50
Average Loss: 0.0008453503833152354
Epoch 23/50
Average Loss: 0.0007598880911245942
Epoch 24/50
Average Loss: 0.0006896395061630756
Epoch 25/50
Average Loss: 0.0006252983585000038
Epoch 26/50
Average Loss: 0.000581186352064833
Epoch 27/50
Average Loss: 0.0005310833803378046
Epoch 28/50
Average Loss: 0.0004985793784726411
Epoch 29/50
Average Loss: 0.0004648283065762371
Epoch 30/50
Average Loss: 0.0004353751428425312
Epoch 31/50
Average Loss: 0.0004177296650595963
Epoch 32/50
Average Loss: 0.00039200518222060055
Epoch 33/50
Average Loss: 0.00037041814357507974
Epoch 34/50
Average Loss: 0.0003506494977045804
Epoch 35/50
Average Loss: 0.0003325674042571336
Epoch 36/50
Average Loss: 0.00031916350417304784
Epoch 37/50
Average Loss: 0.0003071649989578873
Epoch 38/50
Average Loss: 0.00029517132497858256
Epoch 39/50
Average Loss: 0.00028395791014190763
Epoch 40/50
Average Loss: 0.0002744973753578961
Epoch 41/50
Average Loss: 0.0002670982212293893
Epoch 42/50
Average Loss: 0.00025907055533025414
Epoch 43/50
Average Loss: 0.0002522375725675374
Epoch 44/50
Average Loss: 0.00024625708465464413
Epoch 45/50
Average Loss: 0.00024155877326847985
Epoch 46/50
Average Loss: 0.0002354364623897709
Epoch 47/50
Average Loss: 0.00022914234432391822
Epoch 48/50
Average Loss: 0.00022507086396217346
Epoch 49/50
Average Loss: 0.00022003769117873162
Epoch 50/50
Average Loss: 0.0002136181210516952
C-index: 0.5000
Using GPU: cuda:6
Running trial 3 for ExperimentScenario.EIGHT_FEATURES on device cuda:6
Train data path /home/minhn2/uiuc-kidney-failure/generated_data/rep99/eight_features_train_data.csv
Test data path /home/minhn2/uiuc-kidney-failure/generated_data/rep99/eight_features_test_data.csv
Number of patients: test 243 and train 400
Number of records: test 1100 and train 1856
Epoch 1/50
Average Loss: 0.6593969166278839
Epoch 2/50
Average Loss: 0.4533956050872803
Epoch 3/50
Average Loss: 0.3751615881919861
Epoch 4/50
Average Loss: 0.34156884253025055
Epoch 5/50
Average Loss: 0.32188378274440765
Epoch 6/50
Average Loss: 0.30585838854312897
Epoch 7/50
Average Loss: 0.2947721928358078
Epoch 8/50
Average Loss: 0.2871179133653641
Epoch 9/50
Average Loss: 0.28171731531620026
Epoch 10/50
Average Loss: 0.27771489322185516
Epoch 11/50
Average Loss: 0.2747361958026886
Epoch 12/50
Average Loss: 0.271906316280365
Epoch 13/50
Average Loss: 0.2691977918148041
Epoch 14/50
Average Loss: 0.2667618840932846
Epoch 15/50
Average Loss: 0.26436924934387207
Epoch 16/50
Average Loss: 0.2617805004119873
Epoch 17/50
Average Loss: 0.25966113805770874
Epoch 18/50
Average Loss: 0.25782161951065063
Epoch 19/50
Average Loss: 0.2554537206888199
Epoch 20/50
Average Loss: 0.25331123173236847
Epoch 21/50
Average Loss: 0.25106181204319
Epoch 22/50
Average Loss: 0.2490493804216385
Epoch 23/50
Average Loss: 0.24657611548900604
Epoch 24/50
Average Loss: 0.24466003477573395
Epoch 25/50
Average Loss: 0.24243958294391632
Epoch 26/50
Average Loss: 0.2403208389878273
Epoch 27/50
Average Loss: 0.23828255385160446
Epoch 28/50
Average Loss: 0.23613891005516052
Epoch 29/50
Average Loss: 0.23408762365579605
Epoch 30/50
Average Loss: 0.23203068226575851
Epoch 31/50
Average Loss: 0.22992467880249023
Epoch 32/50
Average Loss: 0.2278938740491867
Epoch 33/50
Average Loss: 0.22576187551021576
Epoch 34/50
Average Loss: 0.2236858680844307
Epoch 35/50
Average Loss: 0.22148684412240982
Epoch 36/50
Average Loss: 0.2196466103196144
Epoch 37/50
Average Loss: 0.2174566686153412
Epoch 38/50
Average Loss: 0.21544483304023743
Epoch 39/50
Average Loss: 0.21339209377765656
Epoch 40/50
Average Loss: 0.21133942157030106
Epoch 41/50
Average Loss: 0.20938024669885635
Epoch 42/50
Average Loss: 0.20740113407373428
Epoch 43/50
Average Loss: 0.20522517710924149
Epoch 44/50
Average Loss: 0.20311684906482697
Epoch 45/50
Average Loss: 0.20122212171554565
Epoch 46/50
Average Loss: 0.1992495208978653
Epoch 47/50
Average Loss: 0.19718731939792633
Epoch 48/50
Average Loss: 0.19514375925064087
Epoch 49/50
Average Loss: 0.19332080334424973
Epoch 50/50
Average Loss: 0.1913626417517662
C-index: 0.5182
Using GPU: cuda:6
Running trial 4 for ExperimentScenario.EIGHT_FEATURES on device cuda:6
Train data path /home/minhn2/uiuc-kidney-failure/generated_data/rep99/eight_features_train_data.csv
Test data path /home/minhn2/uiuc-kidney-failure/generated_data/rep99/eight_features_test_data.csv
Number of patients: test 243 and train 400
Number of records: test 1100 and train 1856
Epoch 1/50
Average Loss: 0.6931296288967133
Epoch 2/50
Average Loss: 0.6930597722530365
Epoch 3/50
Average Loss: 0.692989706993103
Epoch 4/50
Average Loss: 0.6929197907447815
Epoch 5/50
Average Loss: 0.6928498446941376
Epoch 6/50
Average Loss: 0.6927798688411713
Epoch 7/50
Average Loss: 0.692709892988205
Epoch 8/50
Average Loss: 0.6926400065422058
Epoch 9/50
Average Loss: 0.6925700902938843
Epoch 10/50
Average Loss: 0.6925001740455627
Epoch 11/50
Average Loss: 0.692430168390274
Epoch 12/50
Average Loss: 0.6923603117465973
Epoch 13/50
Average Loss: 0.6922903060913086
Epoch 14/50
Average Loss: 0.6922204494476318
Epoch 15/50
Average Loss: 0.6921505033969879
Epoch 16/50
Average Loss: 0.6920807063579559
Epoch 17/50
Average Loss: 0.692010760307312
Epoch 18/50
Average Loss: 0.69194096326828
Epoch 19/50
Average Loss: 0.6918710768222809
Epoch 20/50
Average Loss: 0.6918011903762817
Epoch 21/50
Average Loss: 0.6917312443256378
Epoch 22/50
Average Loss: 0.6916614472866058
Epoch 23/50
Average Loss: 0.691591739654541
Epoch 24/50
Average Loss: 0.6915218234062195
Epoch 25/50
Average Loss: 0.6914519667625427
Epoch 26/50
Average Loss: 0.6913821697235107
Epoch 27/50
Average Loss: 0.6913123726844788
Epoch 28/50
Average Loss: 0.6912425458431244
Epoch 29/50
Average Loss: 0.6911727488040924
Epoch 30/50
Average Loss: 0.691102921962738
Epoch 31/50
Average Loss: 0.6910330951213837
Epoch 32/50
Average Loss: 0.6909634470939636
Epoch 33/50
Average Loss: 0.6908935904502869
Epoch 34/50
Average Loss: 0.6908238530158997
Epoch 35/50
Average Loss: 0.6907540857791901
Epoch 36/50
Average Loss: 0.6906843781471252
Epoch 37/50
Average Loss: 0.690614640712738
Epoch 38/50
Average Loss: 0.690544843673706
Epoch 39/50
Average Loss: 0.6904751360416412
Epoch 40/50
Average Loss: 0.690405398607254
Epoch 41/50
Average Loss: 0.6903357207775116
Epoch 42/50
Average Loss: 0.6902660131454468
Epoch 43/50
Average Loss: 0.6901962161064148
Epoch 44/50
Average Loss: 0.6901266574859619
Epoch 45/50
Average Loss: 0.6900569200515747
Epoch 46/50
Average Loss: 0.689987301826477
Epoch 47/50
Average Loss: 0.6899176239967346
Epoch 48/50
Average Loss: 0.6898479461669922
Epoch 49/50
Average Loss: 0.6897782683372498
Epoch 50/50
Average Loss: 0.6897086501121521
C-index: 0.5000
Using GPU: cuda:5
Running trial 5 for ExperimentScenario.EIGHT_FEATURES on device cuda:5
Train data path /home/minhn2/uiuc-kidney-failure/generated_data/rep99/eight_features_train_data.csv
Test data path /home/minhn2/uiuc-kidney-failure/generated_data/rep99/eight_features_test_data.csv
Number of patients: test 243 and train 400
Number of records: test 1100 and train 1856
Epoch 1/50
Average Loss: 0.6974819004535675
Epoch 2/50
Average Loss: 0.5603450834751129
Epoch 3/50
Average Loss: 0.4870917946100235
Epoch 4/50
Average Loss: 0.4332428276538849
Epoch 5/50
Average Loss: 0.39879512786865234
Epoch 6/50
Average Loss: 0.37852272391319275
Epoch 7/50
Average Loss: 0.364969864487648
Epoch 8/50
Average Loss: 0.3566996157169342
Epoch 9/50
Average Loss: 0.35093194246292114
Epoch 10/50
Average Loss: 0.3458690941333771
Epoch 11/50
Average Loss: 0.34099502861499786
Epoch 12/50
Average Loss: 0.33608658611774445
Epoch 13/50
Average Loss: 0.33101823925971985
Epoch 14/50
Average Loss: 0.3265194743871689
Epoch 15/50
Average Loss: 0.321892186999321
Epoch 16/50
Average Loss: 0.31822623312473297
Epoch 17/50
Average Loss: 0.3135812282562256
Epoch 18/50
Average Loss: 0.30923299491405487
Epoch 19/50
Average Loss: 0.3052046597003937
Epoch 20/50
Average Loss: 0.3010716736316681
Epoch 21/50
Average Loss: 0.2967999577522278
Epoch 22/50
Average Loss: 0.29271741211414337
Epoch 23/50
Average Loss: 0.2884249687194824
Epoch 24/50
Average Loss: 0.2845214456319809
Epoch 25/50
Average Loss: 0.2802891731262207
Epoch 26/50
Average Loss: 0.27624282240867615
Epoch 27/50
Average Loss: 0.2719574421644211
Epoch 28/50
Average Loss: 0.26798631250858307
Epoch 29/50
Average Loss: 0.2641521096229553
Epoch 30/50
Average Loss: 0.25980715453624725
Epoch 31/50
Average Loss: 0.25599177181720734
Epoch 32/50
Average Loss: 0.2519536465406418
Epoch 33/50
Average Loss: 0.24772797524929047
Epoch 34/50
Average Loss: 0.24397669732570648
Epoch 35/50
Average Loss: 0.24035175889730453
Epoch 36/50
Average Loss: 0.23635485768318176
Epoch 37/50
Average Loss: 0.23266372829675674
Epoch 38/50
Average Loss: 0.22898083180189133
Epoch 39/50
Average Loss: 0.22534162551164627
Epoch 40/50
Average Loss: 0.22169692814350128
Epoch 41/50
Average Loss: 0.21817921847105026
Epoch 42/50
Average Loss: 0.21448241919279099
Epoch 43/50
Average Loss: 0.21090635657310486
Epoch 44/50
Average Loss: 0.2074897587299347
Epoch 45/50
Average Loss: 0.2039409726858139
Epoch 46/50
Average Loss: 0.20047784596681595
Epoch 47/50
Average Loss: 0.1971384510397911
Epoch 48/50
Average Loss: 0.19376255571842194
Epoch 49/50
Average Loss: 0.19056253880262375
Epoch 50/50
Average Loss: 0.18736475706100464
C-index: 0.4358
Using GPU: cuda:2
Running trial 6 for ExperimentScenario.EIGHT_FEATURES on device cuda:2
Train data path /home/minhn2/uiuc-kidney-failure/generated_data/rep99/eight_features_train_data.csv
Test data path /home/minhn2/uiuc-kidney-failure/generated_data/rep99/eight_features_test_data.csv
Number of patients: test 243 and train 400
Number of records: test 1100 and train 1856
Epoch 1/50
Average Loss: 0.6766570210456848
Epoch 2/50
Average Loss: 0.600106954574585
Epoch 3/50
Average Loss: 0.5366705656051636
Epoch 4/50
Average Loss: 0.4877838045358658
Epoch 5/50
Average Loss: 0.44707734882831573
Epoch 6/50
Average Loss: 0.41042572259902954
Epoch 7/50
Average Loss: 0.3791217505931854
Epoch 8/50
Average Loss: 0.35156460106372833
Epoch 9/50
Average Loss: 0.3272012621164322
Epoch 10/50
Average Loss: 0.3082783371210098
Epoch 11/50
Average Loss: 0.29002121090888977
Epoch 12/50
Average Loss: 0.27572101354599
Epoch 13/50
Average Loss: 0.2629851996898651
Epoch 14/50
Average Loss: 0.2525220066308975
Epoch 15/50
Average Loss: 0.2433224767446518
Epoch 16/50
Average Loss: 0.23551858961582184
Epoch 17/50
Average Loss: 0.22873610258102417
Epoch 18/50
Average Loss: 0.22201520949602127
Epoch 19/50
Average Loss: 0.21697013825178146
Epoch 20/50
Average Loss: 0.21254293620586395
Epoch 21/50
Average Loss: 0.20862001180648804
Epoch 22/50
Average Loss: 0.20449059456586838
Epoch 23/50
Average Loss: 0.2013065367937088
Epoch 24/50
Average Loss: 0.19815734773874283
Epoch 25/50
Average Loss: 0.195397287607193
Epoch 26/50
Average Loss: 0.19285330921411514
Epoch 27/50
Average Loss: 0.19101160019636154
Epoch 28/50
Average Loss: 0.18861166387796402
Epoch 29/50
Average Loss: 0.18653126060962677
Epoch 30/50
Average Loss: 0.18485022336244583
Epoch 31/50
Average Loss: 0.18283551931381226
Epoch 32/50
Average Loss: 0.18128205835819244
Epoch 33/50
Average Loss: 0.17972461134195328
Epoch 34/50
Average Loss: 0.17839669436216354
Epoch 35/50
Average Loss: 0.17681876569986343
Epoch 36/50
Average Loss: 0.1754506155848503
Epoch 37/50
Average Loss: 0.17432179301977158
Epoch 38/50
Average Loss: 0.17313560098409653
Epoch 39/50
Average Loss: 0.17151013761758804
Epoch 40/50
Average Loss: 0.17059341073036194
Epoch 41/50
Average Loss: 0.16955894976854324
Epoch 42/50
Average Loss: 0.1681680828332901
Epoch 43/50
Average Loss: 0.16700627654790878
Epoch 44/50
Average Loss: 0.16598644107580185
Epoch 45/50
Average Loss: 0.16476790606975555
Epoch 46/50
Average Loss: 0.16360849887132645
Epoch 47/50
Average Loss: 0.16276559978723526
Epoch 48/50
Average Loss: 0.1615888550877571
Epoch 49/50
Average Loss: 0.16037020832300186
Epoch 50/50
Average Loss: 0.1598902866244316
C-index: 0.4773
Using GPU: cuda:1
Running trial 7 for ExperimentScenario.EIGHT_FEATURES on device cuda:1
Train data path /home/minhn2/uiuc-kidney-failure/generated_data/rep99/eight_features_train_data.csv
Test data path /home/minhn2/uiuc-kidney-failure/generated_data/rep99/eight_features_test_data.csv
Number of patients: test 243 and train 400
Number of records: test 1100 and train 1856
Epoch 1/50
Average Loss: 0.8384135365486145
Epoch 2/50
Average Loss: 0.8175266087055206
Epoch 3/50
Average Loss: 0.7914578020572662
Epoch 4/50
Average Loss: 0.7708453834056854
Epoch 5/50
Average Loss: 0.7502150237560272
Epoch 6/50
Average Loss: 0.7311025857925415
Epoch 7/50
Average Loss: 0.710913747549057
Epoch 8/50
Average Loss: 0.6932745277881622
Epoch 9/50
Average Loss: 0.6760348081588745
Epoch 10/50
Average Loss: 0.6636039614677429
Epoch 11/50
Average Loss: 0.6498375535011292
Epoch 12/50
Average Loss: 0.6380459368228912
Epoch 13/50
Average Loss: 0.6263333857059479
Epoch 14/50
Average Loss: 0.6178645491600037
Epoch 15/50
Average Loss: 0.6075697541236877
Epoch 16/50
Average Loss: 0.5976724326610565
Epoch 17/50
Average Loss: 0.5905215740203857
Epoch 18/50
Average Loss: 0.5834607779979706
Epoch 19/50
Average Loss: 0.5762346982955933
Epoch 20/50
Average Loss: 0.5699321925640106
Epoch 21/50
Average Loss: 0.5645460188388824
Epoch 22/50
Average Loss: 0.5580603778362274
Epoch 23/50
Average Loss: 0.5534921288490295
Epoch 24/50
Average Loss: 0.5488619804382324
Epoch 25/50
Average Loss: 0.5446985363960266
Epoch 26/50
Average Loss: 0.5407009720802307
Epoch 27/50
Average Loss: 0.5363314151763916
Epoch 28/50
Average Loss: 0.5321057736873627
Epoch 29/50
Average Loss: 0.5291155576705933
Epoch 30/50
Average Loss: 0.5255028605461121
Epoch 31/50
Average Loss: 0.522167980670929
Epoch 32/50
Average Loss: 0.5171952843666077
Epoch 33/50
Average Loss: 0.5137024223804474
Epoch 34/50
Average Loss: 0.510441929101944
Epoch 35/50
Average Loss: 0.5053993761539459
Epoch 36/50
Average Loss: 0.5019782185554504
Epoch 37/50
Average Loss: 0.4979921132326126
Epoch 38/50
Average Loss: 0.4929136633872986
Epoch 39/50
Average Loss: 0.4888545125722885
Epoch 40/50
Average Loss: 0.4838666617870331
Epoch 41/50
Average Loss: 0.4794386774301529
Epoch 42/50
Average Loss: 0.4751274585723877
Epoch 43/50
Average Loss: 0.4706357270479202
Epoch 44/50
Average Loss: 0.4671637564897537
Epoch 45/50
Average Loss: 0.46244439482688904
Epoch 46/50
Average Loss: 0.45801350474357605
Epoch 47/50
Average Loss: 0.455354705452919
Epoch 48/50
Average Loss: 0.4516712725162506
Epoch 49/50
Average Loss: 0.4489884525537491
Epoch 50/50
Average Loss: 0.4465290606021881
C-index: 0.4360
Using GPU: cuda:4
Running trial 8 for ExperimentScenario.EIGHT_FEATURES on device cuda:4
Train data path /home/minhn2/uiuc-kidney-failure/generated_data/rep99/eight_features_train_data.csv
Test data path /home/minhn2/uiuc-kidney-failure/generated_data/rep99/eight_features_test_data.csv
Number of patients: test 243 and train 400
Number of records: test 1100 and train 1856
Epoch 1/50
Average Loss: 0.7150353789329529
Epoch 2/50
Average Loss: 0.5860883891582489
Epoch 3/50
Average Loss: 0.48123472929000854
Epoch 4/50
Average Loss: 0.4010297507047653
Epoch 5/50
Average Loss: 0.3489040434360504
Epoch 6/50
Average Loss: 0.3123653829097748
Epoch 7/50
Average Loss: 0.28639058768749237
Epoch 8/50
Average Loss: 0.26620081067085266
Epoch 9/50
Average Loss: 0.24926184117794037
Epoch 10/50
Average Loss: 0.23401948809623718
Epoch 11/50
Average Loss: 0.21979889273643494
Epoch 12/50
Average Loss: 0.20877403020858765
Epoch 13/50
Average Loss: 0.2000535950064659
Epoch 14/50
Average Loss: 0.19378969073295593
Epoch 15/50
Average Loss: 0.1888417899608612
Epoch 16/50
Average Loss: 0.18500731140375137
Epoch 17/50
Average Loss: 0.18139059096574783
Epoch 18/50
Average Loss: 0.17823398113250732
Epoch 19/50
Average Loss: 0.17519889771938324
Epoch 20/50
Average Loss: 0.17257378995418549
Epoch 21/50
Average Loss: 0.16970940679311752
Epoch 22/50
Average Loss: 0.16665231436491013
Epoch 23/50
Average Loss: 0.16420816630125046
Epoch 24/50
Average Loss: 0.16154900193214417
Epoch 25/50
Average Loss: 0.15899471938610077
Epoch 26/50
Average Loss: 0.15660763531923294
Epoch 27/50
Average Loss: 0.15384846925735474
Epoch 28/50
Average Loss: 0.15164068341255188
Epoch 29/50
Average Loss: 0.14919054508209229
Epoch 30/50
Average Loss: 0.14684168249368668
Epoch 31/50
Average Loss: 0.14450781792402267
Epoch 32/50
Average Loss: 0.1424291729927063
Epoch 33/50
Average Loss: 0.14008918404579163
Epoch 34/50
Average Loss: 0.13796618580818176
Epoch 35/50
Average Loss: 0.13561861962080002
Epoch 36/50
Average Loss: 0.1334981620311737
Epoch 37/50
Average Loss: 0.13168786466121674
Epoch 38/50
Average Loss: 0.12958399206399918
Epoch 39/50
Average Loss: 0.12777477502822876
Epoch 40/50
Average Loss: 0.1256095990538597
Epoch 41/50
Average Loss: 0.12386397644877434
Epoch 42/50
Average Loss: 0.12191373854875565
Epoch 43/50
Average Loss: 0.12009602785110474
Epoch 44/50
Average Loss: 0.11843134090304375
Epoch 45/50
Average Loss: 0.11653651669621468
Epoch 46/50
Average Loss: 0.11475473642349243
Epoch 47/50
Average Loss: 0.11306972429156303
Epoch 48/50
Average Loss: 0.11148165538907051
Epoch 49/50
Average Loss: 0.10963473841547966
Epoch 50/50
Average Loss: 0.10803649201989174
C-index: 0.4096
Using GPU: cuda:4
Running trial 9 for ExperimentScenario.EIGHT_FEATURES on device cuda:4
Train data path /home/minhn2/uiuc-kidney-failure/generated_data/rep99/eight_features_train_data.csv
Test data path /home/minhn2/uiuc-kidney-failure/generated_data/rep99/eight_features_test_data.csv
Number of patients: test 243 and train 400
Number of records: test 1100 and train 1856
Epoch 1/50
Average Loss: 0.5271213799715042
Epoch 2/50
Average Loss: 0.1325334869325161
Epoch 3/50
Average Loss: 0.06205877661705017
Epoch 4/50
Average Loss: 0.033514074981212616
Epoch 5/50
Average Loss: 0.018455502577126026
Epoch 6/50
Average Loss: 0.010146853979676962
Epoch 7/50
Average Loss: 0.005722378380596638
Epoch 8/50
Average Loss: 0.003359853639267385
Epoch 9/50
Average Loss: 0.002084895968437195
Epoch 10/50
Average Loss: 0.0013716191751882434
Epoch 11/50
Average Loss: 0.0009441661823075265
Epoch 12/50
Average Loss: 0.0006841084104962647
Epoch 13/50
Average Loss: 0.0005170817748876289
Epoch 14/50
Average Loss: 0.000409420405048877
Epoch 15/50
Average Loss: 0.0003337259404361248
Epoch 16/50
Average Loss: 0.0002774860040517524
Epoch 17/50
Average Loss: 0.0002380505611654371
Epoch 18/50
Average Loss: 0.00021025158639531583
Epoch 19/50
Average Loss: 0.00018661167268874124
Epoch 20/50
Average Loss: 0.00016745448374422267
Epoch 21/50
Average Loss: 0.0001544952974654734
Epoch 22/50
Average Loss: 0.0001430163101758808
Epoch 23/50
Average Loss: 0.00013373972615227103
Epoch 24/50
Average Loss: 0.0001254776434507221
Epoch 25/50
Average Loss: 0.00011984285083599389
Epoch 26/50
Average Loss: 0.00011408653881517239
Epoch 27/50
Average Loss: 0.00010961837324430235
Epoch 28/50
Average Loss: 0.00010628046584315598
Epoch 29/50
Average Loss: 0.00010271674909745343
Epoch 30/50
Average Loss: 9.896166739054024e-05
Epoch 31/50
Average Loss: 9.635420792619698e-05
Epoch 32/50
Average Loss: 9.359713294543326e-05
Epoch 33/50
Average Loss: 9.140378824668005e-05
Epoch 34/50
Average Loss: 8.918999810703099e-05
Epoch 35/50
Average Loss: 8.850809535942972e-05
Epoch 36/50
Average Loss: 8.60165928315837e-05
Epoch 37/50
Average Loss: 8.491977860103361e-05
Epoch 38/50
Average Loss: 8.358902778127231e-05
Epoch 39/50
Average Loss: 8.238263762905262e-05
Epoch 40/50
Average Loss: 8.051363329286687e-05
Epoch 41/50
Average Loss: 7.880031989770941e-05
Epoch 42/50
Average Loss: 7.788745278958231e-05
Epoch 43/50
Average Loss: 7.633032510057092e-05
Epoch 44/50
Average Loss: 7.513932359870523e-05
Epoch 45/50
Average Loss: 7.447331518051215e-05
Epoch 46/50
Average Loss: 7.320404620259069e-05
Epoch 47/50
Average Loss: 7.171821198426187e-05
Epoch 48/50
Average Loss: 7.037172326818109e-05
Epoch 49/50
Average Loss: 6.942548861843534e-05
Epoch 50/50
Average Loss: 6.86383864376694e-05
C-index: 0.5000
Number of finished trials:  10
Best trial:
Best hyperparameters: {'num_layers': 2, 'learning_rate': 0.003003795546288897, 'drop_out_rate': 0.1893559830402241, 'n_head': 8, 'nhead_factor': 2}
model summary
HazardTransformer(
  (input_embedding): Linear(in_features=8, out_features=16, bias=True)
  (time_encoder): Sequential(
    (0): Linear(in_features=1, out_features=8, bias=True)
    (1): ReLU()
    (2): Linear(in_features=8, out_features=16, bias=True)
  )
  (pos_encoder): PositionalEncoding()
  (transformer_encoder): TransformerEncoder(
    (layers): ModuleList(
      (0-1): 2 x TransformerEncoderLayer(
        (self_attn): MultiheadAttention(
          (out_proj): NonDynamicallyQuantizableLinear(in_features=16, out_features=16, bias=True)
        )
        (linear1): Linear(in_features=16, out_features=2048, bias=True)
        (dropout): Dropout(p=0.1893559830402241, inplace=False)
        (linear2): Linear(in_features=2048, out_features=16, bias=True)
        (norm1): LayerNorm((16,), eps=1e-05, elementwise_affine=True)
        (norm2): LayerNorm((16,), eps=1e-05, elementwise_affine=True)
        (dropout1): Dropout(p=0.1893559830402241, inplace=False)
        (dropout2): Dropout(p=0.1893559830402241, inplace=False)
      )
    )
  )
  (hazard_decoders): ModuleList(
    (0): Sequential(
      (0): Linear(in_features=16, out_features=8, bias=True)
      (1): ReLU()
      (2): Linear(in_features=8, out_features=1, bias=True)
    )
  )
)
C-index: 0.5729
Mean time-dependent AUC: 0.59
Integrated Brier Score Test: 1.016
✓ hazard_transformer/eight_features completed successfully
==================== Running hazard_transformer/twenty_features_heterogeneous ====================
[I 2026-08-22 13:29:31,376] A new study created in memory with name: no-name-b0222a7f-d4a9-4449-9fab-e3a0c38878ca
[I 2026-08-22 13:29:51,178] Trial 0 finished with value: 0.4479166666666667 and parameters: {'num_layers': 6, 'learning_rate': 0.00015330072932957757, 'drop_out_rate': 0.1815154588914254, 'n_head': 3, 'nhead_factor': 2}. Best is trial 0 with value: 0.4479166666666667.
[I 2026-08-22 13:30:10,377] Trial 1 finished with value: 0.5416666666666666 and parameters: {'num_layers': 3, 'learning_rate': 0.0037042255135378245, 'drop_out_rate': 0.1816749665577322, 'n_head': 2, 'nhead_factor': 3}. Best is trial 1 with value: 0.5416666666666666.
[I 2026-08-22 13:30:29,684] Trial 2 finished with value: 0.4583333333333333 and parameters: {'num_layers': 2, 'learning_rate': 0.00137999740683003, 'drop_out_rate': 0.43375138726415974, 'n_head': 3, 'nhead_factor': 13}. Best is trial 1 with value: 0.5416666666666666.
[I 2026-08-22 13:30:49,409] Trial 3 finished with value: 0.4114583333333333 and parameters: {'num_layers': 6, 'learning_rate': 0.003923350840382448, 'drop_out_rate': 0.47391885653773735, 'n_head': 1, 'nhead_factor': 15}. Best is trial 1 with value: 0.5416666666666666.
[I 2026-08-22 13:31:09,265] Trial 4 finished with value: 0.3541666666666667 and parameters: {'num_layers': 6, 'learning_rate': 6.252563241376951e-05, 'drop_out_rate': 0.24925657145050964, 'n_head': 8, 'nhead_factor': 6}. Best is trial 1 with value: 0.5416666666666666.
[I 2026-08-22 13:31:28,815] Trial 5 finished with value: 0.3854166666666667 and parameters: {'num_layers': 4, 'learning_rate': 1.1854444877703023e-05, 'drop_out_rate': 0.2856319058077008, 'n_head': 3, 'nhead_factor': 16}. Best is trial 1 with value: 0.5416666666666666.
[I 2026-08-22 13:31:48,493] Trial 6 finished with value: 0.4114583333333333 and parameters: {'num_layers': 5, 'learning_rate': 0.0002056532571767243, 'drop_out_rate': 0.47977934398524735, 'n_head': 8, 'nhead_factor': 10}. Best is trial 1 with value: 0.5416666666666666.
[I 2026-08-22 13:32:08,203] Trial 7 finished with value: 0.6458333333333334 and parameters: {'num_layers': 5, 'learning_rate': 0.0003908218703270257, 'drop_out_rate': 0.43403872311144764, 'n_head': 7, 'nhead_factor': 5}. Best is trial 7 with value: 0.6458333333333334.
[I 2026-08-22 13:32:27,840] Trial 8 finished with value: 0.6875 and parameters: {'num_layers': 6, 'learning_rate': 3.816714038092514e-05, 'drop_out_rate': 0.4007372866329554, 'n_head': 7, 'nhead_factor': 2}. Best is trial 8 with value: 0.6875.
[I 2026-08-22 13:32:47,441] Trial 9 finished with value: 0.546875 and parameters: {'num_layers': 4, 'learning_rate': 0.0010937749261902756, 'drop_out_rate': 0.3872137555779366, 'n_head': 3, 'nhead_factor': 8}. Best is trial 8 with value: 0.6875.
Using GPU: cuda:2
Train data path /home/minhn2/uiuc-kidney-failure/generated_data/rep99/twenty_features_heterogeneous_train_data.csv
Test data path /home/minhn2/uiuc-kidney-failure/generated_data/rep99/twenty_features_heterogeneous_test_data.csv
Number of patients: test 20 and train 20
Number of records: test 9115 and train 4575
Running Optuna hyperparameter optimization
Using GPU: cuda:7
Running trial 0 for ExperimentScenario.TWENTY_FEATURES_HETEROGENEOUS on device cuda:7
Train data path /home/minhn2/uiuc-kidney-failure/generated_data/rep99/twenty_features_heterogeneous_train_data.csv
Test data path /home/minhn2/uiuc-kidney-failure/generated_data/rep99/twenty_features_heterogeneous_test_data.csv
Number of patients: test 20 and train 20
Number of records: test 9115 and train 4575
Epoch 1/50
Average Loss: 0.45014649629592896
Epoch 2/50
Average Loss: 0.4171541929244995
Epoch 3/50
Average Loss: 0.3918277621269226
Epoch 4/50
Average Loss: 0.37363308668136597
Epoch 5/50
Average Loss: 0.3616344928741455
Epoch 6/50
Average Loss: 0.35420191287994385
Epoch 7/50
Average Loss: 0.3514869511127472
Epoch 8/50
Average Loss: 0.3503442704677582
Epoch 9/50
Average Loss: 0.3487284481525421
Epoch 10/50
Average Loss: 0.34761038422584534
Epoch 11/50
Average Loss: 0.3464844226837158
Epoch 12/50
Average Loss: 0.34566155076026917
Epoch 13/50
Average Loss: 0.3447301685810089
Epoch 14/50
Average Loss: 0.3440777361392975
Epoch 15/50
Average Loss: 0.3435857594013214
Epoch 16/50
Average Loss: 0.34332364797592163
Epoch 17/50
Average Loss: 0.34345945715904236
Patience Counter: 1
Epoch 18/50
Average Loss: 0.3431186079978943
Epoch 19/50
Average Loss: 0.343248575925827
Patience Counter: 1
Epoch 20/50
Average Loss: 0.34273508191108704
Epoch 21/50
Average Loss: 0.34258073568344116
Epoch 22/50
Average Loss: 0.3422797918319702
Epoch 23/50
Average Loss: 0.3418215215206146
Epoch 24/50
Average Loss: 0.34139034152030945
Epoch 25/50
Average Loss: 0.3409901559352875
Epoch 26/50
Average Loss: 0.3404613137245178
Epoch 27/50
Average Loss: 0.3402021527290344
Epoch 28/50
Average Loss: 0.3398273289203644
Epoch 29/50
Average Loss: 0.33914095163345337
Epoch 30/50
Average Loss: 0.33880093693733215
Epoch 31/50
Average Loss: 0.3382185399532318
Epoch 32/50
Average Loss: 0.3382500410079956
Patience Counter: 1
Epoch 33/50
Average Loss: 0.33772140741348267
Epoch 34/50
Average Loss: 0.3376980423927307
Epoch 35/50
Average Loss: 0.3370380401611328
Epoch 36/50
Average Loss: 0.3368959426879883
Epoch 37/50
Average Loss: 0.336544007062912
Epoch 38/50
Average Loss: 0.3361779749393463
Epoch 39/50
Average Loss: 0.33569949865341187
Epoch 40/50
Average Loss: 0.33569785952568054
Epoch 41/50
Average Loss: 0.33535099029541016
Epoch 42/50
Average Loss: 0.3349582552909851
Epoch 43/50
Average Loss: 0.33470991253852844
Epoch 44/50
Average Loss: 0.3341269791126251
Epoch 45/50
Average Loss: 0.33388131856918335
Epoch 46/50
Average Loss: 0.3335440456867218
Epoch 47/50
Average Loss: 0.33326804637908936
Epoch 48/50
Average Loss: 0.33275356888771057
Epoch 49/50
Average Loss: 0.3324414789676666
Epoch 50/50
Average Loss: 0.33242499828338623
C-index: 0.4479
Using GPU: cuda:2
Running trial 1 for ExperimentScenario.TWENTY_FEATURES_HETEROGENEOUS on device cuda:2
Train data path /home/minhn2/uiuc-kidney-failure/generated_data/rep99/twenty_features_heterogeneous_train_data.csv
Test data path /home/minhn2/uiuc-kidney-failure/generated_data/rep99/twenty_features_heterogeneous_test_data.csv
Number of patients: test 20 and train 20
Number of records: test 9115 and train 4575
Epoch 1/50
Average Loss: 0.9658510088920593
Epoch 2/50
Average Loss: 0.6222037672996521
Epoch 3/50
Average Loss: 0.5986570715904236
Epoch 4/50
Average Loss: 0.5905072093009949
Epoch 5/50
Average Loss: 0.5800125598907471
Epoch 6/50
Average Loss: 0.564143717288971
Epoch 7/50
Average Loss: 0.5516874194145203
Epoch 8/50
Average Loss: 0.5401315689086914
Epoch 9/50
Average Loss: 0.529170036315918
Epoch 10/50
Average Loss: 0.5145444869995117
Epoch 11/50
Average Loss: 0.4986761808395386
Epoch 12/50
Average Loss: 0.4788748621940613
Epoch 13/50
Average Loss: 0.4591215252876282
Epoch 14/50
Average Loss: 0.437493234872818
Epoch 15/50
Average Loss: 0.4204857349395752
Epoch 16/50
Average Loss: 0.40088245272636414
Epoch 17/50
Average Loss: 0.38689255714416504
Epoch 18/50
Average Loss: 0.3688982129096985
Epoch 19/50
Average Loss: 0.3552096486091614
Epoch 20/50
Average Loss: 0.34393998980522156
Epoch 21/50
Average Loss: 0.3296741247177124
Epoch 22/50
Average Loss: 0.317342072725296
Epoch 23/50
Average Loss: 0.3028405010700226
Epoch 24/50
Average Loss: 0.29073286056518555
Epoch 25/50
Average Loss: 0.28034812211990356
Epoch 26/50
Average Loss: 0.2647787630558014
Epoch 27/50
Average Loss: 0.24933356046676636
Epoch 28/50
Average Loss: 0.23796996474266052
Epoch 29/50
Average Loss: 0.225160613656044
Epoch 30/50
Average Loss: 0.21497087180614471
Epoch 31/50
Average Loss: 0.20439516007900238
Epoch 32/50
Average Loss: 0.1926133930683136
Epoch 33/50
Average Loss: 0.18235358595848083
Epoch 34/50
Average Loss: 0.17346113920211792
Epoch 35/50
Average Loss: 0.16584736108779907
Epoch 36/50
Average Loss: 0.1551348716020584
Epoch 37/50
Average Loss: 0.14798679947853088
Epoch 38/50
Average Loss: 0.13831761479377747
Epoch 39/50
Average Loss: 0.13440655171871185
Epoch 40/50
Average Loss: 0.1266900599002838
Epoch 41/50
Average Loss: 0.11955297738313675
Epoch 42/50
Average Loss: 0.11305791139602661
Epoch 43/50
Average Loss: 0.10624445229768753
Epoch 44/50
Average Loss: 0.10066038370132446
Epoch 45/50
Average Loss: 0.09504301100969315
Epoch 46/50
Average Loss: 0.09051726758480072
Epoch 47/50
Average Loss: 0.08708708733320236
Epoch 48/50
Average Loss: 0.08092871308326721
Epoch 49/50
Average Loss: 0.076321080327034
Epoch 50/50
Average Loss: 0.07225863635540009
C-index: 0.5417
Using GPU: cuda:4
Running trial 2 for ExperimentScenario.TWENTY_FEATURES_HETEROGENEOUS on device cuda:4
Train data path /home/minhn2/uiuc-kidney-failure/generated_data/rep99/twenty_features_heterogeneous_train_data.csv
Test data path /home/minhn2/uiuc-kidney-failure/generated_data/rep99/twenty_features_heterogeneous_test_data.csv
Number of patients: test 20 and train 20
Number of records: test 9115 and train 4575
Epoch 1/50
Average Loss: 0.7936084866523743
Epoch 2/50
Average Loss: 0.6724958419799805
Epoch 3/50
Average Loss: 0.5824134945869446
Epoch 4/50
Average Loss: 0.525676965713501
Epoch 5/50
Average Loss: 0.48182037472724915
Epoch 6/50
Average Loss: 0.45271140336990356
Epoch 7/50
Average Loss: 0.43448248505592346
Epoch 8/50
Average Loss: 0.41904380917549133
Epoch 9/50
Average Loss: 0.40499794483184814
Epoch 10/50
Average Loss: 0.3902067244052887
Epoch 11/50
Average Loss: 0.37483495473861694
Epoch 12/50
Average Loss: 0.3575999140739441
Epoch 13/50
Average Loss: 0.3429695665836334
Epoch 14/50
Average Loss: 0.32963961362838745
Epoch 15/50
Average Loss: 0.3162989616394043
Epoch 16/50
Average Loss: 0.30460771918296814
Epoch 17/50
Average Loss: 0.29212406277656555
Epoch 18/50
Average Loss: 0.2815922498703003
Epoch 19/50
Average Loss: 0.26885896921157837
Epoch 20/50
Average Loss: 0.2576078474521637
Epoch 21/50
Average Loss: 0.24773980677127838
Epoch 22/50
Average Loss: 0.23602312803268433
Epoch 23/50
Average Loss: 0.22471697628498077
Epoch 24/50
Average Loss: 0.21363455057144165
Epoch 25/50
Average Loss: 0.20209665596485138
Epoch 26/50
Average Loss: 0.19258205592632294
Epoch 27/50
Average Loss: 0.18135961890220642
Epoch 28/50
Average Loss: 0.17230084538459778
Epoch 29/50
Average Loss: 0.1624680757522583
Epoch 30/50
Average Loss: 0.15432672202587128
Epoch 31/50
Average Loss: 0.14485616981983185
Epoch 32/50
Average Loss: 0.13706591725349426
Epoch 33/50
Average Loss: 0.12877695262432098
Epoch 34/50
Average Loss: 0.12062060087919235
Epoch 35/50
Average Loss: 0.11308799684047699
Epoch 36/50
Average Loss: 0.10514335334300995
Epoch 37/50
Average Loss: 0.09959729015827179
Epoch 38/50
Average Loss: 0.09314950555562973
Epoch 39/50
Average Loss: 0.08684492856264114
Epoch 40/50
Average Loss: 0.08165720105171204
Epoch 41/50
Average Loss: 0.07596323639154434
Epoch 42/50
Average Loss: 0.07096006721258163
Epoch 43/50
Average Loss: 0.0667686015367508
Epoch 44/50
Average Loss: 0.06234893947839737
Epoch 45/50
Average Loss: 0.05845152586698532
Epoch 46/50
Average Loss: 0.05472296476364136
Epoch 47/50
Average Loss: 0.05201766639947891
Epoch 48/50
Average Loss: 0.04878060892224312
Epoch 49/50
Average Loss: 0.04590976983308792
Epoch 50/50
Average Loss: 0.04342171922326088
C-index: 0.4583
Using GPU: cuda:4
Running trial 3 for ExperimentScenario.TWENTY_FEATURES_HETEROGENEOUS on device cuda:4
Train data path /home/minhn2/uiuc-kidney-failure/generated_data/rep99/twenty_features_heterogeneous_train_data.csv
Test data path /home/minhn2/uiuc-kidney-failure/generated_data/rep99/twenty_features_heterogeneous_test_data.csv
Number of patients: test 20 and train 20
Number of records: test 9115 and train 4575
Epoch 1/50
Average Loss: 0.6375974416732788
Epoch 2/50
Average Loss: 0.5445192456245422
Epoch 3/50
Average Loss: 0.5024470686912537
Epoch 4/50
Average Loss: 0.4665117859840393
Epoch 5/50
Average Loss: 0.4445318281650543
Epoch 6/50
Average Loss: 0.4332995116710663
Epoch 7/50
Average Loss: 0.421115517616272
Epoch 8/50
Average Loss: 0.40757623314857483
Epoch 9/50
Average Loss: 0.3923209011554718
Epoch 10/50
Average Loss: 0.37846872210502625
Epoch 11/50
Average Loss: 0.36171674728393555
Epoch 12/50
Average Loss: 0.34817105531692505
Epoch 13/50
Average Loss: 0.33383724093437195
Epoch 14/50
Average Loss: 0.321870356798172
Epoch 15/50
Average Loss: 0.3076404333114624
Epoch 16/50
Average Loss: 0.2971215844154358
Epoch 17/50
Average Loss: 0.2821159362792969
Epoch 18/50
Average Loss: 0.2695956230163574
Epoch 19/50
Average Loss: 0.2578675150871277
Epoch 20/50
Average Loss: 0.24283967912197113
Epoch 21/50
Average Loss: 0.22987453639507294
Epoch 22/50
Average Loss: 0.21639078855514526
Epoch 23/50
Average Loss: 0.20305994153022766
Epoch 24/50
Average Loss: 0.19280806183815002
Epoch 25/50
Average Loss: 0.1816769242286682
Epoch 26/50
Average Loss: 0.17123204469680786
Epoch 27/50
Average Loss: 0.1588561087846756
Epoch 28/50
Average Loss: 0.14722178876399994
Epoch 29/50
Average Loss: 0.13728885352611542
Epoch 30/50
Average Loss: 0.12939205765724182
Epoch 31/50
Average Loss: 0.11821462213993073
Epoch 32/50
Average Loss: 0.10875297337770462
Epoch 33/50
Average Loss: 0.10068883001804352
Epoch 34/50
Average Loss: 0.09255294501781464
Epoch 35/50
Average Loss: 0.08515270054340363
Epoch 36/50
Average Loss: 0.07716844230890274
Epoch 37/50
Average Loss: 0.0718790665268898
Epoch 38/50
Average Loss: 0.06454703956842422
Epoch 39/50
Average Loss: 0.05898358300328255
Epoch 40/50
Average Loss: 0.053683459758758545
Epoch 41/50
Average Loss: 0.04860292375087738
Epoch 42/50
Average Loss: 0.04396602511405945
Epoch 43/50
Average Loss: 0.039743054658174515
Epoch 44/50
Average Loss: 0.03563482314348221
Epoch 45/50
Average Loss: 0.03231480345129967
Epoch 46/50
Average Loss: 0.029173532500863075
Epoch 47/50
Average Loss: 0.026378728449344635
Epoch 48/50
Average Loss: 0.023681584745645523
Epoch 49/50
Average Loss: 0.021465705707669258
Epoch 50/50
Average Loss: 0.019351309165358543
C-index: 0.4115
Using GPU: cuda:6
Running trial 4 for ExperimentScenario.TWENTY_FEATURES_HETEROGENEOUS on device cuda:6
Train data path /home/minhn2/uiuc-kidney-failure/generated_data/rep99/twenty_features_heterogeneous_train_data.csv
Test data path /home/minhn2/uiuc-kidney-failure/generated_data/rep99/twenty_features_heterogeneous_test_data.csv
Number of patients: test 20 and train 20
Number of records: test 9115 and train 4575
Epoch 1/50
Average Loss: 0.7889929413795471
Epoch 2/50
Average Loss: 0.6754019260406494
Epoch 3/50
Average Loss: 0.6076666116714478
Epoch 4/50
Average Loss: 0.5584666132926941
Epoch 5/50
Average Loss: 0.5148580074310303
Epoch 6/50
Average Loss: 0.47629648447036743
Epoch 7/50
Average Loss: 0.44352471828460693
Epoch 8/50
Average Loss: 0.4160076379776001
Epoch 9/50
Average Loss: 0.392042338848114
Epoch 10/50
Average Loss: 0.37449127435684204
Epoch 11/50
Average Loss: 0.35748329758644104
Epoch 12/50
Average Loss: 0.34255117177963257
Epoch 13/50
Average Loss: 0.3294547200202942
Epoch 14/50
Average Loss: 0.3172563910484314
Epoch 15/50
Average Loss: 0.3074290156364441
Epoch 16/50
Average Loss: 0.2989822030067444
Epoch 17/50
Average Loss: 0.2901100814342499
Epoch 18/50
Average Loss: 0.2828664481639862
Epoch 19/50
Average Loss: 0.27510184049606323
Epoch 20/50
Average Loss: 0.2698215842247009
Epoch 21/50
Average Loss: 0.26372626423835754
Epoch 22/50
Average Loss: 0.25917455554008484
Epoch 23/50
Average Loss: 0.2539201080799103
Epoch 24/50
Average Loss: 0.24990347027778625
Epoch 25/50
Average Loss: 0.24668563902378082
Epoch 26/50
Average Loss: 0.24329370260238647
Epoch 27/50
Average Loss: 0.23940131068229675
Epoch 28/50
Average Loss: 0.23633697628974915
Epoch 29/50
Average Loss: 0.2339542806148529
Epoch 30/50
Average Loss: 0.23136569559574127
Epoch 31/50
Average Loss: 0.22935283184051514
Epoch 32/50
Average Loss: 0.22696667909622192
Epoch 33/50
Average Loss: 0.22482021152973175
Epoch 34/50
Average Loss: 0.22299866378307343
Epoch 35/50
Average Loss: 0.22130776941776276
Epoch 36/50
Average Loss: 0.2190057337284088
Epoch 37/50
Average Loss: 0.2172752022743225
Epoch 38/50
Average Loss: 0.21606893837451935
Epoch 39/50
Average Loss: 0.21468205749988556
Epoch 40/50
Average Loss: 0.2128707766532898
Epoch 41/50
Average Loss: 0.21171262860298157
Epoch 42/50
Average Loss: 0.21025505661964417
Epoch 43/50
Average Loss: 0.20945926010608673
Epoch 44/50
Average Loss: 0.20797944068908691
Epoch 45/50
Average Loss: 0.20660974085330963
Epoch 46/50
Average Loss: 0.20566119253635406
Epoch 47/50
Average Loss: 0.20491628348827362
Epoch 48/50
Average Loss: 0.2039313167333603
Epoch 49/50
Average Loss: 0.20304401218891144
Epoch 50/50
Average Loss: 0.20174866914749146
C-index: 0.3542
Using GPU: cuda:6
Running trial 5 for ExperimentScenario.TWENTY_FEATURES_HETEROGENEOUS on device cuda:6
Train data path /home/minhn2/uiuc-kidney-failure/generated_data/rep99/twenty_features_heterogeneous_train_data.csv
Test data path /home/minhn2/uiuc-kidney-failure/generated_data/rep99/twenty_features_heterogeneous_test_data.csv
Number of patients: test 20 and train 20
Number of records: test 9115 and train 4575
Epoch 1/50
Average Loss: 1.0543698072433472
Epoch 2/50
Average Loss: 1.0360660552978516
Epoch 3/50
Average Loss: 1.022971510887146
Epoch 4/50
Average Loss: 1.0068939924240112
Epoch 5/50
Average Loss: 0.9926217794418335
Epoch 6/50
Average Loss: 0.9704723358154297
Epoch 7/50
Average Loss: 0.9614017605781555
Epoch 8/50
Average Loss: 0.9446438550949097
Epoch 9/50
Average Loss: 0.9339834451675415
Epoch 10/50
Average Loss: 0.9185237288475037
Epoch 11/50
Average Loss: 0.8988455533981323
Epoch 12/50
Average Loss: 0.8901963233947754
Epoch 13/50
Average Loss: 0.8757932186126709
Epoch 14/50
Average Loss: 0.8594316840171814
Epoch 15/50
Average Loss: 0.8478227853775024
Epoch 16/50
Average Loss: 0.8359392285346985
Epoch 17/50
Average Loss: 0.8216087818145752
Epoch 18/50
Average Loss: 0.8090609312057495
Epoch 19/50
Average Loss: 0.7986558675765991
Epoch 20/50
Average Loss: 0.7872512936592102
Epoch 21/50
Average Loss: 0.7750468850135803
Epoch 22/50
Average Loss: 0.7624630331993103
Epoch 23/50
Average Loss: 0.7553033828735352
Epoch 24/50
Average Loss: 0.7420473694801331
Epoch 25/50
Average Loss: 0.7379494309425354
Epoch 26/50
Average Loss: 0.7302585244178772
Epoch 27/50
Average Loss: 0.7179949879646301
Epoch 28/50
Average Loss: 0.7091339230537415
Epoch 29/50
Average Loss: 0.6993726491928101
Epoch 30/50
Average Loss: 0.6928818225860596
Epoch 31/50
Average Loss: 0.6848881840705872
Epoch 32/50
Average Loss: 0.6771385669708252
Epoch 33/50
Average Loss: 0.6679439544677734
Epoch 34/50
Average Loss: 0.6626638174057007
Epoch 35/50
Average Loss: 0.6558412313461304
Epoch 36/50
Average Loss: 0.6483029127120972
Epoch 37/50
Average Loss: 0.6403480172157288
Epoch 38/50
Average Loss: 0.6362564563751221
Epoch 39/50
Average Loss: 0.6272243857383728
Epoch 40/50
Average Loss: 0.6194803714752197
Epoch 41/50
Average Loss: 0.6157264709472656
Epoch 42/50
Average Loss: 0.6088982820510864
Epoch 43/50
Average Loss: 0.603183388710022
Epoch 44/50
Average Loss: 0.5974043011665344
Epoch 45/50
Average Loss: 0.5880422592163086
Epoch 46/50
Average Loss: 0.5849929451942444
Epoch 47/50
Average Loss: 0.5794306397438049
Epoch 48/50
Average Loss: 0.5734577775001526
Epoch 49/50
Average Loss: 0.5660112500190735
Epoch 50/50
Average Loss: 0.5617942214012146
C-index: 0.3854
Using GPU: cuda:2
Running trial 6 for ExperimentScenario.TWENTY_FEATURES_HETEROGENEOUS on device cuda:2
Train data path /home/minhn2/uiuc-kidney-failure/generated_data/rep99/twenty_features_heterogeneous_train_data.csv
Test data path /home/minhn2/uiuc-kidney-failure/generated_data/rep99/twenty_features_heterogeneous_test_data.csv
Number of patients: test 20 and train 20
Number of records: test 9115 and train 4575
Epoch 1/50
Average Loss: 0.7575858235359192
Epoch 2/50
Average Loss: 0.5198625922203064
Epoch 3/50
Average Loss: 0.41029325127601624
Epoch 4/50
Average Loss: 0.3384005129337311
Epoch 5/50
Average Loss: 0.2914469242095947
Epoch 6/50
Average Loss: 0.2599130868911743
Epoch 7/50
Average Loss: 0.23904384672641754
Epoch 8/50
Average Loss: 0.22334516048431396
Epoch 9/50
Average Loss: 0.2103091925382614
Epoch 10/50
Average Loss: 0.20086251199245453
Epoch 11/50
Average Loss: 0.19176781177520752
Epoch 12/50
Average Loss: 0.1849113404750824
Epoch 13/50
Average Loss: 0.17832088470458984
Epoch 14/50
Average Loss: 0.17141929268836975
Epoch 15/50
Average Loss: 0.166330948472023
Epoch 16/50
Average Loss: 0.16085711121559143
Epoch 17/50
Average Loss: 0.15526354312896729
Epoch 18/50
Average Loss: 0.1511719822883606
Epoch 19/50
Average Loss: 0.14743474125862122
Epoch 20/50
Average Loss: 0.1426904797554016
Epoch 21/50
Average Loss: 0.13942621648311615
Epoch 22/50
Average Loss: 0.13544291257858276
Epoch 23/50
Average Loss: 0.13228429853916168
Epoch 24/50
Average Loss: 0.12932798266410828
Epoch 25/50
Average Loss: 0.12531407177448273
Epoch 26/50
Average Loss: 0.12239041179418564
Epoch 27/50
Average Loss: 0.11854998767375946
Epoch 28/50
Average Loss: 0.1152382344007492
Epoch 29/50
Average Loss: 0.11185254156589508
Epoch 30/50
Average Loss: 0.10970021784305573
Epoch 31/50
Average Loss: 0.10651625692844391
Epoch 32/50
Average Loss: 0.10361390560865402
Epoch 33/50
Average Loss: 0.10080436617136002
Epoch 34/50
Average Loss: 0.09853427857160568
Epoch 35/50
Average Loss: 0.09550942480564117
Epoch 36/50
Average Loss: 0.09380907565355301
Epoch 37/50
Average Loss: 0.0908760353922844
Epoch 38/50
Average Loss: 0.08843397349119186
Epoch 39/50
Average Loss: 0.08612456917762756
Epoch 40/50
Average Loss: 0.08367417752742767
Epoch 41/50
Average Loss: 0.08187973499298096
Epoch 42/50
Average Loss: 0.07964715361595154
Epoch 43/50
Average Loss: 0.07729600369930267
Epoch 44/50
Average Loss: 0.07547790557146072
Epoch 45/50
Average Loss: 0.07341571152210236
Epoch 46/50
Average Loss: 0.07133853435516357
Epoch 47/50
Average Loss: 0.06964847445487976
Epoch 48/50
Average Loss: 0.06792702525854111
Epoch 49/50
Average Loss: 0.06608608365058899
Epoch 50/50
Average Loss: 0.0644480437040329
C-index: 0.4115
Using GPU: cuda:7
Running trial 7 for ExperimentScenario.TWENTY_FEATURES_HETEROGENEOUS on device cuda:7
Train data path /home/minhn2/uiuc-kidney-failure/generated_data/rep99/twenty_features_heterogeneous_train_data.csv
Test data path /home/minhn2/uiuc-kidney-failure/generated_data/rep99/twenty_features_heterogeneous_test_data.csv
Number of patients: test 20 and train 20
Number of records: test 9115 and train 4575
Epoch 1/50
Average Loss: 0.7153785228729248
Epoch 2/50
Average Loss: 0.5845761299133301
Epoch 3/50
Average Loss: 0.5042057633399963
Epoch 4/50
Average Loss: 0.4394912123680115
Epoch 5/50
Average Loss: 0.3910963535308838
Epoch 6/50
Average Loss: 0.3569478988647461
Epoch 7/50
Average Loss: 0.3291899263858795
Epoch 8/50
Average Loss: 0.3109002113342285
Epoch 9/50
Average Loss: 0.2986076772212982
Epoch 10/50
Average Loss: 0.2883511185646057
Epoch 11/50
Average Loss: 0.2801002562046051
Epoch 12/50
Average Loss: 0.2743242084980011
Epoch 13/50
Average Loss: 0.26936835050582886
Epoch 14/50
Average Loss: 0.26247844099998474
Epoch 15/50
Average Loss: 0.25994381308555603
Epoch 16/50
Average Loss: 0.255810409784317
Epoch 17/50
Average Loss: 0.25241950154304504
Epoch 18/50
Average Loss: 0.24846985936164856
Epoch 19/50
Average Loss: 0.24412864446640015
Epoch 20/50
Average Loss: 0.23987795412540436
Epoch 21/50
Average Loss: 0.23598474264144897
Epoch 22/50
Average Loss: 0.23161669075489044
Epoch 23/50
Average Loss: 0.2284248322248459
Epoch 24/50
Average Loss: 0.22450490295886993
Epoch 25/50
Average Loss: 0.2195926308631897
Epoch 26/50
Average Loss: 0.21701356768608093
Epoch 27/50
Average Loss: 0.21255704760551453
Epoch 28/50
Average Loss: 0.20849189162254333
Epoch 29/50
Average Loss: 0.2052142471075058
Epoch 30/50
Average Loss: 0.20145973563194275
Epoch 31/50
Average Loss: 0.19833794236183167
Epoch 32/50
Average Loss: 0.1941121369600296
Epoch 33/50
Average Loss: 0.18964457511901855
Epoch 34/50
Average Loss: 0.18700912594795227
Epoch 35/50
Average Loss: 0.1826332062482834
Epoch 36/50
Average Loss: 0.17871540784835815
Epoch 37/50
Average Loss: 0.1753532737493515
Epoch 38/50
Average Loss: 0.1717609167098999
Epoch 39/50
Average Loss: 0.16838015615940094
Epoch 40/50
Average Loss: 0.1642342060804367
Epoch 41/50
Average Loss: 0.16150841116905212
Epoch 42/50
Average Loss: 0.15804098546504974
Epoch 43/50
Average Loss: 0.15442466735839844
Epoch 44/50
Average Loss: 0.15152981877326965
Epoch 45/50
Average Loss: 0.14735017716884613
Epoch 46/50
Average Loss: 0.1448204666376114
Epoch 47/50
Average Loss: 0.1412195861339569
Epoch 48/50
Average Loss: 0.13818946480751038
Epoch 49/50
Average Loss: 0.13486109673976898
Epoch 50/50
Average Loss: 0.13225895166397095
C-index: 0.6458
Using GPU: cuda:3
Running trial 8 for ExperimentScenario.TWENTY_FEATURES_HETEROGENEOUS on device cuda:3
Train data path /home/minhn2/uiuc-kidney-failure/generated_data/rep99/twenty_features_heterogeneous_train_data.csv
Test data path /home/minhn2/uiuc-kidney-failure/generated_data/rep99/twenty_features_heterogeneous_test_data.csv
Number of patients: test 20 and train 20
Number of records: test 9115 and train 4575
Epoch 1/50
Average Loss: 0.8097112774848938
Epoch 2/50
Average Loss: 0.7772175073623657
Epoch 3/50
Average Loss: 0.7478523850440979
Epoch 4/50
Average Loss: 0.7143357992172241
Epoch 5/50
Average Loss: 0.6754443645477295
Epoch 6/50
Average Loss: 0.6469777822494507
Epoch 7/50
Average Loss: 0.6208239197731018
Epoch 8/50
Average Loss: 0.5770134329795837
Epoch 9/50
Average Loss: 0.5504080653190613
Epoch 10/50
Average Loss: 0.5230451226234436
Epoch 11/50
Average Loss: 0.5066355466842651
Epoch 12/50
Average Loss: 0.4863193929195404
Epoch 13/50
Average Loss: 0.47161707282066345
Epoch 14/50
Average Loss: 0.4618688225746155
Epoch 15/50
Average Loss: 0.44893112778663635
Epoch 16/50
Average Loss: 0.4403318762779236
Epoch 17/50
Average Loss: 0.43519678711891174
Epoch 18/50
Average Loss: 0.424367219209671
Epoch 19/50
Average Loss: 0.4199085235595703
Epoch 20/50
Average Loss: 0.4140695333480835
Epoch 21/50
Average Loss: 0.40872615575790405
Epoch 22/50
Average Loss: 0.40771105885505676
Epoch 23/50
Average Loss: 0.4025551676750183
Epoch 24/50
Average Loss: 0.3999837040901184
Epoch 25/50
Average Loss: 0.39852726459503174
Epoch 26/50
Average Loss: 0.3963853120803833
Epoch 27/50
Average Loss: 0.39336422085762024
Epoch 28/50
Average Loss: 0.3927535116672516
Epoch 29/50
Average Loss: 0.39038336277008057
Epoch 30/50
Average Loss: 0.3894992470741272
Epoch 31/50
Average Loss: 0.38719049096107483
Epoch 32/50
Average Loss: 0.3864360451698303
Epoch 33/50
Average Loss: 0.38630038499832153
Epoch 34/50
Average Loss: 0.3839743137359619
Epoch 35/50
Average Loss: 0.38362130522727966
Epoch 36/50
Average Loss: 0.3828478157520294
Epoch 37/50
Average Loss: 0.3827193081378937
Epoch 38/50
Average Loss: 0.3816000521183014
Epoch 39/50
Average Loss: 0.3807353377342224
Epoch 40/50
Average Loss: 0.3811878263950348
Patience Counter: 1
Epoch 41/50
Average Loss: 0.38039430975914
Epoch 42/50
Average Loss: 0.37939590215682983
Epoch 43/50
Average Loss: 0.3786216676235199
Epoch 44/50
Average Loss: 0.3788415491580963
Patience Counter: 1
Epoch 45/50
Average Loss: 0.37806305289268494
Epoch 46/50
Average Loss: 0.37860074639320374
Patience Counter: 1
Epoch 47/50
Average Loss: 0.3769693076610565
Epoch 48/50
Average Loss: 0.3766382336616516
Epoch 49/50
Average Loss: 0.3765495717525482
Epoch 50/50
Average Loss: 0.37617963552474976
C-index: 0.6875
Using GPU: cuda:4
Running trial 9 for ExperimentScenario.TWENTY_FEATURES_HETEROGENEOUS on device cuda:4
Train data path /home/minhn2/uiuc-kidney-failure/generated_data/rep99/twenty_features_heterogeneous_train_data.csv
Test data path /home/minhn2/uiuc-kidney-failure/generated_data/rep99/twenty_features_heterogeneous_test_data.csv
Number of patients: test 20 and train 20
Number of records: test 9115 and train 4575
Epoch 1/50
Average Loss: 0.725652277469635
Epoch 2/50
Average Loss: 0.6020923852920532
Epoch 3/50
Average Loss: 0.5804443359375
Epoch 4/50
Average Loss: 0.5669565796852112
Epoch 5/50
Average Loss: 0.5594177842140198
Epoch 6/50
Average Loss: 0.5533537268638611
Epoch 7/50
Average Loss: 0.5473348498344421
Epoch 8/50
Average Loss: 0.5401566028594971
Epoch 9/50
Average Loss: 0.5334329605102539
Epoch 10/50
Average Loss: 0.52496337890625
Epoch 11/50
Average Loss: 0.5173853039741516
Epoch 12/50
Average Loss: 0.5093405842781067
Epoch 13/50
Average Loss: 0.5009470582008362
Epoch 14/50
Average Loss: 0.4912336766719818
Epoch 15/50
Average Loss: 0.48161768913269043
Epoch 16/50
Average Loss: 0.47269245982170105
Epoch 17/50
Average Loss: 0.46427446603775024
Epoch 18/50
Average Loss: 0.4560096263885498
Epoch 19/50
Average Loss: 0.44774842262268066
Epoch 20/50
Average Loss: 0.4401512145996094
Epoch 21/50
Average Loss: 0.4321984648704529
Epoch 22/50
Average Loss: 0.4228118062019348
Epoch 23/50
Average Loss: 0.4137721359729767
Epoch 24/50
Average Loss: 0.40449437499046326
Epoch 25/50
Average Loss: 0.39417433738708496
Epoch 26/50
Average Loss: 0.3855057656764984
Epoch 27/50
Average Loss: 0.3767927289009094
Epoch 28/50
Average Loss: 0.36714309453964233
Epoch 29/50
Average Loss: 0.35772162675857544
Epoch 30/50
Average Loss: 0.3483753502368927
Epoch 31/50
Average Loss: 0.338625967502594
Epoch 32/50
Average Loss: 0.3294934034347534
Epoch 33/50
Average Loss: 0.32022738456726074
Epoch 34/50
Average Loss: 0.31094449758529663
Epoch 35/50
Average Loss: 0.3034376800060272
Epoch 36/50
Average Loss: 0.2950187921524048
Epoch 37/50
Average Loss: 0.2865689694881439
Epoch 38/50
Average Loss: 0.27802085876464844
Epoch 39/50
Average Loss: 0.2688170373439789
Epoch 40/50
Average Loss: 0.2605361342430115
Epoch 41/50
Average Loss: 0.2528266906738281
Epoch 42/50
Average Loss: 0.24462586641311646
Epoch 43/50
Average Loss: 0.23715734481811523
Epoch 44/50
Average Loss: 0.22948139905929565
Epoch 45/50
Average Loss: 0.22273246943950653
Epoch 46/50
Average Loss: 0.21516916155815125
Epoch 47/50
Average Loss: 0.20773880183696747
Epoch 48/50
Average Loss: 0.20122329890727997
Epoch 49/50
Average Loss: 0.19442705810070038
Epoch 50/50
Average Loss: 0.1877589225769043
C-index: 0.5469
Number of finished trials:  10
Best trial:
Best hyperparameters: {'num_layers': 6, 'learning_rate': 3.816714038092514e-05, 'drop_out_rate': 0.4007372866329554, 'n_head': 7, 'nhead_factor': 2}
model summary
HazardTransformer(
  (input_embedding): Linear(in_features=40, out_features=14, bias=True)
  (time_encoder): Sequential(
    (0): Linear(in_features=1, out_features=7, bias=True)
    (1): ReLU()
    (2): Linear(in_features=7, out_features=14, bias=True)
  )
  (pos_encoder): PositionalEncoding()
  (transformer_encoder): TransformerEncoder(
    (layers): ModuleList(
      (0-5): 6 x TransformerEncoderLayer(
        (self_attn): MultiheadAttention(
          (out_proj): NonDynamicallyQuantizableLinear(in_features=14, out_features=14, bias=True)
        )
        (linear1): Linear(in_features=14, out_features=2048, bias=True)
        (dropout): Dropout(p=0.4007372866329554, inplace=False)
        (linear2): Linear(in_features=2048, out_features=14, bias=True)
        (norm1): LayerNorm((14,), eps=1e-05, elementwise_affine=True)
        (norm2): LayerNorm((14,), eps=1e-05, elementwise_affine=True)
        (dropout1): Dropout(p=0.4007372866329554, inplace=False)
        (dropout2): Dropout(p=0.4007372866329554, inplace=False)
      )
    )
  )
  (hazard_decoders): ModuleList(
    (0): Sequential(
      (0): Linear(in_features=14, out_features=7, bias=True)
      (1): ReLU()
      (2): Linear(in_features=7, out_features=1, bias=True)
    )
  )
)
C-index: 0.2743
Mean time-dependent AUC: 0.50
Warning: Could not compute Brier Score: time must be smaller than largest observed time point: 4449.404861111111
✓ hazard_transformer/twenty_features_heterogeneous completed successfully
==================== Running logistic_hazard/four_features ====================
[I 2026-08-22 13:32:48,956] A new study created in memory with name: no-name-23cfcbd9-39a8-47e2-967b-f3a73aa11b1e
[I 2026-08-22 13:32:53,596] Trial 0 finished with value: 0.44826301048066497 and parameters: {'num_nodes': 64, 'num_layers': 3, 'lr': 0.00013867800326605246, 'batch_size': 32, 'dropout': 0.09214189209214535}. Best is trial 0 with value: 0.44826301048066497.
/home/minhn2/uiuc-kidney-failure/pkgs/experiments/logistic_hazard.py:186: FutureWarning: You are using `torch.load` with `weights_only=False` (the current default value), which uses the default pickle module implicitly. It is possible to construct malicious pickle data which will execute arbitrary code during unpickling (See https://github.com/pytorch/pytorch/blob/main/SECURITY.md#untrusted-models for more details). In a future release, the default value for `weights_only` will be flipped to `True`. This limits the functions that could be executed during unpickling. Arbitrary objects will no longer be allowed to be loaded via this mode unless they are explicitly allowlisted by the user via `torch.serialization.add_safe_globals`. We recommend you start setting `weights_only=True` for any use case where you don't have full control of the loaded file. Please open an issue on GitHub for any issues related to this experimental feature.
  saved_net = torch.load(saved_path, map_location=device)
[I 2026-08-22 13:32:57,453] Trial 1 finished with value: 0.5166019154318757 and parameters: {'num_nodes': 128, 'num_layers': 3, 'lr': 0.056628062551379234, 'batch_size': 32, 'dropout': 0.02157451662411186}. Best is trial 1 with value: 0.5166019154318757.
/home/minhn2/uiuc-kidney-failure/pkgs/experiments/logistic_hazard.py:186: FutureWarning: You are using `torch.load` with `weights_only=False` (the current default value), which uses the default pickle module implicitly. It is possible to construct malicious pickle data which will execute arbitrary code during unpickling (See https://github.com/pytorch/pytorch/blob/main/SECURITY.md#untrusted-models for more details). In a future release, the default value for `weights_only` will be flipped to `True`. This limits the functions that could be executed during unpickling. Arbitrary objects will no longer be allowed to be loaded via this mode unless they are explicitly allowlisted by the user via `torch.serialization.add_safe_globals`. We recommend you start setting `weights_only=True` for any use case where you don't have full control of the loaded file. Please open an issue on GitHub for any issues related to this experimental feature.
  saved_net = torch.load(saved_path, map_location=device)
[I 2026-08-22 13:33:01,293] Trial 2 finished with value: 0.47510842067220815 and parameters: {'num_nodes': 64, 'num_layers': 3, 'lr': 0.01757700879244805, 'batch_size': 32, 'dropout': 0.3658803318073988}. Best is trial 1 with value: 0.5166019154318757.
/home/minhn2/uiuc-kidney-failure/pkgs/experiments/logistic_hazard.py:186: FutureWarning: You are using `torch.load` with `weights_only=False` (the current default value), which uses the default pickle module implicitly. It is possible to construct malicious pickle data which will execute arbitrary code during unpickling (See https://github.com/pytorch/pytorch/blob/main/SECURITY.md#untrusted-models for more details). In a future release, the default value for `weights_only` will be flipped to `True`. This limits the functions that could be executed during unpickling. Arbitrary objects will no longer be allowed to be loaded via this mode unless they are explicitly allowlisted by the user via `torch.serialization.add_safe_globals`. We recommend you start setting `weights_only=True` for any use case where you don't have full control of the loaded file. Please open an issue on GitHub for any issues related to this experimental feature.
  saved_net = torch.load(saved_path, map_location=device)
[I 2026-08-22 13:33:02,482] Trial 3 finished with value: 0.4512897542464763 and parameters: {'num_nodes': 128, 'num_layers': 2, 'lr': 0.0005307027628368157, 'batch_size': 128, 'dropout': 0.35885571353939943}. Best is trial 1 with value: 0.5166019154318757.
/home/minhn2/uiuc-kidney-failure/pkgs/experiments/logistic_hazard.py:186: FutureWarning: You are using `torch.load` with `weights_only=False` (the current default value), which uses the default pickle module implicitly. It is possible to construct malicious pickle data which will execute arbitrary code during unpickling (See https://github.com/pytorch/pytorch/blob/main/SECURITY.md#untrusted-models for more details). In a future release, the default value for `weights_only` will be flipped to `True`. This limits the functions that could be executed during unpickling. Arbitrary objects will no longer be allowed to be loaded via this mode unless they are explicitly allowlisted by the user via `torch.serialization.add_safe_globals`. We recommend you start setting `weights_only=True` for any use case where you don't have full control of the loaded file. Please open an issue on GitHub for any issues related to this experimental feature.
  saved_net = torch.load(saved_path, map_location=device)
[I 2026-08-22 13:33:04,179] Trial 4 finished with value: 0.441610950487893 and parameters: {'num_nodes': 64, 'num_layers': 1, 'lr': 0.0010788729778296651, 'batch_size': 64, 'dropout': 0.04613557969189441}. Best is trial 1 with value: 0.5166019154318757.
/home/minhn2/uiuc-kidney-failure/pkgs/experiments/logistic_hazard.py:186: FutureWarning: You are using `torch.load` with `weights_only=False` (the current default value), which uses the default pickle module implicitly. It is possible to construct malicious pickle data which will execute arbitrary code during unpickling (See https://github.com/pytorch/pytorch/blob/main/SECURITY.md#untrusted-models for more details). In a future release, the default value for `weights_only` will be flipped to `True`. This limits the functions that could be executed during unpickling. Arbitrary objects will no longer be allowed to be loaded via this mode unless they are explicitly allowlisted by the user via `torch.serialization.add_safe_globals`. We recommend you start setting `weights_only=True` for any use case where you don't have full control of the loaded file. Please open an issue on GitHub for any issues related to this experimental feature.
  saved_net = torch.load(saved_path, map_location=device)
[I 2026-08-22 13:33:05,112] Trial 5 finished with value: 0.4528821828695338 and parameters: {'num_nodes': 128, 'num_layers': 3, 'lr': 0.003121255365502515, 'batch_size': 256, 'dropout': 0.3709073574488082}. Best is trial 1 with value: 0.5166019154318757.
/home/minhn2/uiuc-kidney-failure/pkgs/experiments/logistic_hazard.py:186: FutureWarning: You are using `torch.load` with `weights_only=False` (the current default value), which uses the default pickle module implicitly. It is possible to construct malicious pickle data which will execute arbitrary code during unpickling (See https://github.com/pytorch/pytorch/blob/main/SECURITY.md#untrusted-models for more details). In a future release, the default value for `weights_only` will be flipped to `True`. This limits the functions that could be executed during unpickling. Arbitrary objects will no longer be allowed to be loaded via this mode unless they are explicitly allowlisted by the user via `torch.serialization.add_safe_globals`. We recommend you start setting `weights_only=True` for any use case where you don't have full control of the loaded file. Please open an issue on GitHub for any issues related to this experimental feature.
  saved_net = torch.load(saved_path, map_location=device)
[I 2026-08-22 13:33:07,309] Trial 6 finished with value: 0.4479806649801229 and parameters: {'num_nodes': 32, 'num_layers': 3, 'lr': 0.003590616078101928, 'batch_size': 64, 'dropout': 0.2153224082005994}. Best is trial 1 with value: 0.5166019154318757.
/home/minhn2/uiuc-kidney-failure/pkgs/experiments/logistic_hazard.py:186: FutureWarning: You are using `torch.load` with `weights_only=False` (the current default value), which uses the default pickle module implicitly. It is possible to construct malicious pickle data which will execute arbitrary code during unpickling (See https://github.com/pytorch/pytorch/blob/main/SECURITY.md#untrusted-models for more details). In a future release, the default value for `weights_only` will be flipped to `True`. This limits the functions that could be executed during unpickling. Arbitrary objects will no longer be allowed to be loaded via this mode unless they are explicitly allowlisted by the user via `torch.serialization.add_safe_globals`. We recommend you start setting `weights_only=True` for any use case where you don't have full control of the loaded file. Please open an issue on GitHub for any issues related to this experimental feature.
  saved_net = torch.load(saved_path, map_location=device)
[I 2026-08-22 13:33:08,838] Trial 7 finished with value: 0.4817604806649801 and parameters: {'num_nodes': 16, 'num_layers': 1, 'lr': 0.0002773591192193212, 'batch_size': 64, 'dropout': 0.07254129701461676}. Best is trial 1 with value: 0.5166019154318757.
/home/minhn2/uiuc-kidney-failure/pkgs/experiments/logistic_hazard.py:186: FutureWarning: You are using `torch.load` with `weights_only=False` (the current default value), which uses the default pickle module implicitly. It is possible to construct malicious pickle data which will execute arbitrary code during unpickling (See https://github.com/pytorch/pytorch/blob/main/SECURITY.md#untrusted-models for more details). In a future release, the default value for `weights_only` will be flipped to `True`. This limits the functions that could be executed during unpickling. Arbitrary objects will no longer be allowed to be loaded via this mode unless they are explicitly allowlisted by the user via `torch.serialization.add_safe_globals`. We recommend you start setting `weights_only=True` for any use case where you don't have full control of the loaded file. Please open an issue on GitHub for any issues related to this experimental feature.
  saved_net = torch.load(saved_path, map_location=device)
[I 2026-08-22 13:33:09,619] Trial 8 finished with value: 0.43839221178171306 and parameters: {'num_nodes': 128, 'num_layers': 1, 'lr': 0.005877644908140649, 'batch_size': 256, 'dropout': 0.4545104859938957}. Best is trial 1 with value: 0.5166019154318757.
/home/minhn2/uiuc-kidney-failure/pkgs/experiments/logistic_hazard.py:186: FutureWarning: You are using `torch.load` with `weights_only=False` (the current default value), which uses the default pickle module implicitly. It is possible to construct malicious pickle data which will execute arbitrary code during unpickling (See https://github.com/pytorch/pytorch/blob/main/SECURITY.md#untrusted-models for more details). In a future release, the default value for `weights_only` will be flipped to `True`. This limits the functions that could be executed during unpickling. Arbitrary objects will no longer be allowed to be loaded via this mode unless they are explicitly allowlisted by the user via `torch.serialization.add_safe_globals`. We recommend you start setting `weights_only=True` for any use case where you don't have full control of the loaded file. Please open an issue on GitHub for any issues related to this experimental feature.
  saved_net = torch.load(saved_path, map_location=device)
[I 2026-08-22 13:33:12,186] Trial 9 finished with value: 0.4391376039031442 and parameters: {'num_nodes': 128, 'num_layers': 1, 'lr': 0.0016345980618523068, 'batch_size': 32, 'dropout': 0.42535175158311894}. Best is trial 1 with value: 0.5166019154318757.
Using GPU: cuda:4
Train data path /home/minhn2/uiuc-kidney-failure/generated_data/rep99/four_features_train_data.csv
Test data path /home/minhn2/uiuc-kidney-failure/generated_data/rep99/four_features_test_data.csv
Number of patients: test 345 and train 500
Number of records: test 3667 and train 5806
Training new model with Optuna optimization
Running Optuna hyperparameter optimization
Using GPU: cuda:1
Train data path /home/minhn2/uiuc-kidney-failure/generated_data/rep99/four_features_train_data.csv
Test data path /home/minhn2/uiuc-kidney-failure/generated_data/rep99/four_features_test_data.csv
Number of patients: test 345 and train 500
Number of records: test 3667 and train 5806
No existing model, saving current model
Using GPU: cuda:3
Train data path /home/minhn2/uiuc-kidney-failure/generated_data/rep99/four_features_train_data.csv
Test data path /home/minhn2/uiuc-kidney-failure/generated_data/rep99/four_features_test_data.csv
Number of patients: test 345 and train 500
Number of records: test 3667 and train 5806
Saved model C-index: 0.4483, Current trial C-index: 0.5166
New model is better, saving current model
Using GPU: cuda:1
Train data path /home/minhn2/uiuc-kidney-failure/generated_data/rep99/four_features_train_data.csv
Test data path /home/minhn2/uiuc-kidney-failure/generated_data/rep99/four_features_test_data.csv
Number of patients: test 345 and train 500
Number of records: test 3667 and train 5806
Saved model C-index: 0.5166, Current trial C-index: 0.4751
Saved model is better, keeping it
Using GPU: cuda:3
Train data path /home/minhn2/uiuc-kidney-failure/generated_data/rep99/four_features_train_data.csv
Test data path /home/minhn2/uiuc-kidney-failure/generated_data/rep99/four_features_test_data.csv
Number of patients: test 345 and train 500
Number of records: test 3667 and train 5806
Saved model C-index: 0.5166, Current trial C-index: 0.4513
Saved model is better, keeping it
Using GPU: cuda:6
Train data path /home/minhn2/uiuc-kidney-failure/generated_data/rep99/four_features_train_data.csv
Test data path /home/minhn2/uiuc-kidney-failure/generated_data/rep99/four_features_test_data.csv
Number of patients: test 345 and train 500
Number of records: test 3667 and train 5806
Saved model C-index: 0.5166, Current trial C-index: 0.4416
Saved model is better, keeping it
Using GPU: cuda:4
Train data path /home/minhn2/uiuc-kidney-failure/generated_data/rep99/four_features_train_data.csv
Test data path /home/minhn2/uiuc-kidney-failure/generated_data/rep99/four_features_test_data.csv
Number of patients: test 345 and train 500
Number of records: test 3667 and train 5806
Saved model C-index: 0.5166, Current trial C-index: 0.4529
Saved model is better, keeping it
Using GPU: cuda:7
Train data path /home/minhn2/uiuc-kidney-failure/generated_data/rep99/four_features_train_data.csv
Test data path /home/minhn2/uiuc-kidney-failure/generated_data/rep99/four_features_test_data.csv
Number of patients: test 345 and train 500
Number of records: test 3667 and train 5806
Saved model C-index: 0.5166, Current trial C-index: 0.4480
Saved model is better, keeping it
Using GPU: cuda:2
Train data path /home/minhn2/uiuc-kidney-failure/generated_data/rep99/four_features_train_data.csv
Test data path /home/minhn2/uiuc-kidney-failure/generated_data/rep99/four_features_test_data.csv
Number of patients: test 345 and train 500
Number of records: test 3667 and train 5806
Saved model C-index: 0.5166, Current trial C-index: 0.4818
Saved model is better, keeping it
Using GPU: cuda:5
Train data path /home/minhn2/uiuc-kidney-failure/generated_data/rep99/four_features_train_data.csv
Test data path /home/minhn2/uiuc-kidney-failure/generated_data/rep99/four_features_test_data.csv
Number of patients: test 345 and train 500
Number of records: test 3667 and train 5806
Saved model C-index: 0.5166, Current trial C-index: 0.4384
Saved model is better, keeping it
Using GPU: cuda:7
Train data path /home/minhn2/uiuc-kidney-failure/generated_data/rep99/four_features_train_data.csv
Test data path /home/minhn2/uiuc-kidney-failure/generated_data/rep99/four_features_test_data.csv
Number of patients: test 345 and train 500
Number of records: test 3667 and train 5806
Saved model C-index: 0.5166, Current trial C-index: 0.4391
Saved model is better, keeping it
Number of finished trials:  10
Best trial:
Best hyperparameters: {'num_nodes': 128, 'num_layers': 3, 'lr': 0.056628062551379234, 'batch_size': 32, 'dropout': 0.02157451662411186}
Loading best model from disk after optimization
Model summary:
MLPVanilla(
  (net): Sequential(
    (0): DenseVanillaBlock(
      (linear): Linear(in_features=4, out_features=128, bias=True)
      (activation): ReLU()
      (batch_norm): BatchNorm1d(128, eps=1e-05, momentum=0.1, affine=True, track_running_stats=True)
      (dropout): Dropout(p=0.02157451662411186, inplace=False)
    )
    (1): DenseVanillaBlock(
      (linear): Linear(in_features=128, out_features=128, bias=True)
      (activation): ReLU()
      (batch_norm): BatchNorm1d(128, eps=1e-05, momentum=0.1, affine=True, track_running_stats=True)
      (dropout): Dropout(p=0.02157451662411186, inplace=False)
    )
    (2): DenseVanillaBlock(
      (linear): Linear(in_features=128, out_features=128, bias=True)
      (activation): ReLU()
      (batch_norm): BatchNorm1d(128, eps=1e-05, momentum=0.1, affine=True, track_running_stats=True)
      (dropout): Dropout(p=0.02157451662411186, inplace=False)
    )
    (3): Linear(in_features=128, out_features=50, bias=False)
  )
)

=== Evaluation Results for four_features ===
Global test C-index: 0.517
Event rate: 250/345 (72.46%)
Mean time-dependent AUC: 0.471
Integrated Brier Score Test: 0.441
✓ logistic_hazard/four_features completed successfully
==================== Running logistic_hazard/eight_features ====================
[I 2026-08-22 13:33:12,573] A new study created in memory with name: no-name-2857dc82-1ab6-4b58-9099-d632294e2538
[I 2026-08-22 13:33:14,142] Trial 0 finished with value: 0.44222065357305984 and parameters: {'num_nodes': 32, 'num_layers': 3, 'lr': 0.0025775936073221036, 'batch_size': 128, 'dropout': 0.36190502462940805}. Best is trial 0 with value: 0.44222065357305984.
/home/minhn2/uiuc-kidney-failure/pkgs/experiments/logistic_hazard.py:186: FutureWarning: You are using `torch.load` with `weights_only=False` (the current default value), which uses the default pickle module implicitly. It is possible to construct malicious pickle data which will execute arbitrary code during unpickling (See https://github.com/pytorch/pytorch/blob/main/SECURITY.md#untrusted-models for more details). In a future release, the default value for `weights_only` will be flipped to `True`. This limits the functions that could be executed during unpickling. Arbitrary objects will no longer be allowed to be loaded via this mode unless they are explicitly allowlisted by the user via `torch.serialization.add_safe_globals`. We recommend you start setting `weights_only=True` for any use case where you don't have full control of the loaded file. Please open an issue on GitHub for any issues related to this experimental feature.
  saved_net = torch.load(saved_path, map_location=device)
[I 2026-08-22 13:33:15,450] Trial 1 finished with value: 0.4532242660798073 and parameters: {'num_nodes': 128, 'num_layers': 2, 'lr': 0.011359108678968421, 'batch_size': 128, 'dropout': 0.09804017000904952}. Best is trial 1 with value: 0.4532242660798073.
/home/minhn2/uiuc-kidney-failure/pkgs/experiments/logistic_hazard.py:186: FutureWarning: You are using `torch.load` with `weights_only=False` (the current default value), which uses the default pickle module implicitly. It is possible to construct malicious pickle data which will execute arbitrary code during unpickling (See https://github.com/pytorch/pytorch/blob/main/SECURITY.md#untrusted-models for more details). In a future release, the default value for `weights_only` will be flipped to `True`. This limits the functions that could be executed during unpickling. Arbitrary objects will no longer be allowed to be loaded via this mode unless they are explicitly allowlisted by the user via `torch.serialization.add_safe_globals`. We recommend you start setting `weights_only=True` for any use case where you don't have full control of the loaded file. Please open an issue on GitHub for any issues related to this experimental feature.
  saved_net = torch.load(saved_path, map_location=device)
[I 2026-08-22 13:33:16,351] Trial 2 finished with value: 0.4583316032055807 and parameters: {'num_nodes': 32, 'num_layers': 2, 'lr': 0.01629681492406635, 'batch_size': 256, 'dropout': 0.028602171753814687}. Best is trial 2 with value: 0.4583316032055807.
/home/minhn2/uiuc-kidney-failure/pkgs/experiments/logistic_hazard.py:186: FutureWarning: You are using `torch.load` with `weights_only=False` (the current default value), which uses the default pickle module implicitly. It is possible to construct malicious pickle data which will execute arbitrary code during unpickling (See https://github.com/pytorch/pytorch/blob/main/SECURITY.md#untrusted-models for more details). In a future release, the default value for `weights_only` will be flipped to `True`. This limits the functions that could be executed during unpickling. Arbitrary objects will no longer be allowed to be loaded via this mode unless they are explicitly allowlisted by the user via `torch.serialization.add_safe_globals`. We recommend you start setting `weights_only=True` for any use case where you don't have full control of the loaded file. Please open an issue on GitHub for any issues related to this experimental feature.
  saved_net = torch.load(saved_path, map_location=device)
[I 2026-08-22 13:33:19,251] Trial 3 finished with value: 0.451272681974837 and parameters: {'num_nodes': 64, 'num_layers': 2, 'lr': 0.0005123742568174983, 'batch_size': 32, 'dropout': 0.3663436507804622}. Best is trial 2 with value: 0.4583316032055807.
/home/minhn2/uiuc-kidney-failure/pkgs/experiments/logistic_hazard.py:186: FutureWarning: You are using `torch.load` with `weights_only=False` (the current default value), which uses the default pickle module implicitly. It is possible to construct malicious pickle data which will execute arbitrary code during unpickling (See https://github.com/pytorch/pytorch/blob/main/SECURITY.md#untrusted-models for more details). In a future release, the default value for `weights_only` will be flipped to `True`. This limits the functions that could be executed during unpickling. Arbitrary objects will no longer be allowed to be loaded via this mode unless they are explicitly allowlisted by the user via `torch.serialization.add_safe_globals`. We recommend you start setting `weights_only=True` for any use case where you don't have full control of the loaded file. Please open an issue on GitHub for any issues related to this experimental feature.
  saved_net = torch.load(saved_path, map_location=device)
[I 2026-08-22 13:33:20,316] Trial 4 finished with value: 0.4387742390898144 and parameters: {'num_nodes': 128, 'num_layers': 1, 'lr': 0.04207853710679872, 'batch_size': 128, 'dropout': 0.39757662492211676}. Best is trial 2 with value: 0.4583316032055807.
/home/minhn2/uiuc-kidney-failure/pkgs/experiments/logistic_hazard.py:186: FutureWarning: You are using `torch.load` with `weights_only=False` (the current default value), which uses the default pickle module implicitly. It is possible to construct malicious pickle data which will execute arbitrary code during unpickling (See https://github.com/pytorch/pytorch/blob/main/SECURITY.md#untrusted-models for more details). In a future release, the default value for `weights_only` will be flipped to `True`. This limits the functions that could be executed during unpickling. Arbitrary objects will no longer be allowed to be loaded via this mode unless they are explicitly allowlisted by the user via `torch.serialization.add_safe_globals`. We recommend you start setting `weights_only=True` for any use case where you don't have full control of the loaded file. Please open an issue on GitHub for any issues related to this experimental feature.
  saved_net = torch.load(saved_path, map_location=device)
[I 2026-08-22 13:33:21,698] Trial 5 finished with value: 0.45455300419382966 and parameters: {'num_nodes': 128, 'num_layers': 3, 'lr': 0.008337606542404629, 'batch_size': 128, 'dropout': 0.4344089464911923}. Best is trial 2 with value: 0.4583316032055807.
/home/minhn2/uiuc-kidney-failure/pkgs/experiments/logistic_hazard.py:186: FutureWarning: You are using `torch.load` with `weights_only=False` (the current default value), which uses the default pickle module implicitly. It is possible to construct malicious pickle data which will execute arbitrary code during unpickling (See https://github.com/pytorch/pytorch/blob/main/SECURITY.md#untrusted-models for more details). In a future release, the default value for `weights_only` will be flipped to `True`. This limits the functions that could be executed during unpickling. Arbitrary objects will no longer be allowed to be loaded via this mode unless they are explicitly allowlisted by the user via `torch.serialization.add_safe_globals`. We recommend you start setting `weights_only=True` for any use case where you don't have full control of the loaded file. Please open an issue on GitHub for any issues related to this experimental feature.
  saved_net = torch.load(saved_path, map_location=device)
[I 2026-08-22 13:33:24,585] Trial 6 finished with value: 0.502221484034381 and parameters: {'num_nodes': 16, 'num_layers': 2, 'lr': 0.00015850183629755003, 'batch_size': 32, 'dropout': 0.31191456228307457}. Best is trial 6 with value: 0.502221484034381.
/home/minhn2/uiuc-kidney-failure/pkgs/experiments/logistic_hazard.py:186: FutureWarning: You are using `torch.load` with `weights_only=False` (the current default value), which uses the default pickle module implicitly. It is possible to construct malicious pickle data which will execute arbitrary code during unpickling (See https://github.com/pytorch/pytorch/blob/main/SECURITY.md#untrusted-models for more details). In a future release, the default value for `weights_only` will be flipped to `True`. This limits the functions that could be executed during unpickling. Arbitrary objects will no longer be allowed to be loaded via this mode unless they are explicitly allowlisted by the user via `torch.serialization.add_safe_globals`. We recommend you start setting `weights_only=True` for any use case where you don't have full control of the loaded file. Please open an issue on GitHub for any issues related to this experimental feature.
  saved_net = torch.load(saved_path, map_location=device)
[I 2026-08-22 13:33:25,551] Trial 7 finished with value: 0.4361998089938961 and parameters: {'num_nodes': 128, 'num_layers': 3, 'lr': 0.0020610994883773436, 'batch_size': 256, 'dropout': 0.2548389836676142}. Best is trial 6 with value: 0.502221484034381.
/home/minhn2/uiuc-kidney-failure/pkgs/experiments/logistic_hazard.py:186: FutureWarning: You are using `torch.load` with `weights_only=False` (the current default value), which uses the default pickle module implicitly. It is possible to construct malicious pickle data which will execute arbitrary code during unpickling (See https://github.com/pytorch/pytorch/blob/main/SECURITY.md#untrusted-models for more details). In a future release, the default value for `weights_only` will be flipped to `True`. This limits the functions that could be executed during unpickling. Arbitrary objects will no longer be allowed to be loaded via this mode unless they are explicitly allowlisted by the user via `torch.serialization.add_safe_globals`. We recommend you start setting `weights_only=True` for any use case where you don't have full control of the loaded file. Please open an issue on GitHub for any issues related to this experimental feature.
  saved_net = torch.load(saved_path, map_location=device)
[I 2026-08-22 13:33:27,531] Trial 8 finished with value: 0.4508159282481418 and parameters: {'num_nodes': 128, 'num_layers': 2, 'lr': 0.005514609607945147, 'batch_size': 64, 'dropout': 0.060130746296525095}. Best is trial 6 with value: 0.502221484034381.
/home/minhn2/uiuc-kidney-failure/pkgs/experiments/logistic_hazard.py:186: FutureWarning: You are using `torch.load` with `weights_only=False` (the current default value), which uses the default pickle module implicitly. It is possible to construct malicious pickle data which will execute arbitrary code during unpickling (See https://github.com/pytorch/pytorch/blob/main/SECURITY.md#untrusted-models for more details). In a future release, the default value for `weights_only` will be flipped to `True`. This limits the functions that could be executed during unpickling. Arbitrary objects will no longer be allowed to be loaded via this mode unless they are explicitly allowlisted by the user via `torch.serialization.add_safe_globals`. We recommend you start setting `weights_only=True` for any use case where you don't have full control of the loaded file. Please open an issue on GitHub for any issues related to this experimental feature.
  saved_net = torch.load(saved_path, map_location=device)
[I 2026-08-22 13:33:28,581] Trial 9 finished with value: 0.4622762944815845 and parameters: {'num_nodes': 64, 'num_layers': 1, 'lr': 0.000352100612653747, 'batch_size': 128, 'dropout': 0.43860221326060034}. Best is trial 6 with value: 0.502221484034381.
Using GPU: cuda:1
Train data path /home/minhn2/uiuc-kidney-failure/generated_data/rep99/eight_features_train_data.csv
Test data path /home/minhn2/uiuc-kidney-failure/generated_data/rep99/eight_features_test_data.csv
Number of patients: test 243 and train 400
Number of records: test 1100 and train 1856
Training new model with Optuna optimization
Running Optuna hyperparameter optimization
Using GPU: cuda:4
Train data path /home/minhn2/uiuc-kidney-failure/generated_data/rep99/eight_features_train_data.csv
Test data path /home/minhn2/uiuc-kidney-failure/generated_data/rep99/eight_features_test_data.csv
Number of patients: test 243 and train 400
Number of records: test 1100 and train 1856
No existing model, saving current model
Using GPU: cuda:1
Train data path /home/minhn2/uiuc-kidney-failure/generated_data/rep99/eight_features_train_data.csv
Test data path /home/minhn2/uiuc-kidney-failure/generated_data/rep99/eight_features_test_data.csv
Number of patients: test 243 and train 400
Number of records: test 1100 and train 1856
Saved model C-index: 0.4422, Current trial C-index: 0.4532
New model is better, saving current model
Using GPU: cuda:6
Train data path /home/minhn2/uiuc-kidney-failure/generated_data/rep99/eight_features_train_data.csv
Test data path /home/minhn2/uiuc-kidney-failure/generated_data/rep99/eight_features_test_data.csv
Number of patients: test 243 and train 400
Number of records: test 1100 and train 1856
Saved model C-index: 0.4532, Current trial C-index: 0.4583
New model is better, saving current model
Using GPU: cuda:5
Train data path /home/minhn2/uiuc-kidney-failure/generated_data/rep99/eight_features_train_data.csv
Test data path /home/minhn2/uiuc-kidney-failure/generated_data/rep99/eight_features_test_data.csv
Number of patients: test 243 and train 400
Number of records: test 1100 and train 1856
Saved model C-index: 0.4583, Current trial C-index: 0.4513
Saved model is better, keeping it
Using GPU: cuda:2
Train data path /home/minhn2/uiuc-kidney-failure/generated_data/rep99/eight_features_train_data.csv
Test data path /home/minhn2/uiuc-kidney-failure/generated_data/rep99/eight_features_test_data.csv
Number of patients: test 243 and train 400
Number of records: test 1100 and train 1856
Saved model C-index: 0.4583, Current trial C-index: 0.4388
Saved model is better, keeping it
Using GPU: cuda:2
Train data path /home/minhn2/uiuc-kidney-failure/generated_data/rep99/eight_features_train_data.csv
Test data path /home/minhn2/uiuc-kidney-failure/generated_data/rep99/eight_features_test_data.csv
Number of patients: test 243 and train 400
Number of records: test 1100 and train 1856
Saved model C-index: 0.4583, Current trial C-index: 0.4546
Saved model is better, keeping it
Using GPU: cuda:6
Train data path /home/minhn2/uiuc-kidney-failure/generated_data/rep99/eight_features_train_data.csv
Test data path /home/minhn2/uiuc-kidney-failure/generated_data/rep99/eight_features_test_data.csv
Number of patients: test 243 and train 400
Number of records: test 1100 and train 1856
Saved model C-index: 0.4583, Current trial C-index: 0.5022
New model is better, saving current model
Using GPU: cuda:7
Train data path /home/minhn2/uiuc-kidney-failure/generated_data/rep99/eight_features_train_data.csv
Test data path /home/minhn2/uiuc-kidney-failure/generated_data/rep99/eight_features_test_data.csv
Number of patients: test 243 and train 400
Number of records: test 1100 and train 1856
Saved model C-index: 0.5022, Current trial C-index: 0.4362
Saved model is better, keeping it
Using GPU: cuda:5
Train data path /home/minhn2/uiuc-kidney-failure/generated_data/rep99/eight_features_train_data.csv
Test data path /home/minhn2/uiuc-kidney-failure/generated_data/rep99/eight_features_test_data.csv
Number of patients: test 243 and train 400
Number of records: test 1100 and train 1856
Saved model C-index: 0.5022, Current trial C-index: 0.4508
Saved model is better, keeping it
Using GPU: cuda:3
Train data path /home/minhn2/uiuc-kidney-failure/generated_data/rep99/eight_features_train_data.csv
Test data path /home/minhn2/uiuc-kidney-failure/generated_data/rep99/eight_features_test_data.csv
Number of patients: test 243 and train 400
Number of records: test 1100 and train 1856
Saved model C-index: 0.5022, Current trial C-index: 0.4623
Saved model is better, keeping it
Number of finished trials:  10
Best trial:
Best hyperparameters: {'num_nodes': 16, 'num_layers': 2, 'lr': 0.00015850183629755003, 'batch_size': 32, 'dropout': 0.31191456228307457}
Loading best model from disk after optimization
Model summary:
MLPVanilla(
  (net): Sequential(
    (0): DenseVanillaBlock(
      (linear): Linear(in_features=8, out_features=16, bias=True)
      (activation): ReLU()
      (batch_norm): BatchNorm1d(16, eps=1e-05, momentum=0.1, affine=True, track_running_stats=True)
      (dropout): Dropout(p=0.31191456228307457, inplace=False)
    )
    (1): DenseVanillaBlock(
      (linear): Linear(in_features=16, out_features=16, bias=True)
      (activation): ReLU()
      (batch_norm): BatchNorm1d(16, eps=1e-05, momentum=0.1, affine=True, track_running_stats=True)
      (dropout): Dropout(p=0.31191456228307457, inplace=False)
    )
    (2): Linear(in_features=16, out_features=50, bias=False)
  )
)

=== Evaluation Results for eight_features ===
Global test C-index: 0.502
Event rate: 212/243 (87.24%)
Mean time-dependent AUC: 0.490
Integrated Brier Score Test: 0.755
✓ logistic_hazard/eight_features completed successfully
==================== Running logistic_hazard/twenty_features_heterogeneous ====================
[I 2026-08-22 13:33:29,049] A new study created in memory with name: no-name-ec511ca0-89ac-42dc-b4ed-ee6f197e0069
[I 2026-08-22 13:33:29,445] Trial 0 finished with value: 0.5932203389830508 and parameters: {'num_nodes': 64, 'num_layers': 1, 'lr': 0.0012888180663543863, 'batch_size': 128, 'dropout': 0.08013031027125539}. Best is trial 0 with value: 0.5932203389830508.
/home/minhn2/uiuc-kidney-failure/pkgs/experiments/logistic_hazard.py:186: FutureWarning: You are using `torch.load` with `weights_only=False` (the current default value), which uses the default pickle module implicitly. It is possible to construct malicious pickle data which will execute arbitrary code during unpickling (See https://github.com/pytorch/pytorch/blob/main/SECURITY.md#untrusted-models for more details). In a future release, the default value for `weights_only` will be flipped to `True`. This limits the functions that could be executed during unpickling. Arbitrary objects will no longer be allowed to be loaded via this mode unless they are explicitly allowlisted by the user via `torch.serialization.add_safe_globals`. We recommend you start setting `weights_only=True` for any use case where you don't have full control of the loaded file. Please open an issue on GitHub for any issues related to this experimental feature.
  saved_net = torch.load(saved_path, map_location=device)
[I 2026-08-22 13:33:29,890] Trial 1 finished with value: 0.597457627118644 and parameters: {'num_nodes': 128, 'num_layers': 2, 'lr': 0.0002982437121128415, 'batch_size': 64, 'dropout': 0.05006870213031933}. Best is trial 1 with value: 0.597457627118644.
/home/minhn2/uiuc-kidney-failure/pkgs/experiments/logistic_hazard.py:186: FutureWarning: You are using `torch.load` with `weights_only=False` (the current default value), which uses the default pickle module implicitly. It is possible to construct malicious pickle data which will execute arbitrary code during unpickling (See https://github.com/pytorch/pytorch/blob/main/SECURITY.md#untrusted-models for more details). In a future release, the default value for `weights_only` will be flipped to `True`. This limits the functions that could be executed during unpickling. Arbitrary objects will no longer be allowed to be loaded via this mode unless they are explicitly allowlisted by the user via `torch.serialization.add_safe_globals`. We recommend you start setting `weights_only=True` for any use case where you don't have full control of the loaded file. Please open an issue on GitHub for any issues related to this experimental feature.
  saved_net = torch.load(saved_path, map_location=device)
[I 2026-08-22 13:33:30,314] Trial 2 finished with value: 0.4661016949152542 and parameters: {'num_nodes': 32, 'num_layers': 2, 'lr': 0.055819432927676535, 'batch_size': 256, 'dropout': 0.4889680645680761}. Best is trial 1 with value: 0.597457627118644.
/home/minhn2/uiuc-kidney-failure/pkgs/experiments/logistic_hazard.py:186: FutureWarning: You are using `torch.load` with `weights_only=False` (the current default value), which uses the default pickle module implicitly. It is possible to construct malicious pickle data which will execute arbitrary code during unpickling (See https://github.com/pytorch/pytorch/blob/main/SECURITY.md#untrusted-models for more details). In a future release, the default value for `weights_only` will be flipped to `True`. This limits the functions that could be executed during unpickling. Arbitrary objects will no longer be allowed to be loaded via this mode unless they are explicitly allowlisted by the user via `torch.serialization.add_safe_globals`. We recommend you start setting `weights_only=True` for any use case where you don't have full control of the loaded file. Please open an issue on GitHub for any issues related to this experimental feature.
  saved_net = torch.load(saved_path, map_location=device)
[I 2026-08-22 13:33:30,736] Trial 3 finished with value: 0.5 and parameters: {'num_nodes': 64, 'num_layers': 2, 'lr': 0.00016838106900054155, 'batch_size': 256, 'dropout': 0.27615192852991804}. Best is trial 1 with value: 0.597457627118644.
/home/minhn2/uiuc-kidney-failure/pkgs/experiments/logistic_hazard.py:186: FutureWarning: You are using `torch.load` with `weights_only=False` (the current default value), which uses the default pickle module implicitly. It is possible to construct malicious pickle data which will execute arbitrary code during unpickling (See https://github.com/pytorch/pytorch/blob/main/SECURITY.md#untrusted-models for more details). In a future release, the default value for `weights_only` will be flipped to `True`. This limits the functions that could be executed during unpickling. Arbitrary objects will no longer be allowed to be loaded via this mode unless they are explicitly allowlisted by the user via `torch.serialization.add_safe_globals`. We recommend you start setting `weights_only=True` for any use case where you don't have full control of the loaded file. Please open an issue on GitHub for any issues related to this experimental feature.
  saved_net = torch.load(saved_path, map_location=device)
[I 2026-08-22 13:33:31,110] Trial 4 finished with value: 0.4830508474576271 and parameters: {'num_nodes': 64, 'num_layers': 1, 'lr': 0.01253029499355215, 'batch_size': 256, 'dropout': 0.486663410582789}. Best is trial 1 with value: 0.597457627118644.
/home/minhn2/uiuc-kidney-failure/pkgs/experiments/logistic_hazard.py:186: FutureWarning: You are using `torch.load` with `weights_only=False` (the current default value), which uses the default pickle module implicitly. It is possible to construct malicious pickle data which will execute arbitrary code during unpickling (See https://github.com/pytorch/pytorch/blob/main/SECURITY.md#untrusted-models for more details). In a future release, the default value for `weights_only` will be flipped to `True`. This limits the functions that could be executed during unpickling. Arbitrary objects will no longer be allowed to be loaded via this mode unless they are explicitly allowlisted by the user via `torch.serialization.add_safe_globals`. We recommend you start setting `weights_only=True` for any use case where you don't have full control of the loaded file. Please open an issue on GitHub for any issues related to this experimental feature.
  saved_net = torch.load(saved_path, map_location=device)
[I 2026-08-22 13:33:31,573] Trial 5 finished with value: 0.5 and parameters: {'num_nodes': 16, 'num_layers': 3, 'lr': 0.0008344929040045408, 'batch_size': 256, 'dropout': 0.16558814579773173}. Best is trial 1 with value: 0.597457627118644.
/home/minhn2/uiuc-kidney-failure/pkgs/experiments/logistic_hazard.py:186: FutureWarning: You are using `torch.load` with `weights_only=False` (the current default value), which uses the default pickle module implicitly. It is possible to construct malicious pickle data which will execute arbitrary code during unpickling (See https://github.com/pytorch/pytorch/blob/main/SECURITY.md#untrusted-models for more details). In a future release, the default value for `weights_only` will be flipped to `True`. This limits the functions that could be executed during unpickling. Arbitrary objects will no longer be allowed to be loaded via this mode unless they are explicitly allowlisted by the user via `torch.serialization.add_safe_globals`. We recommend you start setting `weights_only=True` for any use case where you don't have full control of the loaded file. Please open an issue on GitHub for any issues related to this experimental feature.
  saved_net = torch.load(saved_path, map_location=device)
[I 2026-08-22 13:33:32,029] Trial 6 finished with value: 0.576271186440678 and parameters: {'num_nodes': 128, 'num_layers': 3, 'lr': 0.0010629520482236074, 'batch_size': 256, 'dropout': 0.1923448400345119}. Best is trial 1 with value: 0.597457627118644.
/home/minhn2/uiuc-kidney-failure/pkgs/experiments/logistic_hazard.py:186: FutureWarning: You are using `torch.load` with `weights_only=False` (the current default value), which uses the default pickle module implicitly. It is possible to construct malicious pickle data which will execute arbitrary code during unpickling (See https://github.com/pytorch/pytorch/blob/main/SECURITY.md#untrusted-models for more details). In a future release, the default value for `weights_only` will be flipped to `True`. This limits the functions that could be executed during unpickling. Arbitrary objects will no longer be allowed to be loaded via this mode unless they are explicitly allowlisted by the user via `torch.serialization.add_safe_globals`. We recommend you start setting `weights_only=True` for any use case where you don't have full control of the loaded file. Please open an issue on GitHub for any issues related to this experimental feature.
  saved_net = torch.load(saved_path, map_location=device)
[I 2026-08-22 13:33:32,398] Trial 7 finished with value: 0.5254237288135594 and parameters: {'num_nodes': 16, 'num_layers': 1, 'lr': 0.048714670793096715, 'batch_size': 128, 'dropout': 0.43608703488568074}. Best is trial 1 with value: 0.597457627118644.
/home/minhn2/uiuc-kidney-failure/pkgs/experiments/logistic_hazard.py:186: FutureWarning: You are using `torch.load` with `weights_only=False` (the current default value), which uses the default pickle module implicitly. It is possible to construct malicious pickle data which will execute arbitrary code during unpickling (See https://github.com/pytorch/pytorch/blob/main/SECURITY.md#untrusted-models for more details). In a future release, the default value for `weights_only` will be flipped to `True`. This limits the functions that could be executed during unpickling. Arbitrary objects will no longer be allowed to be loaded via this mode unless they are explicitly allowlisted by the user via `torch.serialization.add_safe_globals`. We recommend you start setting `weights_only=True` for any use case where you don't have full control of the loaded file. Please open an issue on GitHub for any issues related to this experimental feature.
  saved_net = torch.load(saved_path, map_location=device)
[I 2026-08-22 13:33:32,767] Trial 8 finished with value: 0.5720338983050848 and parameters: {'num_nodes': 64, 'num_layers': 1, 'lr': 0.003172000369840358, 'batch_size': 64, 'dropout': 0.47808993871076483}. Best is trial 1 with value: 0.597457627118644.
/home/minhn2/uiuc-kidney-failure/pkgs/experiments/logistic_hazard.py:186: FutureWarning: You are using `torch.load` with `weights_only=False` (the current default value), which uses the default pickle module implicitly. It is possible to construct malicious pickle data which will execute arbitrary code during unpickling (See https://github.com/pytorch/pytorch/blob/main/SECURITY.md#untrusted-models for more details). In a future release, the default value for `weights_only` will be flipped to `True`. This limits the functions that could be executed during unpickling. Arbitrary objects will no longer be allowed to be loaded via this mode unless they are explicitly allowlisted by the user via `torch.serialization.add_safe_globals`. We recommend you start setting `weights_only=True` for any use case where you don't have full control of the loaded file. Please open an issue on GitHub for any issues related to this experimental feature.
  saved_net = torch.load(saved_path, map_location=device)
[I 2026-08-22 13:33:33,201] Trial 9 finished with value: 0.5 and parameters: {'num_nodes': 16, 'num_layers': 2, 'lr': 0.0004445761789257273, 'batch_size': 128, 'dropout': 0.07977911437538526}. Best is trial 1 with value: 0.597457627118644.
Using GPU: cuda:2
Train data path /home/minhn2/uiuc-kidney-failure/generated_data/rep99/twenty_features_heterogeneous_train_data.csv
Test data path /home/minhn2/uiuc-kidney-failure/generated_data/rep99/twenty_features_heterogeneous_test_data.csv
Number of patients: test 20 and train 20
Number of records: test 9115 and train 4575
Training new model with Optuna optimization
Running Optuna hyperparameter optimization
Using GPU: cuda:5
Train data path /home/minhn2/uiuc-kidney-failure/generated_data/rep99/twenty_features_heterogeneous_train_data.csv
Test data path /home/minhn2/uiuc-kidney-failure/generated_data/rep99/twenty_features_heterogeneous_test_data.csv
Number of patients: test 20 and train 20
Number of records: test 9115 and train 4575
No existing model, saving current model
Using GPU: cuda:6
Train data path /home/minhn2/uiuc-kidney-failure/generated_data/rep99/twenty_features_heterogeneous_train_data.csv
Test data path /home/minhn2/uiuc-kidney-failure/generated_data/rep99/twenty_features_heterogeneous_test_data.csv
Number of patients: test 20 and train 20
Number of records: test 9115 and train 4575
Saved model C-index: 0.5932, Current trial C-index: 0.5975
New model is better, saving current model
Using GPU: cuda:2
Train data path /home/minhn2/uiuc-kidney-failure/generated_data/rep99/twenty_features_heterogeneous_train_data.csv
Test data path /home/minhn2/uiuc-kidney-failure/generated_data/rep99/twenty_features_heterogeneous_test_data.csv
Number of patients: test 20 and train 20
Number of records: test 9115 and train 4575
Saved model C-index: 0.5975, Current trial C-index: 0.4661
Saved model is better, keeping it
Using GPU: cuda:4
Train data path /home/minhn2/uiuc-kidney-failure/generated_data/rep99/twenty_features_heterogeneous_train_data.csv
Test data path /home/minhn2/uiuc-kidney-failure/generated_data/rep99/twenty_features_heterogeneous_test_data.csv
Number of patients: test 20 and train 20
Number of records: test 9115 and train 4575
Saved model C-index: 0.5975, Current trial C-index: 0.5000
Saved model is better, keeping it
Using GPU: cuda:5
Train data path /home/minhn2/uiuc-kidney-failure/generated_data/rep99/twenty_features_heterogeneous_train_data.csv
Test data path /home/minhn2/uiuc-kidney-failure/generated_data/rep99/twenty_features_heterogeneous_test_data.csv
Number of patients: test 20 and train 20
Number of records: test 9115 and train 4575
Saved model C-index: 0.5975, Current trial C-index: 0.4831
Saved model is better, keeping it
Using GPU: cuda:5
Train data path /home/minhn2/uiuc-kidney-failure/generated_data/rep99/twenty_features_heterogeneous_train_data.csv
Test data path /home/minhn2/uiuc-kidney-failure/generated_data/rep99/twenty_features_heterogeneous_test_data.csv
Number of patients: test 20 and train 20
Number of records: test 9115 and train 4575
Saved model C-index: 0.5975, Current trial C-index: 0.5000
Saved model is better, keeping it
Using GPU: cuda:2
Train data path /home/minhn2/uiuc-kidney-failure/generated_data/rep99/twenty_features_heterogeneous_train_data.csv
Test data path /home/minhn2/uiuc-kidney-failure/generated_data/rep99/twenty_features_heterogeneous_test_data.csv
Number of patients: test 20 and train 20
Number of records: test 9115 and train 4575
Saved model C-index: 0.5975, Current trial C-index: 0.5763
Saved model is better, keeping it
Using GPU: cuda:7
Train data path /home/minhn2/uiuc-kidney-failure/generated_data/rep99/twenty_features_heterogeneous_train_data.csv
Test data path /home/minhn2/uiuc-kidney-failure/generated_data/rep99/twenty_features_heterogeneous_test_data.csv
Number of patients: test 20 and train 20
Number of records: test 9115 and train 4575
Saved model C-index: 0.5975, Current trial C-index: 0.5254
Saved model is better, keeping it
Using GPU: cuda:1
Train data path /home/minhn2/uiuc-kidney-failure/generated_data/rep99/twenty_features_heterogeneous_train_data.csv
Test data path /home/minhn2/uiuc-kidney-failure/generated_data/rep99/twenty_features_heterogeneous_test_data.csv
Number of patients: test 20 and train 20
Number of records: test 9115 and train 4575
Saved model C-index: 0.5975, Current trial C-index: 0.5720
Saved model is better, keeping it
Using GPU: cuda:4
Train data path /home/minhn2/uiuc-kidney-failure/generated_data/rep99/twenty_features_heterogeneous_train_data.csv
Test data path /home/minhn2/uiuc-kidney-failure/generated_data/rep99/twenty_features_heterogeneous_test_data.csv
Number of patients: test 20 and train 20
Number of records: test 9115 and train 4575
Saved model C-index: 0.5975, Current trial C-index: 0.5000
Saved model is better, keeping it
Number of finished trials:  10
Best trial:
Best hyperparameters: {'num_nodes': 128, 'num_layers': 2, 'lr': 0.0002982437121128415, 'batch_size': 64, 'dropout': 0.05006870213031933}
Loading best model from disk after optimization
Model summary:
MLPVanilla(
  (net): Sequential(
    (0): DenseVanillaBlock(
      (linear): Linear(in_features=40, out_features=128, bias=True)
      (activation): ReLU()
      (batch_norm): BatchNorm1d(128, eps=1e-05, momentum=0.1, affine=True, track_running_stats=True)
      (dropout): Dropout(p=0.05006870213031933, inplace=False)
    )
    (1): DenseVanillaBlock(
      (linear): Linear(in_features=128, out_features=128, bias=True)
      (activation): ReLU()
      (batch_norm): BatchNorm1d(128, eps=1e-05, momentum=0.1, affine=True, track_running_stats=True)
      (dropout): Dropout(p=0.05006870213031933, inplace=False)
    )
    (2): Linear(in_features=128, out_features=50, bias=False)
  )
)

=== Evaluation Results for twenty_features_heterogeneous ===
Global test C-index: 0.597
Event rate: 10/20 (50.00%)
Mean time-dependent AUC: 0.309
Warning: Could not compute Brier Score: time must be smaller than largest observed time point: 4449.404861111111
✓ logistic_hazard/twenty_features_heterogeneous completed successfully
==================== Running rnnsurv/four_features ====================
[I 2026-08-22 13:33:33,365] A new study created in memory with name: no-name-eb4056fa-b598-4c7b-8eab-d1b9cd865009
[I 2026-08-22 13:38:41,400] Trial 0 finished with value: 0.504 and parameters: {'num_time_intervals': 22, 'embedding_size': 36, 'num_embedding_layers': 1, 'hidden_dims': 202, 'num_recurrent_layers': 2, 'learning_rate': 1.5561121084783726e-05, 'cross_entropy_loss_weight': 0.7188625668588614}. Best is trial 0 with value: 0.504.
/home/minhn2/uiuc-kidney-failure/pkgs/experiments/rnnsurv.py:169: FutureWarning: You are using `torch.load` with `weights_only=False` (the current default value), which uses the default pickle module implicitly. It is possible to construct malicious pickle data which will execute arbitrary code during unpickling (See https://github.com/pytorch/pytorch/blob/main/SECURITY.md#untrusted-models for more details). In a future release, the default value for `weights_only` will be flipped to `True`. This limits the functions that could be executed during unpickling. Arbitrary objects will no longer be allowed to be loaded via this mode unless they are explicitly allowlisted by the user via `torch.serialization.add_safe_globals`. We recommend you start setting `weights_only=True` for any use case where you don't have full control of the loaded file. Please open an issue on GitHub for any issues related to this experimental feature.
  saved_model = torch.load(model_saved_path, map_location=device)
[I 2026-08-22 13:44:55,278] Trial 1 finished with value: 0.576 and parameters: {'num_time_intervals': 35, 'embedding_size': 75, 'num_embedding_layers': 1, 'hidden_dims': 237, 'num_recurrent_layers': 1, 'learning_rate': 1.6825974355297646e-05, 'cross_entropy_loss_weight': 0.4499936082181989}. Best is trial 1 with value: 0.576.
/home/minhn2/uiuc-kidney-failure/pkgs/experiments/rnnsurv.py:169: FutureWarning: You are using `torch.load` with `weights_only=False` (the current default value), which uses the default pickle module implicitly. It is possible to construct malicious pickle data which will execute arbitrary code during unpickling (See https://github.com/pytorch/pytorch/blob/main/SECURITY.md#untrusted-models for more details). In a future release, the default value for `weights_only` will be flipped to `True`. This limits the functions that could be executed during unpickling. Arbitrary objects will no longer be allowed to be loaded via this mode unless they are explicitly allowlisted by the user via `torch.serialization.add_safe_globals`. We recommend you start setting `weights_only=True` for any use case where you don't have full control of the loaded file. Please open an issue on GitHub for any issues related to this experimental feature.
  saved_model = torch.load(model_saved_path, map_location=device)
[I 2026-08-22 13:50:15,839] Trial 2 finished with value: 0.541 and parameters: {'num_time_intervals': 23, 'embedding_size': 64, 'num_embedding_layers': 3, 'hidden_dims': 93, 'num_recurrent_layers': 1, 'learning_rate': 3.8314728826529814e-05, 'cross_entropy_loss_weight': 0.8057428785599571}. Best is trial 1 with value: 0.576.
/home/minhn2/uiuc-kidney-failure/pkgs/experiments/rnnsurv.py:169: FutureWarning: You are using `torch.load` with `weights_only=False` (the current default value), which uses the default pickle module implicitly. It is possible to construct malicious pickle data which will execute arbitrary code during unpickling (See https://github.com/pytorch/pytorch/blob/main/SECURITY.md#untrusted-models for more details). In a future release, the default value for `weights_only` will be flipped to `True`. This limits the functions that could be executed during unpickling. Arbitrary objects will no longer be allowed to be loaded via this mode unless they are explicitly allowlisted by the user via `torch.serialization.add_safe_globals`. We recommend you start setting `weights_only=True` for any use case where you don't have full control of the loaded file. Please open an issue on GitHub for any issues related to this experimental feature.
  saved_model = torch.load(model_saved_path, map_location=device)
[I 2026-08-22 13:56:33,211] Trial 3 finished with value: 0.565 and parameters: {'num_time_intervals': 37, 'embedding_size': 112, 'num_embedding_layers': 1, 'hidden_dims': 200, 'num_recurrent_layers': 2, 'learning_rate': 0.00043490998744070535, 'cross_entropy_loss_weight': 0.27669917553901846}. Best is trial 1 with value: 0.576.
/home/minhn2/uiuc-kidney-failure/pkgs/experiments/rnnsurv.py:169: FutureWarning: You are using `torch.load` with `weights_only=False` (the current default value), which uses the default pickle module implicitly. It is possible to construct malicious pickle data which will execute arbitrary code during unpickling (See https://github.com/pytorch/pytorch/blob/main/SECURITY.md#untrusted-models for more details). In a future release, the default value for `weights_only` will be flipped to `True`. This limits the functions that could be executed during unpickling. Arbitrary objects will no longer be allowed to be loaded via this mode unless they are explicitly allowlisted by the user via `torch.serialization.add_safe_globals`. We recommend you start setting `weights_only=True` for any use case where you don't have full control of the loaded file. Please open an issue on GitHub for any issues related to this experimental feature.
  saved_model = torch.load(model_saved_path, map_location=device)
[I 2026-08-22 14:03:08,569] Trial 4 finished with value: 0.582 and parameters: {'num_time_intervals': 44, 'embedding_size': 72, 'num_embedding_layers': 1, 'hidden_dims': 113, 'num_recurrent_layers': 1, 'learning_rate': 1.6627368377458493e-05, 'cross_entropy_loss_weight': 0.6559442411390795}. Best is trial 4 with value: 0.582.
/home/minhn2/uiuc-kidney-failure/pkgs/experiments/rnnsurv.py:169: FutureWarning: You are using `torch.load` with `weights_only=False` (the current default value), which uses the default pickle module implicitly. It is possible to construct malicious pickle data which will execute arbitrary code during unpickling (See https://github.com/pytorch/pytorch/blob/main/SECURITY.md#untrusted-models for more details). In a future release, the default value for `weights_only` will be flipped to `True`. This limits the functions that could be executed during unpickling. Arbitrary objects will no longer be allowed to be loaded via this mode unless they are explicitly allowlisted by the user via `torch.serialization.add_safe_globals`. We recommend you start setting `weights_only=True` for any use case where you don't have full control of the loaded file. Please open an issue on GitHub for any issues related to this experimental feature.
  saved_model = torch.load(model_saved_path, map_location=device)
[I 2026-08-22 14:09:04,490] Trial 5 finished with value: 0.53 and parameters: {'num_time_intervals': 32, 'embedding_size': 88, 'num_embedding_layers': 2, 'hidden_dims': 119, 'num_recurrent_layers': 2, 'learning_rate': 7.912758312562864e-05, 'cross_entropy_loss_weight': 0.6293429090695328}. Best is trial 4 with value: 0.582.
/home/minhn2/uiuc-kidney-failure/pkgs/experiments/rnnsurv.py:169: FutureWarning: You are using `torch.load` with `weights_only=False` (the current default value), which uses the default pickle module implicitly. It is possible to construct malicious pickle data which will execute arbitrary code during unpickling (See https://github.com/pytorch/pytorch/blob/main/SECURITY.md#untrusted-models for more details). In a future release, the default value for `weights_only` will be flipped to `True`. This limits the functions that could be executed during unpickling. Arbitrary objects will no longer be allowed to be loaded via this mode unless they are explicitly allowlisted by the user via `torch.serialization.add_safe_globals`. We recommend you start setting `weights_only=True` for any use case where you don't have full control of the loaded file. Please open an issue on GitHub for any issues related to this experimental feature.
  saved_model = torch.load(model_saved_path, map_location=device)
[I 2026-08-22 14:15:14,302] Trial 6 finished with value: 0.533 and parameters: {'num_time_intervals': 36, 'embedding_size': 98, 'num_embedding_layers': 1, 'hidden_dims': 85, 'num_recurrent_layers': 3, 'learning_rate': 2.5382075220846525e-05, 'cross_entropy_loss_weight': 0.2299065196606246}. Best is trial 4 with value: 0.582.
/home/minhn2/uiuc-kidney-failure/pkgs/experiments/rnnsurv.py:169: FutureWarning: You are using `torch.load` with `weights_only=False` (the current default value), which uses the default pickle module implicitly. It is possible to construct malicious pickle data which will execute arbitrary code during unpickling (See https://github.com/pytorch/pytorch/blob/main/SECURITY.md#untrusted-models for more details). In a future release, the default value for `weights_only` will be flipped to `True`. This limits the functions that could be executed during unpickling. Arbitrary objects will no longer be allowed to be loaded via this mode unless they are explicitly allowlisted by the user via `torch.serialization.add_safe_globals`. We recommend you start setting `weights_only=True` for any use case where you don't have full control of the loaded file. Please open an issue on GitHub for any issues related to this experimental feature.
  saved_model = torch.load(model_saved_path, map_location=device)
[I 2026-08-22 14:19:53,010] Trial 7 finished with value: 0.55 and parameters: {'num_time_intervals': 15, 'embedding_size': 104, 'num_embedding_layers': 1, 'hidden_dims': 225, 'num_recurrent_layers': 3, 'learning_rate': 6.746628073344073e-05, 'cross_entropy_loss_weight': 0.2834281038972497}. Best is trial 4 with value: 0.582.
/home/minhn2/uiuc-kidney-failure/pkgs/experiments/rnnsurv.py:169: FutureWarning: You are using `torch.load` with `weights_only=False` (the current default value), which uses the default pickle module implicitly. It is possible to construct malicious pickle data which will execute arbitrary code during unpickling (See https://github.com/pytorch/pytorch/blob/main/SECURITY.md#untrusted-models for more details). In a future release, the default value for `weights_only` will be flipped to `True`. This limits the functions that could be executed during unpickling. Arbitrary objects will no longer be allowed to be loaded via this mode unless they are explicitly allowlisted by the user via `torch.serialization.add_safe_globals`. We recommend you start setting `weights_only=True` for any use case where you don't have full control of the loaded file. Please open an issue on GitHub for any issues related to this experimental feature.
  saved_model = torch.load(model_saved_path, map_location=device)
[I 2026-08-22 14:24:51,739] Trial 8 finished with value: 0.476 and parameters: {'num_time_intervals': 19, 'embedding_size': 87, 'num_embedding_layers': 1, 'hidden_dims': 224, 'num_recurrent_layers': 2, 'learning_rate': 0.000854507682045079, 'cross_entropy_loss_weight': 0.10993887901911813}. Best is trial 4 with value: 0.582.
/home/minhn2/uiuc-kidney-failure/pkgs/experiments/rnnsurv.py:169: FutureWarning: You are using `torch.load` with `weights_only=False` (the current default value), which uses the default pickle module implicitly. It is possible to construct malicious pickle data which will execute arbitrary code during unpickling (See https://github.com/pytorch/pytorch/blob/main/SECURITY.md#untrusted-models for more details). In a future release, the default value for `weights_only` will be flipped to `True`. This limits the functions that could be executed during unpickling. Arbitrary objects will no longer be allowed to be loaded via this mode unless they are explicitly allowlisted by the user via `torch.serialization.add_safe_globals`. We recommend you start setting `weights_only=True` for any use case where you don't have full control of the loaded file. Please open an issue on GitHub for any issues related to this experimental feature.
  saved_model = torch.load(model_saved_path, map_location=device)
[I 2026-08-22 14:29:16,578] Trial 9 finished with value: 0.527 and parameters: {'num_time_intervals': 12, 'embedding_size': 95, 'num_embedding_layers': 2, 'hidden_dims': 82, 'num_recurrent_layers': 2, 'learning_rate': 0.0006093398669962009, 'cross_entropy_loss_weight': 0.37988041060497046}. Best is trial 4 with value: 0.582.
Using GPU: cuda:1
Train data path /home/minhn2/uiuc-kidney-failure/generated_data/rep99/four_features_train_data.csv
Test data path /home/minhn2/uiuc-kidney-failure/generated_data/rep99/four_features_test_data.csv
Number of patients: test 345 and train 500
Number of records: test 3667 and train 5806
Running Optuna hyperparameter optimization
Using GPU: cuda:1
Running trial number 0 for ExperimentScenario.FOUR_FEATURES on device cuda:1
Train data path /home/minhn2/uiuc-kidney-failure/generated_data/rep99/four_features_train_data.csv
Test data path /home/minhn2/uiuc-kidney-failure/generated_data/rep99/four_features_test_data.csv
Number of patients: test 345 and train 500
Number of records: test 3667 and train 5806
Epoch 1/50
Average Loss: 30.05296732031781
Epoch 2/50
Average Loss: 29.787798342497453
Epoch 3/50
Average Loss: 29.497912531313688
Epoch 4/50
Average Loss: 29.146290157152258
Epoch 5/50
Average Loss: 28.725472906361457
Epoch 6/50
Average Loss: 28.208425936491594
Epoch 7/50
Average Loss: 27.559770003609035
Epoch 8/50
Average Loss: 26.829253984534223
Epoch 9/50
Average Loss: 25.92075712784477
Epoch 10/50
Average Loss: 24.799120695694633
Epoch 11/50
Average Loss: 23.377139630525008
Epoch 12/50
Average Loss: 21.73737393254819
Epoch 13/50
Average Loss: 19.82574877531632
Epoch 14/50
Average Loss: 17.726342823194422
Epoch 15/50
Average Loss: 15.57748674309772
Epoch 16/50
Average Loss: 13.462910237519637
Epoch 17/50
Average Loss: 11.549777030944824
Epoch 18/50
Average Loss: 9.845115329908287
Epoch 19/50
Average Loss: 8.37793441440748
Epoch 20/50
Average Loss: 7.179021793863048
Epoch 21/50
Average Loss: 6.191662373750106
Epoch 22/50
Average Loss: 5.345798554627792
Epoch 23/50
Average Loss: 4.595841304115627
Epoch 24/50
Average Loss: 3.9905228200166123
Epoch 25/50
Average Loss: 3.5105434811633565
Epoch 26/50
Average Loss: 3.128938861515211
Epoch 27/50
Average Loss: 2.8013801782027534
Epoch 28/50
Average Loss: 2.49277575119682
Epoch 29/50
Average Loss: 2.2243176128553306
Epoch 30/50
Average Loss: 2.0196537919666455
Epoch 31/50
Average Loss: 1.8514953385228696
Epoch 32/50
Average Loss: 1.7070749790772148
Epoch 33/50
Average Loss: 1.5734833427097485
Epoch 34/50
Average Loss: 1.4538440289704695
Epoch 35/50
Average Loss: 1.3548517071682473
Epoch 36/50
Average Loss: 1.26878982004912
Epoch 37/50
Average Loss: 1.1900800362877224
Epoch 38/50
Average Loss: 1.1191839757172957
Epoch 39/50
Average Loss: 1.0605378202770068
Epoch 40/50
Average Loss: 1.0047117186629253
Epoch 41/50
Average Loss: 0.9532392491465029
Epoch 42/50
Average Loss: 0.9031256489131761
Epoch 43/50
Average Loss: 0.8629228265389152
Epoch 44/50
Average Loss: 0.8211884343105814
Epoch 45/50
Average Loss: 0.7847787426865619
Epoch 46/50
Average Loss: 0.7538668046826902
Epoch 47/50
Average Loss: 0.7251452311225559
Epoch 48/50
Average Loss: 0.6976634808208632
Epoch 49/50
Average Loss: 0.6696947165157484
Epoch 50/50
Average Loss: 0.6468504252641097
No existing model found, saving current model
C-Index on Test Data: 0.504
Using GPU: cuda:4
Running trial number 1 for ExperimentScenario.FOUR_FEATURES on device cuda:4
Train data path /home/minhn2/uiuc-kidney-failure/generated_data/rep99/four_features_train_data.csv
Test data path /home/minhn2/uiuc-kidney-failure/generated_data/rep99/four_features_test_data.csv
Number of patients: test 345 and train 500
Number of records: test 3667 and train 5806
Epoch 1/50
Average Loss: 160.35134290612262
Epoch 2/50
Average Loss: 151.9656511389691
Epoch 3/50
Average Loss: 143.87772468898606
Epoch 4/50
Average Loss: 135.75403628141984
Epoch 5/50
Average Loss: 127.13479315716287
Epoch 6/50
Average Loss: 118.31211521314538
Epoch 7/50
Average Loss: 108.63348753555961
Epoch 8/50
Average Loss: 98.8885027014691
Epoch 9/50
Average Loss: 88.52357947308084
Epoch 10/50
Average Loss: 78.66145623248556
Epoch 11/50
Average Loss: 69.80228225044583
Epoch 12/50
Average Loss: 62.14722956781802
Epoch 13/50
Average Loss: 55.470825527025305
Epoch 14/50
Average Loss: 49.911261185355805
Epoch 15/50
Average Loss: 44.75263413139012
Epoch 16/50
Average Loss: 39.77650401903235
Epoch 17/50
Average Loss: 35.51871954876444
Epoch 18/50
Average Loss: 31.330032431561015
Epoch 19/50
Average Loss: 27.616317085597824
Epoch 20/50
Average Loss: 24.69759402067765
Epoch 21/50
Average Loss: 22.080089486163594
Epoch 22/50
Average Loss: 19.763013176296067
Epoch 23/50
Average Loss: 17.901626255201258
Epoch 24/50
Average Loss: 16.311779395393703
Epoch 25/50
Average Loss: 14.864234177962594
Epoch 26/50
Average Loss: 13.583799320718516
Epoch 27/50
Average Loss: 12.502856088721234
Epoch 28/50
Average Loss: 11.577187330826469
Epoch 29/50
Average Loss: 10.679410022238027
Epoch 30/50
Average Loss: 9.964855650196904
Epoch 31/50
Average Loss: 9.373493111651877
Epoch 32/50
Average Loss: 8.836989195450492
Epoch 33/50
Average Loss: 8.327721678692361
Epoch 34/50
Average Loss: 7.836832357489544
Epoch 35/50
Average Loss: 7.396251180897588
Epoch 36/50
Average Loss: 6.978247476660687
Epoch 37/50
Average Loss: 6.594700377920399
Epoch 38/50
Average Loss: 6.223602958347486
Epoch 39/50
Average Loss: 5.882532949032991
Epoch 40/50
Average Loss: 5.587232672649881
Epoch 41/50
Average Loss: 5.310800490172013
Epoch 42/50
Average Loss: 5.067505960879118
Epoch 43/50
Average Loss: 4.8201239834661065
Epoch 44/50
Average Loss: 4.582594456879989
Epoch 45/50
Average Loss: 4.379565487737241
Epoch 46/50
Average Loss: 4.179807217224784
Epoch 47/50
Average Loss: 4.006185158439305
Epoch 48/50
Average Loss: 3.826904162116673
Epoch 49/50
Average Loss: 3.67690892841505
Epoch 50/50
Average Loss: 3.5310836045638374
C-Index on Test Data: 0.576
C-Index on Test Data: 0.504
Current trial C-index: 0.5760, Previously saved model C-index: 0.5040
Current model performs better, saving it...
C-Index on Test Data: 0.576
Using GPU: cuda:7
Running trial number 2 for ExperimentScenario.FOUR_FEATURES on device cuda:7
Train data path /home/minhn2/uiuc-kidney-failure/generated_data/rep99/four_features_train_data.csv
Test data path /home/minhn2/uiuc-kidney-failure/generated_data/rep99/four_features_test_data.csv
Number of patients: test 345 and train 500
Number of records: test 3667 and train 5806
Epoch 1/50
Average Loss: 21.040385702381965
Epoch 2/50
Average Loss: 19.572794955709707
Epoch 3/50
Average Loss: 18.288020673005477
Epoch 4/50
Average Loss: 16.89892818616784
Epoch 5/50
Average Loss: 15.400528493134871
Epoch 6/50
Average Loss: 13.836309101270592
Epoch 7/50
Average Loss: 12.337940838025963
Epoch 8/50
Average Loss: 10.80658191183339
Epoch 9/50
Average Loss: 9.418954351673955
Epoch 10/50
Average Loss: 8.245614342067553
Epoch 11/50
Average Loss: 7.218373671821926
Epoch 12/50
Average Loss: 6.3538240349811055
Epoch 13/50
Average Loss: 5.642690762229588
Epoch 14/50
Average Loss: 4.977846041969631
Epoch 15/50
Average Loss: 4.4217631091242255
Epoch 16/50
Average Loss: 3.9985612682674243
Epoch 17/50
Average Loss: 3.668007809182872
Epoch 18/50
Average Loss: 3.382399134013964
Epoch 19/50
Average Loss: 3.11839571206466
Epoch 20/50
Average Loss: 2.8999653277189834
Epoch 21/50
Average Loss: 2.7062649001245913
Epoch 22/50
Average Loss: 2.5328664054041323
Epoch 23/50
Average Loss: 2.3673759854358174
Epoch 24/50
Average Loss: 2.2254679203033447
Epoch 25/50
Average Loss: 2.0902009165805318
Epoch 26/50
Average Loss: 1.968808034191961
Epoch 27/50
Average Loss: 1.8625881982886272
Epoch 28/50
Average Loss: 1.7706104724303535
Epoch 29/50
Average Loss: 1.6877962765486345
Epoch 30/50
Average Loss: 1.6116416298824807
Epoch 31/50
Average Loss: 1.541477638742198
Epoch 32/50
Average Loss: 1.476740837097168
Epoch 33/50
Average Loss: 1.416403697884601
Epoch 34/50
Average Loss: 1.3604499464449675
Epoch 35/50
Average Loss: 1.307848977006
Epoch 36/50
Average Loss: 1.258939680845841
Epoch 37/50
Average Loss: 1.2135859520538994
Epoch 38/50
Average Loss: 1.1706481394560442
Epoch 39/50
Average Loss: 1.1283337344294009
Epoch 40/50
Average Loss: 1.0894565634105517
Epoch 41/50
Average Loss: 1.0523688171220862
Epoch 42/50
Average Loss: 1.0188389498254526
Epoch 43/50
Average Loss: 0.9879658585009368
Epoch 44/50
Average Loss: 0.9590172016102335
Epoch 45/50
Average Loss: 0.9307985098465629
Epoch 46/50
Average Loss: 0.9034973590270333
Epoch 47/50
Average Loss: 0.8764216511145883
Epoch 48/50
Average Loss: 0.8484001341073409
Epoch 49/50
Average Loss: 0.8211735849795134
Epoch 50/50
Average Loss: 0.7977769893148671
C-Index on Test Data: 0.541
C-Index on Test Data: 0.576
Current trial C-index: 0.5410, Previously saved model C-index: 0.5760
C-Index on Test Data: 0.541
Using GPU: cuda:7
Running trial number 3 for ExperimentScenario.FOUR_FEATURES on device cuda:7
Train data path /home/minhn2/uiuc-kidney-failure/generated_data/rep99/four_features_train_data.csv
Test data path /home/minhn2/uiuc-kidney-failure/generated_data/rep99/four_features_test_data.csv
Number of patients: test 345 and train 500
Number of records: test 3667 and train 5806
Epoch 1/50
Average Loss: 181.10393059771994
Epoch 2/50
Average Loss: 32.547503678695016
Epoch 3/50
Average Loss: 2.3100986584373144
Epoch 4/50
Average Loss: 0.9252926707267761
Epoch 5/50
Average Loss: 0.6305099181506945
Epoch 6/50
Average Loss: 0.49021462124326953
Epoch 7/50
Average Loss: 0.4071668619694917
Epoch 8/50
Average Loss: 0.3486111669436745
Epoch 9/50
Average Loss: 0.3053452139315398
Epoch 10/50
Average Loss: 0.27214081391044287
Epoch 11/50
Average Loss: 0.24652210137118463
Epoch 12/50
Average Loss: 0.22612072397833285
Epoch 13/50
Average Loss: 0.2089443802833557
Epoch 14/50
Average Loss: 0.19519621652105582
Epoch 15/50
Average Loss: 0.1835856716270032
Epoch 16/50
Average Loss: 0.17358705530995908
Epoch 17/50
Average Loss: 0.164711260277292
Epoch 18/50
Average Loss: 0.1580485066641932
Epoch 19/50
Average Loss: 0.15140012943226358
Epoch 20/50
Average Loss: 0.14515774405520895
Epoch 21/50
Average Loss: 0.14082231599351633
Epoch 22/50
Average Loss: 0.13629876660264056
Epoch 23/50
Average Loss: 0.13222798705101013
Epoch 24/50
Average Loss: 0.12782077556071075
Epoch 25/50
Average Loss: 0.12384616518798082
Epoch 26/50
Average Loss: 0.12063716740711876
Epoch 27/50
Average Loss: 0.11718297976514568
Epoch 28/50
Average Loss: 0.11491593070652174
Epoch 29/50
Average Loss: 0.11328114504399507
Epoch 30/50
Average Loss: 0.11034449546233467
Epoch 31/50
Average Loss: 0.10824096300031828
Epoch 32/50
Average Loss: 0.10668757655050444
Epoch 33/50
Average Loss: 0.10552732030982556
Epoch 34/50
Average Loss: 0.10392704800419185
Epoch 35/50
Average Loss: 0.10195575330568396
Epoch 36/50
Average Loss: 0.10074708481197772
Epoch 37/50
Average Loss: 0.09920242914687032
Epoch 38/50
Average Loss: 0.0980266471919806
Epoch 39/50
Average Loss: 0.09787587756695955
Epoch 40/50
Average Loss: 0.09632180015677991
Epoch 41/50
Average Loss: 0.09594808194948279
Epoch 42/50
Average Loss: 0.09486969884323038
Epoch 43/50
Average Loss: 0.09414777256872343
Epoch 44/50
Average Loss: 0.09376169579184573
Epoch 45/50
Average Loss: 0.09300544728403506
Epoch 46/50
Average Loss: 0.09200506236242212
Epoch 47/50
Average Loss: 0.09168384612902351
Epoch 48/50
Average Loss: 0.09102238163999889
Epoch 49/50
Average Loss: 0.09113794273656348
Patience Counter: 1
Epoch 50/50
Average Loss: 0.08993204423914784
C-Index on Test Data: 0.565
C-Index on Test Data: 0.576
Current trial C-index: 0.5650, Previously saved model C-index: 0.5760
C-Index on Test Data: 0.565
Using GPU: cuda:2
Running trial number 4 for ExperimentScenario.FOUR_FEATURES on device cuda:2
Train data path /home/minhn2/uiuc-kidney-failure/generated_data/rep99/four_features_train_data.csv
Test data path /home/minhn2/uiuc-kidney-failure/generated_data/rep99/four_features_test_data.csv
Number of patients: test 345 and train 500
Number of records: test 3667 and train 5806
Epoch 1/50
Average Loss: 154.80723704462466
Epoch 2/50
Average Loss: 151.83072629182234
Epoch 3/50
Average Loss: 148.27302219556725
Epoch 4/50
Average Loss: 145.1134192425272
Epoch 5/50
Average Loss: 141.9169351328974
Epoch 6/50
Average Loss: 138.459728738536
Epoch 7/50
Average Loss: 134.86170296047044
Epoch 8/50
Average Loss: 131.2107630190642
Epoch 9/50
Average Loss: 126.84916952381964
Epoch 10/50
Average Loss: 122.08141658617103
Epoch 11/50
Average Loss: 117.19931494671366
Epoch 12/50
Average Loss: 112.25531403914742
Epoch 13/50
Average Loss: 106.87887871783713
Epoch 14/50
Average Loss: 101.96879610808
Epoch 15/50
Average Loss: 97.28816919741423
Epoch 16/50
Average Loss: 91.94551583994989
Epoch 17/50
Average Loss: 87.52230768618377
Epoch 18/50
Average Loss: 83.29114996868631
Epoch 19/50
Average Loss: 79.29488571830417
Epoch 20/50
Average Loss: 74.89436605702276
Epoch 21/50
Average Loss: 70.61174973197605
Epoch 22/50
Average Loss: 67.25921199632728
Epoch 23/50
Average Loss: 64.04100119549295
Epoch 24/50
Average Loss: 60.52924363509469
Epoch 25/50
Average Loss: 57.453974516495414
Epoch 26/50
Average Loss: 54.741022856339164
Epoch 27/50
Average Loss: 51.88484357750934
Epoch 28/50
Average Loss: 48.57394790649414
Epoch 29/50
Average Loss: 45.50178776616635
Epoch 30/50
Average Loss: 42.48655335799508
Epoch 31/50
Average Loss: 39.844350566034734
Epoch 32/50
Average Loss: 37.84065080725628
Epoch 33/50
Average Loss: 35.84968898607337
Epoch 34/50
Average Loss: 33.845122627590015
Epoch 35/50
Average Loss: 32.14742262467094
Epoch 36/50
Average Loss: 30.5234665248705
Epoch 37/50
Average Loss: 29.07993233722189
Epoch 38/50
Average Loss: 27.582289405491043
Epoch 39/50
Average Loss: 26.124446454255477
Epoch 40/50
Average Loss: 24.585191560828168
Epoch 41/50
Average Loss: 23.160867608111836
Epoch 42/50
Average Loss: 21.982150285140328
Epoch 43/50
Average Loss: 21.061862199202828
Epoch 44/50
Average Loss: 20.16141344153363
Epoch 45/50
Average Loss: 19.265911931576937
Epoch 46/50
Average Loss: 18.311211046965227
Epoch 47/50
Average Loss: 17.53670369023862
Epoch 48/50
Average Loss: 16.88414523912513
Epoch 49/50
Average Loss: 16.171305822289508
Epoch 50/50
Average Loss: 15.535254395526389
C-Index on Test Data: 0.582
C-Index on Test Data: 0.576
Current trial C-index: 0.5820, Previously saved model C-index: 0.5760
Current model performs better, saving it...
C-Index on Test Data: 0.582
Using GPU: cuda:6
Running trial number 5 for ExperimentScenario.FOUR_FEATURES on device cuda:6
Train data path /home/minhn2/uiuc-kidney-failure/generated_data/rep99/four_features_train_data.csv
Test data path /home/minhn2/uiuc-kidney-failure/generated_data/rep99/four_features_test_data.csv
Number of patients: test 345 and train 500
Number of records: test 3667 and train 5806
Epoch 1/50
Average Loss: 86.72746542225714
Epoch 2/50
Average Loss: 83.36363717784052
Epoch 3/50
Average Loss: 78.1864298944888
Epoch 4/50
Average Loss: 69.0739565310271
Epoch 5/50
Average Loss: 55.40752626501995
Epoch 6/50
Average Loss: 39.689634903617524
Epoch 7/50
Average Loss: 26.903041507886805
Epoch 8/50
Average Loss: 18.121095947597336
Epoch 9/50
Average Loss: 12.67870053001072
Epoch 10/50
Average Loss: 9.34237181622049
Epoch 11/50
Average Loss: 7.082989360975183
Epoch 12/50
Average Loss: 5.587610845980437
Epoch 13/50
Average Loss: 4.5632577149764355
Epoch 14/50
Average Loss: 3.829910589301068
Epoch 15/50
Average Loss: 3.2378135245779287
Epoch 16/50
Average Loss: 2.800855408544126
Epoch 17/50
Average Loss: 2.4670872169992197
Epoch 18/50
Average Loss: 2.1931945551996646
Epoch 19/50
Average Loss: 1.970436640407728
Epoch 20/50
Average Loss: 1.7760698639828225
Epoch 21/50
Average Loss: 1.6172925596651824
Epoch 22/50
Average Loss: 1.4852704379869544
Epoch 23/50
Average Loss: 1.3718366985735686
Epoch 24/50
Average Loss: 1.2734733560810918
Epoch 25/50
Average Loss: 1.1874588572460671
Epoch 26/50
Average Loss: 1.1097721224245818
Epoch 27/50
Average Loss: 1.0344243593837903
Epoch 28/50
Average Loss: 0.9714934463086335
Epoch 29/50
Average Loss: 0.9181479137876759
Epoch 30/50
Average Loss: 0.867869408234306
Epoch 31/50
Average Loss: 0.8251864314079285
Epoch 32/50
Average Loss: 0.7866149985271952
Epoch 33/50
Average Loss: 0.7511524169341378
Epoch 34/50
Average Loss: 0.7180889689404032
Epoch 35/50
Average Loss: 0.6881687381993169
Epoch 36/50
Average Loss: 0.6613737811212954
Epoch 37/50
Average Loss: 0.6364839310231416
Epoch 38/50
Average Loss: 0.6125027381855509
Epoch 39/50
Average Loss: 0.5912376357161481
Epoch 40/50
Average Loss: 0.5726748497589774
Epoch 41/50
Average Loss: 0.5529999162839807
Epoch 42/50
Average Loss: 0.5351180239864017
Epoch 43/50
Average Loss: 0.5203516923862955
Epoch 44/50
Average Loss: 0.505722111981848
Epoch 45/50
Average Loss: 0.491477704566458
Epoch 46/50
Average Loss: 0.47734133445698285
Epoch 47/50
Average Loss: 0.4654744422954062
Epoch 48/50
Average Loss: 0.4536687861318174
Epoch 49/50
Average Loss: 0.44280276609503705
Epoch 50/50
Average Loss: 0.43117622577625775
C-Index on Test Data: 0.53
C-Index on Test Data: 0.582
Current trial C-index: 0.5300, Previously saved model C-index: 0.5820
C-Index on Test Data: 0.53
Using GPU: cuda:5
Running trial number 6 for ExperimentScenario.FOUR_FEATURES on device cuda:5
Train data path /home/minhn2/uiuc-kidney-failure/generated_data/rep99/four_features_train_data.csv
Test data path /home/minhn2/uiuc-kidney-failure/generated_data/rep99/four_features_test_data.csv
Number of patients: test 345 and train 500
Number of records: test 3667 and train 5806
Epoch 1/50
Average Loss: 229.47965339992356
Epoch 2/50
Average Loss: 228.84023450768512
Epoch 3/50
Average Loss: 228.14210311226222
Epoch 4/50
Average Loss: 227.30343097189197
Epoch 5/50
Average Loss: 226.28032253099525
Epoch 6/50
Average Loss: 225.04031438412875
Epoch 7/50
Average Loss: 223.5033668849779
Epoch 8/50
Average Loss: 221.5577903415846
Epoch 9/50
Average Loss: 219.17727727475375
Epoch 10/50
Average Loss: 216.14371589992356
Epoch 11/50
Average Loss: 212.4526665729025
Epoch 12/50
Average Loss: 207.81618731954822
Epoch 13/50
Average Loss: 202.07937622070312
Epoch 14/50
Average Loss: 194.96151069972825
Epoch 15/50
Average Loss: 186.51403675908628
Epoch 16/50
Average Loss: 176.3192603069803
Epoch 17/50
Average Loss: 164.61462004288384
Epoch 18/50
Average Loss: 151.8455352783203
Epoch 19/50
Average Loss: 138.42876069442084
Epoch 20/50
Average Loss: 125.51734260890795
Epoch 21/50
Average Loss: 113.51089610224184
Epoch 22/50
Average Loss: 102.31786678148353
Epoch 23/50
Average Loss: 91.82643459154212
Epoch 24/50
Average Loss: 82.40227873429008
Epoch 25/50
Average Loss: 74.02202838400136
Epoch 26/50
Average Loss: 66.61369672028914
Epoch 27/50
Average Loss: 60.13056995557702
Epoch 28/50
Average Loss: 54.441581891930625
Epoch 29/50
Average Loss: 49.6344866545304
Epoch 30/50
Average Loss: 45.31541359942892
Epoch 31/50
Average Loss: 41.5783346424932
Epoch 32/50
Average Loss: 38.27301605888035
Epoch 33/50
Average Loss: 35.30465499214504
Epoch 34/50
Average Loss: 32.59647560119629
Epoch 35/50
Average Loss: 30.181131114130434
Epoch 36/50
Average Loss: 28.118384568587594
Epoch 37/50
Average Loss: 26.276577742203422
Epoch 38/50
Average Loss: 24.606730336728305
Epoch 39/50
Average Loss: 23.086591554724652
Epoch 40/50
Average Loss: 21.706985058991805
Epoch 41/50
Average Loss: 20.456023423568062
Epoch 42/50
Average Loss: 19.315244923467223
Epoch 43/50
Average Loss: 18.267983643904977
Epoch 44/50
Average Loss: 17.295860953952957
Epoch 45/50
Average Loss: 16.39590661422066
Epoch 46/50
Average Loss: 15.575447911801545
Epoch 47/50
Average Loss: 14.820422545723293
Epoch 48/50
Average Loss: 14.121061408001443
Epoch 49/50
Average Loss: 13.473570409028426
Epoch 50/50
Average Loss: 12.867427203966225
C-Index on Test Data: 0.533
C-Index on Test Data: 0.582
Current trial C-index: 0.5330, Previously saved model C-index: 0.5820
C-Index on Test Data: 0.533
Using GPU: cuda:3
Running trial number 7 for ExperimentScenario.FOUR_FEATURES on device cuda:3
Train data path /home/minhn2/uiuc-kidney-failure/generated_data/rep99/four_features_train_data.csv
Test data path /home/minhn2/uiuc-kidney-failure/generated_data/rep99/four_features_test_data.csv
Number of patients: test 345 and train 500
Number of records: test 3667 and train 5806
Epoch 1/50
Average Loss: 33.10966757069463
Epoch 2/50
Average Loss: 32.015964176343836
Epoch 3/50
Average Loss: 28.899756638900094
Epoch 4/50
Average Loss: 20.751498056494672
Epoch 5/50
Average Loss: 9.626245768173881
Epoch 6/50
Average Loss: 3.601940103199171
Epoch 7/50
Average Loss: 1.6876616996267568
Epoch 8/50
Average Loss: 1.0202132515285327
Epoch 9/50
Average Loss: 0.712903795034989
Epoch 10/50
Average Loss: 0.545560703329418
Epoch 11/50
Average Loss: 0.44531781258790387
Epoch 12/50
Average Loss: 0.37848582993382995
Epoch 13/50
Average Loss: 0.32943595751472143
Epoch 14/50
Average Loss: 0.2913680957711261
Epoch 15/50
Average Loss: 0.26200163817924
Epoch 16/50
Average Loss: 0.2391562941281692
Epoch 17/50
Average Loss: 0.2198724610650021
Epoch 18/50
Average Loss: 0.20479059932024582
Epoch 19/50
Average Loss: 0.19228861318982166
Epoch 20/50
Average Loss: 0.18169305311596912
Epoch 21/50
Average Loss: 0.17285098070683685
Epoch 22/50
Average Loss: 0.16454997593941895
Epoch 23/50
Average Loss: 0.15753538776998935
Epoch 24/50
Average Loss: 0.15149229570575382
Epoch 25/50
Average Loss: 0.14608133454685626
Epoch 26/50
Average Loss: 0.1410563073080519
Epoch 27/50
Average Loss: 0.13665811847085538
Epoch 28/50
Average Loss: 0.13275772786658743
Epoch 29/50
Average Loss: 0.12963686332754468
Epoch 30/50
Average Loss: 0.1264392895543057
Epoch 31/50
Average Loss: 0.12329589672710585
Epoch 32/50
Average Loss: 0.12107290197973666
Epoch 33/50
Average Loss: 0.1183025053013926
Epoch 34/50
Average Loss: 0.1160626787206401
Epoch 35/50
Average Loss: 0.11347885559434476
Epoch 36/50
Average Loss: 0.11221566958271939
Epoch 37/50
Average Loss: 0.10986241277145303
Epoch 38/50
Average Loss: 0.10834526497384776
Epoch 39/50
Average Loss: 0.10699311805808026
Epoch 40/50
Average Loss: 0.10522502531176028
Epoch 41/50
Average Loss: 0.10401315144870592
Epoch 42/50
Average Loss: 0.10272068951440894
Epoch 43/50
Average Loss: 0.1015945465668388
Epoch 44/50
Average Loss: 0.10034723353126775
Epoch 45/50
Average Loss: 0.09966147334679314
Epoch 46/50
Average Loss: 0.09796036164397778
Epoch 47/50
Average Loss: 0.09710663233114325
Epoch 48/50
Average Loss: 0.09652952493532845
Epoch 49/50
Average Loss: 0.09550943517166635
Epoch 50/50
Average Loss: 0.09447943062885948
C-Index on Test Data: 0.55
C-Index on Test Data: 0.582
Current trial C-index: 0.5500, Previously saved model C-index: 0.5820
C-Index on Test Data: 0.55
Using GPU: cuda:5
Running trial number 8 for ExperimentScenario.FOUR_FEATURES on device cuda:5
Train data path /home/minhn2/uiuc-kidney-failure/generated_data/rep99/four_features_train_data.csv
Test data path /home/minhn2/uiuc-kidney-failure/generated_data/rep99/four_features_test_data.csv
Number of patients: test 345 and train 500
Number of records: test 3667 and train 5806
Epoch 1/50
Average Loss: 32.74738480733789
Epoch 2/50
Average Loss: 0.7829383339570917
Epoch 3/50
Average Loss: 0.12677277916151544
Epoch 4/50
Average Loss: 0.06728564818268237
Epoch 5/50
Average Loss: 0.0569859660514023
Epoch 6/50
Average Loss: 0.05195754993221034
Epoch 7/50
Average Loss: 0.04864088883218558
Epoch 8/50
Average Loss: 0.04596992306735204
Epoch 9/50
Average Loss: 0.043996300062407616
Epoch 10/50
Average Loss: 0.0422648678979148
Epoch 11/50
Average Loss: 0.04079343799663627
Epoch 12/50
Average Loss: 0.03951936668675879
Epoch 13/50
Average Loss: 0.03850121933804906
Epoch 14/50
Average Loss: 0.037747994227253875
Epoch 15/50
Average Loss: 0.03703311158587103
Epoch 16/50
Average Loss: 0.03657600429394971
Epoch 17/50
Average Loss: 0.036209187915791634
Epoch 18/50
Average Loss: 0.03575867819397346
Epoch 19/50
Average Loss: 0.03552032667009727
Epoch 20/50
Average Loss: 0.035243299992188164
Epoch 21/50
Average Loss: 0.035082021890127144
Epoch 22/50
Average Loss: 0.034758502698462944
Epoch 23/50
Average Loss: 0.03466439295722091
Epoch 24/50
Average Loss: 0.0344850550527158
Epoch 25/50
Average Loss: 0.0342184765993253
Epoch 26/50
Average Loss: 0.0341351716576711
Epoch 27/50
Average Loss: 0.03379629252721434
Epoch 28/50
Average Loss: 0.03386012950669164
Patience Counter: 1
Epoch 29/50
Average Loss: 0.03377552500561527
Epoch 30/50
Average Loss: 0.03357221736856129
Epoch 31/50
Average Loss: 0.033469057358477425
Epoch 32/50
Average Loss: 0.033462761050981026
Epoch 33/50
Average Loss: 0.033179711469489594
Epoch 34/50
Average Loss: 0.03352735952838608
Patience Counter: 1
Epoch 35/50
Average Loss: 0.033094035137606705
Epoch 36/50
Average Loss: 0.03330991838289344
Patience Counter: 1
Epoch 37/50
Average Loss: 0.0330541220534107
Epoch 38/50
Average Loss: 0.03326626842760522
Patience Counter: 1
Epoch 39/50
Average Loss: 0.0330608276569325
Patience Counter: 2
Epoch 40/50
Average Loss: 0.032673826441168785
Epoch 41/50
Average Loss: 0.03265932712541974
Epoch 42/50
Average Loss: 0.03263272264081499
Epoch 43/50
Average Loss: 0.033034490826337234
Patience Counter: 1
Epoch 44/50
Average Loss: 0.032701252676222634
Patience Counter: 2
Epoch 45/50
Average Loss: 0.032977185090598854
Patience Counter: 3
Epoch 46/50
Average Loss: 0.03249385450845179
Epoch 47/50
Average Loss: 0.03261492579527523
Patience Counter: 1
Epoch 48/50
Average Loss: 0.03265268825318502
Patience Counter: 2
Epoch 49/50
Average Loss: 0.032512350007891655
Patience Counter: 3
Epoch 50/50
Average Loss: 0.03257362528339676
Patience Counter: 4
C-Index on Test Data: 0.476
C-Index on Test Data: 0.582
Current trial C-index: 0.4760, Previously saved model C-index: 0.5820
C-Index on Test Data: 0.476
Using GPU: cuda:1
Running trial number 9 for ExperimentScenario.FOUR_FEATURES on device cuda:1
Train data path /home/minhn2/uiuc-kidney-failure/generated_data/rep99/four_features_train_data.csv
Test data path /home/minhn2/uiuc-kidney-failure/generated_data/rep99/four_features_test_data.csv
Number of patients: test 345 and train 500
Number of records: test 3667 and train 5806
Epoch 1/50
Average Loss: 13.970040155493695
Epoch 2/50
Average Loss: 4.974758096363233
Epoch 3/50
Average Loss: 1.0223360709522082
Epoch 4/50
Average Loss: 0.4107863941918249
Epoch 5/50
Average Loss: 0.2717273073351901
Epoch 6/50
Average Loss: 0.21396047200845636
Epoch 7/50
Average Loss: 0.18266126902207083
Epoch 8/50
Average Loss: 0.1629571221444918
Epoch 9/50
Average Loss: 0.1498140478911607
Epoch 10/50
Average Loss: 0.13957040627365527
Epoch 11/50
Average Loss: 0.13247398999722107
Epoch 12/50
Average Loss: 0.1267100238929624
Epoch 13/50
Average Loss: 0.12198156831057175
Epoch 14/50
Average Loss: 0.11973476021186165
Epoch 15/50
Average Loss: 0.11541023234958234
Epoch 16/50
Average Loss: 0.11283461846735167
Epoch 17/50
Average Loss: 0.1114284907994063
Epoch 18/50
Average Loss: 0.10920415267996166
Epoch 19/50
Average Loss: 0.10801236396250517
Epoch 20/50
Average Loss: 0.1072555718862492
Epoch 21/50
Average Loss: 0.10629513309053752
Epoch 22/50
Average Loss: 0.10463634036157442
Epoch 23/50
Average Loss: 0.10407580921183461
Epoch 24/50
Average Loss: 0.10329161454801974
Epoch 25/50
Average Loss: 0.10208257887026538
Epoch 26/50
Average Loss: 0.10250875936902087
Patience Counter: 1
Epoch 27/50
Average Loss: 0.1012925690282946
Epoch 28/50
Average Loss: 0.10154058330732843
Patience Counter: 1
Epoch 29/50
Average Loss: 0.10103689555240714
Epoch 30/50
Average Loss: 0.09996700286865234
Epoch 31/50
Average Loss: 0.10037290175323901
Patience Counter: 1
Epoch 32/50
Average Loss: 0.10023023220507996
Patience Counter: 2
Epoch 33/50
Average Loss: 0.09906550917936408
Epoch 34/50
Average Loss: 0.09947177897328915
Patience Counter: 1
Epoch 35/50
Average Loss: 0.09925026543762373
Patience Counter: 2
Epoch 36/50
Average Loss: 0.09874359064775964
Epoch 37/50
Average Loss: 0.09867192950585614
Epoch 38/50
Average Loss: 0.09884714302809341
Patience Counter: 1
Epoch 39/50
Average Loss: 0.0983381264883539
Epoch 40/50
Average Loss: 0.09842283958974092
Patience Counter: 1
Epoch 41/50
Average Loss: 0.09832366523535355
Epoch 42/50
Average Loss: 0.09777152991813162
Epoch 43/50
Average Loss: 0.09763767084349757
Epoch 44/50
Average Loss: 0.09818919618492541
Patience Counter: 1
Epoch 45/50
Average Loss: 0.09751719981431961
Epoch 46/50
Average Loss: 0.09724836181039395
Epoch 47/50
Average Loss: 0.09731482228507167
Patience Counter: 1
Epoch 48/50
Average Loss: 0.09718996918071872
Epoch 49/50
Average Loss: 0.09746202615940053
Patience Counter: 1
Epoch 50/50
Average Loss: 0.09691687770511793
C-Index on Test Data: 0.527
C-Index on Test Data: 0.582
Current trial C-index: 0.5270, Previously saved model C-index: 0.5820
C-Index on Test Data: 0.527
Number of finished trials:  10
Best trial:
Best hyperparameters: {'num_time_intervals': 44, 'embedding_size': 72, 'num_embedding_layers': 1, 'hidden_dims': 113, 'num_recurrent_layers': 1, 'learning_rate': 1.6627368377458493e-05, 'cross_entropy_loss_weight': 0.6559442411390795}
C-Index on Test Data: 0.551
Integrated Brier Score Test: 0.71
✗ rnnsurv/four_features failed:
Traceback (most recent call last):
  File "/home/minhn2/uiuc-kidney-failure/pkgs/scripts/run_stage2_new_scenarios.py", line 56, in main
    fn(scenario)
  File "/home/minhn2/uiuc-kidney-failure/pkgs/experiments/rnnsurv.py", line 238, in run
    _, mean_auc = cumulative_dynamic_auc(y_train, y_test, test_risk_scores.cpu().numpy(), times)
                  ^^^^^^^^^^^^^^^^^^^^^^^^^^^^^^^^^^^^^^^^^^^^^^^^^^^^^^^^^^^^^^^^^^^^^^^^^^^^^^
  File "/home/minhn2/miniconda3/envs/minhn2/lib/python3.12/site-packages/sksurv/metrics.py", line 459, in cumulative_dynamic_auc
    ipcw = cens.predict_ipcw(survival_test)
           ^^^^^^^^^^^^^^^^^^^^^^^^^^^^^^^^
  File "/home/minhn2/miniconda3/envs/minhn2/lib/python3.12/site-packages/sksurv/nonparametric.py", line 583, in predict_ipcw
    raise ValueError("censoring survival function is zero at one or more time points")
ValueError: censoring survival function is zero at one or more time points
==================== Running rnnsurv/eight_features ====================
[I 2026-08-22 14:29:16,721] A new study created in memory with name: no-name-010840a7-5268-4e34-bb3f-ac1fbc024188
[I 2026-08-22 14:30:42,605] Trial 0 finished with value: 0.489 and parameters: {'num_time_intervals': 36, 'embedding_size': 84, 'num_embedding_layers': 1, 'hidden_dims': 203, 'num_recurrent_layers': 2, 'learning_rate': 1.5538973373997228e-05, 'cross_entropy_loss_weight': 0.6908283506689094}. Best is trial 0 with value: 0.489.
/home/minhn2/uiuc-kidney-failure/pkgs/experiments/rnnsurv.py:169: FutureWarning: You are using `torch.load` with `weights_only=False` (the current default value), which uses the default pickle module implicitly. It is possible to construct malicious pickle data which will execute arbitrary code during unpickling (See https://github.com/pytorch/pytorch/blob/main/SECURITY.md#untrusted-models for more details). In a future release, the default value for `weights_only` will be flipped to `True`. This limits the functions that could be executed during unpickling. Arbitrary objects will no longer be allowed to be loaded via this mode unless they are explicitly allowlisted by the user via `torch.serialization.add_safe_globals`. We recommend you start setting `weights_only=True` for any use case where you don't have full control of the loaded file. Please open an issue on GitHub for any issues related to this experimental feature.
  saved_model = torch.load(model_saved_path, map_location=device)
[I 2026-08-22 14:32:00,722] Trial 1 finished with value: 0.422 and parameters: {'num_time_intervals': 18, 'embedding_size': 112, 'num_embedding_layers': 1, 'hidden_dims': 174, 'num_recurrent_layers': 3, 'learning_rate': 0.00013501553848134469, 'cross_entropy_loss_weight': 0.21270623381633522}. Best is trial 0 with value: 0.489.
/home/minhn2/uiuc-kidney-failure/pkgs/experiments/rnnsurv.py:169: FutureWarning: You are using `torch.load` with `weights_only=False` (the current default value), which uses the default pickle module implicitly. It is possible to construct malicious pickle data which will execute arbitrary code during unpickling (See https://github.com/pytorch/pytorch/blob/main/SECURITY.md#untrusted-models for more details). In a future release, the default value for `weights_only` will be flipped to `True`. This limits the functions that could be executed during unpickling. Arbitrary objects will no longer be allowed to be loaded via this mode unless they are explicitly allowlisted by the user via `torch.serialization.add_safe_globals`. We recommend you start setting `weights_only=True` for any use case where you don't have full control of the loaded file. Please open an issue on GitHub for any issues related to this experimental feature.
  saved_model = torch.load(model_saved_path, map_location=device)
[I 2026-08-22 14:33:23,551] Trial 2 finished with value: 0.538 and parameters: {'num_time_intervals': 25, 'embedding_size': 34, 'num_embedding_layers': 3, 'hidden_dims': 192, 'num_recurrent_layers': 1, 'learning_rate': 0.0008622390989769078, 'cross_entropy_loss_weight': 0.17313359786094856}. Best is trial 2 with value: 0.538.
/home/minhn2/uiuc-kidney-failure/pkgs/experiments/rnnsurv.py:169: FutureWarning: You are using `torch.load` with `weights_only=False` (the current default value), which uses the default pickle module implicitly. It is possible to construct malicious pickle data which will execute arbitrary code during unpickling (See https://github.com/pytorch/pytorch/blob/main/SECURITY.md#untrusted-models for more details). In a future release, the default value for `weights_only` will be flipped to `True`. This limits the functions that could be executed during unpickling. Arbitrary objects will no longer be allowed to be loaded via this mode unless they are explicitly allowlisted by the user via `torch.serialization.add_safe_globals`. We recommend you start setting `weights_only=True` for any use case where you don't have full control of the loaded file. Please open an issue on GitHub for any issues related to this experimental feature.
  saved_model = torch.load(model_saved_path, map_location=device)
[I 2026-08-22 14:34:49,353] Trial 3 finished with value: 0.483 and parameters: {'num_time_intervals': 37, 'embedding_size': 81, 'num_embedding_layers': 2, 'hidden_dims': 95, 'num_recurrent_layers': 1, 'learning_rate': 4.442471575446063e-05, 'cross_entropy_loss_weight': 0.7767701090615586}. Best is trial 2 with value: 0.538.
/home/minhn2/uiuc-kidney-failure/pkgs/experiments/rnnsurv.py:169: FutureWarning: You are using `torch.load` with `weights_only=False` (the current default value), which uses the default pickle module implicitly. It is possible to construct malicious pickle data which will execute arbitrary code during unpickling (See https://github.com/pytorch/pytorch/blob/main/SECURITY.md#untrusted-models for more details). In a future release, the default value for `weights_only` will be flipped to `True`. This limits the functions that could be executed during unpickling. Arbitrary objects will no longer be allowed to be loaded via this mode unless they are explicitly allowlisted by the user via `torch.serialization.add_safe_globals`. We recommend you start setting `weights_only=True` for any use case where you don't have full control of the loaded file. Please open an issue on GitHub for any issues related to this experimental feature.
  saved_model = torch.load(model_saved_path, map_location=device)
[I 2026-08-22 14:36:12,243] Trial 4 finished with value: 0.499 and parameters: {'num_time_intervals': 23, 'embedding_size': 76, 'num_embedding_layers': 1, 'hidden_dims': 228, 'num_recurrent_layers': 1, 'learning_rate': 7.657978897576956e-05, 'cross_entropy_loss_weight': 0.2836683241739113}. Best is trial 2 with value: 0.538.
/home/minhn2/uiuc-kidney-failure/pkgs/experiments/rnnsurv.py:169: FutureWarning: You are using `torch.load` with `weights_only=False` (the current default value), which uses the default pickle module implicitly. It is possible to construct malicious pickle data which will execute arbitrary code during unpickling (See https://github.com/pytorch/pytorch/blob/main/SECURITY.md#untrusted-models for more details). In a future release, the default value for `weights_only` will be flipped to `True`. This limits the functions that could be executed during unpickling. Arbitrary objects will no longer be allowed to be loaded via this mode unless they are explicitly allowlisted by the user via `torch.serialization.add_safe_globals`. We recommend you start setting `weights_only=True` for any use case where you don't have full control of the loaded file. Please open an issue on GitHub for any issues related to this experimental feature.
  saved_model = torch.load(model_saved_path, map_location=device)
[I 2026-08-22 14:37:31,821] Trial 5 finished with value: 0.435 and parameters: {'num_time_intervals': 17, 'embedding_size': 48, 'num_embedding_layers': 1, 'hidden_dims': 69, 'num_recurrent_layers': 3, 'learning_rate': 0.00010718935088693362, 'cross_entropy_loss_weight': 0.7914902384577344}. Best is trial 2 with value: 0.538.
/home/minhn2/uiuc-kidney-failure/pkgs/experiments/rnnsurv.py:169: FutureWarning: You are using `torch.load` with `weights_only=False` (the current default value), which uses the default pickle module implicitly. It is possible to construct malicious pickle data which will execute arbitrary code during unpickling (See https://github.com/pytorch/pytorch/blob/main/SECURITY.md#untrusted-models for more details). In a future release, the default value for `weights_only` will be flipped to `True`. This limits the functions that could be executed during unpickling. Arbitrary objects will no longer be allowed to be loaded via this mode unless they are explicitly allowlisted by the user via `torch.serialization.add_safe_globals`. We recommend you start setting `weights_only=True` for any use case where you don't have full control of the loaded file. Please open an issue on GitHub for any issues related to this experimental feature.
  saved_model = torch.load(model_saved_path, map_location=device)
[I 2026-08-22 14:38:52,997] Trial 6 finished with value: 0.598 and parameters: {'num_time_intervals': 21, 'embedding_size': 50, 'num_embedding_layers': 3, 'hidden_dims': 68, 'num_recurrent_layers': 1, 'learning_rate': 1.0627826876216429e-05, 'cross_entropy_loss_weight': 0.760556315573926}. Best is trial 6 with value: 0.598.
/home/minhn2/uiuc-kidney-failure/pkgs/experiments/rnnsurv.py:169: FutureWarning: You are using `torch.load` with `weights_only=False` (the current default value), which uses the default pickle module implicitly. It is possible to construct malicious pickle data which will execute arbitrary code during unpickling (See https://github.com/pytorch/pytorch/blob/main/SECURITY.md#untrusted-models for more details). In a future release, the default value for `weights_only` will be flipped to `True`. This limits the functions that could be executed during unpickling. Arbitrary objects will no longer be allowed to be loaded via this mode unless they are explicitly allowlisted by the user via `torch.serialization.add_safe_globals`. We recommend you start setting `weights_only=True` for any use case where you don't have full control of the loaded file. Please open an issue on GitHub for any issues related to this experimental feature.
  saved_model = torch.load(model_saved_path, map_location=device)
[I 2026-08-22 14:39:34,250] Trial 7 finished with value: 0.553 and parameters: {'num_time_intervals': 10, 'embedding_size': 89, 'num_embedding_layers': 3, 'hidden_dims': 102, 'num_recurrent_layers': 2, 'learning_rate': 0.0005595381168490922, 'cross_entropy_loss_weight': 0.8919208795975265}. Best is trial 6 with value: 0.598.
/home/minhn2/uiuc-kidney-failure/pkgs/experiments/rnnsurv.py:169: FutureWarning: You are using `torch.load` with `weights_only=False` (the current default value), which uses the default pickle module implicitly. It is possible to construct malicious pickle data which will execute arbitrary code during unpickling (See https://github.com/pytorch/pytorch/blob/main/SECURITY.md#untrusted-models for more details). In a future release, the default value for `weights_only` will be flipped to `True`. This limits the functions that could be executed during unpickling. Arbitrary objects will no longer be allowed to be loaded via this mode unless they are explicitly allowlisted by the user via `torch.serialization.add_safe_globals`. We recommend you start setting `weights_only=True` for any use case where you don't have full control of the loaded file. Please open an issue on GitHub for any issues related to this experimental feature.
  saved_model = torch.load(model_saved_path, map_location=device)
[I 2026-08-22 14:40:51,554] Trial 8 finished with value: 0.564 and parameters: {'num_time_intervals': 16, 'embedding_size': 83, 'num_embedding_layers': 3, 'hidden_dims': 247, 'num_recurrent_layers': 2, 'learning_rate': 0.00018073773892395576, 'cross_entropy_loss_weight': 0.6339281603395671}. Best is trial 6 with value: 0.598.
/home/minhn2/uiuc-kidney-failure/pkgs/experiments/rnnsurv.py:169: FutureWarning: You are using `torch.load` with `weights_only=False` (the current default value), which uses the default pickle module implicitly. It is possible to construct malicious pickle data which will execute arbitrary code during unpickling (See https://github.com/pytorch/pytorch/blob/main/SECURITY.md#untrusted-models for more details). In a future release, the default value for `weights_only` will be flipped to `True`. This limits the functions that could be executed during unpickling. Arbitrary objects will no longer be allowed to be loaded via this mode unless they are explicitly allowlisted by the user via `torch.serialization.add_safe_globals`. We recommend you start setting `weights_only=True` for any use case where you don't have full control of the loaded file. Please open an issue on GitHub for any issues related to this experimental feature.
  saved_model = torch.load(model_saved_path, map_location=device)
[I 2026-08-22 14:42:14,992] Trial 9 finished with value: 0.48 and parameters: {'num_time_intervals': 30, 'embedding_size': 128, 'num_embedding_layers': 3, 'hidden_dims': 81, 'num_recurrent_layers': 3, 'learning_rate': 2.7423590680566266e-05, 'cross_entropy_loss_weight': 0.47566868497067993}. Best is trial 6 with value: 0.598.
Using GPU: cuda:7
Train data path /home/minhn2/uiuc-kidney-failure/generated_data/rep99/eight_features_train_data.csv
Test data path /home/minhn2/uiuc-kidney-failure/generated_data/rep99/eight_features_test_data.csv
Number of patients: test 243 and train 400
Number of records: test 1100 and train 1856
Running Optuna hyperparameter optimization
Using GPU: cuda:2
Running trial number 0 for ExperimentScenario.EIGHT_FEATURES on device cuda:2
Train data path /home/minhn2/uiuc-kidney-failure/generated_data/rep99/eight_features_train_data.csv
Test data path /home/minhn2/uiuc-kidney-failure/generated_data/rep99/eight_features_test_data.csv
Number of patients: test 243 and train 400
Number of records: test 1100 and train 1856
Epoch 1/50
Average Loss: 92.85105514526367
Epoch 2/50
Average Loss: 92.52641201019287
Epoch 3/50
Average Loss: 92.20281600952148
Epoch 4/50
Average Loss: 91.8871660232544
Epoch 5/50
Average Loss: 91.56539058685303
Epoch 6/50
Average Loss: 91.22006702423096
Epoch 7/50
Average Loss: 90.86421298980713
Epoch 8/50
Average Loss: 90.47738838195801
Epoch 9/50
Average Loss: 90.00966358184814
Epoch 10/50
Average Loss: 89.56240940093994
Epoch 11/50
Average Loss: 89.11270427703857
Epoch 12/50
Average Loss: 88.6158676147461
Epoch 13/50
Average Loss: 88.09062194824219
Epoch 14/50
Average Loss: 87.51898193359375
Epoch 15/50
Average Loss: 86.95451831817627
Epoch 16/50
Average Loss: 86.29905605316162
Epoch 17/50
Average Loss: 85.5678653717041
Epoch 18/50
Average Loss: 84.79988479614258
Epoch 19/50
Average Loss: 83.96445846557617
Epoch 20/50
Average Loss: 83.05637645721436
Epoch 21/50
Average Loss: 82.0574140548706
Epoch 22/50
Average Loss: 81.0031213760376
Epoch 23/50
Average Loss: 79.84259414672852
Epoch 24/50
Average Loss: 78.48061466217041
Epoch 25/50
Average Loss: 77.13690853118896
Epoch 26/50
Average Loss: 75.72707080841064
Epoch 27/50
Average Loss: 74.33411026000977
Epoch 28/50
Average Loss: 72.85002708435059
Epoch 29/50
Average Loss: 71.1814022064209
Epoch 30/50
Average Loss: 69.42755603790283
Epoch 31/50
Average Loss: 67.45306777954102
Epoch 32/50
Average Loss: 65.63789367675781
Epoch 33/50
Average Loss: 63.662692070007324
Epoch 34/50
Average Loss: 61.69872426986694
Epoch 35/50
Average Loss: 59.69279432296753
Epoch 36/50
Average Loss: 57.64964532852173
Epoch 37/50
Average Loss: 55.582297801971436
Epoch 38/50
Average Loss: 53.2645149230957
Epoch 39/50
Average Loss: 51.037962436676025
Epoch 40/50
Average Loss: 48.93324041366577
Epoch 41/50
Average Loss: 46.81651735305786
Epoch 42/50
Average Loss: 44.7984504699707
Epoch 43/50
Average Loss: 42.71714210510254
Epoch 44/50
Average Loss: 40.67331552505493
Epoch 45/50
Average Loss: 38.55564212799072
Epoch 46/50
Average Loss: 36.499701499938965
Epoch 47/50
Average Loss: 34.66910791397095
Epoch 48/50
Average Loss: 32.973061084747314
Epoch 49/50
Average Loss: 31.32926344871521
Epoch 50/50
Average Loss: 29.791196823120117
No existing model found, saving current model
C-Index on Test Data: 0.489
Using GPU: cuda:1
Running trial number 1 for ExperimentScenario.EIGHT_FEATURES on device cuda:1
Train data path /home/minhn2/uiuc-kidney-failure/generated_data/rep99/eight_features_train_data.csv
Test data path /home/minhn2/uiuc-kidney-failure/generated_data/rep99/eight_features_test_data.csv
Number of patients: test 243 and train 400
Number of records: test 1100 and train 1856
Epoch 1/50
Average Loss: 53.88861417770386
Epoch 2/50
Average Loss: 53.24289798736572
Epoch 3/50
Average Loss: 52.357388973236084
Epoch 4/50
Average Loss: 51.00268220901489
Epoch 5/50
Average Loss: 48.76219081878662
Epoch 6/50
Average Loss: 44.9464750289917
Epoch 7/50
Average Loss: 38.851046562194824
Epoch 8/50
Average Loss: 30.233325242996216
Epoch 9/50
Average Loss: 20.474880933761597
Epoch 10/50
Average Loss: 12.055712580680847
Epoch 11/50
Average Loss: 6.401447415351868
Epoch 12/50
Average Loss: 3.3439225256443024
Epoch 13/50
Average Loss: 2.047006666660309
Epoch 14/50
Average Loss: 1.539634808897972
Epoch 15/50
Average Loss: 1.3140070587396622
Epoch 16/50
Average Loss: 1.2641168683767319
Epoch 17/50
Average Loss: 1.2049145251512527
Epoch 18/50
Average Loss: 1.1686597019433975
Epoch 19/50
Average Loss: 1.1670610755681992
Epoch 20/50
Average Loss: 1.095849595963955
Epoch 21/50
Average Loss: 1.0371979176998138
Epoch 22/50
Average Loss: 1.03227698802948
Epoch 23/50
Average Loss: 0.9814143255352974
Epoch 24/50
Average Loss: 0.9588600471615791
Epoch 25/50
Average Loss: 0.9471972435712814
Epoch 26/50
Average Loss: 0.9194605872035027
Epoch 27/50
Average Loss: 0.8694564998149872
Epoch 28/50
Average Loss: 0.853682853281498
Epoch 29/50
Average Loss: 0.8380676135420799
Epoch 30/50
Average Loss: 0.7958610132336617
Epoch 31/50
Average Loss: 0.7851872891187668
Epoch 32/50
Average Loss: 0.771076112985611
Epoch 33/50
Average Loss: 0.7415353655815125
Epoch 34/50
Average Loss: 0.7370895966887474
Epoch 35/50
Average Loss: 0.6873315274715424
Epoch 36/50
Average Loss: 0.6877868175506592
Patience Counter: 1
Epoch 37/50
Average Loss: 0.6655407845973969
Epoch 38/50
Average Loss: 0.6437364816665649
Epoch 39/50
Average Loss: 0.6371206417679787
Epoch 40/50
Average Loss: 0.603303499519825
Epoch 41/50
Average Loss: 0.5970490351319313
Epoch 42/50
Average Loss: 0.582036554813385
Epoch 43/50
Average Loss: 0.574768453836441
Epoch 44/50
Average Loss: 0.5623392462730408
Epoch 45/50
Average Loss: 0.5655904933810234
Patience Counter: 1
Epoch 46/50
Average Loss: 0.5328002087771893
Epoch 47/50
Average Loss: 0.5169909782707691
Epoch 48/50
Average Loss: 0.5016586072742939
Epoch 49/50
Average Loss: 0.49671656638383865
Epoch 50/50
Average Loss: 0.4877832531929016
C-Index on Test Data: 0.422
C-Index on Test Data: 0.489
Current trial C-index: 0.4220, Previously saved model C-index: 0.4890
C-Index on Test Data: 0.422
Using GPU: cuda:2
Running trial number 2 for ExperimentScenario.EIGHT_FEATURES on device cuda:2
Train data path /home/minhn2/uiuc-kidney-failure/generated_data/rep99/eight_features_train_data.csv
Test data path /home/minhn2/uiuc-kidney-failure/generated_data/rep99/eight_features_test_data.csv
Number of patients: test 243 and train 400
Number of records: test 1100 and train 1856
Epoch 1/50
Average Loss: 88.7028341293335
Epoch 2/50
Average Loss: 37.75006437301636
Epoch 3/50
Average Loss: 7.5983454287052155
Epoch 4/50
Average Loss: 1.5780812799930573
Epoch 5/50
Average Loss: 1.2787755280733109
Epoch 6/50
Average Loss: 1.0969415456056595
Epoch 7/50
Average Loss: 0.8777989447116852
Epoch 8/50
Average Loss: 0.7319673374295235
Epoch 9/50
Average Loss: 0.6641779392957687
Epoch 10/50
Average Loss: 0.6317291185259819
Epoch 11/50
Average Loss: 0.5737843327224255
Epoch 12/50
Average Loss: 0.5571097210049629
Epoch 13/50
Average Loss: 0.5010260492563248
Epoch 14/50
Average Loss: 0.4909721575677395
Epoch 15/50
Average Loss: 0.45324843376874924
Epoch 16/50
Average Loss: 0.42991001531481743
Epoch 17/50
Average Loss: 0.4067639298737049
Epoch 18/50
Average Loss: 0.38606417551636696
Epoch 19/50
Average Loss: 0.3606632575392723
Epoch 20/50
Average Loss: 0.33928975462913513
Epoch 21/50
Average Loss: 0.3267665021121502
Epoch 22/50
Average Loss: 0.30452605709433556
Epoch 23/50
Average Loss: 0.29638316854834557
Epoch 24/50
Average Loss: 0.2786298766732216
Epoch 25/50
Average Loss: 0.26229992136359215
Epoch 26/50
Average Loss: 0.24707305617630482
Epoch 27/50
Average Loss: 0.23352649435400963
Epoch 28/50
Average Loss: 0.21771770901978016
Epoch 29/50
Average Loss: 0.2047861199826002
Epoch 30/50
Average Loss: 0.19741033390164375
Epoch 31/50
Average Loss: 0.18911410868167877
Epoch 32/50
Average Loss: 0.1796280201524496
Epoch 33/50
Average Loss: 0.1768010649830103
Epoch 34/50
Average Loss: 0.16884496808052063
Epoch 35/50
Average Loss: 0.16342440247535706
Epoch 36/50
Average Loss: 0.1596330925822258
Epoch 37/50
Average Loss: 0.15359771624207497
Epoch 38/50
Average Loss: 0.14972573705017567
Epoch 39/50
Average Loss: 0.1511685773730278
Patience Counter: 1
Epoch 40/50
Average Loss: 0.14593972079455853
Epoch 41/50
Average Loss: 0.14348261430859566
Epoch 42/50
Average Loss: 0.14522124268114567
Patience Counter: 1
Epoch 43/50
Average Loss: 0.14171143807470798
Epoch 44/50
Average Loss: 0.1386448610574007
Epoch 45/50
Average Loss: 0.13498605322092772
Epoch 46/50
Average Loss: 0.14036723412573338
Patience Counter: 1
Epoch 47/50
Average Loss: 0.13759548775851727
Patience Counter: 2
Epoch 48/50
Average Loss: 0.13990033976733685
Patience Counter: 3
Epoch 49/50
Average Loss: 0.13684495352208614
Patience Counter: 4
Epoch 50/50
Average Loss: 0.13508263882249594
Patience Counter: 5
Early stopping triggered
C-Index on Test Data: 0.538
C-Index on Test Data: 0.489
Current trial C-index: 0.5380, Previously saved model C-index: 0.4890
Current model performs better, saving it...
C-Index on Test Data: 0.538
Using GPU: cuda:2
Running trial number 3 for ExperimentScenario.EIGHT_FEATURES on device cuda:2
Train data path /home/minhn2/uiuc-kidney-failure/generated_data/rep99/eight_features_train_data.csv
Test data path /home/minhn2/uiuc-kidney-failure/generated_data/rep99/eight_features_test_data.csv
Number of patients: test 243 and train 400
Number of records: test 1100 and train 1856
Epoch 1/50
Average Loss: 71.83401107788086
Epoch 2/50
Average Loss: 70.4806900024414
Epoch 3/50
Average Loss: 69.25478553771973
Epoch 4/50
Average Loss: 67.91310691833496
Epoch 5/50
Average Loss: 66.50318622589111
Epoch 6/50
Average Loss: 64.7347002029419
Epoch 7/50
Average Loss: 62.831932067871094
Epoch 8/50
Average Loss: 61.380784034729004
Epoch 9/50
Average Loss: 60.148725509643555
Epoch 10/50
Average Loss: 58.79500961303711
Epoch 11/50
Average Loss: 57.32775163650513
Epoch 12/50
Average Loss: 55.748794078826904
Epoch 13/50
Average Loss: 54.11321973800659
Epoch 14/50
Average Loss: 51.283634662628174
Epoch 15/50
Average Loss: 48.66703271865845
Epoch 16/50
Average Loss: 46.52133321762085
Epoch 17/50
Average Loss: 44.472533226013184
Epoch 18/50
Average Loss: 42.451303005218506
Epoch 19/50
Average Loss: 40.44780874252319
Epoch 20/50
Average Loss: 38.51612901687622
Epoch 21/50
Average Loss: 36.20392608642578
Epoch 22/50
Average Loss: 34.00736618041992
Epoch 23/50
Average Loss: 32.018311500549316
Epoch 24/50
Average Loss: 30.395789861679077
Epoch 25/50
Average Loss: 29.00194263458252
Epoch 26/50
Average Loss: 27.33515429496765
Epoch 27/50
Average Loss: 25.772621870040894
Epoch 28/50
Average Loss: 24.31738257408142
Epoch 29/50
Average Loss: 23.034318447113037
Epoch 30/50
Average Loss: 21.941078901290894
Epoch 31/50
Average Loss: 20.87993049621582
Epoch 32/50
Average Loss: 19.899866104125977
Epoch 33/50
Average Loss: 18.79809021949768
Epoch 34/50
Average Loss: 17.851766347885132
Epoch 35/50
Average Loss: 16.86991548538208
Epoch 36/50
Average Loss: 16.108362793922424
Epoch 37/50
Average Loss: 15.221425414085388
Epoch 38/50
Average Loss: 14.500692009925842
Epoch 39/50
Average Loss: 13.889864802360535
Epoch 40/50
Average Loss: 13.390892624855042
Epoch 41/50
Average Loss: 12.911035060882568
Epoch 42/50
Average Loss: 12.432970523834229
Epoch 43/50
Average Loss: 12.015042901039124
Epoch 44/50
Average Loss: 11.641669750213623
Epoch 45/50
Average Loss: 11.255844116210938
Epoch 46/50
Average Loss: 10.901051998138428
Epoch 47/50
Average Loss: 10.597110152244568
Epoch 48/50
Average Loss: 10.314595580101013
Epoch 49/50
Average Loss: 10.000684380531311
Epoch 50/50
Average Loss: 9.737430810928345
C-Index on Test Data: 0.483
C-Index on Test Data: 0.538
Current trial C-index: 0.4830, Previously saved model C-index: 0.5380
C-Index on Test Data: 0.483
Using GPU: cuda:7
Running trial number 4 for ExperimentScenario.EIGHT_FEATURES on device cuda:7
Train data path /home/minhn2/uiuc-kidney-failure/generated_data/rep99/eight_features_train_data.csv
Test data path /home/minhn2/uiuc-kidney-failure/generated_data/rep99/eight_features_test_data.csv
Number of patients: test 243 and train 400
Number of records: test 1100 and train 1856
Epoch 1/50
Average Loss: 77.66590881347656
Epoch 2/50
Average Loss: 70.92532634735107
Epoch 3/50
Average Loss: 64.43846321105957
Epoch 4/50
Average Loss: 58.61841297149658
Epoch 5/50
Average Loss: 53.24438190460205
Epoch 6/50
Average Loss: 47.95650672912598
Epoch 7/50
Average Loss: 42.360949993133545
Epoch 8/50
Average Loss: 36.97115612030029
Epoch 9/50
Average Loss: 31.536036252975464
Epoch 10/50
Average Loss: 26.023749828338623
Epoch 11/50
Average Loss: 21.175498247146606
Epoch 12/50
Average Loss: 17.63518738746643
Epoch 13/50
Average Loss: 14.561941504478455
Epoch 14/50
Average Loss: 12.253124237060547
Epoch 15/50
Average Loss: 10.127552509307861
Epoch 16/50
Average Loss: 8.207206666469574
Epoch 17/50
Average Loss: 6.646974980831146
Epoch 18/50
Average Loss: 5.618448615074158
Epoch 19/50
Average Loss: 4.672199338674545
Epoch 20/50
Average Loss: 4.075046718120575
Epoch 21/50
Average Loss: 3.5416223108768463
Epoch 22/50
Average Loss: 3.155093401670456
Epoch 23/50
Average Loss: 2.6966582238674164
Epoch 24/50
Average Loss: 2.2872541546821594
Epoch 25/50
Average Loss: 2.0695638954639435
Epoch 26/50
Average Loss: 1.9420960396528244
Epoch 27/50
Average Loss: 1.850477933883667
Epoch 28/50
Average Loss: 1.8109968304634094
Epoch 29/50
Average Loss: 1.708118885755539
Epoch 30/50
Average Loss: 1.6080248355865479
Epoch 31/50
Average Loss: 1.528407260775566
Epoch 32/50
Average Loss: 1.4985172152519226
Epoch 33/50
Average Loss: 1.4949936121702194
Epoch 34/50
Average Loss: 1.503055602312088
Patience Counter: 1
Epoch 35/50
Average Loss: 1.4645361304283142
Epoch 36/50
Average Loss: 1.415963351726532
Epoch 37/50
Average Loss: 1.389956459403038
Epoch 38/50
Average Loss: 1.3492148965597153
Epoch 39/50
Average Loss: 1.34313403069973
Epoch 40/50
Average Loss: 1.3073242455720901
Epoch 41/50
Average Loss: 1.2908749282360077
Epoch 42/50
Average Loss: 1.2595398724079132
Epoch 43/50
Average Loss: 1.2544705867767334
Epoch 44/50
Average Loss: 1.2471050918102264
Epoch 45/50
Average Loss: 1.1961446404457092
Epoch 46/50
Average Loss: 1.2013196647167206
Patience Counter: 1
Epoch 47/50
Average Loss: 1.161981612443924
Epoch 48/50
Average Loss: 1.1481135040521622
Epoch 49/50
Average Loss: 1.1493211388587952
Patience Counter: 1
Epoch 50/50
Average Loss: 1.1275108680129051
C-Index on Test Data: 0.499
C-Index on Test Data: 0.538
Current trial C-index: 0.4990, Previously saved model C-index: 0.5380
C-Index on Test Data: 0.499
Using GPU: cuda:6
Running trial number 5 for ExperimentScenario.EIGHT_FEATURES on device cuda:6
Train data path /home/minhn2/uiuc-kidney-failure/generated_data/rep99/eight_features_train_data.csv
Test data path /home/minhn2/uiuc-kidney-failure/generated_data/rep99/eight_features_test_data.csv
Number of patients: test 243 and train 400
Number of records: test 1100 and train 1856
Epoch 1/50
Average Loss: 13.186480522155762
Epoch 2/50
Average Loss: 13.132137775421143
Epoch 3/50
Average Loss: 13.076343297958374
Epoch 4/50
Average Loss: 13.016340494155884
Epoch 5/50
Average Loss: 12.950088262557983
Epoch 6/50
Average Loss: 12.869967103004456
Epoch 7/50
Average Loss: 12.77335000038147
Epoch 8/50
Average Loss: 12.654282927513123
Epoch 9/50
Average Loss: 12.505733251571655
Epoch 10/50
Average Loss: 12.3274564743042
Epoch 11/50
Average Loss: 12.086467266082764
Epoch 12/50
Average Loss: 11.795574188232422
Epoch 13/50
Average Loss: 11.442427277565002
Epoch 14/50
Average Loss: 11.000903725624084
Epoch 15/50
Average Loss: 10.437226057052612
Epoch 16/50
Average Loss: 9.805764317512512
Epoch 17/50
Average Loss: 9.100626111030579
Epoch 18/50
Average Loss: 8.321700274944305
Epoch 19/50
Average Loss: 7.461367607116699
Epoch 20/50
Average Loss: 6.620741963386536
Epoch 21/50
Average Loss: 5.852005422115326
Epoch 22/50
Average Loss: 5.1371495723724365
Epoch 23/50
Average Loss: 4.530720889568329
Epoch 24/50
Average Loss: 4.012429744005203
Epoch 25/50
Average Loss: 3.553448498249054
Epoch 26/50
Average Loss: 3.1685531735420227
Epoch 27/50
Average Loss: 2.8711525201797485
Epoch 28/50
Average Loss: 2.6085192561149597
Epoch 29/50
Average Loss: 2.406019240617752
Epoch 30/50
Average Loss: 2.210138112306595
Epoch 31/50
Average Loss: 2.0663232803344727
Epoch 32/50
Average Loss: 1.9499646574258804
Epoch 33/50
Average Loss: 1.848500832915306
Epoch 34/50
Average Loss: 1.7642984092235565
Epoch 35/50
Average Loss: 1.6937785893678665
Epoch 36/50
Average Loss: 1.6404526829719543
Epoch 37/50
Average Loss: 1.598007082939148
Epoch 38/50
Average Loss: 1.5449246913194656
Epoch 39/50
Average Loss: 1.49497851729393
Epoch 40/50
Average Loss: 1.4462692737579346
Epoch 41/50
Average Loss: 1.4089043140411377
Epoch 42/50
Average Loss: 1.3734463453292847
Epoch 43/50
Average Loss: 1.3301971405744553
Epoch 44/50
Average Loss: 1.295488879084587
Epoch 45/50
Average Loss: 1.2562661319971085
Epoch 46/50
Average Loss: 1.2219788879156113
Epoch 47/50
Average Loss: 1.1927907764911652
Epoch 48/50
Average Loss: 1.1647566109895706
Epoch 49/50
Average Loss: 1.133453905582428
Epoch 50/50
Average Loss: 1.0980680584907532
C-Index on Test Data: 0.435
C-Index on Test Data: 0.538
Current trial C-index: 0.4350, Previously saved model C-index: 0.5380
C-Index on Test Data: 0.435
Using GPU: cuda:4
Running trial number 6 for ExperimentScenario.EIGHT_FEATURES on device cuda:4
Train data path /home/minhn2/uiuc-kidney-failure/generated_data/rep99/eight_features_train_data.csv
Test data path /home/minhn2/uiuc-kidney-failure/generated_data/rep99/eight_features_test_data.csv
Number of patients: test 243 and train 400
Number of records: test 1100 and train 1856
Epoch 1/50
Average Loss: 23.16149353981018
Epoch 2/50
Average Loss: 22.9925320148468
Epoch 3/50
Average Loss: 22.881069898605347
Epoch 4/50
Average Loss: 22.792030096054077
Epoch 5/50
Average Loss: 22.718578338623047
Epoch 6/50
Average Loss: 22.63570809364319
Epoch 7/50
Average Loss: 22.560903310775757
Epoch 8/50
Average Loss: 22.48365306854248
Epoch 9/50
Average Loss: 22.399211645126343
Epoch 10/50
Average Loss: 22.32156229019165
Epoch 11/50
Average Loss: 22.22217035293579
Epoch 12/50
Average Loss: 22.103381395339966
Epoch 13/50
Average Loss: 21.984657287597656
Epoch 14/50
Average Loss: 21.902251720428467
Epoch 15/50
Average Loss: 21.82578444480896
Epoch 16/50
Average Loss: 21.721442461013794
Epoch 17/50
Average Loss: 21.608272314071655
Epoch 18/50
Average Loss: 21.506298303604126
Epoch 19/50
Average Loss: 21.425371170043945
Epoch 20/50
Average Loss: 21.348799467086792
Epoch 21/50
Average Loss: 21.248141765594482
Epoch 22/50
Average Loss: 21.155956029891968
Epoch 23/50
Average Loss: 21.071751594543457
Epoch 24/50
Average Loss: 21.000357389450073
Epoch 25/50
Average Loss: 20.91533350944519
Epoch 26/50
Average Loss: 20.826316356658936
Epoch 27/50
Average Loss: 20.739778757095337
Epoch 28/50
Average Loss: 20.663861513137817
Epoch 29/50
Average Loss: 20.587669849395752
Epoch 30/50
Average Loss: 20.507941484451294
Epoch 31/50
Average Loss: 20.434848070144653
Epoch 32/50
Average Loss: 20.356823444366455
Epoch 33/50
Average Loss: 20.28115200996399
Epoch 34/50
Average Loss: 20.197561264038086
Epoch 35/50
Average Loss: 20.089600801467896
Epoch 36/50
Average Loss: 20.009336233139038
Epoch 37/50
Average Loss: 19.918492317199707
Epoch 38/50
Average Loss: 19.828346014022827
Epoch 39/50
Average Loss: 19.730327606201172
Epoch 40/50
Average Loss: 19.56751585006714
Epoch 41/50
Average Loss: 19.429712533950806
Epoch 42/50
Average Loss: 19.311071634292603
Epoch 43/50
Average Loss: 19.205009698867798
Epoch 44/50
Average Loss: 19.09323024749756
Epoch 45/50
Average Loss: 18.983655214309692
Epoch 46/50
Average Loss: 18.85073208808899
Epoch 47/50
Average Loss: 18.7041175365448
Epoch 48/50
Average Loss: 18.573280334472656
Epoch 49/50
Average Loss: 18.47839879989624
Epoch 50/50
Average Loss: 18.357191801071167
C-Index on Test Data: 0.598
C-Index on Test Data: 0.538
Current trial C-index: 0.5980, Previously saved model C-index: 0.5380
Current model performs better, saving it...
C-Index on Test Data: 0.598
Using GPU: cuda:5
Running trial number 7 for ExperimentScenario.EIGHT_FEATURES on device cuda:5
Train data path /home/minhn2/uiuc-kidney-failure/generated_data/rep99/eight_features_train_data.csv
Test data path /home/minhn2/uiuc-kidney-failure/generated_data/rep99/eight_features_test_data.csv
Number of patients: test 243 and train 400
Number of records: test 1100 and train 1856
Epoch 1/50
Average Loss: 2.5267952978610992
Epoch 2/50
Average Loss: 2.1986819207668304
Epoch 3/50
Average Loss: 1.6941439658403397
Epoch 4/50
Average Loss: 1.1300035268068314
Epoch 5/50
Average Loss: 0.7379330694675446
Epoch 6/50
Average Loss: 0.5626583993434906
Epoch 7/50
Average Loss: 0.5170314386487007
Epoch 8/50
Average Loss: 0.4918600581586361
Epoch 9/50
Average Loss: 0.4676426909863949
Epoch 10/50
Average Loss: 0.4698170907795429
Patience Counter: 1
Epoch 11/50
Average Loss: 0.4777733013033867
Patience Counter: 2
Epoch 12/50
Average Loss: 0.46704990789294243
Epoch 13/50
Average Loss: 0.4654026962816715
Epoch 14/50
Average Loss: 0.46500831469893456
Epoch 15/50
Average Loss: 0.4630047604441643
Epoch 16/50
Average Loss: 0.4665379971265793
Patience Counter: 1
Epoch 17/50
Average Loss: 0.47579116001725197
Patience Counter: 2
Epoch 18/50
Average Loss: 0.45363764464855194
Epoch 19/50
Average Loss: 0.4582975171506405
Patience Counter: 1
Epoch 20/50
Average Loss: 0.4603627510368824
Patience Counter: 2
Epoch 21/50
Average Loss: 0.4702620580792427
Patience Counter: 3
Epoch 22/50
Average Loss: 0.45064733177423477
Epoch 23/50
Average Loss: 0.45991452410817146
Patience Counter: 1
Epoch 24/50
Average Loss: 0.4543132707476616
Patience Counter: 2
Epoch 25/50
Average Loss: 0.4678308218717575
Patience Counter: 3
Epoch 26/50
Average Loss: 0.46142587438225746
Patience Counter: 4
Epoch 27/50
Average Loss: 0.472878348082304
Patience Counter: 5
Early stopping triggered
C-Index on Test Data: 0.553
C-Index on Test Data: 0.598
Current trial C-index: 0.5530, Previously saved model C-index: 0.5980
C-Index on Test Data: 0.553
Using GPU: cuda:3
Running trial number 8 for ExperimentScenario.EIGHT_FEATURES on device cuda:3
Train data path /home/minhn2/uiuc-kidney-failure/generated_data/rep99/eight_features_train_data.csv
Test data path /home/minhn2/uiuc-kidney-failure/generated_data/rep99/eight_features_test_data.csv
Number of patients: test 243 and train 400
Number of records: test 1100 and train 1856
Epoch 1/50
Average Loss: 19.343841791152954
Epoch 2/50
Average Loss: 17.82369375228882
Epoch 3/50
Average Loss: 15.38886046409607
Epoch 4/50
Average Loss: 11.433168411254883
Epoch 5/50
Average Loss: 6.679255783557892
Epoch 6/50
Average Loss: 3.176188826560974
Epoch 7/50
Average Loss: 1.772208794951439
Epoch 8/50
Average Loss: 1.4456241577863693
Epoch 9/50
Average Loss: 1.3012502938508987
Epoch 10/50
Average Loss: 1.1621686667203903
Epoch 11/50
Average Loss: 1.0361650958657265
Epoch 12/50
Average Loss: 0.9299965500831604
Epoch 13/50
Average Loss: 0.8423246666789055
Epoch 14/50
Average Loss: 0.794313557446003
Epoch 15/50
Average Loss: 0.7185309380292892
Epoch 16/50
Average Loss: 0.6698853671550751
Epoch 17/50
Average Loss: 0.6168748661875725
Epoch 18/50
Average Loss: 0.575647309422493
Epoch 19/50
Average Loss: 0.5347365811467171
Epoch 20/50
Average Loss: 0.5104143507778645
Epoch 21/50
Average Loss: 0.4843095913529396
Epoch 22/50
Average Loss: 0.4658018685877323
Epoch 23/50
Average Loss: 0.4534441977739334
Epoch 24/50
Average Loss: 0.4464327432215214
Epoch 25/50
Average Loss: 0.4268961362540722
Epoch 26/50
Average Loss: 0.4124559089541435
Epoch 27/50
Average Loss: 0.4104297198355198
Epoch 28/50
Average Loss: 0.40192433074116707
Epoch 29/50
Average Loss: 0.4106343053281307
Patience Counter: 1
Epoch 30/50
Average Loss: 0.40491530299186707
Patience Counter: 2
Epoch 31/50
Average Loss: 0.3923095725476742
Epoch 32/50
Average Loss: 0.38993994146585464
Epoch 33/50
Average Loss: 0.3846823535859585
Epoch 34/50
Average Loss: 0.3785635828971863
Epoch 35/50
Average Loss: 0.39165225252509117
Patience Counter: 1
Epoch 36/50
Average Loss: 0.3805864676833153
Patience Counter: 2
Epoch 37/50
Average Loss: 0.3840089403092861
Patience Counter: 3
Epoch 38/50
Average Loss: 0.38306624442338943
Patience Counter: 4
Epoch 39/50
Average Loss: 0.37354128807783127
Epoch 40/50
Average Loss: 0.36707641556859016
Epoch 41/50
Average Loss: 0.3692515417933464
Patience Counter: 1
Epoch 42/50
Average Loss: 0.3711079992353916
Patience Counter: 2
Epoch 43/50
Average Loss: 0.36701750010252
Epoch 44/50
Average Loss: 0.37064414843916893
Patience Counter: 1
Epoch 45/50
Average Loss: 0.36990102380514145
Patience Counter: 2
Epoch 46/50
Average Loss: 0.3676845654845238
Patience Counter: 3
Epoch 47/50
Average Loss: 0.3597395457327366
Epoch 48/50
Average Loss: 0.36412782594561577
Patience Counter: 1
Epoch 49/50
Average Loss: 0.3858472779393196
Patience Counter: 2
Epoch 50/50
Average Loss: 0.37260983511805534
Patience Counter: 3
C-Index on Test Data: 0.564
C-Index on Test Data: 0.598
Current trial C-index: 0.5640, Previously saved model C-index: 0.5980
C-Index on Test Data: 0.564
Using GPU: cuda:3
Running trial number 9 for ExperimentScenario.EIGHT_FEATURES on device cuda:3
Train data path /home/minhn2/uiuc-kidney-failure/generated_data/rep99/eight_features_train_data.csv
Test data path /home/minhn2/uiuc-kidney-failure/generated_data/rep99/eight_features_test_data.csv
Number of patients: test 243 and train 400
Number of records: test 1100 and train 1856
Epoch 1/50
Average Loss: 106.70896053314209
Epoch 2/50
Average Loss: 106.57352066040039
Epoch 3/50
Average Loss: 106.42592430114746
Epoch 4/50
Average Loss: 106.28463554382324
Epoch 5/50
Average Loss: 106.13554859161377
Epoch 6/50
Average Loss: 106.00642013549805
Epoch 7/50
Average Loss: 105.86606025695801
Epoch 8/50
Average Loss: 105.72152042388916
Epoch 9/50
Average Loss: 105.57375812530518
Epoch 10/50
Average Loss: 105.40546131134033
Epoch 11/50
Average Loss: 105.23031902313232
Epoch 12/50
Average Loss: 105.02609252929688
Epoch 13/50
Average Loss: 104.79780006408691
Epoch 14/50
Average Loss: 104.55801486968994
Epoch 15/50
Average Loss: 104.30742073059082
Epoch 16/50
Average Loss: 104.03234195709229
Epoch 17/50
Average Loss: 103.72737693786621
Epoch 18/50
Average Loss: 103.38911724090576
Epoch 19/50
Average Loss: 102.9960069656372
Epoch 20/50
Average Loss: 102.55067157745361
Epoch 21/50
Average Loss: 102.0965223312378
Epoch 22/50
Average Loss: 101.59083461761475
Epoch 23/50
Average Loss: 101.08200263977051
Epoch 24/50
Average Loss: 100.5175552368164
Epoch 25/50
Average Loss: 99.84271907806396
Epoch 26/50
Average Loss: 99.12271881103516
Epoch 27/50
Average Loss: 98.35203647613525
Epoch 28/50
Average Loss: 97.51768016815186
Epoch 29/50
Average Loss: 96.62100791931152
Epoch 30/50
Average Loss: 95.70432186126709
Epoch 31/50
Average Loss: 94.72923755645752
Epoch 32/50
Average Loss: 93.68947887420654
Epoch 33/50
Average Loss: 92.60047626495361
Epoch 34/50
Average Loss: 91.43898105621338
Epoch 35/50
Average Loss: 90.16728591918945
Epoch 36/50
Average Loss: 88.9015474319458
Epoch 37/50
Average Loss: 87.56882953643799
Epoch 38/50
Average Loss: 86.15513324737549
Epoch 39/50
Average Loss: 84.56007862091064
Epoch 40/50
Average Loss: 82.8694658279419
Epoch 41/50
Average Loss: 81.26306819915771
Epoch 42/50
Average Loss: 79.59327983856201
Epoch 43/50
Average Loss: 77.92018795013428
Epoch 44/50
Average Loss: 76.18714714050293
Epoch 45/50
Average Loss: 74.36202812194824
Epoch 46/50
Average Loss: 72.56680297851562
Epoch 47/50
Average Loss: 70.6991081237793
Epoch 48/50
Average Loss: 68.78658199310303
Epoch 49/50
Average Loss: 66.89028739929199
Epoch 50/50
Average Loss: 64.99050760269165
C-Index on Test Data: 0.48
C-Index on Test Data: 0.598
Current trial C-index: 0.4800, Previously saved model C-index: 0.5980
C-Index on Test Data: 0.48
Number of finished trials:  10
Best trial:
Best hyperparameters: {'num_time_intervals': 21, 'embedding_size': 50, 'num_embedding_layers': 3, 'hidden_dims': 68, 'num_recurrent_layers': 1, 'learning_rate': 1.0627826876216429e-05, 'cross_entropy_loss_weight': 0.760556315573926}
C-Index on Test Data: 0.559
Integrated Brier Score Test: 0.283
Mean time-dependent AUC: 0.5658
✓ rnnsurv/eight_features completed successfully
==================== Running rnnsurv/twenty_features_heterogeneous ====================
[I 2026-08-22 14:42:15,239] A new study created in memory with name: no-name-8bf80365-8a9b-4dfa-83a1-636c4d95f21e
[I 2026-08-22 14:46:19,704] Trial 0 finished with value: 0.486 and parameters: {'num_time_intervals': 23, 'embedding_size': 38, 'num_embedding_layers': 3, 'hidden_dims': 149, 'num_recurrent_layers': 3, 'learning_rate': 0.0003334504234094413, 'cross_entropy_loss_weight': 0.6699987878726786}. Best is trial 0 with value: 0.486.
/home/minhn2/uiuc-kidney-failure/pkgs/experiments/rnnsurv.py:169: FutureWarning: You are using `torch.load` with `weights_only=False` (the current default value), which uses the default pickle module implicitly. It is possible to construct malicious pickle data which will execute arbitrary code during unpickling (See https://github.com/pytorch/pytorch/blob/main/SECURITY.md#untrusted-models for more details). In a future release, the default value for `weights_only` will be flipped to `True`. This limits the functions that could be executed during unpickling. Arbitrary objects will no longer be allowed to be loaded via this mode unless they are explicitly allowlisted by the user via `torch.serialization.add_safe_globals`. We recommend you start setting `weights_only=True` for any use case where you don't have full control of the loaded file. Please open an issue on GitHub for any issues related to this experimental feature.
  saved_model = torch.load(model_saved_path, map_location=device)
[I 2026-08-22 14:51:23,176] Trial 1 finished with value: 0.489 and parameters: {'num_time_intervals': 45, 'embedding_size': 41, 'num_embedding_layers': 1, 'hidden_dims': 256, 'num_recurrent_layers': 3, 'learning_rate': 9.601245166127534e-05, 'cross_entropy_loss_weight': 0.5035075240693709}. Best is trial 1 with value: 0.489.
/home/minhn2/uiuc-kidney-failure/pkgs/experiments/rnnsurv.py:169: FutureWarning: You are using `torch.load` with `weights_only=False` (the current default value), which uses the default pickle module implicitly. It is possible to construct malicious pickle data which will execute arbitrary code during unpickling (See https://github.com/pytorch/pytorch/blob/main/SECURITY.md#untrusted-models for more details). In a future release, the default value for `weights_only` will be flipped to `True`. This limits the functions that could be executed during unpickling. Arbitrary objects will no longer be allowed to be loaded via this mode unless they are explicitly allowlisted by the user via `torch.serialization.add_safe_globals`. We recommend you start setting `weights_only=True` for any use case where you don't have full control of the loaded file. Please open an issue on GitHub for any issues related to this experimental feature.
  saved_model = torch.load(model_saved_path, map_location=device)
[I 2026-08-22 14:55:31,881] Trial 2 finished with value: 0.486 and parameters: {'num_time_intervals': 25, 'embedding_size': 109, 'num_embedding_layers': 2, 'hidden_dims': 166, 'num_recurrent_layers': 1, 'learning_rate': 7.874714653471628e-05, 'cross_entropy_loss_weight': 0.11545842355975192}. Best is trial 1 with value: 0.489.
/home/minhn2/uiuc-kidney-failure/pkgs/experiments/rnnsurv.py:169: FutureWarning: You are using `torch.load` with `weights_only=False` (the current default value), which uses the default pickle module implicitly. It is possible to construct malicious pickle data which will execute arbitrary code during unpickling (See https://github.com/pytorch/pytorch/blob/main/SECURITY.md#untrusted-models for more details). In a future release, the default value for `weights_only` will be flipped to `True`. This limits the functions that could be executed during unpickling. Arbitrary objects will no longer be allowed to be loaded via this mode unless they are explicitly allowlisted by the user via `torch.serialization.add_safe_globals`. We recommend you start setting `weights_only=True` for any use case where you don't have full control of the loaded file. Please open an issue on GitHub for any issues related to this experimental feature.
  saved_model = torch.load(model_saved_path, map_location=device)
[I 2026-08-22 15:00:52,736] Trial 3 finished with value: 0.486 and parameters: {'num_time_intervals': 48, 'embedding_size': 51, 'num_embedding_layers': 1, 'hidden_dims': 219, 'num_recurrent_layers': 2, 'learning_rate': 0.00039301337522591506, 'cross_entropy_loss_weight': 0.7942166193774506}. Best is trial 1 with value: 0.489.
/home/minhn2/uiuc-kidney-failure/pkgs/experiments/rnnsurv.py:169: FutureWarning: You are using `torch.load` with `weights_only=False` (the current default value), which uses the default pickle module implicitly. It is possible to construct malicious pickle data which will execute arbitrary code during unpickling (See https://github.com/pytorch/pytorch/blob/main/SECURITY.md#untrusted-models for more details). In a future release, the default value for `weights_only` will be flipped to `True`. This limits the functions that could be executed during unpickling. Arbitrary objects will no longer be allowed to be loaded via this mode unless they are explicitly allowlisted by the user via `torch.serialization.add_safe_globals`. We recommend you start setting `weights_only=True` for any use case where you don't have full control of the loaded file. Please open an issue on GitHub for any issues related to this experimental feature.
  saved_model = torch.load(model_saved_path, map_location=device)
[I 2026-08-22 15:05:53,298] Trial 4 finished with value: 0.479 and parameters: {'num_time_intervals': 45, 'embedding_size': 112, 'num_embedding_layers': 2, 'hidden_dims': 177, 'num_recurrent_layers': 1, 'learning_rate': 0.0009564853136396685, 'cross_entropy_loss_weight': 0.8302273918375082}. Best is trial 1 with value: 0.489.
/home/minhn2/uiuc-kidney-failure/pkgs/experiments/rnnsurv.py:169: FutureWarning: You are using `torch.load` with `weights_only=False` (the current default value), which uses the default pickle module implicitly. It is possible to construct malicious pickle data which will execute arbitrary code during unpickling (See https://github.com/pytorch/pytorch/blob/main/SECURITY.md#untrusted-models for more details). In a future release, the default value for `weights_only` will be flipped to `True`. This limits the functions that could be executed during unpickling. Arbitrary objects will no longer be allowed to be loaded via this mode unless they are explicitly allowlisted by the user via `torch.serialization.add_safe_globals`. We recommend you start setting `weights_only=True` for any use case where you don't have full control of the loaded file. Please open an issue on GitHub for any issues related to this experimental feature.
  saved_model = torch.load(model_saved_path, map_location=device)
[I 2026-08-22 15:10:20,390] Trial 5 finished with value: 0.487 and parameters: {'num_time_intervals': 30, 'embedding_size': 44, 'num_embedding_layers': 2, 'hidden_dims': 181, 'num_recurrent_layers': 2, 'learning_rate': 3.6389977712953343e-05, 'cross_entropy_loss_weight': 0.6397183392819092}. Best is trial 1 with value: 0.489.
/home/minhn2/uiuc-kidney-failure/pkgs/experiments/rnnsurv.py:169: FutureWarning: You are using `torch.load` with `weights_only=False` (the current default value), which uses the default pickle module implicitly. It is possible to construct malicious pickle data which will execute arbitrary code during unpickling (See https://github.com/pytorch/pytorch/blob/main/SECURITY.md#untrusted-models for more details). In a future release, the default value for `weights_only` will be flipped to `True`. This limits the functions that could be executed during unpickling. Arbitrary objects will no longer be allowed to be loaded via this mode unless they are explicitly allowlisted by the user via `torch.serialization.add_safe_globals`. We recommend you start setting `weights_only=True` for any use case where you don't have full control of the loaded file. Please open an issue on GitHub for any issues related to this experimental feature.
  saved_model = torch.load(model_saved_path, map_location=device)
[I 2026-08-22 15:15:00,323] Trial 6 finished with value: 0.493 and parameters: {'num_time_intervals': 38, 'embedding_size': 85, 'num_embedding_layers': 1, 'hidden_dims': 159, 'num_recurrent_layers': 1, 'learning_rate': 0.00017680824044111386, 'cross_entropy_loss_weight': 0.22042550506400424}. Best is trial 6 with value: 0.493.
/home/minhn2/uiuc-kidney-failure/pkgs/experiments/rnnsurv.py:169: FutureWarning: You are using `torch.load` with `weights_only=False` (the current default value), which uses the default pickle module implicitly. It is possible to construct malicious pickle data which will execute arbitrary code during unpickling (See https://github.com/pytorch/pytorch/blob/main/SECURITY.md#untrusted-models for more details). In a future release, the default value for `weights_only` will be flipped to `True`. This limits the functions that could be executed during unpickling. Arbitrary objects will no longer be allowed to be loaded via this mode unless they are explicitly allowlisted by the user via `torch.serialization.add_safe_globals`. We recommend you start setting `weights_only=True` for any use case where you don't have full control of the loaded file. Please open an issue on GitHub for any issues related to this experimental feature.
  saved_model = torch.load(model_saved_path, map_location=device)
[I 2026-08-22 15:19:13,044] Trial 7 finished with value: 0.496 and parameters: {'num_time_intervals': 26, 'embedding_size': 116, 'num_embedding_layers': 1, 'hidden_dims': 165, 'num_recurrent_layers': 2, 'learning_rate': 2.6038615449200037e-05, 'cross_entropy_loss_weight': 0.7981337357153774}. Best is trial 7 with value: 0.496.
/home/minhn2/uiuc-kidney-failure/pkgs/experiments/rnnsurv.py:169: FutureWarning: You are using `torch.load` with `weights_only=False` (the current default value), which uses the default pickle module implicitly. It is possible to construct malicious pickle data which will execute arbitrary code during unpickling (See https://github.com/pytorch/pytorch/blob/main/SECURITY.md#untrusted-models for more details). In a future release, the default value for `weights_only` will be flipped to `True`. This limits the functions that could be executed during unpickling. Arbitrary objects will no longer be allowed to be loaded via this mode unless they are explicitly allowlisted by the user via `torch.serialization.add_safe_globals`. We recommend you start setting `weights_only=True` for any use case where you don't have full control of the loaded file. Please open an issue on GitHub for any issues related to this experimental feature.
  saved_model = torch.load(model_saved_path, map_location=device)
[I 2026-08-22 15:23:06,979] Trial 8 finished with value: 0.488 and parameters: {'num_time_intervals': 22, 'embedding_size': 77, 'num_embedding_layers': 3, 'hidden_dims': 153, 'num_recurrent_layers': 3, 'learning_rate': 0.00019376508677925084, 'cross_entropy_loss_weight': 0.5720844538852733}. Best is trial 7 with value: 0.496.
/home/minhn2/uiuc-kidney-failure/pkgs/experiments/rnnsurv.py:169: FutureWarning: You are using `torch.load` with `weights_only=False` (the current default value), which uses the default pickle module implicitly. It is possible to construct malicious pickle data which will execute arbitrary code during unpickling (See https://github.com/pytorch/pytorch/blob/main/SECURITY.md#untrusted-models for more details). In a future release, the default value for `weights_only` will be flipped to `True`. This limits the functions that could be executed during unpickling. Arbitrary objects will no longer be allowed to be loaded via this mode unless they are explicitly allowlisted by the user via `torch.serialization.add_safe_globals`. We recommend you start setting `weights_only=True` for any use case where you don't have full control of the loaded file. Please open an issue on GitHub for any issues related to this experimental feature.
  saved_model = torch.load(model_saved_path, map_location=device)
[I 2026-08-22 15:26:46,496] Trial 9 finished with value: 0.488 and parameters: {'num_time_intervals': 14, 'embedding_size': 91, 'num_embedding_layers': 2, 'hidden_dims': 148, 'num_recurrent_layers': 3, 'learning_rate': 1.4556136809543518e-05, 'cross_entropy_loss_weight': 0.2729373702556793}. Best is trial 7 with value: 0.496.
Using GPU: cuda:1
Train data path /home/minhn2/uiuc-kidney-failure/generated_data/rep99/twenty_features_heterogeneous_train_data.csv
Test data path /home/minhn2/uiuc-kidney-failure/generated_data/rep99/twenty_features_heterogeneous_test_data.csv
Number of patients: test 20 and train 20
Number of records: test 9115 and train 4575
Running Optuna hyperparameter optimization
Using GPU: cuda:4
Running trial number 0 for ExperimentScenario.TWENTY_FEATURES_HETEROGENEOUS on device cuda:4
Train data path /home/minhn2/uiuc-kidney-failure/generated_data/rep99/twenty_features_heterogeneous_train_data.csv
Test data path /home/minhn2/uiuc-kidney-failure/generated_data/rep99/twenty_features_heterogeneous_test_data.csv
Number of patients: test 20 and train 20
Number of records: test 9115 and train 4575
Epoch 1/50
Average Loss: 38.48315789964464
Epoch 2/50
Average Loss: 34.728324784172905
Epoch 3/50
Average Loss: 17.343527211083305
Epoch 4/50
Average Loss: 2.2123924791812897
Epoch 5/50
Average Loss: 0.49371657106611466
Epoch 6/50
Average Loss: 0.33156973289118874
Epoch 7/50
Average Loss: 0.2801658693287108
Epoch 8/50
Average Loss: 0.25219180186589557
Epoch 9/50
Average Loss: 0.23274459027581745
Epoch 10/50
Average Loss: 0.2184034428662724
Epoch 11/50
Average Loss: 0.20712701976299286
Epoch 12/50
Average Loss: 0.19776870393090779
Epoch 13/50
Average Loss: 0.19044149170319238
Epoch 14/50
Average Loss: 0.18386688538723522
Epoch 15/50
Average Loss: 0.1788298644953304
Epoch 16/50
Average Loss: 0.1744544423288769
Epoch 17/50
Average Loss: 0.17096538262234795
Epoch 18/50
Average Loss: 0.1675868166817559
Epoch 19/50
Average Loss: 0.16502578722106087
Epoch 20/50
Average Loss: 0.16185218219955763
Epoch 21/50
Average Loss: 0.15926787505547205
Epoch 22/50
Average Loss: 0.15777060141166052
Epoch 23/50
Average Loss: 0.1556111785272757
Epoch 24/50
Average Loss: 0.15452297694153255
Epoch 25/50
Average Loss: 0.15271539075507057
Epoch 26/50
Average Loss: 0.1510665263566706
Epoch 27/50
Average Loss: 0.14985745234621894
Epoch 28/50
Average Loss: 0.14863108595212302
Epoch 29/50
Average Loss: 0.14736969272295633
Epoch 30/50
Average Loss: 0.14676582399341795
Epoch 31/50
Average Loss: 0.14547518392403921
Epoch 32/50
Average Loss: 0.14449983835220337
Epoch 33/50
Average Loss: 0.14389030180043644
Epoch 34/50
Average Loss: 0.143113033225139
Epoch 35/50
Average Loss: 0.14251121506094933
Epoch 36/50
Average Loss: 0.14169025752279493
Epoch 37/50
Average Loss: 0.1414197033478154
Epoch 38/50
Average Loss: 0.1404382942451371
Epoch 39/50
Average Loss: 0.13968326151371002
Epoch 40/50
Average Loss: 0.13941415978802574
Epoch 41/50
Average Loss: 0.13866788976722294
Epoch 42/50
Average Loss: 0.13805361837148666
Epoch 43/50
Average Loss: 0.13772890758183268
Epoch 44/50
Average Loss: 0.13702259792221916
Epoch 45/50
Average Loss: 0.13668194371793005
Epoch 46/50
Average Loss: 0.13668694429927403
Patience Counter: 1
Epoch 47/50
Average Loss: 0.13597632033957374
Epoch 48/50
Average Loss: 0.1354760304093361
Epoch 49/50
Average Loss: 0.13525284992323983
Epoch 50/50
Average Loss: 0.13523518376880223
No existing model found, saving current model
C-Index on Test Data: 0.486
Using GPU: cuda:2
Running trial number 1 for ExperimentScenario.TWENTY_FEATURES_HETEROGENEOUS on device cuda:2
Train data path /home/minhn2/uiuc-kidney-failure/generated_data/rep99/twenty_features_heterogeneous_train_data.csv
Test data path /home/minhn2/uiuc-kidney-failure/generated_data/rep99/twenty_features_heterogeneous_test_data.csv
Number of patients: test 20 and train 20
Number of records: test 9115 and train 4575
Epoch 1/50
Average Loss: 234.13605753580728
Epoch 2/50
Average Loss: 230.92519039577908
Epoch 3/50
Average Loss: 223.95330725775824
Epoch 4/50
Average Loss: 202.95355309380426
Epoch 5/50
Average Loss: 149.20974519517688
Epoch 6/50
Average Loss: 71.23844083150227
Epoch 7/50
Average Loss: 20.977973885006374
Epoch 8/50
Average Loss: 6.69229351149665
Epoch 9/50
Average Loss: 3.3697604603237576
Epoch 10/50
Average Loss: 2.2844370868470936
Epoch 11/50
Average Loss: 1.7468188140127394
Epoch 12/50
Average Loss: 1.4182948271433513
Epoch 13/50
Average Loss: 1.1938526233037312
Epoch 14/50
Average Loss: 1.0298848781320784
Epoch 15/50
Average Loss: 0.9062682025962405
Epoch 16/50
Average Loss: 0.8091249763965607
Epoch 17/50
Average Loss: 0.730807340807385
Epoch 18/50
Average Loss: 0.6670724120404985
Epoch 19/50
Average Loss: 0.6137632197803922
Epoch 20/50
Average Loss: 0.5691198474831052
Epoch 21/50
Average Loss: 0.5308485229810079
Epoch 22/50
Average Loss: 0.4973631434970432
Epoch 23/50
Average Loss: 0.4689011375109355
Epoch 24/50
Average Loss: 0.44324736959404415
Epoch 25/50
Average Loss: 0.42118460436662036
Epoch 26/50
Average Loss: 0.4011879497104221
Epoch 27/50
Average Loss: 0.3836156576871872
Epoch 28/50
Average Loss: 0.36769412954648334
Epoch 29/50
Average Loss: 0.35326184497939217
Epoch 30/50
Average Loss: 0.34061647123760647
Epoch 31/50
Average Loss: 0.32874220609664917
Epoch 32/50
Average Loss: 0.31745629840426975
Epoch 33/50
Average Loss: 0.30753090812100303
Epoch 34/50
Average Loss: 0.29847236308786607
Epoch 35/50
Average Loss: 0.2899419234858619
Epoch 36/50
Average Loss: 0.2824559402134683
Epoch 37/50
Average Loss: 0.27489889330334133
Epoch 38/50
Average Loss: 0.2682724975877338
Epoch 39/50
Average Loss: 0.26147888352473575
Epoch 40/50
Average Loss: 0.2559310214387046
Epoch 41/50
Average Loss: 0.2505095874269803
Epoch 42/50
Average Loss: 0.24561439702908197
Epoch 43/50
Average Loss: 0.2410055481725269
Epoch 44/50
Average Loss: 0.23638331807321972
Epoch 45/50
Average Loss: 0.23160532282458413
Epoch 46/50
Average Loss: 0.22751035375727546
Epoch 47/50
Average Loss: 0.22409373687373269
Epoch 48/50
Average Loss: 0.2197077042526669
Epoch 49/50
Average Loss: 0.2165488161974483
Epoch 50/50
Average Loss: 0.21375034749507904
C-Index on Test Data: 0.489
C-Index on Test Data: 0.486
Current trial C-index: 0.4890, Previously saved model C-index: 0.4860
Current model performs better, saving it...
C-Index on Test Data: 0.489
Using GPU: cuda:6
Running trial number 2 for ExperimentScenario.TWENTY_FEATURES_HETEROGENEOUS on device cuda:6
Train data path /home/minhn2/uiuc-kidney-failure/generated_data/rep99/twenty_features_heterogeneous_train_data.csv
Test data path /home/minhn2/uiuc-kidney-failure/generated_data/rep99/twenty_features_heterogeneous_test_data.csv
Number of patients: test 20 and train 20
Number of records: test 9115 and train 4575
Epoch 1/50
Average Loss: 119.82944446139865
Epoch 2/50
Average Loss: 112.22685919867621
Epoch 3/50
Average Loss: 102.3506571451823
Epoch 4/50
Average Loss: 88.04669443766277
Epoch 5/50
Average Loss: 69.44204160902235
Epoch 6/50
Average Loss: 49.66535419887967
Epoch 7/50
Average Loss: 33.09790653652615
Epoch 8/50
Average Loss: 21.468053181966145
Epoch 9/50
Average Loss: 14.120425913068983
Epoch 10/50
Average Loss: 9.711865266164144
Epoch 11/50
Average Loss: 7.03857077492608
Epoch 12/50
Average Loss: 5.366906298531426
Epoch 13/50
Average Loss: 4.265471710099114
Epoch 14/50
Average Loss: 3.4894340170754328
Epoch 15/50
Average Loss: 2.928090122010973
Epoch 16/50
Average Loss: 2.5015159712897406
Epoch 17/50
Average Loss: 2.1731887658437095
Epoch 18/50
Average Loss: 1.9126531415515475
Epoch 19/50
Average Loss: 1.7020315527915955
Epoch 20/50
Average Loss: 1.5289150012864008
Epoch 21/50
Average Loss: 1.3841133779949613
Epoch 22/50
Average Loss: 1.2618601984447904
Epoch 23/50
Average Loss: 1.1574480732282002
Epoch 24/50
Average Loss: 1.06662827067905
Epoch 25/50
Average Loss: 0.9879460003640916
Epoch 26/50
Average Loss: 0.9186989267667135
Epoch 27/50
Average Loss: 0.8577647043599023
Epoch 28/50
Average Loss: 0.8031093378861746
Epoch 29/50
Average Loss: 0.7538059088918898
Epoch 30/50
Average Loss: 0.7093100978268517
Epoch 31/50
Average Loss: 0.6679442392455207
Epoch 32/50
Average Loss: 0.6306515336036682
Epoch 33/50
Average Loss: 0.596159064107471
Epoch 34/50
Average Loss: 0.5646672778659396
Epoch 35/50
Average Loss: 0.5359409319029914
Epoch 36/50
Average Loss: 0.5096127159065671
Epoch 37/50
Average Loss: 0.48534609874089557
Epoch 38/50
Average Loss: 0.4632156574063831
Epoch 39/50
Average Loss: 0.44273992379506427
Epoch 40/50
Average Loss: 0.42377156350347733
Epoch 41/50
Average Loss: 0.4060666610797246
Epoch 42/50
Average Loss: 0.3898821489678489
Epoch 43/50
Average Loss: 0.37480603489610886
Epoch 44/50
Average Loss: 0.3606234871678882
Epoch 45/50
Average Loss: 0.3473412940899531
Epoch 46/50
Average Loss: 0.3349902745750215
Epoch 47/50
Average Loss: 0.3233671536048253
Epoch 48/50
Average Loss: 0.31230901016129387
Epoch 49/50
Average Loss: 0.30200331740909153
Epoch 50/50
Average Loss: 0.2923264122671551
C-Index on Test Data: 0.486
C-Index on Test Data: 0.489
Current trial C-index: 0.4860, Previously saved model C-index: 0.4890
C-Index on Test Data: 0.486
Using GPU: cuda:4
Running trial number 3 for ExperimentScenario.TWENTY_FEATURES_HETEROGENEOUS on device cuda:4
Train data path /home/minhn2/uiuc-kidney-failure/generated_data/rep99/twenty_features_heterogeneous_train_data.csv
Test data path /home/minhn2/uiuc-kidney-failure/generated_data/rep99/twenty_features_heterogeneous_test_data.csv
Number of patients: test 20 and train 20
Number of records: test 9115 and train 4575
Epoch 1/50
Average Loss: 109.11705568101671
Epoch 2/50
Average Loss: 79.49136225382487
Epoch 3/50
Average Loss: 17.649235871103073
Epoch 4/50
Average Loss: 0.9732462300194634
Epoch 5/50
Average Loss: 0.3823140561580658
Epoch 6/50
Average Loss: 0.31799355149269104
Epoch 7/50
Average Loss: 0.29203221450249356
Epoch 8/50
Average Loss: 0.27380825993087554
Epoch 9/50
Average Loss: 0.26025376386112636
Epoch 10/50
Average Loss: 0.2477884077363544
Epoch 11/50
Average Loss: 0.23787547565168804
Epoch 12/50
Average Loss: 0.22920501066578758
Epoch 13/50
Average Loss: 0.22139307939343983
Epoch 14/50
Average Loss: 0.2150690828760465
Epoch 15/50
Average Loss: 0.20930242124531004
Epoch 16/50
Average Loss: 0.20523369974560207
Epoch 17/50
Average Loss: 0.20015457769234976
Epoch 18/50
Average Loss: 0.19665384789307913
Epoch 19/50
Average Loss: 0.19311807801326117
Epoch 20/50
Average Loss: 0.18934061461024815
Epoch 21/50
Average Loss: 0.1870655065609349
Epoch 22/50
Average Loss: 0.1845107600092888
Epoch 23/50
Average Loss: 0.1816752784781986
Epoch 24/50
Average Loss: 0.17955323225922054
Epoch 25/50
Average Loss: 0.17803864346610176
Epoch 26/50
Average Loss: 0.17597362233532798
Epoch 27/50
Average Loss: 0.17435757774445745
Epoch 28/50
Average Loss: 0.1720787932475408
Epoch 29/50
Average Loss: 0.1705819848510954
Epoch 30/50
Average Loss: 0.16921204245752758
Epoch 31/50
Average Loss: 0.16802280561791527
Epoch 32/50
Average Loss: 0.1668944689962599
Epoch 33/50
Average Loss: 0.16580704558226797
Epoch 34/50
Average Loss: 0.16440765145752165
Epoch 35/50
Average Loss: 0.16364261880517006
Epoch 36/50
Average Loss: 0.1624543848964903
Epoch 37/50
Average Loss: 0.16156189723147285
Epoch 38/50
Average Loss: 0.160778203772174
Epoch 39/50
Average Loss: 0.15951522688070932
Epoch 40/50
Average Loss: 0.1588337922261821
Epoch 41/50
Average Loss: 0.15799791945351493
Epoch 42/50
Average Loss: 0.157295321010881
Epoch 43/50
Average Loss: 0.15666748541924688
Epoch 44/50
Average Loss: 0.15620623694525826
Epoch 45/50
Average Loss: 0.15649347917901146
Patience Counter: 1
Epoch 46/50
Average Loss: 0.15485346193114916
Epoch 47/50
Average Loss: 0.15438149124383926
Epoch 48/50
Average Loss: 0.15393156972196367
Epoch 49/50
Average Loss: 0.1533890805310673
Epoch 50/50
Average Loss: 0.15325482934713364
C-Index on Test Data: 0.486
C-Index on Test Data: 0.489
Current trial C-index: 0.4860, Previously saved model C-index: 0.4890
C-Index on Test Data: 0.486
Using GPU: cuda:2
Running trial number 4 for ExperimentScenario.TWENTY_FEATURES_HETEROGENEOUS on device cuda:2
Train data path /home/minhn2/uiuc-kidney-failure/generated_data/rep99/twenty_features_heterogeneous_train_data.csv
Test data path /home/minhn2/uiuc-kidney-failure/generated_data/rep99/twenty_features_heterogeneous_test_data.csv
Number of patients: test 20 and train 20
Number of records: test 9115 and train 4575
Epoch 1/50
Average Loss: 43.66955407460531
Epoch 2/50
Average Loss: 1.4112335791190465
Epoch 3/50
Average Loss: 0.3082180039750205
Epoch 4/50
Average Loss: 0.2566680171423488
Epoch 5/50
Average Loss: 0.23675608386596045
Epoch 6/50
Average Loss: 0.2233579092555576
Epoch 7/50
Average Loss: 0.21380257937643263
Epoch 8/50
Average Loss: 0.20602857983774608
Epoch 9/50
Average Loss: 0.19907540910773808
Epoch 10/50
Average Loss: 0.1936352178454399
Epoch 11/50
Average Loss: 0.18844725853867
Epoch 12/50
Average Loss: 0.18480214642153847
Epoch 13/50
Average Loss: 0.18085826188325882
Epoch 14/50
Average Loss: 0.1772418287065294
Epoch 15/50
Average Loss: 0.1746074085434278
Epoch 16/50
Average Loss: 0.17210628009504741
Epoch 17/50
Average Loss: 0.16967760192023384
Epoch 18/50
Average Loss: 0.16835899402697882
Epoch 19/50
Average Loss: 0.16629787410298982
Epoch 20/50
Average Loss: 0.1648833155632019
Epoch 21/50
Average Loss: 0.1633906438946724
Epoch 22/50
Average Loss: 0.16187668012248146
Epoch 23/50
Average Loss: 0.16105370803011787
Epoch 24/50
Average Loss: 0.15947635016507572
Epoch 25/50
Average Loss: 0.1585419298046165
Epoch 26/50
Average Loss: 0.15771072978774706
Epoch 27/50
Average Loss: 0.15631006533900896
Epoch 28/50
Average Loss: 0.15594931153787506
Epoch 29/50
Average Loss: 0.15502562663621372
Epoch 30/50
Average Loss: 0.1541004582411713
Epoch 31/50
Average Loss: 0.1533819337685903
Epoch 32/50
Average Loss: 0.1528867723213302
Epoch 33/50
Average Loss: 0.15267276556955445
Epoch 34/50
Average Loss: 0.15182957011792395
Epoch 35/50
Average Loss: 0.15125933330920008
Epoch 36/50
Average Loss: 0.1509750915898217
Epoch 37/50
Average Loss: 0.15034619925750625
Epoch 38/50
Average Loss: 0.1496269611848725
Epoch 39/50
Average Loss: 0.14913974536789787
Epoch 40/50
Average Loss: 0.14895113681753477
Epoch 41/50
Average Loss: 0.14790479963024458
Epoch 42/50
Average Loss: 0.14788739672965473
Epoch 43/50
Average Loss: 0.14724441659119394
Epoch 44/50
Average Loss: 0.14738713991310862
Patience Counter: 1
Epoch 45/50
Average Loss: 0.14705058063069978
Epoch 46/50
Average Loss: 0.14697887582911384
Epoch 47/50
Average Loss: 0.14672142184442943
Epoch 48/50
Average Loss: 0.14591164348853958
Epoch 49/50
Average Loss: 0.14579107322626644
Epoch 50/50
Average Loss: 0.14574521945582497
C-Index on Test Data: 0.479
C-Index on Test Data: 0.489
Current trial C-index: 0.4790, Previously saved model C-index: 0.4890
C-Index on Test Data: 0.479
Using GPU: cuda:5
Running trial number 5 for ExperimentScenario.TWENTY_FEATURES_HETEROGENEOUS on device cuda:5
Train data path /home/minhn2/uiuc-kidney-failure/generated_data/rep99/twenty_features_heterogeneous_train_data.csv
Test data path /home/minhn2/uiuc-kidney-failure/generated_data/rep99/twenty_features_heterogeneous_test_data.csv
Number of patients: test 20 and train 20
Number of records: test 9115 and train 4575
Epoch 1/50
Average Loss: 74.91860326131184
Epoch 2/50
Average Loss: 74.47016313340929
Epoch 3/50
Average Loss: 73.96081966824002
Epoch 4/50
Average Loss: 73.32056638929579
Epoch 5/50
Average Loss: 72.45131513807509
Epoch 6/50
Average Loss: 71.21223746405707
Epoch 7/50
Average Loss: 69.40783903333876
Epoch 8/50
Average Loss: 66.7821871439616
Epoch 9/50
Average Loss: 63.03571637471517
Epoch 10/50
Average Loss: 58.105745527479385
Epoch 11/50
Average Loss: 52.08608712090386
Epoch 12/50
Average Loss: 45.509779400295685
Epoch 13/50
Average Loss: 38.81812985738119
Epoch 14/50
Average Loss: 32.41890313890245
Epoch 15/50
Average Loss: 26.55343574947781
Epoch 16/50
Average Loss: 21.426785786946613
Epoch 17/50
Average Loss: 17.058167934417725
Epoch 18/50
Average Loss: 13.48429208331638
Epoch 19/50
Average Loss: 10.667074150509304
Epoch 20/50
Average Loss: 8.464946640862358
Epoch 21/50
Average Loss: 6.785947508282131
Epoch 22/50
Average Loss: 5.518734296162923
Epoch 23/50
Average Loss: 4.560260110431248
Epoch 24/50
Average Loss: 3.817259510358175
Epoch 25/50
Average Loss: 3.2541156344943576
Epoch 26/50
Average Loss: 2.811504522959391
Epoch 27/50
Average Loss: 2.4592200915018716
Epoch 28/50
Average Loss: 2.1763298975096808
Epoch 29/50
Average Loss: 1.9428574244181316
Epoch 30/50
Average Loss: 1.7496474252806768
Epoch 31/50
Average Loss: 1.5893994371096294
Epoch 32/50
Average Loss: 1.451662196053399
Epoch 33/50
Average Loss: 1.3364432719018724
Epoch 34/50
Average Loss: 1.235674136214786
Epoch 35/50
Average Loss: 1.1484866937001545
Epoch 36/50
Average Loss: 1.0736720926231809
Epoch 37/50
Average Loss: 1.005451629559199
Epoch 38/50
Average Loss: 0.9460834463437399
Epoch 39/50
Average Loss: 0.892479290564855
Epoch 40/50
Average Loss: 0.8447934422228072
Epoch 41/50
Average Loss: 0.802800887160831
Epoch 42/50
Average Loss: 0.7638745804627737
Epoch 43/50
Average Loss: 0.7287189364433289
Epoch 44/50
Average Loss: 0.6969621810648177
Epoch 45/50
Average Loss: 0.6677593986193339
Epoch 46/50
Average Loss: 0.6409492691357931
Epoch 47/50
Average Loss: 0.6168473429150052
Epoch 48/50
Average Loss: 0.5942383375432756
Epoch 49/50
Average Loss: 0.5731830729378594
Epoch 50/50
Average Loss: 0.5541325045956506
C-Index on Test Data: 0.487
C-Index on Test Data: 0.489
Current trial C-index: 0.4870, Previously saved model C-index: 0.4890
C-Index on Test Data: 0.487
Using GPU: cuda:2
Running trial number 6 for ExperimentScenario.TWENTY_FEATURES_HETEROGENEOUS on device cuda:2
Train data path /home/minhn2/uiuc-kidney-failure/generated_data/rep99/twenty_features_heterogeneous_train_data.csv
Test data path /home/minhn2/uiuc-kidney-failure/generated_data/rep99/twenty_features_heterogeneous_test_data.csv
Number of patients: test 20 and train 20
Number of records: test 9115 and train 4575
Epoch 1/50
Average Loss: 247.51992967393664
Epoch 2/50
Average Loss: 223.66180843777127
Epoch 3/50
Average Loss: 189.60080803765192
Epoch 4/50
Average Loss: 143.10981708102756
Epoch 5/50
Average Loss: 90.97035174899631
Epoch 6/50
Average Loss: 49.52139409383138
Epoch 7/50
Average Loss: 26.441184679667156
Epoch 8/50
Average Loss: 15.421758863661024
Epoch 9/50
Average Loss: 9.882132238811916
Epoch 10/50
Average Loss: 6.921469820870294
Epoch 11/50
Average Loss: 4.984297845098707
Epoch 12/50
Average Loss: 3.821981191635132
Epoch 13/50
Average Loss: 3.01758513185713
Epoch 14/50
Average Loss: 2.397523628340827
Epoch 15/50
Average Loss: 1.9628927045398288
Epoch 16/50
Average Loss: 1.6402379671732585
Epoch 17/50
Average Loss: 1.4144695070054796
Epoch 18/50
Average Loss: 1.247199707561069
Epoch 19/50
Average Loss: 1.1031170884768169
Epoch 20/50
Average Loss: 0.9892737666765848
Epoch 21/50
Average Loss: 0.8972054620583853
Epoch 22/50
Average Loss: 0.820529494020674
Epoch 23/50
Average Loss: 0.7515201171239217
Epoch 24/50
Average Loss: 0.6925105353196462
Epoch 25/50
Average Loss: 0.6408538983927833
Epoch 26/50
Average Loss: 0.5963569415940179
Epoch 27/50
Average Loss: 0.5561057792769538
Epoch 28/50
Average Loss: 0.5203574713733461
Epoch 29/50
Average Loss: 0.49035464227199554
Epoch 30/50
Average Loss: 0.46437102887365556
Epoch 31/50
Average Loss: 0.4409424215555191
Epoch 32/50
Average Loss: 0.42007605565918815
Epoch 33/50
Average Loss: 0.4008309178882175
Epoch 34/50
Average Loss: 0.3827740218904283
Epoch 35/50
Average Loss: 0.36606522070036995
Epoch 36/50
Average Loss: 0.35049430694844985
Epoch 37/50
Average Loss: 0.3365384836991628
Epoch 38/50
Average Loss: 0.3239971316523022
Epoch 39/50
Average Loss: 0.3123187886344062
Epoch 40/50
Average Loss: 0.3015061252646976
Epoch 41/50
Average Loss: 0.29143432941701675
Epoch 42/50
Average Loss: 0.28206262323591447
Epoch 43/50
Average Loss: 0.2730596512556076
Epoch 44/50
Average Loss: 0.26455699404080707
Epoch 45/50
Average Loss: 0.25667520860830945
Epoch 46/50
Average Loss: 0.24929602609740364
Epoch 47/50
Average Loss: 0.24197422216335931
Epoch 48/50
Average Loss: 0.2351885603533851
Epoch 49/50
Average Loss: 0.22865479936202368
Epoch 50/50
Average Loss: 0.22256342983908123
C-Index on Test Data: 0.493
C-Index on Test Data: 0.489
Current trial C-index: 0.4930, Previously saved model C-index: 0.4890
Current model performs better, saving it...
C-Index on Test Data: 0.493
Using GPU: cuda:4
Running trial number 7 for ExperimentScenario.TWENTY_FEATURES_HETEROGENEOUS on device cuda:4
Train data path /home/minhn2/uiuc-kidney-failure/generated_data/rep99/twenty_features_heterogeneous_train_data.csv
Test data path /home/minhn2/uiuc-kidney-failure/generated_data/rep99/twenty_features_heterogeneous_test_data.csv
Number of patients: test 20 and train 20
Number of records: test 9115 and train 4575
Epoch 1/50
Average Loss: 31.50385496351454
Epoch 2/50
Average Loss: 31.33863141801622
Epoch 3/50
Average Loss: 31.165119171142578
Epoch 4/50
Average Loss: 30.966991636488174
Epoch 5/50
Average Loss: 30.739394399854874
Epoch 6/50
Average Loss: 30.469565921359592
Epoch 7/50
Average Loss: 30.138860596550835
Epoch 8/50
Average Loss: 29.718143886990017
Epoch 9/50
Average Loss: 29.182034704420303
Epoch 10/50
Average Loss: 28.519032796223957
Epoch 11/50
Average Loss: 27.69942718082004
Epoch 12/50
Average Loss: 26.690066655476887
Epoch 13/50
Average Loss: 25.468389723036026
Epoch 14/50
Average Loss: 24.008444680107964
Epoch 15/50
Average Loss: 22.283708360460068
Epoch 16/50
Average Loss: 20.31875493791368
Epoch 17/50
Average Loss: 18.175181918674046
Epoch 18/50
Average Loss: 15.954978995853
Epoch 19/50
Average Loss: 13.781686305999756
Epoch 20/50
Average Loss: 11.744506624009874
Epoch 21/50
Average Loss: 9.935892740885416
Epoch 22/50
Average Loss: 8.379153781467014
Epoch 23/50
Average Loss: 7.099900060229832
Epoch 24/50
Average Loss: 6.05737058321635
Epoch 25/50
Average Loss: 5.191919936074151
Epoch 26/50
Average Loss: 4.517651783095466
Epoch 27/50
Average Loss: 3.954825507269965
Epoch 28/50
Average Loss: 3.5087468226750693
Epoch 29/50
Average Loss: 3.1337400674819946
Epoch 30/50
Average Loss: 2.800521148575677
Epoch 31/50
Average Loss: 2.522536701626248
Epoch 32/50
Average Loss: 2.2878842883639865
Epoch 33/50
Average Loss: 2.0914607180489435
Epoch 34/50
Average Loss: 1.9269937475522358
Epoch 35/50
Average Loss: 1.7876658770773146
Epoch 36/50
Average Loss: 1.6622848113377888
Epoch 37/50
Average Loss: 1.5493298040495977
Epoch 38/50
Average Loss: 1.449055512746175
Epoch 39/50
Average Loss: 1.3560371465153165
Epoch 40/50
Average Loss: 1.2760964433352153
Epoch 41/50
Average Loss: 1.2084133691257901
Epoch 42/50
Average Loss: 1.1426850921577878
Epoch 43/50
Average Loss: 1.0825212001800537
Epoch 44/50
Average Loss: 1.0258582731088002
Epoch 45/50
Average Loss: 0.9743076662222544
Epoch 46/50
Average Loss: 0.930446121427748
Epoch 47/50
Average Loss: 0.8883265852928162
Epoch 48/50
Average Loss: 0.8477272093296051
Epoch 49/50
Average Loss: 0.8070642120308347
Epoch 50/50
Average Loss: 0.7700183424684737
C-Index on Test Data: 0.496
C-Index on Test Data: 0.493
Current trial C-index: 0.4960, Previously saved model C-index: 0.4930
Current model performs better, saving it...
C-Index on Test Data: 0.496
Using GPU: cuda:2
Running trial number 8 for ExperimentScenario.TWENTY_FEATURES_HETEROGENEOUS on device cuda:2
Train data path /home/minhn2/uiuc-kidney-failure/generated_data/rep99/twenty_features_heterogeneous_train_data.csv
Test data path /home/minhn2/uiuc-kidney-failure/generated_data/rep99/twenty_features_heterogeneous_test_data.csv
Number of patients: test 20 and train 20
Number of records: test 9115 and train 4575
Epoch 1/50
Average Loss: 45.07340537177192
Epoch 2/50
Average Loss: 43.60435231526693
Epoch 3/50
Average Loss: 36.85124693976508
Epoch 4/50
Average Loss: 17.10853322347005
Epoch 5/50
Average Loss: 4.04011164771186
Epoch 6/50
Average Loss: 1.4529486695925395
Epoch 7/50
Average Loss: 0.8596480952368842
Epoch 8/50
Average Loss: 0.633119629489051
Epoch 9/50
Average Loss: 0.5121230913533105
Epoch 10/50
Average Loss: 0.43564533525043064
Epoch 11/50
Average Loss: 0.3820668276813295
Epoch 12/50
Average Loss: 0.342285187708007
Epoch 13/50
Average Loss: 0.31245728664928013
Epoch 14/50
Average Loss: 0.28885036293003297
Epoch 15/50
Average Loss: 0.2697532781296306
Epoch 16/50
Average Loss: 0.2538405532638232
Epoch 17/50
Average Loss: 0.2412763386964798
Epoch 18/50
Average Loss: 0.22959081745809978
Epoch 19/50
Average Loss: 0.22022301289770338
Epoch 20/50
Average Loss: 0.2121379847327868
Epoch 21/50
Average Loss: 0.20484777291615805
Epoch 22/50
Average Loss: 0.19871161215835148
Epoch 23/50
Average Loss: 0.19334766020377478
Epoch 24/50
Average Loss: 0.1881017428305414
Epoch 25/50
Average Loss: 0.1835418939590454
Epoch 26/50
Average Loss: 0.17981627997424868
Epoch 27/50
Average Loss: 0.1757668455441793
Epoch 28/50
Average Loss: 0.17255905891458193
Epoch 29/50
Average Loss: 0.16919280919763777
Epoch 30/50
Average Loss: 0.1665346465177006
Epoch 31/50
Average Loss: 0.16400007241302067
Epoch 32/50
Average Loss: 0.1614662218425009
Epoch 33/50
Average Loss: 0.15907465169827142
Epoch 34/50
Average Loss: 0.15710636683636242
Epoch 35/50
Average Loss: 0.15514005637831157
Epoch 36/50
Average Loss: 0.15330995039807427
Epoch 37/50
Average Loss: 0.15143119254046017
Epoch 38/50
Average Loss: 0.15041914292507702
Epoch 39/50
Average Loss: 0.14834286934799618
Epoch 40/50
Average Loss: 0.14696914909614456
Epoch 41/50
Average Loss: 0.14588828674621052
Epoch 42/50
Average Loss: 0.1444631533490287
Epoch 43/50
Average Loss: 0.1434658852716287
Epoch 44/50
Average Loss: 0.1424507080680794
Epoch 45/50
Average Loss: 0.14085979842477375
Epoch 46/50
Average Loss: 0.13988581423958144
Epoch 47/50
Average Loss: 0.1393184554245737
Epoch 48/50
Average Loss: 0.1379178228477637
Epoch 49/50
Average Loss: 0.13713674826754463
Epoch 50/50
Average Loss: 0.13577219512727526
C-Index on Test Data: 0.488
C-Index on Test Data: 0.496
Current trial C-index: 0.4880, Previously saved model C-index: 0.4960
C-Index on Test Data: 0.488
Using GPU: cuda:5
Running trial number 9 for ExperimentScenario.TWENTY_FEATURES_HETEROGENEOUS on device cuda:5
Train data path /home/minhn2/uiuc-kidney-failure/generated_data/rep99/twenty_features_heterogeneous_train_data.csv
Test data path /home/minhn2/uiuc-kidney-failure/generated_data/rep99/twenty_features_heterogeneous_test_data.csv
Number of patients: test 20 and train 20
Number of records: test 9115 and train 4575
Epoch 1/50
Average Loss: 28.2255613538954
Epoch 2/50
Average Loss: 28.181251525878906
Epoch 3/50
Average Loss: 28.13616265190972
Epoch 4/50
Average Loss: 28.089744673834907
Epoch 5/50
Average Loss: 28.041066275702583
Epoch 6/50
Average Loss: 27.9887179268731
Epoch 7/50
Average Loss: 27.931102646721733
Epoch 8/50
Average Loss: 27.86678144666884
Epoch 9/50
Average Loss: 27.79247283935547
Epoch 10/50
Average Loss: 27.705570009019638
Epoch 11/50
Average Loss: 27.601245562235516
Epoch 12/50
Average Loss: 27.473657184176975
Epoch 13/50
Average Loss: 27.315320438808865
Epoch 14/50
Average Loss: 27.11316680908203
Epoch 15/50
Average Loss: 26.854947725931805
Epoch 16/50
Average Loss: 26.526437017652725
Epoch 17/50
Average Loss: 26.10267448425293
Epoch 18/50
Average Loss: 25.555430200364853
Epoch 19/50
Average Loss: 24.861889521280926
Epoch 20/50
Average Loss: 23.994056595696343
Epoch 21/50
Average Loss: 22.94823381635878
Epoch 22/50
Average Loss: 21.71960703531901
Epoch 23/50
Average Loss: 20.347913212246365
Epoch 24/50
Average Loss: 18.865588823954266
Epoch 25/50
Average Loss: 17.308818923102486
Epoch 26/50
Average Loss: 15.742895497216118
Epoch 27/50
Average Loss: 14.194137202368843
Epoch 28/50
Average Loss: 12.7151730855306
Epoch 29/50
Average Loss: 11.335020966000027
Epoch 30/50
Average Loss: 10.07323439915975
Epoch 31/50
Average Loss: 8.945965660942925
Epoch 32/50
Average Loss: 7.949913077884251
Epoch 33/50
Average Loss: 7.081133577558729
Epoch 34/50
Average Loss: 6.32814359664917
Epoch 35/50
Average Loss: 5.682653533087836
Epoch 36/50
Average Loss: 5.12401901351081
Epoch 37/50
Average Loss: 4.642477724287245
Epoch 38/50
Average Loss: 4.226561334398058
Epoch 39/50
Average Loss: 3.865214321348402
Epoch 40/50
Average Loss: 3.5499905347824097
Epoch 41/50
Average Loss: 3.2740834951400757
Epoch 42/50
Average Loss: 3.030503829320272
Epoch 43/50
Average Loss: 2.8148959080378213
Epoch 44/50
Average Loss: 2.6232573721143932
Epoch 45/50
Average Loss: 2.451622406641642
Epoch 46/50
Average Loss: 2.2978698545032077
Epoch 47/50
Average Loss: 2.159669346279568
Epoch 48/50
Average Loss: 2.0342725250456066
Epoch 49/50
Average Loss: 1.9207271801100836
Epoch 50/50
Average Loss: 1.8169227242469788
C-Index on Test Data: 0.488
C-Index on Test Data: 0.496
Current trial C-index: 0.4880, Previously saved model C-index: 0.4960
C-Index on Test Data: 0.488
Number of finished trials:  10
Best trial:
Best hyperparameters: {'num_time_intervals': 26, 'embedding_size': 116, 'num_embedding_layers': 1, 'hidden_dims': 165, 'num_recurrent_layers': 2, 'learning_rate': 2.6038615449200037e-05, 'cross_entropy_loss_weight': 0.7981337357153774}
C-Index on Test Data: 0.494
Warning: Could not compute Brier Score: time must be smaller than largest observed time point: 4449.404861111111
Mean time-dependent AUC: 0.4961
✓ rnnsurv/twenty_features_heterogeneous completed successfully
==================== Running kfre/four_features ====================
Train data path /home/minhn2/uiuc-kidney-failure/generated_data/rep99/four_features_train_data.csv
Test data path /home/minhn2/uiuc-kidney-failure/generated_data/rep99/four_features_test_data.csv
Number of patients: test 345 and train 500
Number of records: test 3667 and train 5806
Cached KFRE risk scores: /home/minhn2/uiuc-kidney-failure/generated_data/rep99/four_features_kfre_2yr_risk_scores.csv
Evaluate on test data
Concordance Index Test: 0.627
Integrated Brier Score Test: 0.347
✗ kfre/four_features failed:
Traceback (most recent call last):
  File "/home/minhn2/uiuc-kidney-failure/pkgs/scripts/run_stage2_new_scenarios.py", line 56, in main
    fn(scenario)
  File "/home/minhn2/uiuc-kidney-failure/pkgs/experiments/kfre.py", line 119, in run_kfre_model
    _, mean_auc = cumulative_dynamic_auc(y_train, y_test, risk_scores_test, times)
                  ^^^^^^^^^^^^^^^^^^^^^^^^^^^^^^^^^^^^^^^^^^^^^^^^^^^^^^^^^^^^^^^^
  File "/home/minhn2/miniconda3/envs/minhn2/lib/python3.12/site-packages/sksurv/metrics.py", line 459, in cumulative_dynamic_auc
    ipcw = cens.predict_ipcw(survival_test)
           ^^^^^^^^^^^^^^^^^^^^^^^^^^^^^^^^
  File "/home/minhn2/miniconda3/envs/minhn2/lib/python3.12/site-packages/sksurv/nonparametric.py", line 583, in predict_ipcw
    raise ValueError("censoring survival function is zero at one or more time points")
ValueError: censoring survival function is zero at one or more time points
==================== Running kfre/eight_features ====================
Train data path /home/minhn2/uiuc-kidney-failure/generated_data/rep99/eight_features_train_data.csv
Test data path /home/minhn2/uiuc-kidney-failure/generated_data/rep99/eight_features_test_data.csv
Number of patients: test 243 and train 400
Number of records: test 1100 and train 1856
Cached KFRE risk scores: /home/minhn2/uiuc-kidney-failure/generated_data/rep99/eight_features_kfre_2yr_risk_scores.csv
Evaluate on test data
Concordance Index Test: 0.637
Integrated Brier Score Test: 0.452
Mean time-dependent AUC: 0.6624
✓ kfre/eight_features completed successfully
=========================================
Total: 17  Failed: 6
Failed: ['cox/four_features', 'dynamic_deephit/four_features', 'dynamic_deephit/twenty_features_heterogeneous', 'hazard_transformer/four_features', 'rnnsurv/four_features', 'kfre/four_features']
