==================== Running cox/four_features ====================
Train data path /home/minhn2/uiuc-kidney-failure/generated_data/rep99/four_features_train_data.csv
Test data path /home/minhn2/uiuc-kidney-failure/generated_data/rep99/four_features_test_data.csv
Number of patients: test 345 and train 500
Number of records: test 3667 and train 5806
Loading model from /home/minhn2/uiuc-kidney-failure/generated_data/rep99/four_features_cox_model.dill
Evaluate on test data
Concordance Index Test: 0.472
Integrated Brier Score Test: 0.085
Risk scores test: (3667,)
✗ cox/four_features failed:
Traceback (most recent call last):
  File "/home/minhn2/uiuc-kidney-failure/pkgs/scripts/run_stage2_new_scenarios.py", line 56, in main
    fn(scenario)
  File "/home/minhn2/uiuc-kidney-failure/pkgs/experiments/cox.py", line 57, in run_cox_model
    _, mean_auc = compute_time_dependent_auc(model, data_train, data_test, 'duration_in_days', 'has_esrd', times)
                  ^^^^^^^^^^^^^^^^^^^^^^^^^^^^^^^^^^^^^^^^^^^^^^^^^^^^^^^^^^^^^^^^^^^^^^^^^^^^^^^^^^^^^^^^^^^^^^^
  File "/home/minhn2/uiuc-kidney-failure/pkgs/experiments/cox.py", line 21, in compute_time_dependent_auc
    auc_values, mean_auc = cumulative_dynamic_auc(y_train, y_test, risk_scores_test, times)
                           ^^^^^^^^^^^^^^^^^^^^^^^^^^^^^^^^^^^^^^^^^^^^^^^^^^^^^^^^^^^^^^^^
  File "/home/minhn2/miniconda3/envs/minhn2/lib/python3.12/site-packages/sksurv/metrics.py", line 459, in cumulative_dynamic_auc
    ipcw = cens.predict_ipcw(survival_test)
           ^^^^^^^^^^^^^^^^^^^^^^^^^^^^^^^^
  File "/home/minhn2/miniconda3/envs/minhn2/lib/python3.12/site-packages/sksurv/nonparametric.py", line 583, in predict_ipcw
    raise ValueError("censoring survival function is zero at one or more time points")
ValueError: censoring survival function is zero at one or more time points
==================== Running cox/eight_features ====================
Train data path /home/minhn2/uiuc-kidney-failure/generated_data/rep99/eight_features_train_data.csv
Test data path /home/minhn2/uiuc-kidney-failure/generated_data/rep99/eight_features_test_data.csv
Number of patients: test 243 and train 400
Number of records: test 1100 and train 1856
Loading model from /home/minhn2/uiuc-kidney-failure/generated_data/rep99/eight_features_cox_model.dill
Evaluate on test data
Concordance Index Test: 0.509
Integrated Brier Score Test: 0.356
Risk scores test: (1100,)
Mean time-dependent AUC: 0.4668
✓ cox/eight_features completed successfully
==================== Running cox/twenty_features_heterogeneous ====================
Train data path /home/minhn2/uiuc-kidney-failure/generated_data/rep99/twenty_features_heterogeneous_train_data.csv
Test data path /home/minhn2/uiuc-kidney-failure/generated_data/rep99/twenty_features_heterogeneous_test_data.csv
Number of patients: test 500 and train 500
Number of records: test 137883 and train 159926
Loading model from /home/minhn2/uiuc-kidney-failure/generated_data/rep99/twenty_features_heterogeneous_cox_model.dill
Evaluate on test data
Concordance Index Test: 0.433
Integrated Brier Score Test: 0.092
Risk scores test: (137883,)
Mean time-dependent AUC: 0.4186
✓ cox/twenty_features_heterogeneous completed successfully
==================== Running dynamic_deephit/four_features ====================
[I 2026-08-22 10:28:10,939] A new study created in memory with name: no-name-4da528e5-1f22-4e93-84a8-e73c48b72b7a
[I 2026-08-22 10:28:36,441] Trial 0 finished with value: 0.44704906582853154 and parameters: {'num_layer': 4, 'hidden_dim_0': 35, 'hidden_dim_1': 94, 'hidden_dim_2': 98, 'hidden_dim_3': 17, 'learning_rate': 0.005001573533285535, 'drop_out_rate': 0.4641619866103991, 'llh_loss': 0.5293358537053652}. Best is trial 0 with value: 0.44704906582853154.
/home/minhn2/uiuc-kidney-failure/pkgs/experiments/dynamic_deephit.py:240: FutureWarning: You are using `torch.load` with `weights_only=False` (the current default value), which uses the default pickle module implicitly. It is possible to construct malicious pickle data which will execute arbitrary code during unpickling (See https://github.com/pytorch/pytorch/blob/main/SECURITY.md#untrusted-models for more details). In a future release, the default value for `weights_only` will be flipped to `True`. This limits the functions that could be executed during unpickling. Arbitrary objects will no longer be allowed to be loaded via this mode unless they are explicitly allowlisted by the user via `torch.serialization.add_safe_globals`. We recommend you start setting `weights_only=True` for any use case where you don't have full control of the loaded file. Please open an issue on GitHub for any issues related to this experimental feature.
  saved_model = torch.load(saved_path, map_location=device)
[I 2026-08-22 10:29:34,323] Trial 1 finished with value: 0.7522117455328561 and parameters: {'num_layer': 2, 'hidden_dim_0': 78, 'hidden_dim_1': 20, 'learning_rate': 0.0026580068214782956, 'drop_out_rate': 0.2947902457805378, 'llh_loss': 0.9170622927557469}. Best is trial 1 with value: 0.7522117455328561.
/home/minhn2/uiuc-kidney-failure/pkgs/experiments/dynamic_deephit.py:240: FutureWarning: You are using `torch.load` with `weights_only=False` (the current default value), which uses the default pickle module implicitly. It is possible to construct malicious pickle data which will execute arbitrary code during unpickling (See https://github.com/pytorch/pytorch/blob/main/SECURITY.md#untrusted-models for more details). In a future release, the default value for `weights_only` will be flipped to `True`. This limits the functions that could be executed during unpickling. Arbitrary objects will no longer be allowed to be loaded via this mode unless they are explicitly allowlisted by the user via `torch.serialization.add_safe_globals`. We recommend you start setting `weights_only=True` for any use case where you don't have full control of the loaded file. Please open an issue on GitHub for any issues related to this experimental feature.
  saved_model = torch.load(saved_path, map_location=device)
[I 2026-08-22 10:30:12,899] Trial 2 finished with value: 0.32634887375589317 and parameters: {'num_layer': 4, 'hidden_dim_0': 42, 'hidden_dim_1': 35, 'hidden_dim_2': 89, 'hidden_dim_3': 116, 'learning_rate': 0.0004179672042787347, 'drop_out_rate': 0.3415241938530592, 'llh_loss': 0.6058185429169467}. Best is trial 1 with value: 0.7522117455328561.
/home/minhn2/uiuc-kidney-failure/pkgs/experiments/dynamic_deephit.py:240: FutureWarning: You are using `torch.load` with `weights_only=False` (the current default value), which uses the default pickle module implicitly. It is possible to construct malicious pickle data which will execute arbitrary code during unpickling (See https://github.com/pytorch/pytorch/blob/main/SECURITY.md#untrusted-models for more details). In a future release, the default value for `weights_only` will be flipped to `True`. This limits the functions that could be executed during unpickling. Arbitrary objects will no longer be allowed to be loaded via this mode unless they are explicitly allowlisted by the user via `torch.serialization.add_safe_globals`. We recommend you start setting `weights_only=True` for any use case where you don't have full control of the loaded file. Please open an issue on GitHub for any issues related to this experimental feature.
  saved_model = torch.load(saved_path, map_location=device)
[I 2026-08-22 10:30:36,297] Trial 3 finished with value: 0.8251120423723881 and parameters: {'num_layer': 2, 'hidden_dim_0': 35, 'hidden_dim_1': 124, 'learning_rate': 0.00151991653696283, 'drop_out_rate': 0.46896930153588456, 'llh_loss': 0.20245344396398313}. Best is trial 3 with value: 0.8251120423723881.
/home/minhn2/uiuc-kidney-failure/pkgs/experiments/dynamic_deephit.py:240: FutureWarning: You are using `torch.load` with `weights_only=False` (the current default value), which uses the default pickle module implicitly. It is possible to construct malicious pickle data which will execute arbitrary code during unpickling (See https://github.com/pytorch/pytorch/blob/main/SECURITY.md#untrusted-models for more details). In a future release, the default value for `weights_only` will be flipped to `True`. This limits the functions that could be executed during unpickling. Arbitrary objects will no longer be allowed to be loaded via this mode unless they are explicitly allowlisted by the user via `torch.serialization.add_safe_globals`. We recommend you start setting `weights_only=True` for any use case where you don't have full control of the loaded file. Please open an issue on GitHub for any issues related to this experimental feature.
  saved_model = torch.load(saved_path, map_location=device)
[I 2026-08-22 10:31:18,863] Trial 4 finished with value: 0.2722120365520051 and parameters: {'num_layer': 3, 'hidden_dim_0': 125, 'hidden_dim_1': 43, 'hidden_dim_2': 17, 'learning_rate': 1.4788464118287937e-05, 'drop_out_rate': 0.3538265167705271, 'llh_loss': 0.5751122616668836}. Best is trial 3 with value: 0.8251120423723881.
/home/minhn2/uiuc-kidney-failure/pkgs/experiments/dynamic_deephit.py:240: FutureWarning: You are using `torch.load` with `weights_only=False` (the current default value), which uses the default pickle module implicitly. It is possible to construct malicious pickle data which will execute arbitrary code during unpickling (See https://github.com/pytorch/pytorch/blob/main/SECURITY.md#untrusted-models for more details). In a future release, the default value for `weights_only` will be flipped to `True`. This limits the functions that could be executed during unpickling. Arbitrary objects will no longer be allowed to be loaded via this mode unless they are explicitly allowlisted by the user via `torch.serialization.add_safe_globals`. We recommend you start setting `weights_only=True` for any use case where you don't have full control of the loaded file. Please open an issue on GitHub for any issues related to this experimental feature.
  saved_model = torch.load(saved_path, map_location=device)
[I 2026-08-22 10:32:19,576] Trial 5 finished with value: 0.5826421628543158 and parameters: {'num_layer': 4, 'hidden_dim_0': 111, 'hidden_dim_1': 65, 'hidden_dim_2': 72, 'hidden_dim_3': 116, 'learning_rate': 4.718783198254755e-05, 'drop_out_rate': 0.26275154455932115, 'llh_loss': 0.6985451474729213}. Best is trial 3 with value: 0.8251120423723881.
/home/minhn2/uiuc-kidney-failure/pkgs/experiments/dynamic_deephit.py:240: FutureWarning: You are using `torch.load` with `weights_only=False` (the current default value), which uses the default pickle module implicitly. It is possible to construct malicious pickle data which will execute arbitrary code during unpickling (See https://github.com/pytorch/pytorch/blob/main/SECURITY.md#untrusted-models for more details). In a future release, the default value for `weights_only` will be flipped to `True`. This limits the functions that could be executed during unpickling. Arbitrary objects will no longer be allowed to be loaded via this mode unless they are explicitly allowlisted by the user via `torch.serialization.add_safe_globals`. We recommend you start setting `weights_only=True` for any use case where you don't have full control of the loaded file. Please open an issue on GitHub for any issues related to this experimental feature.
  saved_model = torch.load(saved_path, map_location=device)
[I 2026-08-22 10:33:06,014] Trial 6 finished with value: 0.4691155928060066 and parameters: {'num_layer': 1, 'hidden_dim_0': 72, 'learning_rate': 0.0004505186605681552, 'drop_out_rate': 0.3987464164907999, 'llh_loss': 0.5447166540752914}. Best is trial 3 with value: 0.8251120423723881.
/home/minhn2/uiuc-kidney-failure/pkgs/experiments/dynamic_deephit.py:240: FutureWarning: You are using `torch.load` with `weights_only=False` (the current default value), which uses the default pickle module implicitly. It is possible to construct malicious pickle data which will execute arbitrary code during unpickling (See https://github.com/pytorch/pytorch/blob/main/SECURITY.md#untrusted-models for more details). In a future release, the default value for `weights_only` will be flipped to `True`. This limits the functions that could be executed during unpickling. Arbitrary objects will no longer be allowed to be loaded via this mode unless they are explicitly allowlisted by the user via `torch.serialization.add_safe_globals`. We recommend you start setting `weights_only=True` for any use case where you don't have full control of the loaded file. Please open an issue on GitHub for any issues related to this experimental feature.
  saved_model = torch.load(saved_path, map_location=device)
[I 2026-08-22 10:33:30,098] Trial 7 finished with value: 0.7087043827483849 and parameters: {'num_layer': 3, 'hidden_dim_0': 120, 'hidden_dim_1': 47, 'hidden_dim_2': 106, 'learning_rate': 0.0029330978708816823, 'drop_out_rate': 0.2666593872060684, 'llh_loss': 0.1507998343064511}. Best is trial 3 with value: 0.8251120423723881.
/home/minhn2/uiuc-kidney-failure/pkgs/experiments/dynamic_deephit.py:240: FutureWarning: You are using `torch.load` with `weights_only=False` (the current default value), which uses the default pickle module implicitly. It is possible to construct malicious pickle data which will execute arbitrary code during unpickling (See https://github.com/pytorch/pytorch/blob/main/SECURITY.md#untrusted-models for more details). In a future release, the default value for `weights_only` will be flipped to `True`. This limits the functions that could be executed during unpickling. Arbitrary objects will no longer be allowed to be loaded via this mode unless they are explicitly allowlisted by the user via `torch.serialization.add_safe_globals`. We recommend you start setting `weights_only=True` for any use case where you don't have full control of the loaded file. Please open an issue on GitHub for any issues related to this experimental feature.
  saved_model = torch.load(saved_path, map_location=device)
[I 2026-08-22 10:33:54,161] Trial 8 finished with value: 0.6592020254932774 and parameters: {'num_layer': 3, 'hidden_dim_0': 78, 'hidden_dim_1': 16, 'hidden_dim_2': 102, 'learning_rate': 0.0009675198436364311, 'drop_out_rate': 0.43619189268504144, 'llh_loss': 0.36309881631208607}. Best is trial 3 with value: 0.8251120423723881.
/home/minhn2/uiuc-kidney-failure/pkgs/experiments/dynamic_deephit.py:240: FutureWarning: You are using `torch.load` with `weights_only=False` (the current default value), which uses the default pickle module implicitly. It is possible to construct malicious pickle data which will execute arbitrary code during unpickling (See https://github.com/pytorch/pytorch/blob/main/SECURITY.md#untrusted-models for more details). In a future release, the default value for `weights_only` will be flipped to `True`. This limits the functions that could be executed during unpickling. Arbitrary objects will no longer be allowed to be loaded via this mode unless they are explicitly allowlisted by the user via `torch.serialization.add_safe_globals`. We recommend you start setting `weights_only=True` for any use case where you don't have full control of the loaded file. Please open an issue on GitHub for any issues related to this experimental feature.
  saved_model = torch.load(saved_path, map_location=device)
[I 2026-08-22 10:34:36,161] Trial 9 finished with value: 0.6501076770851522 and parameters: {'num_layer': 1, 'hidden_dim_0': 124, 'learning_rate': 0.004825264692101058, 'drop_out_rate': 0.4464791776721737, 'llh_loss': 0.47139063071432363}. Best is trial 3 with value: 0.8251120423723881.
Using GPU: cuda:5
Train data path /home/minhn2/uiuc-kidney-failure/generated_data/rep99/four_features_train_data.csv
Test data path /home/minhn2/uiuc-kidney-failure/generated_data/rep99/four_features_test_data.csv
Number of patients: test 345 and train 500
Number of records: test 3667 and train 5806
Running Optuna hyperparameter optimization
Using GPU: cuda:7
Running trial 0 for ExperimentScenario.FOUR_FEATURES on device cuda:7
Train data path /home/minhn2/uiuc-kidney-failure/generated_data/rep99/four_features_train_data.csv
Test data path /home/minhn2/uiuc-kidney-failure/generated_data/rep99/four_features_test_data.csv
Number of patients: test 345 and train 500
Number of records: test 3667 and train 5806
Epoch 1/50
features shape: torch.Size([16, 126, 4]), mask shape: torch.Size([16, 126]), time_to_event shape: torch.Size([16, 1]), event_indicator shape: torch.Size([16, 1]), time_to_events shape: torch.Size([16, 126]), event_indicators shape: torch.Size([16, 126]), sequence lengths shape: torch.Size([16, 1])
x shape: torch.Size([16, 126, 4])
mask shape: torch.Size([16, 126])
lstm_output shape: torch.Size([16, 126, 70])
fc_output shape: torch.Size([16, 126, 35])
context shape: torch.Size([16, 35])
attention_weights shape: torch.Size([16, 126, 1])
x shape after cause_specific_fc: torch.Size([16, 17])
hazard_preds shape: [torch.Size([16, 5475])]
res shape: torch.Size([16, 1, 5475])
Average Loss: 542385833657.79156
Epoch 2/50
features shape: torch.Size([16, 126, 4]), mask shape: torch.Size([16, 126]), time_to_event shape: torch.Size([16, 1]), event_indicator shape: torch.Size([16, 1]), time_to_events shape: torch.Size([16, 126]), event_indicators shape: torch.Size([16, 126]), sequence lengths shape: torch.Size([16, 1])
x shape: torch.Size([16, 126, 4])
mask shape: torch.Size([16, 126])
lstm_output shape: torch.Size([16, 126, 70])
fc_output shape: torch.Size([16, 126, 35])
context shape: torch.Size([16, 35])
attention_weights shape: torch.Size([16, 126, 1])
x shape after cause_specific_fc: torch.Size([16, 17])
hazard_preds shape: [torch.Size([16, 5475])]
res shape: torch.Size([16, 1, 5475])
Average Loss: 8.973780197923356e+17
Patience Counter: 1
Epoch 3/50
features shape: torch.Size([16, 126, 4]), mask shape: torch.Size([16, 126]), time_to_event shape: torch.Size([16, 1]), event_indicator shape: torch.Size([16, 1]), time_to_events shape: torch.Size([16, 126]), event_indicators shape: torch.Size([16, 126]), sequence lengths shape: torch.Size([16, 1])
x shape: torch.Size([16, 126, 4])
mask shape: torch.Size([16, 126])
lstm_output shape: torch.Size([16, 126, 70])
fc_output shape: torch.Size([16, 126, 35])
context shape: torch.Size([16, 35])
attention_weights shape: torch.Size([16, 126, 1])
x shape after cause_specific_fc: torch.Size([16, 17])
hazard_preds shape: [torch.Size([16, 5475])]
res shape: torch.Size([16, 1, 5475])
Average Loss: 1.1554245428983414e+18
Patience Counter: 2
Epoch 4/50
features shape: torch.Size([16, 126, 4]), mask shape: torch.Size([16, 126]), time_to_event shape: torch.Size([16, 1]), event_indicator shape: torch.Size([16, 1]), time_to_events shape: torch.Size([16, 126]), event_indicators shape: torch.Size([16, 126]), sequence lengths shape: torch.Size([16, 1])
x shape: torch.Size([16, 126, 4])
mask shape: torch.Size([16, 126])
lstm_output shape: torch.Size([16, 126, 70])
fc_output shape: torch.Size([16, 126, 35])
context shape: torch.Size([16, 35])
attention_weights shape: torch.Size([16, 126, 1])
x shape after cause_specific_fc: torch.Size([16, 17])
hazard_preds shape: [torch.Size([16, 5475])]
res shape: torch.Size([16, 1, 5475])
Average Loss: 1.2524178594946289e+18
Patience Counter: 3
Epoch 5/50
features shape: torch.Size([16, 126, 4]), mask shape: torch.Size([16, 126]), time_to_event shape: torch.Size([16, 1]), event_indicator shape: torch.Size([16, 1]), time_to_events shape: torch.Size([16, 126]), event_indicators shape: torch.Size([16, 126]), sequence lengths shape: torch.Size([16, 1])
x shape: torch.Size([16, 126, 4])
mask shape: torch.Size([16, 126])
lstm_output shape: torch.Size([16, 126, 70])
fc_output shape: torch.Size([16, 126, 35])
context shape: torch.Size([16, 35])
attention_weights shape: torch.Size([16, 126, 1])
x shape after cause_specific_fc: torch.Size([16, 17])
hazard_preds shape: [torch.Size([16, 5475])]
res shape: torch.Size([16, 1, 5475])
Average Loss: 5.928115167413979e+18
Patience Counter: 4
Epoch 6/50
features shape: torch.Size([16, 126, 4]), mask shape: torch.Size([16, 126]), time_to_event shape: torch.Size([16, 1]), event_indicator shape: torch.Size([16, 1]), time_to_events shape: torch.Size([16, 126]), event_indicators shape: torch.Size([16, 126]), sequence lengths shape: torch.Size([16, 1])
x shape: torch.Size([16, 126, 4])
mask shape: torch.Size([16, 126])
lstm_output shape: torch.Size([16, 126, 70])
fc_output shape: torch.Size([16, 126, 35])
context shape: torch.Size([16, 35])
attention_weights shape: torch.Size([16, 126, 1])
x shape after cause_specific_fc: torch.Size([16, 17])
hazard_preds shape: [torch.Size([16, 5475])]
res shape: torch.Size([16, 1, 5475])
Average Loss: 8.096526826337766e+18
Patience Counter: 5
Early stopping triggered
features shape: torch.Size([16, 126, 4]), mask shape: torch.Size([16, 126]), T shape: torch.Size([16, 1]), E shape: torch.Size([16, 1]) hazards shape: (16, 5475)
Processing subject 0 with time 1487 and event False hazards shape: [0.4925512]
all_E shape: (500,) first 10 values: [False  True False False False  True  True False False False]
all_R shape: (500,) first 10 values: [0.4925512  0.46202672 0.4489048  0.42804518 0.42762572 0.46202672
 0.49573743 0.46701294 0.4485075  0.41961133]
all_T shape: (500,) first 10 values: [1487    0 1145    2 1002    0 2160 1790 1976 1430]
Global test C-index (scikit-survival): 0.447 number of concordant pairs: 28775
Global test C-index: 0.447
No existing model, saving current model
Using GPU: cuda:3
Running trial 1 for ExperimentScenario.FOUR_FEATURES on device cuda:3
Train data path /home/minhn2/uiuc-kidney-failure/generated_data/rep99/four_features_train_data.csv
Test data path /home/minhn2/uiuc-kidney-failure/generated_data/rep99/four_features_test_data.csv
Number of patients: test 345 and train 500
Number of records: test 3667 and train 5806
Epoch 1/50
features shape: torch.Size([16, 126, 4]), mask shape: torch.Size([16, 126]), time_to_event shape: torch.Size([16, 1]), event_indicator shape: torch.Size([16, 1]), time_to_events shape: torch.Size([16, 126]), event_indicators shape: torch.Size([16, 126]), sequence lengths shape: torch.Size([16, 1])
x shape: torch.Size([16, 126, 4])
mask shape: torch.Size([16, 126])
lstm_output shape: torch.Size([16, 126, 156])
fc_output shape: torch.Size([16, 126, 78])
context shape: torch.Size([16, 78])
attention_weights shape: torch.Size([16, 126, 1])
x shape after cause_specific_fc: torch.Size([16, 20])
hazard_preds shape: [torch.Size([16, 5475])]
res shape: torch.Size([16, 1, 5475])
Average Loss: 336.13164710998535
Epoch 2/50
features shape: torch.Size([16, 126, 4]), mask shape: torch.Size([16, 126]), time_to_event shape: torch.Size([16, 1]), event_indicator shape: torch.Size([16, 1]), time_to_events shape: torch.Size([16, 126]), event_indicators shape: torch.Size([16, 126]), sequence lengths shape: torch.Size([16, 1])
x shape: torch.Size([16, 126, 4])
mask shape: torch.Size([16, 126])
lstm_output shape: torch.Size([16, 126, 156])
fc_output shape: torch.Size([16, 126, 78])
context shape: torch.Size([16, 78])
attention_weights shape: torch.Size([16, 126, 1])
x shape after cause_specific_fc: torch.Size([16, 20])
hazard_preds shape: [torch.Size([16, 5475])]
res shape: torch.Size([16, 1, 5475])
Average Loss: 114802804.08955479
Patience Counter: 1
Epoch 3/50
features shape: torch.Size([16, 126, 4]), mask shape: torch.Size([16, 126]), time_to_event shape: torch.Size([16, 1]), event_indicator shape: torch.Size([16, 1]), time_to_events shape: torch.Size([16, 126]), event_indicators shape: torch.Size([16, 126]), sequence lengths shape: torch.Size([16, 1])
x shape: torch.Size([16, 126, 4])
mask shape: torch.Size([16, 126])
lstm_output shape: torch.Size([16, 126, 156])
fc_output shape: torch.Size([16, 126, 78])
context shape: torch.Size([16, 78])
attention_weights shape: torch.Size([16, 126, 1])
x shape after cause_specific_fc: torch.Size([16, 20])
hazard_preds shape: [torch.Size([16, 5475])]
res shape: torch.Size([16, 1, 5475])
Average Loss: 399613274.2648308
Patience Counter: 2
Epoch 4/50
features shape: torch.Size([16, 126, 4]), mask shape: torch.Size([16, 126]), time_to_event shape: torch.Size([16, 1]), event_indicator shape: torch.Size([16, 1]), time_to_events shape: torch.Size([16, 126]), event_indicators shape: torch.Size([16, 126]), sequence lengths shape: torch.Size([16, 1])
x shape: torch.Size([16, 126, 4])
mask shape: torch.Size([16, 126])
lstm_output shape: torch.Size([16, 126, 156])
fc_output shape: torch.Size([16, 126, 78])
context shape: torch.Size([16, 78])
attention_weights shape: torch.Size([16, 126, 1])
x shape after cause_specific_fc: torch.Size([16, 20])
hazard_preds shape: [torch.Size([16, 5475])]
res shape: torch.Size([16, 1, 5475])
Average Loss: 313.8501626253128
Epoch 5/50
features shape: torch.Size([16, 126, 4]), mask shape: torch.Size([16, 126]), time_to_event shape: torch.Size([16, 1]), event_indicator shape: torch.Size([16, 1]), time_to_events shape: torch.Size([16, 126]), event_indicators shape: torch.Size([16, 126]), sequence lengths shape: torch.Size([16, 1])
x shape: torch.Size([16, 126, 4])
mask shape: torch.Size([16, 126])
lstm_output shape: torch.Size([16, 126, 156])
fc_output shape: torch.Size([16, 126, 78])
context shape: torch.Size([16, 78])
attention_weights shape: torch.Size([16, 126, 1])
x shape after cause_specific_fc: torch.Size([16, 20])
hazard_preds shape: [torch.Size([16, 5475])]
res shape: torch.Size([16, 1, 5475])
Average Loss: 316.8881301879883
Patience Counter: 1
Epoch 6/50
features shape: torch.Size([16, 126, 4]), mask shape: torch.Size([16, 126]), time_to_event shape: torch.Size([16, 1]), event_indicator shape: torch.Size([16, 1]), time_to_events shape: torch.Size([16, 126]), event_indicators shape: torch.Size([16, 126]), sequence lengths shape: torch.Size([16, 1])
x shape: torch.Size([16, 126, 4])
mask shape: torch.Size([16, 126])
lstm_output shape: torch.Size([16, 126, 156])
fc_output shape: torch.Size([16, 126, 78])
context shape: torch.Size([16, 78])
attention_weights shape: torch.Size([16, 126, 1])
x shape after cause_specific_fc: torch.Size([16, 20])
hazard_preds shape: [torch.Size([16, 5475])]
res shape: torch.Size([16, 1, 5475])
Average Loss: 316.5672163963318
Patience Counter: 2
Epoch 7/50
features shape: torch.Size([16, 126, 4]), mask shape: torch.Size([16, 126]), time_to_event shape: torch.Size([16, 1]), event_indicator shape: torch.Size([16, 1]), time_to_events shape: torch.Size([16, 126]), event_indicators shape: torch.Size([16, 126]), sequence lengths shape: torch.Size([16, 1])
x shape: torch.Size([16, 126, 4])
mask shape: torch.Size([16, 126])
lstm_output shape: torch.Size([16, 126, 156])
fc_output shape: torch.Size([16, 126, 78])
context shape: torch.Size([16, 78])
attention_weights shape: torch.Size([16, 126, 1])
x shape after cause_specific_fc: torch.Size([16, 20])
hazard_preds shape: [torch.Size([16, 5475])]
res shape: torch.Size([16, 1, 5475])
Average Loss: 306.8072835300118
Epoch 8/50
features shape: torch.Size([16, 126, 4]), mask shape: torch.Size([16, 126]), time_to_event shape: torch.Size([16, 1]), event_indicator shape: torch.Size([16, 1]), time_to_events shape: torch.Size([16, 126]), event_indicators shape: torch.Size([16, 126]), sequence lengths shape: torch.Size([16, 1])
x shape: torch.Size([16, 126, 4])
mask shape: torch.Size([16, 126])
lstm_output shape: torch.Size([16, 126, 156])
fc_output shape: torch.Size([16, 126, 78])
context shape: torch.Size([16, 78])
attention_weights shape: torch.Size([16, 126, 1])
x shape after cause_specific_fc: torch.Size([16, 20])
hazard_preds shape: [torch.Size([16, 5475])]
res shape: torch.Size([16, 1, 5475])
Average Loss: 311.78396895714104
Patience Counter: 1
Epoch 9/50
features shape: torch.Size([16, 126, 4]), mask shape: torch.Size([16, 126]), time_to_event shape: torch.Size([16, 1]), event_indicator shape: torch.Size([16, 1]), time_to_events shape: torch.Size([16, 126]), event_indicators shape: torch.Size([16, 126]), sequence lengths shape: torch.Size([16, 1])
x shape: torch.Size([16, 126, 4])
mask shape: torch.Size([16, 126])
lstm_output shape: torch.Size([16, 126, 156])
fc_output shape: torch.Size([16, 126, 78])
context shape: torch.Size([16, 78])
attention_weights shape: torch.Size([16, 126, 1])
x shape after cause_specific_fc: torch.Size([16, 20])
hazard_preds shape: [torch.Size([16, 5475])]
res shape: torch.Size([16, 1, 5475])
Average Loss: 306.7955739572644
Epoch 10/50
features shape: torch.Size([16, 126, 4]), mask shape: torch.Size([16, 126]), time_to_event shape: torch.Size([16, 1]), event_indicator shape: torch.Size([16, 1]), time_to_events shape: torch.Size([16, 126]), event_indicators shape: torch.Size([16, 126]), sequence lengths shape: torch.Size([16, 1])
x shape: torch.Size([16, 126, 4])
mask shape: torch.Size([16, 126])
lstm_output shape: torch.Size([16, 126, 156])
fc_output shape: torch.Size([16, 126, 78])
context shape: torch.Size([16, 78])
attention_weights shape: torch.Size([16, 126, 1])
x shape after cause_specific_fc: torch.Size([16, 20])
hazard_preds shape: [torch.Size([16, 5475])]
res shape: torch.Size([16, 1, 5475])
Average Loss: 306.7615690268576
Epoch 11/50
features shape: torch.Size([16, 126, 4]), mask shape: torch.Size([16, 126]), time_to_event shape: torch.Size([16, 1]), event_indicator shape: torch.Size([16, 1]), time_to_events shape: torch.Size([16, 126]), event_indicators shape: torch.Size([16, 126]), sequence lengths shape: torch.Size([16, 1])
x shape: torch.Size([16, 126, 4])
mask shape: torch.Size([16, 126])
lstm_output shape: torch.Size([16, 126, 156])
fc_output shape: torch.Size([16, 126, 78])
context shape: torch.Size([16, 78])
attention_weights shape: torch.Size([16, 126, 1])
x shape after cause_specific_fc: torch.Size([16, 20])
hazard_preds shape: [torch.Size([16, 5475])]
res shape: torch.Size([16, 1, 5475])
Average Loss: 313.5223274230957
Patience Counter: 1
Epoch 12/50
features shape: torch.Size([16, 126, 4]), mask shape: torch.Size([16, 126]), time_to_event shape: torch.Size([16, 1]), event_indicator shape: torch.Size([16, 1]), time_to_events shape: torch.Size([16, 126]), event_indicators shape: torch.Size([16, 126]), sequence lengths shape: torch.Size([16, 1])
x shape: torch.Size([16, 126, 4])
mask shape: torch.Size([16, 126])
lstm_output shape: torch.Size([16, 126, 156])
fc_output shape: torch.Size([16, 126, 78])
context shape: torch.Size([16, 78])
attention_weights shape: torch.Size([16, 126, 1])
x shape after cause_specific_fc: torch.Size([16, 20])
hazard_preds shape: [torch.Size([16, 5475])]
res shape: torch.Size([16, 1, 5475])
Average Loss: 306.9593811035156
Patience Counter: 2
Epoch 13/50
features shape: torch.Size([16, 126, 4]), mask shape: torch.Size([16, 126]), time_to_event shape: torch.Size([16, 1]), event_indicator shape: torch.Size([16, 1]), time_to_events shape: torch.Size([16, 126]), event_indicators shape: torch.Size([16, 126]), sequence lengths shape: torch.Size([16, 1])
x shape: torch.Size([16, 126, 4])
mask shape: torch.Size([16, 126])
lstm_output shape: torch.Size([16, 126, 156])
fc_output shape: torch.Size([16, 126, 78])
context shape: torch.Size([16, 78])
attention_weights shape: torch.Size([16, 126, 1])
x shape after cause_specific_fc: torch.Size([16, 20])
hazard_preds shape: [torch.Size([16, 5475])]
res shape: torch.Size([16, 1, 5475])
Average Loss: 322.77223098278046
Patience Counter: 3
Epoch 14/50
features shape: torch.Size([16, 126, 4]), mask shape: torch.Size([16, 126]), time_to_event shape: torch.Size([16, 1]), event_indicator shape: torch.Size([16, 1]), time_to_events shape: torch.Size([16, 126]), event_indicators shape: torch.Size([16, 126]), sequence lengths shape: torch.Size([16, 1])
x shape: torch.Size([16, 126, 4])
mask shape: torch.Size([16, 126])
lstm_output shape: torch.Size([16, 126, 156])
fc_output shape: torch.Size([16, 126, 78])
context shape: torch.Size([16, 78])
attention_weights shape: torch.Size([16, 126, 1])
x shape after cause_specific_fc: torch.Size([16, 20])
hazard_preds shape: [torch.Size([16, 5475])]
res shape: torch.Size([16, 1, 5475])
Average Loss: 313.9860677719116
Patience Counter: 4
Epoch 15/50
features shape: torch.Size([16, 126, 4]), mask shape: torch.Size([16, 126]), time_to_event shape: torch.Size([16, 1]), event_indicator shape: torch.Size([16, 1]), time_to_events shape: torch.Size([16, 126]), event_indicators shape: torch.Size([16, 126]), sequence lengths shape: torch.Size([16, 1])
x shape: torch.Size([16, 126, 4])
mask shape: torch.Size([16, 126])
lstm_output shape: torch.Size([16, 126, 156])
fc_output shape: torch.Size([16, 126, 78])
context shape: torch.Size([16, 78])
attention_weights shape: torch.Size([16, 126, 1])
x shape after cause_specific_fc: torch.Size([16, 20])
hazard_preds shape: [torch.Size([16, 5475])]
res shape: torch.Size([16, 1, 5475])
Average Loss: 316.17844331264496
Patience Counter: 5
Early stopping triggered
features shape: torch.Size([16, 126, 4]), mask shape: torch.Size([16, 126]), T shape: torch.Size([16, 1]), E shape: torch.Size([16, 1]) hazards shape: (16, 5475)
Processing subject 0 with time 1487 and event False hazards shape: [0.43256006]
all_E shape: (500,) first 10 values: [False  True False False False  True  True False False False]
all_R shape: (500,) first 10 values: [0.43256006 0.503038   0.49542046 0.49503168 0.41163456 0.503038
 0.4200713  0.48502913 0.4582834  0.48168036]
all_T shape: (500,) first 10 values: [1487    0 1145    2 1002    0 2160 1790 1976 1430]
Global test C-index (scikit-survival): 0.752 number of concordant pairs: 49749
Global test C-index: 0.752
features shape: torch.Size([16, 126, 4]), mask shape: torch.Size([16, 126]), T shape: torch.Size([16, 1]), E shape: torch.Size([16, 1]) hazards shape: (16, 5475)
Processing subject 0 with time 1487 and event False hazards shape: [0.4925512]
all_E shape: (500,) first 10 values: [False  True False False False  True  True False False False]
all_R shape: (500,) first 10 values: [0.4925512  0.46202672 0.4489048  0.42804518 0.42762572 0.46202672
 0.49573743 0.46701294 0.4485075  0.41961133]
all_T shape: (500,) first 10 values: [1487    0 1145    2 1002    0 2160 1790 1976 1430]
Global test C-index (scikit-survival): 0.447 number of concordant pairs: 28775
Global test C-index: 0.447
Saved model C-index: 0.4470, Current trial C-index: 0.7522
New model is better, saving current model
Using GPU: cuda:5
Running trial 2 for ExperimentScenario.FOUR_FEATURES on device cuda:5
Train data path /home/minhn2/uiuc-kidney-failure/generated_data/rep99/four_features_train_data.csv
Test data path /home/minhn2/uiuc-kidney-failure/generated_data/rep99/four_features_test_data.csv
Number of patients: test 345 and train 500
Number of records: test 3667 and train 5806
Epoch 1/50
features shape: torch.Size([16, 126, 4]), mask shape: torch.Size([16, 126]), time_to_event shape: torch.Size([16, 1]), event_indicator shape: torch.Size([16, 1]), time_to_events shape: torch.Size([16, 126]), event_indicators shape: torch.Size([16, 126]), sequence lengths shape: torch.Size([16, 1])
x shape: torch.Size([16, 126, 4])
mask shape: torch.Size([16, 126])
lstm_output shape: torch.Size([16, 126, 84])
fc_output shape: torch.Size([16, 126, 42])
context shape: torch.Size([16, 42])
attention_weights shape: torch.Size([16, 126, 1])
x shape after cause_specific_fc: torch.Size([16, 116])
hazard_preds shape: [torch.Size([16, 5475])]
res shape: torch.Size([16, 1, 5475])
Average Loss: 231.50729957222939
Epoch 2/50
features shape: torch.Size([16, 126, 4]), mask shape: torch.Size([16, 126]), time_to_event shape: torch.Size([16, 1]), event_indicator shape: torch.Size([16, 1]), time_to_events shape: torch.Size([16, 126]), event_indicators shape: torch.Size([16, 126]), sequence lengths shape: torch.Size([16, 1])
x shape: torch.Size([16, 126, 4])
mask shape: torch.Size([16, 126])
lstm_output shape: torch.Size([16, 126, 84])
fc_output shape: torch.Size([16, 126, 42])
context shape: torch.Size([16, 42])
attention_weights shape: torch.Size([16, 126, 1])
x shape after cause_specific_fc: torch.Size([16, 116])
hazard_preds shape: [torch.Size([16, 5475])]
res shape: torch.Size([16, 1, 5475])
Average Loss: 223.59247869253159
Epoch 3/50
features shape: torch.Size([16, 126, 4]), mask shape: torch.Size([16, 126]), time_to_event shape: torch.Size([16, 1]), event_indicator shape: torch.Size([16, 1]), time_to_events shape: torch.Size([16, 126]), event_indicators shape: torch.Size([16, 126]), sequence lengths shape: torch.Size([16, 1])
x shape: torch.Size([16, 126, 4])
mask shape: torch.Size([16, 126])
lstm_output shape: torch.Size([16, 126, 84])
fc_output shape: torch.Size([16, 126, 42])
context shape: torch.Size([16, 42])
attention_weights shape: torch.Size([16, 126, 1])
x shape after cause_specific_fc: torch.Size([16, 116])
hazard_preds shape: [torch.Size([16, 5475])]
res shape: torch.Size([16, 1, 5475])
Average Loss: 284.9157803952694
Patience Counter: 1
Epoch 4/50
features shape: torch.Size([16, 126, 4]), mask shape: torch.Size([16, 126]), time_to_event shape: torch.Size([16, 1]), event_indicator shape: torch.Size([16, 1]), time_to_events shape: torch.Size([16, 126]), event_indicators shape: torch.Size([16, 126]), sequence lengths shape: torch.Size([16, 1])
x shape: torch.Size([16, 126, 4])
mask shape: torch.Size([16, 126])
lstm_output shape: torch.Size([16, 126, 84])
fc_output shape: torch.Size([16, 126, 42])
context shape: torch.Size([16, 42])
attention_weights shape: torch.Size([16, 126, 1])
x shape after cause_specific_fc: torch.Size([16, 116])
hazard_preds shape: [torch.Size([16, 5475])]
res shape: torch.Size([16, 1, 5475])
Average Loss: 1269.0135382413864
Patience Counter: 2
Epoch 5/50
features shape: torch.Size([16, 126, 4]), mask shape: torch.Size([16, 126]), time_to_event shape: torch.Size([16, 1]), event_indicator shape: torch.Size([16, 1]), time_to_events shape: torch.Size([16, 126]), event_indicators shape: torch.Size([16, 126]), sequence lengths shape: torch.Size([16, 1])
x shape: torch.Size([16, 126, 4])
mask shape: torch.Size([16, 126])
lstm_output shape: torch.Size([16, 126, 84])
fc_output shape: torch.Size([16, 126, 42])
context shape: torch.Size([16, 42])
attention_weights shape: torch.Size([16, 126, 1])
x shape after cause_specific_fc: torch.Size([16, 116])
hazard_preds shape: [torch.Size([16, 5475])]
res shape: torch.Size([16, 1, 5475])
Average Loss: 218.0276956036687
Epoch 6/50
features shape: torch.Size([16, 126, 4]), mask shape: torch.Size([16, 126]), time_to_event shape: torch.Size([16, 1]), event_indicator shape: torch.Size([16, 1]), time_to_events shape: torch.Size([16, 126]), event_indicators shape: torch.Size([16, 126]), sequence lengths shape: torch.Size([16, 1])
x shape: torch.Size([16, 126, 4])
mask shape: torch.Size([16, 126])
lstm_output shape: torch.Size([16, 126, 84])
fc_output shape: torch.Size([16, 126, 42])
context shape: torch.Size([16, 42])
attention_weights shape: torch.Size([16, 126, 1])
x shape after cause_specific_fc: torch.Size([16, 116])
hazard_preds shape: [torch.Size([16, 5475])]
res shape: torch.Size([16, 1, 5475])
Average Loss: 220.6379463672638
Patience Counter: 1
Epoch 7/50
features shape: torch.Size([16, 126, 4]), mask shape: torch.Size([16, 126]), time_to_event shape: torch.Size([16, 1]), event_indicator shape: torch.Size([16, 1]), time_to_events shape: torch.Size([16, 126]), event_indicators shape: torch.Size([16, 126]), sequence lengths shape: torch.Size([16, 1])
x shape: torch.Size([16, 126, 4])
mask shape: torch.Size([16, 126])
lstm_output shape: torch.Size([16, 126, 84])
fc_output shape: torch.Size([16, 126, 42])
context shape: torch.Size([16, 42])
attention_weights shape: torch.Size([16, 126, 1])
x shape after cause_specific_fc: torch.Size([16, 116])
hazard_preds shape: [torch.Size([16, 5475])]
res shape: torch.Size([16, 1, 5475])
Average Loss: 235.28596711158752
Patience Counter: 2
Epoch 8/50
features shape: torch.Size([16, 126, 4]), mask shape: torch.Size([16, 126]), time_to_event shape: torch.Size([16, 1]), event_indicator shape: torch.Size([16, 1]), time_to_events shape: torch.Size([16, 126]), event_indicators shape: torch.Size([16, 126]), sequence lengths shape: torch.Size([16, 1])
x shape: torch.Size([16, 126, 4])
mask shape: torch.Size([16, 126])
lstm_output shape: torch.Size([16, 126, 84])
fc_output shape: torch.Size([16, 126, 42])
context shape: torch.Size([16, 42])
attention_weights shape: torch.Size([16, 126, 1])
x shape after cause_specific_fc: torch.Size([16, 116])
hazard_preds shape: [torch.Size([16, 5475])]
res shape: torch.Size([16, 1, 5475])
Average Loss: 1793.9081184864044
Patience Counter: 3
Epoch 9/50
features shape: torch.Size([16, 126, 4]), mask shape: torch.Size([16, 126]), time_to_event shape: torch.Size([16, 1]), event_indicator shape: torch.Size([16, 1]), time_to_events shape: torch.Size([16, 126]), event_indicators shape: torch.Size([16, 126]), sequence lengths shape: torch.Size([16, 1])
x shape: torch.Size([16, 126, 4])
mask shape: torch.Size([16, 126])
lstm_output shape: torch.Size([16, 126, 84])
fc_output shape: torch.Size([16, 126, 42])
context shape: torch.Size([16, 42])
attention_weights shape: torch.Size([16, 126, 1])
x shape after cause_specific_fc: torch.Size([16, 116])
hazard_preds shape: [torch.Size([16, 5475])]
res shape: torch.Size([16, 1, 5475])
Average Loss: 4230.731232762337
Patience Counter: 4
Epoch 10/50
features shape: torch.Size([16, 126, 4]), mask shape: torch.Size([16, 126]), time_to_event shape: torch.Size([16, 1]), event_indicator shape: torch.Size([16, 1]), time_to_events shape: torch.Size([16, 126]), event_indicators shape: torch.Size([16, 126]), sequence lengths shape: torch.Size([16, 1])
x shape: torch.Size([16, 126, 4])
mask shape: torch.Size([16, 126])
lstm_output shape: torch.Size([16, 126, 84])
fc_output shape: torch.Size([16, 126, 42])
context shape: torch.Size([16, 42])
attention_weights shape: torch.Size([16, 126, 1])
x shape after cause_specific_fc: torch.Size([16, 116])
hazard_preds shape: [torch.Size([16, 5475])]
res shape: torch.Size([16, 1, 5475])
Average Loss: 553.4342770576477
Patience Counter: 5
Early stopping triggered
features shape: torch.Size([16, 126, 4]), mask shape: torch.Size([16, 126]), T shape: torch.Size([16, 1]), E shape: torch.Size([16, 1]) hazards shape: (16, 5475)
Processing subject 0 with time 1487 and event False hazards shape: [0.4780169]
all_E shape: (500,) first 10 values: [False  True False False False  True  True False False False]
all_R shape: (500,) first 10 values: [0.4780169  0.47516972 0.48853335 0.4844334  0.47915304 0.47520265
 0.47134855 0.48034948 0.49968848 0.47713274]
all_T shape: (500,) first 10 values: [1487    0 1145    2 1002    0 2160 1790 1976 1430]
Global test C-index (scikit-survival): 0.326 number of concordant pairs: 22429
Global test C-index: 0.326
features shape: torch.Size([16, 126, 4]), mask shape: torch.Size([16, 126]), T shape: torch.Size([16, 1]), E shape: torch.Size([16, 1]) hazards shape: (16, 5475)
Processing subject 0 with time 1487 and event False hazards shape: [0.43256006]
all_E shape: (500,) first 10 values: [False  True False False False  True  True False False False]
all_R shape: (500,) first 10 values: [0.43256006 0.503038   0.49542046 0.49503168 0.41163456 0.503038
 0.4200713  0.48502913 0.4582834  0.48168036]
all_T shape: (500,) first 10 values: [1487    0 1145    2 1002    0 2160 1790 1976 1430]
Global test C-index (scikit-survival): 0.752 number of concordant pairs: 49749
Global test C-index: 0.752
Saved model C-index: 0.7522, Current trial C-index: 0.3263
Saved model is better, keeping it
Using GPU: cuda:3
Running trial 3 for ExperimentScenario.FOUR_FEATURES on device cuda:3
Train data path /home/minhn2/uiuc-kidney-failure/generated_data/rep99/four_features_train_data.csv
Test data path /home/minhn2/uiuc-kidney-failure/generated_data/rep99/four_features_test_data.csv
Number of patients: test 345 and train 500
Number of records: test 3667 and train 5806
Epoch 1/50
features shape: torch.Size([16, 126, 4]), mask shape: torch.Size([16, 126]), time_to_event shape: torch.Size([16, 1]), event_indicator shape: torch.Size([16, 1]), time_to_events shape: torch.Size([16, 126]), event_indicators shape: torch.Size([16, 126]), sequence lengths shape: torch.Size([16, 1])
x shape: torch.Size([16, 126, 4])
mask shape: torch.Size([16, 126])
lstm_output shape: torch.Size([16, 126, 70])
fc_output shape: torch.Size([16, 126, 35])
context shape: torch.Size([16, 35])
attention_weights shape: torch.Size([16, 126, 1])
x shape after cause_specific_fc: torch.Size([16, 124])
hazard_preds shape: [torch.Size([16, 5475])]
res shape: torch.Size([16, 1, 5475])
Average Loss: 82.19179828464985
Epoch 2/50
features shape: torch.Size([16, 126, 4]), mask shape: torch.Size([16, 126]), time_to_event shape: torch.Size([16, 1]), event_indicator shape: torch.Size([16, 1]), time_to_events shape: torch.Size([16, 126]), event_indicators shape: torch.Size([16, 126]), sequence lengths shape: torch.Size([16, 1])
x shape: torch.Size([16, 126, 4])
mask shape: torch.Size([16, 126])
lstm_output shape: torch.Size([16, 126, 70])
fc_output shape: torch.Size([16, 126, 35])
context shape: torch.Size([16, 35])
attention_weights shape: torch.Size([16, 126, 1])
x shape after cause_specific_fc: torch.Size([16, 124])
hazard_preds shape: [torch.Size([16, 5475])]
res shape: torch.Size([16, 1, 5475])
Average Loss: 15170420.20393727
Patience Counter: 1
Epoch 3/50
features shape: torch.Size([16, 126, 4]), mask shape: torch.Size([16, 126]), time_to_event shape: torch.Size([16, 1]), event_indicator shape: torch.Size([16, 1]), time_to_events shape: torch.Size([16, 126]), event_indicators shape: torch.Size([16, 126]), sequence lengths shape: torch.Size([16, 1])
x shape: torch.Size([16, 126, 4])
mask shape: torch.Size([16, 126])
lstm_output shape: torch.Size([16, 126, 70])
fc_output shape: torch.Size([16, 126, 35])
context shape: torch.Size([16, 35])
attention_weights shape: torch.Size([16, 126, 1])
x shape after cause_specific_fc: torch.Size([16, 124])
hazard_preds shape: [torch.Size([16, 5475])]
res shape: torch.Size([16, 1, 5475])
Average Loss: 19144153576.52044
Patience Counter: 2
Epoch 4/50
features shape: torch.Size([16, 126, 4]), mask shape: torch.Size([16, 126]), time_to_event shape: torch.Size([16, 1]), event_indicator shape: torch.Size([16, 1]), time_to_events shape: torch.Size([16, 126]), event_indicators shape: torch.Size([16, 126]), sequence lengths shape: torch.Size([16, 1])
x shape: torch.Size([16, 126, 4])
mask shape: torch.Size([16, 126])
lstm_output shape: torch.Size([16, 126, 70])
fc_output shape: torch.Size([16, 126, 35])
context shape: torch.Size([16, 35])
attention_weights shape: torch.Size([16, 126, 1])
x shape after cause_specific_fc: torch.Size([16, 124])
hazard_preds shape: [torch.Size([16, 5475])]
res shape: torch.Size([16, 1, 5475])
Average Loss: 916041916.5083373
Patience Counter: 3
Epoch 5/50
features shape: torch.Size([16, 126, 4]), mask shape: torch.Size([16, 126]), time_to_event shape: torch.Size([16, 1]), event_indicator shape: torch.Size([16, 1]), time_to_events shape: torch.Size([16, 126]), event_indicators shape: torch.Size([16, 126]), sequence lengths shape: torch.Size([16, 1])
x shape: torch.Size([16, 126, 4])
mask shape: torch.Size([16, 126])
lstm_output shape: torch.Size([16, 126, 70])
fc_output shape: torch.Size([16, 126, 35])
context shape: torch.Size([16, 35])
attention_weights shape: torch.Size([16, 126, 1])
x shape after cause_specific_fc: torch.Size([16, 124])
hazard_preds shape: [torch.Size([16, 5475])]
res shape: torch.Size([16, 1, 5475])
Average Loss: 263477817119.70575
Patience Counter: 4
Epoch 6/50
features shape: torch.Size([16, 126, 4]), mask shape: torch.Size([16, 126]), time_to_event shape: torch.Size([16, 1]), event_indicator shape: torch.Size([16, 1]), time_to_events shape: torch.Size([16, 126]), event_indicators shape: torch.Size([16, 126]), sequence lengths shape: torch.Size([16, 1])
x shape: torch.Size([16, 126, 4])
mask shape: torch.Size([16, 126])
lstm_output shape: torch.Size([16, 126, 70])
fc_output shape: torch.Size([16, 126, 35])
context shape: torch.Size([16, 35])
attention_weights shape: torch.Size([16, 126, 1])
x shape after cause_specific_fc: torch.Size([16, 124])
hazard_preds shape: [torch.Size([16, 5475])]
res shape: torch.Size([16, 1, 5475])
Average Loss: 11843483.933147341
Patience Counter: 5
Early stopping triggered
features shape: torch.Size([16, 126, 4]), mask shape: torch.Size([16, 126]), T shape: torch.Size([16, 1]), E shape: torch.Size([16, 1]) hazards shape: (16, 5475)
Processing subject 0 with time 1487 and event False hazards shape: [0.46646267]
all_E shape: (500,) first 10 values: [False  True False False False  True  True False False False]
all_R shape: (500,) first 10 values: [0.46646267 0.504756   0.47007602 0.50244457 0.5279046  0.50654316
 0.46215913 0.4880359  0.4776042  0.50572   ]
all_T shape: (500,) first 10 values: [1487    0 1145    2 1002    0 2160 1790 1976 1430]
Global test C-index (scikit-survival): 0.825 number of concordant pairs: 56705
Global test C-index: 0.825
features shape: torch.Size([16, 126, 4]), mask shape: torch.Size([16, 126]), T shape: torch.Size([16, 1]), E shape: torch.Size([16, 1]) hazards shape: (16, 5475)
Processing subject 0 with time 1487 and event False hazards shape: [0.43256006]
all_E shape: (500,) first 10 values: [False  True False False False  True  True False False False]
all_R shape: (500,) first 10 values: [0.43256006 0.503038   0.49542046 0.49503168 0.41163456 0.503038
 0.4200713  0.48502913 0.4582834  0.48168036]
all_T shape: (500,) first 10 values: [1487    0 1145    2 1002    0 2160 1790 1976 1430]
Global test C-index (scikit-survival): 0.752 number of concordant pairs: 49749
Global test C-index: 0.752
Saved model C-index: 0.7522, Current trial C-index: 0.8251
New model is better, saving current model
Using GPU: cuda:2
Running trial 4 for ExperimentScenario.FOUR_FEATURES on device cuda:2
Train data path /home/minhn2/uiuc-kidney-failure/generated_data/rep99/four_features_train_data.csv
Test data path /home/minhn2/uiuc-kidney-failure/generated_data/rep99/four_features_test_data.csv
Number of patients: test 345 and train 500
Number of records: test 3667 and train 5806
Epoch 1/50
features shape: torch.Size([16, 126, 4]), mask shape: torch.Size([16, 126]), time_to_event shape: torch.Size([16, 1]), event_indicator shape: torch.Size([16, 1]), time_to_events shape: torch.Size([16, 126]), event_indicators shape: torch.Size([16, 126]), sequence lengths shape: torch.Size([16, 1])
x shape: torch.Size([16, 126, 4])
mask shape: torch.Size([16, 126])
lstm_output shape: torch.Size([16, 126, 250])
fc_output shape: torch.Size([16, 126, 125])
context shape: torch.Size([16, 125])
attention_weights shape: torch.Size([16, 126, 1])
x shape after cause_specific_fc: torch.Size([16, 17])
hazard_preds shape: [torch.Size([16, 5475])]
res shape: torch.Size([16, 1, 5475])
Average Loss: 221.20282208919525
Epoch 2/50
features shape: torch.Size([16, 126, 4]), mask shape: torch.Size([16, 126]), time_to_event shape: torch.Size([16, 1]), event_indicator shape: torch.Size([16, 1]), time_to_events shape: torch.Size([16, 126]), event_indicators shape: torch.Size([16, 126]), sequence lengths shape: torch.Size([16, 1])
x shape: torch.Size([16, 126, 4])
mask shape: torch.Size([16, 126])
lstm_output shape: torch.Size([16, 126, 250])
fc_output shape: torch.Size([16, 126, 125])
context shape: torch.Size([16, 125])
attention_weights shape: torch.Size([16, 126, 1])
x shape after cause_specific_fc: torch.Size([16, 17])
hazard_preds shape: [torch.Size([16, 5475])]
res shape: torch.Size([16, 1, 5475])
Average Loss: 227.88868974149227
Patience Counter: 1
Epoch 3/50
features shape: torch.Size([16, 126, 4]), mask shape: torch.Size([16, 126]), time_to_event shape: torch.Size([16, 1]), event_indicator shape: torch.Size([16, 1]), time_to_events shape: torch.Size([16, 126]), event_indicators shape: torch.Size([16, 126]), sequence lengths shape: torch.Size([16, 1])
x shape: torch.Size([16, 126, 4])
mask shape: torch.Size([16, 126])
lstm_output shape: torch.Size([16, 126, 250])
fc_output shape: torch.Size([16, 126, 125])
context shape: torch.Size([16, 125])
attention_weights shape: torch.Size([16, 126, 1])
x shape after cause_specific_fc: torch.Size([16, 17])
hazard_preds shape: [torch.Size([16, 5475])]
res shape: torch.Size([16, 1, 5475])
Average Loss: 214.4424958974123
Epoch 4/50
features shape: torch.Size([16, 126, 4]), mask shape: torch.Size([16, 126]), time_to_event shape: torch.Size([16, 1]), event_indicator shape: torch.Size([16, 1]), time_to_events shape: torch.Size([16, 126]), event_indicators shape: torch.Size([16, 126]), sequence lengths shape: torch.Size([16, 1])
x shape: torch.Size([16, 126, 4])
mask shape: torch.Size([16, 126])
lstm_output shape: torch.Size([16, 126, 250])
fc_output shape: torch.Size([16, 126, 125])
context shape: torch.Size([16, 125])
attention_weights shape: torch.Size([16, 126, 1])
x shape after cause_specific_fc: torch.Size([16, 17])
hazard_preds shape: [torch.Size([16, 5475])]
res shape: torch.Size([16, 1, 5475])
Average Loss: 225.4063515663147
Patience Counter: 1
Epoch 5/50
features shape: torch.Size([16, 126, 4]), mask shape: torch.Size([16, 126]), time_to_event shape: torch.Size([16, 1]), event_indicator shape: torch.Size([16, 1]), time_to_events shape: torch.Size([16, 126]), event_indicators shape: torch.Size([16, 126]), sequence lengths shape: torch.Size([16, 1])
x shape: torch.Size([16, 126, 4])
mask shape: torch.Size([16, 126])
lstm_output shape: torch.Size([16, 126, 250])
fc_output shape: torch.Size([16, 126, 125])
context shape: torch.Size([16, 125])
attention_weights shape: torch.Size([16, 126, 1])
x shape after cause_specific_fc: torch.Size([16, 17])
hazard_preds shape: [torch.Size([16, 5475])]
res shape: torch.Size([16, 1, 5475])
Average Loss: 217.38795959949493
Patience Counter: 2
Epoch 6/50
features shape: torch.Size([16, 126, 4]), mask shape: torch.Size([16, 126]), time_to_event shape: torch.Size([16, 1]), event_indicator shape: torch.Size([16, 1]), time_to_events shape: torch.Size([16, 126]), event_indicators shape: torch.Size([16, 126]), sequence lengths shape: torch.Size([16, 1])
x shape: torch.Size([16, 126, 4])
mask shape: torch.Size([16, 126])
lstm_output shape: torch.Size([16, 126, 250])
fc_output shape: torch.Size([16, 126, 125])
context shape: torch.Size([16, 125])
attention_weights shape: torch.Size([16, 126, 1])
x shape after cause_specific_fc: torch.Size([16, 17])
hazard_preds shape: [torch.Size([16, 5475])]
res shape: torch.Size([16, 1, 5475])
Average Loss: 214.06405777670443
Epoch 7/50
features shape: torch.Size([16, 126, 4]), mask shape: torch.Size([16, 126]), time_to_event shape: torch.Size([16, 1]), event_indicator shape: torch.Size([16, 1]), time_to_events shape: torch.Size([16, 126]), event_indicators shape: torch.Size([16, 126]), sequence lengths shape: torch.Size([16, 1])
x shape: torch.Size([16, 126, 4])
mask shape: torch.Size([16, 126])
lstm_output shape: torch.Size([16, 126, 250])
fc_output shape: torch.Size([16, 126, 125])
context shape: torch.Size([16, 125])
attention_weights shape: torch.Size([16, 126, 1])
x shape after cause_specific_fc: torch.Size([16, 17])
hazard_preds shape: [torch.Size([16, 5475])]
res shape: torch.Size([16, 1, 5475])
Average Loss: 221.2655427455902
Patience Counter: 1
Epoch 8/50
features shape: torch.Size([16, 126, 4]), mask shape: torch.Size([16, 126]), time_to_event shape: torch.Size([16, 1]), event_indicator shape: torch.Size([16, 1]), time_to_events shape: torch.Size([16, 126]), event_indicators shape: torch.Size([16, 126]), sequence lengths shape: torch.Size([16, 1])
x shape: torch.Size([16, 126, 4])
mask shape: torch.Size([16, 126])
lstm_output shape: torch.Size([16, 126, 250])
fc_output shape: torch.Size([16, 126, 125])
context shape: torch.Size([16, 125])
attention_weights shape: torch.Size([16, 126, 1])
x shape after cause_specific_fc: torch.Size([16, 17])
hazard_preds shape: [torch.Size([16, 5475])]
res shape: torch.Size([16, 1, 5475])
Average Loss: 223.2594376206398
Patience Counter: 2
Epoch 9/50
features shape: torch.Size([16, 126, 4]), mask shape: torch.Size([16, 126]), time_to_event shape: torch.Size([16, 1]), event_indicator shape: torch.Size([16, 1]), time_to_events shape: torch.Size([16, 126]), event_indicators shape: torch.Size([16, 126]), sequence lengths shape: torch.Size([16, 1])
x shape: torch.Size([16, 126, 4])
mask shape: torch.Size([16, 126])
lstm_output shape: torch.Size([16, 126, 250])
fc_output shape: torch.Size([16, 126, 125])
context shape: torch.Size([16, 125])
attention_weights shape: torch.Size([16, 126, 1])
x shape after cause_specific_fc: torch.Size([16, 17])
hazard_preds shape: [torch.Size([16, 5475])]
res shape: torch.Size([16, 1, 5475])
Average Loss: 216.80604600906372
Patience Counter: 3
Epoch 10/50
features shape: torch.Size([16, 126, 4]), mask shape: torch.Size([16, 126]), time_to_event shape: torch.Size([16, 1]), event_indicator shape: torch.Size([16, 1]), time_to_events shape: torch.Size([16, 126]), event_indicators shape: torch.Size([16, 126]), sequence lengths shape: torch.Size([16, 1])
x shape: torch.Size([16, 126, 4])
mask shape: torch.Size([16, 126])
lstm_output shape: torch.Size([16, 126, 250])
fc_output shape: torch.Size([16, 126, 125])
context shape: torch.Size([16, 125])
attention_weights shape: torch.Size([16, 126, 1])
x shape after cause_specific_fc: torch.Size([16, 17])
hazard_preds shape: [torch.Size([16, 5475])]
res shape: torch.Size([16, 1, 5475])
Average Loss: 220.7830147743225
Patience Counter: 4
Epoch 11/50
features shape: torch.Size([16, 126, 4]), mask shape: torch.Size([16, 126]), time_to_event shape: torch.Size([16, 1]), event_indicator shape: torch.Size([16, 1]), time_to_events shape: torch.Size([16, 126]), event_indicators shape: torch.Size([16, 126]), sequence lengths shape: torch.Size([16, 1])
x shape: torch.Size([16, 126, 4])
mask shape: torch.Size([16, 126])
lstm_output shape: torch.Size([16, 126, 250])
fc_output shape: torch.Size([16, 126, 125])
context shape: torch.Size([16, 125])
attention_weights shape: torch.Size([16, 126, 1])
x shape after cause_specific_fc: torch.Size([16, 17])
hazard_preds shape: [torch.Size([16, 5475])]
res shape: torch.Size([16, 1, 5475])
Average Loss: 225.85925596952438
Patience Counter: 5
Early stopping triggered
features shape: torch.Size([16, 126, 4]), mask shape: torch.Size([16, 126]), T shape: torch.Size([16, 1]), E shape: torch.Size([16, 1]) hazards shape: (16, 5475)
Processing subject 0 with time 1487 and event False hazards shape: [0.48248795]
all_E shape: (500,) first 10 values: [False  True False False False  True  True False False False]
all_R shape: (500,) first 10 values: [0.48248795 0.45151624 0.5017405  0.4466673  0.44936854 0.4515031
 0.44490132 0.524926   0.5286128  0.5179694 ]
all_T shape: (500,) first 10 values: [1487    0 1145    2 1002    0 2160 1790 1976 1430]
Global test C-index (scikit-survival): 0.272 number of concordant pairs: 18707
Global test C-index: 0.272
features shape: torch.Size([16, 126, 4]), mask shape: torch.Size([16, 126]), T shape: torch.Size([16, 1]), E shape: torch.Size([16, 1]) hazards shape: (16, 5475)
Processing subject 0 with time 1487 and event False hazards shape: [0.46646267]
all_E shape: (500,) first 10 values: [False  True False False False  True  True False False False]
all_R shape: (500,) first 10 values: [0.46646267 0.504756   0.47007602 0.50244457 0.5279046  0.50654316
 0.46215913 0.4880359  0.4776042  0.50572   ]
all_T shape: (500,) first 10 values: [1487    0 1145    2 1002    0 2160 1790 1976 1430]
Global test C-index (scikit-survival): 0.825 number of concordant pairs: 56705
Global test C-index: 0.825
Saved model C-index: 0.8251, Current trial C-index: 0.2722
Saved model is better, keeping it
Using GPU: cuda:3
Running trial 5 for ExperimentScenario.FOUR_FEATURES on device cuda:3
Train data path /home/minhn2/uiuc-kidney-failure/generated_data/rep99/four_features_train_data.csv
Test data path /home/minhn2/uiuc-kidney-failure/generated_data/rep99/four_features_test_data.csv
Number of patients: test 345 and train 500
Number of records: test 3667 and train 5806
Epoch 1/50
features shape: torch.Size([16, 126, 4]), mask shape: torch.Size([16, 126]), time_to_event shape: torch.Size([16, 1]), event_indicator shape: torch.Size([16, 1]), time_to_events shape: torch.Size([16, 126]), event_indicators shape: torch.Size([16, 126]), sequence lengths shape: torch.Size([16, 1])
x shape: torch.Size([16, 126, 4])
mask shape: torch.Size([16, 126])
lstm_output shape: torch.Size([16, 126, 222])
fc_output shape: torch.Size([16, 126, 111])
context shape: torch.Size([16, 111])
attention_weights shape: torch.Size([16, 126, 1])
x shape after cause_specific_fc: torch.Size([16, 116])
hazard_preds shape: [torch.Size([16, 5475])]
res shape: torch.Size([16, 1, 5475])
Average Loss: 259.78196120262146
Epoch 2/50
features shape: torch.Size([16, 126, 4]), mask shape: torch.Size([16, 126]), time_to_event shape: torch.Size([16, 1]), event_indicator shape: torch.Size([16, 1]), time_to_events shape: torch.Size([16, 126]), event_indicators shape: torch.Size([16, 126]), sequence lengths shape: torch.Size([16, 1])
x shape: torch.Size([16, 126, 4])
mask shape: torch.Size([16, 126])
lstm_output shape: torch.Size([16, 126, 222])
fc_output shape: torch.Size([16, 126, 111])
context shape: torch.Size([16, 111])
attention_weights shape: torch.Size([16, 126, 1])
x shape after cause_specific_fc: torch.Size([16, 116])
hazard_preds shape: [torch.Size([16, 5475])]
res shape: torch.Size([16, 1, 5475])
Average Loss: 265.0641415119171
Patience Counter: 1
Epoch 3/50
features shape: torch.Size([16, 126, 4]), mask shape: torch.Size([16, 126]), time_to_event shape: torch.Size([16, 1]), event_indicator shape: torch.Size([16, 1]), time_to_events shape: torch.Size([16, 126]), event_indicators shape: torch.Size([16, 126]), sequence lengths shape: torch.Size([16, 1])
x shape: torch.Size([16, 126, 4])
mask shape: torch.Size([16, 126])
lstm_output shape: torch.Size([16, 126, 222])
fc_output shape: torch.Size([16, 126, 111])
context shape: torch.Size([16, 111])
attention_weights shape: torch.Size([16, 126, 1])
x shape after cause_specific_fc: torch.Size([16, 116])
hazard_preds shape: [torch.Size([16, 5475])]
res shape: torch.Size([16, 1, 5475])
Average Loss: 257.81460305675864
Epoch 4/50
features shape: torch.Size([16, 126, 4]), mask shape: torch.Size([16, 126]), time_to_event shape: torch.Size([16, 1]), event_indicator shape: torch.Size([16, 1]), time_to_events shape: torch.Size([16, 126]), event_indicators shape: torch.Size([16, 126]), sequence lengths shape: torch.Size([16, 1])
x shape: torch.Size([16, 126, 4])
mask shape: torch.Size([16, 126])
lstm_output shape: torch.Size([16, 126, 222])
fc_output shape: torch.Size([16, 126, 111])
context shape: torch.Size([16, 111])
attention_weights shape: torch.Size([16, 126, 1])
x shape after cause_specific_fc: torch.Size([16, 116])
hazard_preds shape: [torch.Size([16, 5475])]
res shape: torch.Size([16, 1, 5475])
Average Loss: 261.1383001804352
Patience Counter: 1
Epoch 5/50
features shape: torch.Size([16, 126, 4]), mask shape: torch.Size([16, 126]), time_to_event shape: torch.Size([16, 1]), event_indicator shape: torch.Size([16, 1]), time_to_events shape: torch.Size([16, 126]), event_indicators shape: torch.Size([16, 126]), sequence lengths shape: torch.Size([16, 1])
x shape: torch.Size([16, 126, 4])
mask shape: torch.Size([16, 126])
lstm_output shape: torch.Size([16, 126, 222])
fc_output shape: torch.Size([16, 126, 111])
context shape: torch.Size([16, 111])
attention_weights shape: torch.Size([16, 126, 1])
x shape after cause_specific_fc: torch.Size([16, 116])
hazard_preds shape: [torch.Size([16, 5475])]
res shape: torch.Size([16, 1, 5475])
Average Loss: 258.44163727760315
Patience Counter: 2
Epoch 6/50
features shape: torch.Size([16, 126, 4]), mask shape: torch.Size([16, 126]), time_to_event shape: torch.Size([16, 1]), event_indicator shape: torch.Size([16, 1]), time_to_events shape: torch.Size([16, 126]), event_indicators shape: torch.Size([16, 126]), sequence lengths shape: torch.Size([16, 1])
x shape: torch.Size([16, 126, 4])
mask shape: torch.Size([16, 126])
lstm_output shape: torch.Size([16, 126, 222])
fc_output shape: torch.Size([16, 126, 111])
context shape: torch.Size([16, 111])
attention_weights shape: torch.Size([16, 126, 1])
x shape after cause_specific_fc: torch.Size([16, 116])
hazard_preds shape: [torch.Size([16, 5475])]
res shape: torch.Size([16, 1, 5475])
Average Loss: 266.32619684934616
Patience Counter: 3
Epoch 7/50
features shape: torch.Size([16, 126, 4]), mask shape: torch.Size([16, 126]), time_to_event shape: torch.Size([16, 1]), event_indicator shape: torch.Size([16, 1]), time_to_events shape: torch.Size([16, 126]), event_indicators shape: torch.Size([16, 126]), sequence lengths shape: torch.Size([16, 1])
x shape: torch.Size([16, 126, 4])
mask shape: torch.Size([16, 126])
lstm_output shape: torch.Size([16, 126, 222])
fc_output shape: torch.Size([16, 126, 111])
context shape: torch.Size([16, 111])
attention_weights shape: torch.Size([16, 126, 1])
x shape after cause_specific_fc: torch.Size([16, 116])
hazard_preds shape: [torch.Size([16, 5475])]
res shape: torch.Size([16, 1, 5475])
Average Loss: 255.59059184789658
Epoch 8/50
features shape: torch.Size([16, 126, 4]), mask shape: torch.Size([16, 126]), time_to_event shape: torch.Size([16, 1]), event_indicator shape: torch.Size([16, 1]), time_to_events shape: torch.Size([16, 126]), event_indicators shape: torch.Size([16, 126]), sequence lengths shape: torch.Size([16, 1])
x shape: torch.Size([16, 126, 4])
mask shape: torch.Size([16, 126])
lstm_output shape: torch.Size([16, 126, 222])
fc_output shape: torch.Size([16, 126, 111])
context shape: torch.Size([16, 111])
attention_weights shape: torch.Size([16, 126, 1])
x shape after cause_specific_fc: torch.Size([16, 116])
hazard_preds shape: [torch.Size([16, 5475])]
res shape: torch.Size([16, 1, 5475])
Average Loss: 261.6494628190994
Patience Counter: 1
Epoch 9/50
features shape: torch.Size([16, 126, 4]), mask shape: torch.Size([16, 126]), time_to_event shape: torch.Size([16, 1]), event_indicator shape: torch.Size([16, 1]), time_to_events shape: torch.Size([16, 126]), event_indicators shape: torch.Size([16, 126]), sequence lengths shape: torch.Size([16, 1])
x shape: torch.Size([16, 126, 4])
mask shape: torch.Size([16, 126])
lstm_output shape: torch.Size([16, 126, 222])
fc_output shape: torch.Size([16, 126, 111])
context shape: torch.Size([16, 111])
attention_weights shape: torch.Size([16, 126, 1])
x shape after cause_specific_fc: torch.Size([16, 116])
hazard_preds shape: [torch.Size([16, 5475])]
res shape: torch.Size([16, 1, 5475])
Average Loss: 261.8647208213806
Patience Counter: 2
Epoch 10/50
features shape: torch.Size([16, 126, 4]), mask shape: torch.Size([16, 126]), time_to_event shape: torch.Size([16, 1]), event_indicator shape: torch.Size([16, 1]), time_to_events shape: torch.Size([16, 126]), event_indicators shape: torch.Size([16, 126]), sequence lengths shape: torch.Size([16, 1])
x shape: torch.Size([16, 126, 4])
mask shape: torch.Size([16, 126])
lstm_output shape: torch.Size([16, 126, 222])
fc_output shape: torch.Size([16, 126, 111])
context shape: torch.Size([16, 111])
attention_weights shape: torch.Size([16, 126, 1])
x shape after cause_specific_fc: torch.Size([16, 116])
hazard_preds shape: [torch.Size([16, 5475])]
res shape: torch.Size([16, 1, 5475])
Average Loss: 254.88415927812457
Epoch 11/50
features shape: torch.Size([16, 126, 4]), mask shape: torch.Size([16, 126]), time_to_event shape: torch.Size([16, 1]), event_indicator shape: torch.Size([16, 1]), time_to_events shape: torch.Size([16, 126]), event_indicators shape: torch.Size([16, 126]), sequence lengths shape: torch.Size([16, 1])
x shape: torch.Size([16, 126, 4])
mask shape: torch.Size([16, 126])
lstm_output shape: torch.Size([16, 126, 222])
fc_output shape: torch.Size([16, 126, 111])
context shape: torch.Size([16, 111])
attention_weights shape: torch.Size([16, 126, 1])
x shape after cause_specific_fc: torch.Size([16, 116])
hazard_preds shape: [torch.Size([16, 5475])]
res shape: torch.Size([16, 1, 5475])
Average Loss: 254.83262857794762
Epoch 12/50
features shape: torch.Size([16, 126, 4]), mask shape: torch.Size([16, 126]), time_to_event shape: torch.Size([16, 1]), event_indicator shape: torch.Size([16, 1]), time_to_events shape: torch.Size([16, 126]), event_indicators shape: torch.Size([16, 126]), sequence lengths shape: torch.Size([16, 1])
x shape: torch.Size([16, 126, 4])
mask shape: torch.Size([16, 126])
lstm_output shape: torch.Size([16, 126, 222])
fc_output shape: torch.Size([16, 126, 111])
context shape: torch.Size([16, 111])
attention_weights shape: torch.Size([16, 126, 1])
x shape after cause_specific_fc: torch.Size([16, 116])
hazard_preds shape: [torch.Size([16, 5475])]
res shape: torch.Size([16, 1, 5475])
Average Loss: 269.65438652038574
Patience Counter: 1
Epoch 13/50
features shape: torch.Size([16, 126, 4]), mask shape: torch.Size([16, 126]), time_to_event shape: torch.Size([16, 1]), event_indicator shape: torch.Size([16, 1]), time_to_events shape: torch.Size([16, 126]), event_indicators shape: torch.Size([16, 126]), sequence lengths shape: torch.Size([16, 1])
x shape: torch.Size([16, 126, 4])
mask shape: torch.Size([16, 126])
lstm_output shape: torch.Size([16, 126, 222])
fc_output shape: torch.Size([16, 126, 111])
context shape: torch.Size([16, 111])
attention_weights shape: torch.Size([16, 126, 1])
x shape after cause_specific_fc: torch.Size([16, 116])
hazard_preds shape: [torch.Size([16, 5475])]
res shape: torch.Size([16, 1, 5475])
Average Loss: 266.9266142845154
Patience Counter: 2
Epoch 14/50
features shape: torch.Size([16, 126, 4]), mask shape: torch.Size([16, 126]), time_to_event shape: torch.Size([16, 1]), event_indicator shape: torch.Size([16, 1]), time_to_events shape: torch.Size([16, 126]), event_indicators shape: torch.Size([16, 126]), sequence lengths shape: torch.Size([16, 1])
x shape: torch.Size([16, 126, 4])
mask shape: torch.Size([16, 126])
lstm_output shape: torch.Size([16, 126, 222])
fc_output shape: torch.Size([16, 126, 111])
context shape: torch.Size([16, 111])
attention_weights shape: torch.Size([16, 126, 1])
x shape after cause_specific_fc: torch.Size([16, 116])
hazard_preds shape: [torch.Size([16, 5475])]
res shape: torch.Size([16, 1, 5475])
Average Loss: 265.6010785102844
Patience Counter: 3
Epoch 15/50
features shape: torch.Size([16, 126, 4]), mask shape: torch.Size([16, 126]), time_to_event shape: torch.Size([16, 1]), event_indicator shape: torch.Size([16, 1]), time_to_events shape: torch.Size([16, 126]), event_indicators shape: torch.Size([16, 126]), sequence lengths shape: torch.Size([16, 1])
x shape: torch.Size([16, 126, 4])
mask shape: torch.Size([16, 126])
lstm_output shape: torch.Size([16, 126, 222])
fc_output shape: torch.Size([16, 126, 111])
context shape: torch.Size([16, 111])
attention_weights shape: torch.Size([16, 126, 1])
x shape after cause_specific_fc: torch.Size([16, 116])
hazard_preds shape: [torch.Size([16, 5475])]
res shape: torch.Size([16, 1, 5475])
Average Loss: 264.86937499046326
Patience Counter: 4
Epoch 16/50
features shape: torch.Size([16, 126, 4]), mask shape: torch.Size([16, 126]), time_to_event shape: torch.Size([16, 1]), event_indicator shape: torch.Size([16, 1]), time_to_events shape: torch.Size([16, 126]), event_indicators shape: torch.Size([16, 126]), sequence lengths shape: torch.Size([16, 1])
x shape: torch.Size([16, 126, 4])
mask shape: torch.Size([16, 126])
lstm_output shape: torch.Size([16, 126, 222])
fc_output shape: torch.Size([16, 126, 111])
context shape: torch.Size([16, 111])
attention_weights shape: torch.Size([16, 126, 1])
x shape after cause_specific_fc: torch.Size([16, 116])
hazard_preds shape: [torch.Size([16, 5475])]
res shape: torch.Size([16, 1, 5475])
Average Loss: 272.5597225725651
Patience Counter: 5
Early stopping triggered
features shape: torch.Size([16, 126, 4]), mask shape: torch.Size([16, 126]), T shape: torch.Size([16, 1]), E shape: torch.Size([16, 1]) hazards shape: (16, 5475)
Processing subject 0 with time 1487 and event False hazards shape: [0.4964182]
all_E shape: (500,) first 10 values: [False  True False False False  True  True False False False]
all_R shape: (500,) first 10 values: [0.4964182  0.49707943 0.514148   0.47321817 0.46903667 0.49714395
 0.47449508 0.51750827 0.49283376 0.48720896]
all_T shape: (500,) first 10 values: [1487    0 1145    2 1002    0 2160 1790 1976 1430]
Global test C-index (scikit-survival): 0.583 number of concordant pairs: 40040
Global test C-index: 0.583
features shape: torch.Size([16, 126, 4]), mask shape: torch.Size([16, 126]), T shape: torch.Size([16, 1]), E shape: torch.Size([16, 1]) hazards shape: (16, 5475)
Processing subject 0 with time 1487 and event False hazards shape: [0.46646267]
all_E shape: (500,) first 10 values: [False  True False False False  True  True False False False]
all_R shape: (500,) first 10 values: [0.46646267 0.504756   0.47007602 0.50244457 0.5279046  0.50654316
 0.46215913 0.4880359  0.4776042  0.50572   ]
all_T shape: (500,) first 10 values: [1487    0 1145    2 1002    0 2160 1790 1976 1430]
Global test C-index (scikit-survival): 0.825 number of concordant pairs: 56705
Global test C-index: 0.825
Saved model C-index: 0.8251, Current trial C-index: 0.5826
Saved model is better, keeping it
Using GPU: cuda:6
Running trial 6 for ExperimentScenario.FOUR_FEATURES on device cuda:6
Train data path /home/minhn2/uiuc-kidney-failure/generated_data/rep99/four_features_train_data.csv
Test data path /home/minhn2/uiuc-kidney-failure/generated_data/rep99/four_features_test_data.csv
Number of patients: test 345 and train 500
Number of records: test 3667 and train 5806
Epoch 1/50
features shape: torch.Size([16, 126, 4]), mask shape: torch.Size([16, 126]), time_to_event shape: torch.Size([16, 1]), event_indicator shape: torch.Size([16, 1]), time_to_events shape: torch.Size([16, 126]), event_indicators shape: torch.Size([16, 126]), sequence lengths shape: torch.Size([16, 1])
x shape: torch.Size([16, 126, 4])
mask shape: torch.Size([16, 126])
lstm_output shape: torch.Size([16, 126, 144])
fc_output shape: torch.Size([16, 126, 72])
context shape: torch.Size([16, 72])
attention_weights shape: torch.Size([16, 126, 1])
x shape after cause_specific_fc: torch.Size([16, 72])
hazard_preds shape: [torch.Size([16, 5475])]
res shape: torch.Size([16, 1, 5475])
Average Loss: 213.26509988307953
Epoch 2/50
features shape: torch.Size([16, 126, 4]), mask shape: torch.Size([16, 126]), time_to_event shape: torch.Size([16, 1]), event_indicator shape: torch.Size([16, 1]), time_to_events shape: torch.Size([16, 126]), event_indicators shape: torch.Size([16, 126]), sequence lengths shape: torch.Size([16, 1])
x shape: torch.Size([16, 126, 4])
mask shape: torch.Size([16, 126])
lstm_output shape: torch.Size([16, 126, 144])
fc_output shape: torch.Size([16, 126, 72])
context shape: torch.Size([16, 72])
attention_weights shape: torch.Size([16, 126, 1])
x shape after cause_specific_fc: torch.Size([16, 72])
hazard_preds shape: [torch.Size([16, 5475])]
res shape: torch.Size([16, 1, 5475])
Average Loss: 5127.7249067127705
Patience Counter: 1
Epoch 3/50
features shape: torch.Size([16, 126, 4]), mask shape: torch.Size([16, 126]), time_to_event shape: torch.Size([16, 1]), event_indicator shape: torch.Size([16, 1]), time_to_events shape: torch.Size([16, 126]), event_indicators shape: torch.Size([16, 126]), sequence lengths shape: torch.Size([16, 1])
x shape: torch.Size([16, 126, 4])
mask shape: torch.Size([16, 126])
lstm_output shape: torch.Size([16, 126, 144])
fc_output shape: torch.Size([16, 126, 72])
context shape: torch.Size([16, 72])
attention_weights shape: torch.Size([16, 126, 1])
x shape after cause_specific_fc: torch.Size([16, 72])
hazard_preds shape: [torch.Size([16, 5475])]
res shape: torch.Size([16, 1, 5475])
Average Loss: 5277.676688373089
Patience Counter: 2
Epoch 4/50
features shape: torch.Size([16, 126, 4]), mask shape: torch.Size([16, 126]), time_to_event shape: torch.Size([16, 1]), event_indicator shape: torch.Size([16, 1]), time_to_events shape: torch.Size([16, 126]), event_indicators shape: torch.Size([16, 126]), sequence lengths shape: torch.Size([16, 1])
x shape: torch.Size([16, 126, 4])
mask shape: torch.Size([16, 126])
lstm_output shape: torch.Size([16, 126, 144])
fc_output shape: torch.Size([16, 126, 72])
context shape: torch.Size([16, 72])
attention_weights shape: torch.Size([16, 126, 1])
x shape after cause_specific_fc: torch.Size([16, 72])
hazard_preds shape: [torch.Size([16, 5475])]
res shape: torch.Size([16, 1, 5475])
Average Loss: 202.18243765830994
Epoch 5/50
features shape: torch.Size([16, 126, 4]), mask shape: torch.Size([16, 126]), time_to_event shape: torch.Size([16, 1]), event_indicator shape: torch.Size([16, 1]), time_to_events shape: torch.Size([16, 126]), event_indicators shape: torch.Size([16, 126]), sequence lengths shape: torch.Size([16, 1])
x shape: torch.Size([16, 126, 4])
mask shape: torch.Size([16, 126])
lstm_output shape: torch.Size([16, 126, 144])
fc_output shape: torch.Size([16, 126, 72])
context shape: torch.Size([16, 72])
attention_weights shape: torch.Size([16, 126, 1])
x shape after cause_specific_fc: torch.Size([16, 72])
hazard_preds shape: [torch.Size([16, 5475])]
res shape: torch.Size([16, 1, 5475])
Average Loss: 196.14818188920617
Epoch 6/50
features shape: torch.Size([16, 126, 4]), mask shape: torch.Size([16, 126]), time_to_event shape: torch.Size([16, 1]), event_indicator shape: torch.Size([16, 1]), time_to_events shape: torch.Size([16, 126]), event_indicators shape: torch.Size([16, 126]), sequence lengths shape: torch.Size([16, 1])
x shape: torch.Size([16, 126, 4])
mask shape: torch.Size([16, 126])
lstm_output shape: torch.Size([16, 126, 144])
fc_output shape: torch.Size([16, 126, 72])
context shape: torch.Size([16, 72])
attention_weights shape: torch.Size([16, 126, 1])
x shape after cause_specific_fc: torch.Size([16, 72])
hazard_preds shape: [torch.Size([16, 5475])]
res shape: torch.Size([16, 1, 5475])
Average Loss: 202.15732461214066
Patience Counter: 1
Epoch 7/50
features shape: torch.Size([16, 126, 4]), mask shape: torch.Size([16, 126]), time_to_event shape: torch.Size([16, 1]), event_indicator shape: torch.Size([16, 1]), time_to_events shape: torch.Size([16, 126]), event_indicators shape: torch.Size([16, 126]), sequence lengths shape: torch.Size([16, 1])
x shape: torch.Size([16, 126, 4])
mask shape: torch.Size([16, 126])
lstm_output shape: torch.Size([16, 126, 144])
fc_output shape: torch.Size([16, 126, 72])
context shape: torch.Size([16, 72])
attention_weights shape: torch.Size([16, 126, 1])
x shape after cause_specific_fc: torch.Size([16, 72])
hazard_preds shape: [torch.Size([16, 5475])]
res shape: torch.Size([16, 1, 5475])
Average Loss: 195.73859027400613
Epoch 8/50
features shape: torch.Size([16, 126, 4]), mask shape: torch.Size([16, 126]), time_to_event shape: torch.Size([16, 1]), event_indicator shape: torch.Size([16, 1]), time_to_events shape: torch.Size([16, 126]), event_indicators shape: torch.Size([16, 126]), sequence lengths shape: torch.Size([16, 1])
x shape: torch.Size([16, 126, 4])
mask shape: torch.Size([16, 126])
lstm_output shape: torch.Size([16, 126, 144])
fc_output shape: torch.Size([16, 126, 72])
context shape: torch.Size([16, 72])
attention_weights shape: torch.Size([16, 126, 1])
x shape after cause_specific_fc: torch.Size([16, 72])
hazard_preds shape: [torch.Size([16, 5475])]
res shape: torch.Size([16, 1, 5475])
Average Loss: 198.67069733142853
Patience Counter: 1
Epoch 9/50
features shape: torch.Size([16, 126, 4]), mask shape: torch.Size([16, 126]), time_to_event shape: torch.Size([16, 1]), event_indicator shape: torch.Size([16, 1]), time_to_events shape: torch.Size([16, 126]), event_indicators shape: torch.Size([16, 126]), sequence lengths shape: torch.Size([16, 1])
x shape: torch.Size([16, 126, 4])
mask shape: torch.Size([16, 126])
lstm_output shape: torch.Size([16, 126, 144])
fc_output shape: torch.Size([16, 126, 72])
context shape: torch.Size([16, 72])
attention_weights shape: torch.Size([16, 126, 1])
x shape after cause_specific_fc: torch.Size([16, 72])
hazard_preds shape: [torch.Size([16, 5475])]
res shape: torch.Size([16, 1, 5475])
Average Loss: 196.99237179756165
Patience Counter: 2
Epoch 10/50
features shape: torch.Size([16, 126, 4]), mask shape: torch.Size([16, 126]), time_to_event shape: torch.Size([16, 1]), event_indicator shape: torch.Size([16, 1]), time_to_events shape: torch.Size([16, 126]), event_indicators shape: torch.Size([16, 126]), sequence lengths shape: torch.Size([16, 1])
x shape: torch.Size([16, 126, 4])
mask shape: torch.Size([16, 126])
lstm_output shape: torch.Size([16, 126, 144])
fc_output shape: torch.Size([16, 126, 72])
context shape: torch.Size([16, 72])
attention_weights shape: torch.Size([16, 126, 1])
x shape after cause_specific_fc: torch.Size([16, 72])
hazard_preds shape: [torch.Size([16, 5475])]
res shape: torch.Size([16, 1, 5475])
Average Loss: 199.82476770877838
Patience Counter: 3
Epoch 11/50
features shape: torch.Size([16, 126, 4]), mask shape: torch.Size([16, 126]), time_to_event shape: torch.Size([16, 1]), event_indicator shape: torch.Size([16, 1]), time_to_events shape: torch.Size([16, 126]), event_indicators shape: torch.Size([16, 126]), sequence lengths shape: torch.Size([16, 1])
x shape: torch.Size([16, 126, 4])
mask shape: torch.Size([16, 126])
lstm_output shape: torch.Size([16, 126, 144])
fc_output shape: torch.Size([16, 126, 72])
context shape: torch.Size([16, 72])
attention_weights shape: torch.Size([16, 126, 1])
x shape after cause_specific_fc: torch.Size([16, 72])
hazard_preds shape: [torch.Size([16, 5475])]
res shape: torch.Size([16, 1, 5475])
Average Loss: 209.15908926725388
Patience Counter: 4
Epoch 12/50
features shape: torch.Size([16, 126, 4]), mask shape: torch.Size([16, 126]), time_to_event shape: torch.Size([16, 1]), event_indicator shape: torch.Size([16, 1]), time_to_events shape: torch.Size([16, 126]), event_indicators shape: torch.Size([16, 126]), sequence lengths shape: torch.Size([16, 1])
x shape: torch.Size([16, 126, 4])
mask shape: torch.Size([16, 126])
lstm_output shape: torch.Size([16, 126, 144])
fc_output shape: torch.Size([16, 126, 72])
context shape: torch.Size([16, 72])
attention_weights shape: torch.Size([16, 126, 1])
x shape after cause_specific_fc: torch.Size([16, 72])
hazard_preds shape: [torch.Size([16, 5475])]
res shape: torch.Size([16, 1, 5475])
Average Loss: 202.09304666519165
Patience Counter: 5
Early stopping triggered
features shape: torch.Size([16, 126, 4]), mask shape: torch.Size([16, 126]), T shape: torch.Size([16, 1]), E shape: torch.Size([16, 1]) hazards shape: (16, 5475)
Processing subject 0 with time 1487 and event False hazards shape: [0.47171056]
all_E shape: (500,) first 10 values: [False  True False False False  True  True False False False]
all_R shape: (500,) first 10 values: [0.47171056 0.48508456 0.47756904 0.4956368  0.4974411  0.4845018
 0.45401764 0.48256984 0.46321726 0.5041481 ]
all_T shape: (500,) first 10 values: [1487    0 1145    2 1002    0 2160 1790 1976 1430]
Global test C-index (scikit-survival): 0.469 number of concordant pairs: 32239
Global test C-index: 0.469
features shape: torch.Size([16, 126, 4]), mask shape: torch.Size([16, 126]), T shape: torch.Size([16, 1]), E shape: torch.Size([16, 1]) hazards shape: (16, 5475)
Processing subject 0 with time 1487 and event False hazards shape: [0.46646267]
all_E shape: (500,) first 10 values: [False  True False False False  True  True False False False]
all_R shape: (500,) first 10 values: [0.46646267 0.504756   0.47007602 0.50244457 0.5279046  0.50654316
 0.46215913 0.4880359  0.4776042  0.50572   ]
all_T shape: (500,) first 10 values: [1487    0 1145    2 1002    0 2160 1790 1976 1430]
Global test C-index (scikit-survival): 0.825 number of concordant pairs: 56705
Global test C-index: 0.825
Saved model C-index: 0.8251, Current trial C-index: 0.4691
Saved model is better, keeping it
Using GPU: cuda:7
Running trial 7 for ExperimentScenario.FOUR_FEATURES on device cuda:7
Train data path /home/minhn2/uiuc-kidney-failure/generated_data/rep99/four_features_train_data.csv
Test data path /home/minhn2/uiuc-kidney-failure/generated_data/rep99/four_features_test_data.csv
Number of patients: test 345 and train 500
Number of records: test 3667 and train 5806
Epoch 1/50
features shape: torch.Size([16, 126, 4]), mask shape: torch.Size([16, 126]), time_to_event shape: torch.Size([16, 1]), event_indicator shape: torch.Size([16, 1]), time_to_events shape: torch.Size([16, 126]), event_indicators shape: torch.Size([16, 126]), sequence lengths shape: torch.Size([16, 1])
x shape: torch.Size([16, 126, 4])
mask shape: torch.Size([16, 126])
lstm_output shape: torch.Size([16, 126, 240])
fc_output shape: torch.Size([16, 126, 120])
context shape: torch.Size([16, 120])
attention_weights shape: torch.Size([16, 126, 1])
x shape after cause_specific_fc: torch.Size([16, 106])
hazard_preds shape: [torch.Size([16, 5475])]
res shape: torch.Size([16, 1, 5475])
Average Loss: 10523.573426429182
Epoch 2/50
features shape: torch.Size([16, 126, 4]), mask shape: torch.Size([16, 126]), time_to_event shape: torch.Size([16, 1]), event_indicator shape: torch.Size([16, 1]), time_to_events shape: torch.Size([16, 126]), event_indicators shape: torch.Size([16, 126]), sequence lengths shape: torch.Size([16, 1])
x shape: torch.Size([16, 126, 4])
mask shape: torch.Size([16, 126])
lstm_output shape: torch.Size([16, 126, 240])
fc_output shape: torch.Size([16, 126, 120])
context shape: torch.Size([16, 120])
attention_weights shape: torch.Size([16, 126, 1])
x shape after cause_specific_fc: torch.Size([16, 106])
hazard_preds shape: [torch.Size([16, 5475])]
res shape: torch.Size([16, 1, 5475])
Average Loss: 2.639983660501213e+19
Patience Counter: 1
Epoch 3/50
features shape: torch.Size([16, 126, 4]), mask shape: torch.Size([16, 126]), time_to_event shape: torch.Size([16, 1]), event_indicator shape: torch.Size([16, 1]), time_to_events shape: torch.Size([16, 126]), event_indicators shape: torch.Size([16, 126]), sequence lengths shape: torch.Size([16, 1])
x shape: torch.Size([16, 126, 4])
mask shape: torch.Size([16, 126])
lstm_output shape: torch.Size([16, 126, 240])
fc_output shape: torch.Size([16, 126, 120])
context shape: torch.Size([16, 120])
attention_weights shape: torch.Size([16, 126, 1])
x shape after cause_specific_fc: torch.Size([16, 106])
hazard_preds shape: [torch.Size([16, 5475])]
res shape: torch.Size([16, 1, 5475])
Average Loss: 9.646450188072004e+17
Patience Counter: 2
Epoch 4/50
features shape: torch.Size([16, 126, 4]), mask shape: torch.Size([16, 126]), time_to_event shape: torch.Size([16, 1]), event_indicator shape: torch.Size([16, 1]), time_to_events shape: torch.Size([16, 126]), event_indicators shape: torch.Size([16, 126]), sequence lengths shape: torch.Size([16, 1])
x shape: torch.Size([16, 126, 4])
mask shape: torch.Size([16, 126])
lstm_output shape: torch.Size([16, 126, 240])
fc_output shape: torch.Size([16, 126, 120])
context shape: torch.Size([16, 120])
attention_weights shape: torch.Size([16, 126, 1])
x shape after cause_specific_fc: torch.Size([16, 106])
hazard_preds shape: [torch.Size([16, 5475])]
res shape: torch.Size([16, 1, 5475])
Average Loss: 1.2209026594699471e+18
Patience Counter: 3
Epoch 5/50
features shape: torch.Size([16, 126, 4]), mask shape: torch.Size([16, 126]), time_to_event shape: torch.Size([16, 1]), event_indicator shape: torch.Size([16, 1]), time_to_events shape: torch.Size([16, 126]), event_indicators shape: torch.Size([16, 126]), sequence lengths shape: torch.Size([16, 1])
x shape: torch.Size([16, 126, 4])
mask shape: torch.Size([16, 126])
lstm_output shape: torch.Size([16, 126, 240])
fc_output shape: torch.Size([16, 126, 120])
context shape: torch.Size([16, 120])
attention_weights shape: torch.Size([16, 126, 1])
x shape after cause_specific_fc: torch.Size([16, 106])
hazard_preds shape: [torch.Size([16, 5475])]
res shape: torch.Size([16, 1, 5475])
Average Loss: 1.0358442735901454e+17
Patience Counter: 4
Epoch 6/50
features shape: torch.Size([16, 126, 4]), mask shape: torch.Size([16, 126]), time_to_event shape: torch.Size([16, 1]), event_indicator shape: torch.Size([16, 1]), time_to_events shape: torch.Size([16, 126]), event_indicators shape: torch.Size([16, 126]), sequence lengths shape: torch.Size([16, 1])
x shape: torch.Size([16, 126, 4])
mask shape: torch.Size([16, 126])
lstm_output shape: torch.Size([16, 126, 240])
fc_output shape: torch.Size([16, 126, 120])
context shape: torch.Size([16, 120])
attention_weights shape: torch.Size([16, 126, 1])
x shape after cause_specific_fc: torch.Size([16, 106])
hazard_preds shape: [torch.Size([16, 5475])]
res shape: torch.Size([16, 1, 5475])
Average Loss: 3.3631080217673744e+16
Patience Counter: 5
Early stopping triggered
features shape: torch.Size([16, 126, 4]), mask shape: torch.Size([16, 126]), T shape: torch.Size([16, 1]), E shape: torch.Size([16, 1]) hazards shape: (16, 5475)
Processing subject 0 with time 1487 and event False hazards shape: [0.4593789]
all_E shape: (500,) first 10 values: [False  True False False False  True  True False False False]
all_R shape: (500,) first 10 values: [0.4593789  0.49208948 0.5091086  0.514003   0.51879585 0.49573982
 0.4537431  0.44308943 0.4510896  0.48147854]
all_T shape: (500,) first 10 values: [1487    0 1145    2 1002    0 2160 1790 1976 1430]
Global test C-index (scikit-survival): 0.709 number of concordant pairs: 48704
Global test C-index: 0.709
features shape: torch.Size([16, 126, 4]), mask shape: torch.Size([16, 126]), T shape: torch.Size([16, 1]), E shape: torch.Size([16, 1]) hazards shape: (16, 5475)
Processing subject 0 with time 1487 and event False hazards shape: [0.46646267]
all_E shape: (500,) first 10 values: [False  True False False False  True  True False False False]
all_R shape: (500,) first 10 values: [0.46646267 0.504756   0.47007602 0.50244457 0.5279046  0.50654316
 0.46215913 0.4880359  0.4776042  0.50572   ]
all_T shape: (500,) first 10 values: [1487    0 1145    2 1002    0 2160 1790 1976 1430]
Global test C-index (scikit-survival): 0.825 number of concordant pairs: 56705
Global test C-index: 0.825
Saved model C-index: 0.8251, Current trial C-index: 0.7087
Saved model is better, keeping it
Using GPU: cuda:6
Running trial 8 for ExperimentScenario.FOUR_FEATURES on device cuda:6
Train data path /home/minhn2/uiuc-kidney-failure/generated_data/rep99/four_features_train_data.csv
Test data path /home/minhn2/uiuc-kidney-failure/generated_data/rep99/four_features_test_data.csv
Number of patients: test 345 and train 500
Number of records: test 3667 and train 5806
Epoch 1/50
features shape: torch.Size([16, 126, 4]), mask shape: torch.Size([16, 126]), time_to_event shape: torch.Size([16, 1]), event_indicator shape: torch.Size([16, 1]), time_to_events shape: torch.Size([16, 126]), event_indicators shape: torch.Size([16, 126]), sequence lengths shape: torch.Size([16, 1])
x shape: torch.Size([16, 126, 4])
mask shape: torch.Size([16, 126])
lstm_output shape: torch.Size([16, 126, 156])
fc_output shape: torch.Size([16, 126, 78])
context shape: torch.Size([16, 78])
attention_weights shape: torch.Size([16, 126, 1])
x shape after cause_specific_fc: torch.Size([16, 102])
hazard_preds shape: [torch.Size([16, 5475])]
res shape: torch.Size([16, 1, 5475])
Average Loss: 143.24502044916153
Epoch 2/50
features shape: torch.Size([16, 126, 4]), mask shape: torch.Size([16, 126]), time_to_event shape: torch.Size([16, 1]), event_indicator shape: torch.Size([16, 1]), time_to_events shape: torch.Size([16, 126]), event_indicators shape: torch.Size([16, 126]), sequence lengths shape: torch.Size([16, 1])
x shape: torch.Size([16, 126, 4])
mask shape: torch.Size([16, 126])
lstm_output shape: torch.Size([16, 126, 156])
fc_output shape: torch.Size([16, 126, 78])
context shape: torch.Size([16, 78])
attention_weights shape: torch.Size([16, 126, 1])
x shape after cause_specific_fc: torch.Size([16, 102])
hazard_preds shape: [torch.Size([16, 5475])]
res shape: torch.Size([16, 1, 5475])
Average Loss: 2669.834004931152
Patience Counter: 1
Epoch 3/50
features shape: torch.Size([16, 126, 4]), mask shape: torch.Size([16, 126]), time_to_event shape: torch.Size([16, 1]), event_indicator shape: torch.Size([16, 1]), time_to_events shape: torch.Size([16, 126]), event_indicators shape: torch.Size([16, 126]), sequence lengths shape: torch.Size([16, 1])
x shape: torch.Size([16, 126, 4])
mask shape: torch.Size([16, 126])
lstm_output shape: torch.Size([16, 126, 156])
fc_output shape: torch.Size([16, 126, 78])
context shape: torch.Size([16, 78])
attention_weights shape: torch.Size([16, 126, 1])
x shape after cause_specific_fc: torch.Size([16, 102])
hazard_preds shape: [torch.Size([16, 5475])]
res shape: torch.Size([16, 1, 5475])
Average Loss: 487762425.2351743
Patience Counter: 2
Epoch 4/50
features shape: torch.Size([16, 126, 4]), mask shape: torch.Size([16, 126]), time_to_event shape: torch.Size([16, 1]), event_indicator shape: torch.Size([16, 1]), time_to_events shape: torch.Size([16, 126]), event_indicators shape: torch.Size([16, 126]), sequence lengths shape: torch.Size([16, 1])
x shape: torch.Size([16, 126, 4])
mask shape: torch.Size([16, 126])
lstm_output shape: torch.Size([16, 126, 156])
fc_output shape: torch.Size([16, 126, 78])
context shape: torch.Size([16, 78])
attention_weights shape: torch.Size([16, 126, 1])
x shape after cause_specific_fc: torch.Size([16, 102])
hazard_preds shape: [torch.Size([16, 5475])]
res shape: torch.Size([16, 1, 5475])
Average Loss: 4915159170.877747
Patience Counter: 3
Epoch 5/50
features shape: torch.Size([16, 126, 4]), mask shape: torch.Size([16, 126]), time_to_event shape: torch.Size([16, 1]), event_indicator shape: torch.Size([16, 1]), time_to_events shape: torch.Size([16, 126]), event_indicators shape: torch.Size([16, 126]), sequence lengths shape: torch.Size([16, 1])
x shape: torch.Size([16, 126, 4])
mask shape: torch.Size([16, 126])
lstm_output shape: torch.Size([16, 126, 156])
fc_output shape: torch.Size([16, 126, 78])
context shape: torch.Size([16, 78])
attention_weights shape: torch.Size([16, 126, 1])
x shape after cause_specific_fc: torch.Size([16, 102])
hazard_preds shape: [torch.Size([16, 5475])]
res shape: torch.Size([16, 1, 5475])
Average Loss: 243102935.83387077
Patience Counter: 4
Epoch 6/50
features shape: torch.Size([16, 126, 4]), mask shape: torch.Size([16, 126]), time_to_event shape: torch.Size([16, 1]), event_indicator shape: torch.Size([16, 1]), time_to_events shape: torch.Size([16, 126]), event_indicators shape: torch.Size([16, 126]), sequence lengths shape: torch.Size([16, 1])
x shape: torch.Size([16, 126, 4])
mask shape: torch.Size([16, 126])
lstm_output shape: torch.Size([16, 126, 156])
fc_output shape: torch.Size([16, 126, 78])
context shape: torch.Size([16, 78])
attention_weights shape: torch.Size([16, 126, 1])
x shape after cause_specific_fc: torch.Size([16, 102])
hazard_preds shape: [torch.Size([16, 5475])]
res shape: torch.Size([16, 1, 5475])
Average Loss: 26951344156798.77
Patience Counter: 5
Early stopping triggered
features shape: torch.Size([16, 126, 4]), mask shape: torch.Size([16, 126]), T shape: torch.Size([16, 1]), E shape: torch.Size([16, 1]) hazards shape: (16, 5475)
Processing subject 0 with time 1487 and event False hazards shape: [0.49178287]
all_E shape: (500,) first 10 values: [False  True False False False  True  True False False False]
all_R shape: (500,) first 10 values: [0.49178287 0.49176916 0.44334766 0.46563187 0.5162285  0.49176916
 0.48287657 0.4643772  0.49651212 0.53238964]
all_T shape: (500,) first 10 values: [1487    0 1145    2 1002    0 2160 1790 1976 1430]
Global test C-index (scikit-survival): 0.659 number of concordant pairs: 45258
Global test C-index: 0.659
features shape: torch.Size([16, 126, 4]), mask shape: torch.Size([16, 126]), T shape: torch.Size([16, 1]), E shape: torch.Size([16, 1]) hazards shape: (16, 5475)
Processing subject 0 with time 1487 and event False hazards shape: [0.46646267]
all_E shape: (500,) first 10 values: [False  True False False False  True  True False False False]
all_R shape: (500,) first 10 values: [0.46646267 0.504756   0.47007602 0.50244457 0.5279046  0.50654316
 0.46215913 0.4880359  0.4776042  0.50572   ]
all_T shape: (500,) first 10 values: [1487    0 1145    2 1002    0 2160 1790 1976 1430]
Global test C-index (scikit-survival): 0.825 number of concordant pairs: 56705
Global test C-index: 0.825
Saved model C-index: 0.8251, Current trial C-index: 0.6592
Saved model is better, keeping it
Using GPU: cuda:3
Running trial 9 for ExperimentScenario.FOUR_FEATURES on device cuda:3
Train data path /home/minhn2/uiuc-kidney-failure/generated_data/rep99/four_features_train_data.csv
Test data path /home/minhn2/uiuc-kidney-failure/generated_data/rep99/four_features_test_data.csv
Number of patients: test 345 and train 500
Number of records: test 3667 and train 5806
Epoch 1/50
features shape: torch.Size([16, 126, 4]), mask shape: torch.Size([16, 126]), time_to_event shape: torch.Size([16, 1]), event_indicator shape: torch.Size([16, 1]), time_to_events shape: torch.Size([16, 126]), event_indicators shape: torch.Size([16, 126]), sequence lengths shape: torch.Size([16, 1])
x shape: torch.Size([16, 126, 4])
mask shape: torch.Size([16, 126])
lstm_output shape: torch.Size([16, 126, 248])
fc_output shape: torch.Size([16, 126, 124])
context shape: torch.Size([16, 124])
attention_weights shape: torch.Size([16, 126, 1])
x shape after cause_specific_fc: torch.Size([16, 124])
hazard_preds shape: [torch.Size([16, 5475])]
res shape: torch.Size([16, 1, 5475])
Average Loss: 6.222176642661476e+18
Epoch 2/50
features shape: torch.Size([16, 126, 4]), mask shape: torch.Size([16, 126]), time_to_event shape: torch.Size([16, 1]), event_indicator shape: torch.Size([16, 1]), time_to_events shape: torch.Size([16, 126]), event_indicators shape: torch.Size([16, 126]), sequence lengths shape: torch.Size([16, 1])
x shape: torch.Size([16, 126, 4])
mask shape: torch.Size([16, 126])
lstm_output shape: torch.Size([16, 126, 248])
fc_output shape: torch.Size([16, 126, 124])
context shape: torch.Size([16, 124])
attention_weights shape: torch.Size([16, 126, 1])
x shape after cause_specific_fc: torch.Size([16, 124])
hazard_preds shape: [torch.Size([16, 5475])]
res shape: torch.Size([16, 1, 5475])
Average Loss: 1.03853368278656e+19
Patience Counter: 1
Epoch 3/50
features shape: torch.Size([16, 126, 4]), mask shape: torch.Size([16, 126]), time_to_event shape: torch.Size([16, 1]), event_indicator shape: torch.Size([16, 1]), time_to_events shape: torch.Size([16, 126]), event_indicators shape: torch.Size([16, 126]), sequence lengths shape: torch.Size([16, 1])
x shape: torch.Size([16, 126, 4])
mask shape: torch.Size([16, 126])
lstm_output shape: torch.Size([16, 126, 248])
fc_output shape: torch.Size([16, 126, 124])
context shape: torch.Size([16, 124])
attention_weights shape: torch.Size([16, 126, 1])
x shape after cause_specific_fc: torch.Size([16, 124])
hazard_preds shape: [torch.Size([16, 5475])]
res shape: torch.Size([16, 1, 5475])
Average Loss: 1.2351909239281777e+18
Epoch 4/50
features shape: torch.Size([16, 126, 4]), mask shape: torch.Size([16, 126]), time_to_event shape: torch.Size([16, 1]), event_indicator shape: torch.Size([16, 1]), time_to_events shape: torch.Size([16, 126]), event_indicators shape: torch.Size([16, 126]), sequence lengths shape: torch.Size([16, 1])
x shape: torch.Size([16, 126, 4])
mask shape: torch.Size([16, 126])
lstm_output shape: torch.Size([16, 126, 248])
fc_output shape: torch.Size([16, 126, 124])
context shape: torch.Size([16, 124])
attention_weights shape: torch.Size([16, 126, 1])
x shape after cause_specific_fc: torch.Size([16, 124])
hazard_preds shape: [torch.Size([16, 5475])]
res shape: torch.Size([16, 1, 5475])
Average Loss: 44089579229067.96
Epoch 5/50
features shape: torch.Size([16, 126, 4]), mask shape: torch.Size([16, 126]), time_to_event shape: torch.Size([16, 1]), event_indicator shape: torch.Size([16, 1]), time_to_events shape: torch.Size([16, 126]), event_indicators shape: torch.Size([16, 126]), sequence lengths shape: torch.Size([16, 1])
x shape: torch.Size([16, 126, 4])
mask shape: torch.Size([16, 126])
lstm_output shape: torch.Size([16, 126, 248])
fc_output shape: torch.Size([16, 126, 124])
context shape: torch.Size([16, 124])
attention_weights shape: torch.Size([16, 126, 1])
x shape after cause_specific_fc: torch.Size([16, 124])
hazard_preds shape: [torch.Size([16, 5475])]
res shape: torch.Size([16, 1, 5475])
Average Loss: 95956129971.76665
Epoch 6/50
features shape: torch.Size([16, 126, 4]), mask shape: torch.Size([16, 126]), time_to_event shape: torch.Size([16, 1]), event_indicator shape: torch.Size([16, 1]), time_to_events shape: torch.Size([16, 126]), event_indicators shape: torch.Size([16, 126]), sequence lengths shape: torch.Size([16, 1])
x shape: torch.Size([16, 126, 4])
mask shape: torch.Size([16, 126])
lstm_output shape: torch.Size([16, 126, 248])
fc_output shape: torch.Size([16, 126, 124])
context shape: torch.Size([16, 124])
attention_weights shape: torch.Size([16, 126, 1])
x shape after cause_specific_fc: torch.Size([16, 124])
hazard_preds shape: [torch.Size([16, 5475])]
res shape: torch.Size([16, 1, 5475])
Average Loss: 2845140.4402418174
Epoch 7/50
features shape: torch.Size([16, 126, 4]), mask shape: torch.Size([16, 126]), time_to_event shape: torch.Size([16, 1]), event_indicator shape: torch.Size([16, 1]), time_to_events shape: torch.Size([16, 126]), event_indicators shape: torch.Size([16, 126]), sequence lengths shape: torch.Size([16, 1])
x shape: torch.Size([16, 126, 4])
mask shape: torch.Size([16, 126])
lstm_output shape: torch.Size([16, 126, 248])
fc_output shape: torch.Size([16, 126, 124])
context shape: torch.Size([16, 124])
attention_weights shape: torch.Size([16, 126, 1])
x shape after cause_specific_fc: torch.Size([16, 124])
hazard_preds shape: [torch.Size([16, 5475])]
res shape: torch.Size([16, 1, 5475])
Average Loss: 55319766.69188888
Patience Counter: 1
Epoch 8/50
features shape: torch.Size([16, 126, 4]), mask shape: torch.Size([16, 126]), time_to_event shape: torch.Size([16, 1]), event_indicator shape: torch.Size([16, 1]), time_to_events shape: torch.Size([16, 126]), event_indicators shape: torch.Size([16, 126]), sequence lengths shape: torch.Size([16, 1])
x shape: torch.Size([16, 126, 4])
mask shape: torch.Size([16, 126])
lstm_output shape: torch.Size([16, 126, 248])
fc_output shape: torch.Size([16, 126, 124])
context shape: torch.Size([16, 124])
attention_weights shape: torch.Size([16, 126, 1])
x shape after cause_specific_fc: torch.Size([16, 124])
hazard_preds shape: [torch.Size([16, 5475])]
res shape: torch.Size([16, 1, 5475])
Average Loss: 101028276.39381038
Patience Counter: 2
Epoch 9/50
features shape: torch.Size([16, 126, 4]), mask shape: torch.Size([16, 126]), time_to_event shape: torch.Size([16, 1]), event_indicator shape: torch.Size([16, 1]), time_to_events shape: torch.Size([16, 126]), event_indicators shape: torch.Size([16, 126]), sequence lengths shape: torch.Size([16, 1])
x shape: torch.Size([16, 126, 4])
mask shape: torch.Size([16, 126])
lstm_output shape: torch.Size([16, 126, 248])
fc_output shape: torch.Size([16, 126, 124])
context shape: torch.Size([16, 124])
attention_weights shape: torch.Size([16, 126, 1])
x shape after cause_specific_fc: torch.Size([16, 124])
hazard_preds shape: [torch.Size([16, 5475])]
res shape: torch.Size([16, 1, 5475])
Average Loss: 11367139.592798293
Patience Counter: 3
Epoch 10/50
features shape: torch.Size([16, 126, 4]), mask shape: torch.Size([16, 126]), time_to_event shape: torch.Size([16, 1]), event_indicator shape: torch.Size([16, 1]), time_to_events shape: torch.Size([16, 126]), event_indicators shape: torch.Size([16, 126]), sequence lengths shape: torch.Size([16, 1])
x shape: torch.Size([16, 126, 4])
mask shape: torch.Size([16, 126])
lstm_output shape: torch.Size([16, 126, 248])
fc_output shape: torch.Size([16, 126, 124])
context shape: torch.Size([16, 124])
attention_weights shape: torch.Size([16, 126, 1])
x shape after cause_specific_fc: torch.Size([16, 124])
hazard_preds shape: [torch.Size([16, 5475])]
res shape: torch.Size([16, 1, 5475])
Average Loss: 967823911.8655337
Patience Counter: 4
Epoch 11/50
features shape: torch.Size([16, 126, 4]), mask shape: torch.Size([16, 126]), time_to_event shape: torch.Size([16, 1]), event_indicator shape: torch.Size([16, 1]), time_to_events shape: torch.Size([16, 126]), event_indicators shape: torch.Size([16, 126]), sequence lengths shape: torch.Size([16, 1])
x shape: torch.Size([16, 126, 4])
mask shape: torch.Size([16, 126])
lstm_output shape: torch.Size([16, 126, 248])
fc_output shape: torch.Size([16, 126, 124])
context shape: torch.Size([16, 124])
attention_weights shape: torch.Size([16, 126, 1])
x shape after cause_specific_fc: torch.Size([16, 124])
hazard_preds shape: [torch.Size([16, 5475])]
res shape: torch.Size([16, 1, 5475])
Average Loss: 1196002447.7532308
Patience Counter: 5
Early stopping triggered
features shape: torch.Size([16, 126, 4]), mask shape: torch.Size([16, 126]), T shape: torch.Size([16, 1]), E shape: torch.Size([16, 1]) hazards shape: (16, 5475)
Processing subject 0 with time 1487 and event False hazards shape: [0.7292416]
all_E shape: (500,) first 10 values: [False  True False False False  True  True False False False]
all_R shape: (500,) first 10 values: [0.7292416  0.10612692 0.03977836 0.16598931 0.01364396 0.10746859
 0.09761305 0.93045664 0.8948637  0.02232251]
all_T shape: (500,) first 10 values: [1487    0 1145    2 1002    0 2160 1790 1976 1430]
Global test C-index (scikit-survival): 0.650 number of concordant pairs: 44678
Global test C-index: 0.650
features shape: torch.Size([16, 126, 4]), mask shape: torch.Size([16, 126]), T shape: torch.Size([16, 1]), E shape: torch.Size([16, 1]) hazards shape: (16, 5475)
Processing subject 0 with time 1487 and event False hazards shape: [0.46646267]
all_E shape: (500,) first 10 values: [False  True False False False  True  True False False False]
all_R shape: (500,) first 10 values: [0.46646267 0.504756   0.47007602 0.50244457 0.5279046  0.50654316
 0.46215913 0.4880359  0.4776042  0.50572   ]
all_T shape: (500,) first 10 values: [1487    0 1145    2 1002    0 2160 1790 1976 1430]
Global test C-index (scikit-survival): 0.825 number of concordant pairs: 56705
Global test C-index: 0.825
Saved model C-index: 0.8251, Current trial C-index: 0.6501
Saved model is better, keeping it
Number of finished trials:  10
Best trial:
Best hyperparameters: {'num_layer': 2, 'hidden_dim_0': 35, 'hidden_dim_1': 124, 'learning_rate': 0.00151991653696283, 'drop_out_rate': 0.46896930153588456, 'llh_loss': 0.20245344396398313}
model summary:
DynamicDeepHit(
  (lstm): LSTM(4, 35, num_layers=2, batch_first=True, dropout=0.46896930153588456, bidirectional=True)
  (fc): Sequential(
    (0): Linear(in_features=70, out_features=35, bias=True)
    (1): Tanh()
  )
  (attention): Sequential(
    (0): Linear(in_features=35, out_features=35, bias=True)
    (1): Tanh()
    (2): Linear(in_features=35, out_features=1, bias=True)
  )
  (cause_specific_fc): Sequential(
    (0): Linear(in_features=35, out_features=124, bias=True)
    (1): ReLU()
    (2): Dropout(p=0.46896930153588456, inplace=False)
  )
  (risk_heads): ModuleList(
    (0): Sequential(
      (0): Linear(in_features=124, out_features=5475, bias=True)
    )
  )
)
features shape: torch.Size([16, 103, 4]), mask shape: torch.Size([16, 103]), T shape: torch.Size([16, 1]), E shape: torch.Size([16, 1]) hazards shape: (16, 5475)
Processing subject 0 with time 21 and event False hazards shape: [0.49024478]
all_E shape: (345,) first 10 values: [False  True  True  True  True  True False  True False  True]
all_R shape: (345,) first 10 values: [0.49024478 0.50290763 0.5056547  0.50393915 0.47578418 0.50406533
 0.48944023 0.5049819  0.3795073  0.50784045]
all_T shape: (345,) first 10 values: [  21    0    0    0  804    0 1346    0 3415    0]
Global test C-index (scikit-survival): 0.826 number of concordant pairs: 33277
Global test C-index: 0.826
Event rate: 250/345 (72.46%)
Starting simple C-index calculation...
Pairs evaluated: 39615, Concordant: 32834
Simple C-index implementation: 0.829
f_time_to_events shape: 105
f_risk_scores shape: 105
f_event_indicators shape: 105
✗ dynamic_deephit/four_features failed:
Traceback (most recent call last):
  File "/home/minhn2/uiuc-kidney-failure/pkgs/scripts/run_stage2_new_scenarios.py", line 56, in main
    fn(scenario)
  File "/home/minhn2/uiuc-kidney-failure/pkgs/experiments/dynamic_deephit.py", line 458, in run
    auc(model, test_dataset, df, device)
  File "/home/minhn2/uiuc-kidney-failure/pkgs/experiments/dynamic_deephit.py", line 307, in auc
    _, mean_auc = cumulative_dynamic_auc(y_train, y_test, f_risk_scores, times)
                  ^^^^^^^^^^^^^^^^^^^^^^^^^^^^^^^^^^^^^^^^^^^^^^^^^^^^^^^^^^^^^
  File "/home/minhn2/miniconda3/envs/minhn2/lib/python3.12/site-packages/sksurv/metrics.py", line 459, in cumulative_dynamic_auc
    ipcw = cens.predict_ipcw(survival_test)
           ^^^^^^^^^^^^^^^^^^^^^^^^^^^^^^^^
  File "/home/minhn2/miniconda3/envs/minhn2/lib/python3.12/site-packages/sksurv/nonparametric.py", line 583, in predict_ipcw
    raise ValueError("censoring survival function is zero at one or more time points")
ValueError: censoring survival function is zero at one or more time points
==================== Running dynamic_deephit/eight_features ====================
[I 2026-08-22 10:34:37,212] A new study created in memory with name: no-name-4d35a02b-797d-4eca-aeac-b5f91531087b
[I 2026-08-22 10:34:50,564] Trial 0 finished with value: 0.47616234149888653 and parameters: {'num_layer': 1, 'hidden_dim_0': 57, 'learning_rate': 0.009284046809207646, 'drop_out_rate': 0.22598738512679406, 'llh_loss': 0.8038713451755108}. Best is trial 0 with value: 0.47616234149888653.
/home/minhn2/uiuc-kidney-failure/pkgs/experiments/dynamic_deephit.py:240: FutureWarning: You are using `torch.load` with `weights_only=False` (the current default value), which uses the default pickle module implicitly. It is possible to construct malicious pickle data which will execute arbitrary code during unpickling (See https://github.com/pytorch/pytorch/blob/main/SECURITY.md#untrusted-models for more details). In a future release, the default value for `weights_only` will be flipped to `True`. This limits the functions that could be executed during unpickling. Arbitrary objects will no longer be allowed to be loaded via this mode unless they are explicitly allowlisted by the user via `torch.serialization.add_safe_globals`. We recommend you start setting `weights_only=True` for any use case where you don't have full control of the loaded file. Please open an issue on GitHub for any issues related to this experimental feature.
  saved_model = torch.load(saved_path, map_location=device)
[I 2026-08-22 10:35:29,872] Trial 1 finished with value: 0.7723378630186792 and parameters: {'num_layer': 3, 'hidden_dim_0': 44, 'hidden_dim_1': 99, 'hidden_dim_2': 81, 'learning_rate': 0.00023433223081551695, 'drop_out_rate': 0.31286114671722776, 'llh_loss': 0.24780201295457488}. Best is trial 1 with value: 0.7723378630186792.
/home/minhn2/uiuc-kidney-failure/pkgs/experiments/dynamic_deephit.py:240: FutureWarning: You are using `torch.load` with `weights_only=False` (the current default value), which uses the default pickle module implicitly. It is possible to construct malicious pickle data which will execute arbitrary code during unpickling (See https://github.com/pytorch/pytorch/blob/main/SECURITY.md#untrusted-models for more details). In a future release, the default value for `weights_only` will be flipped to `True`. This limits the functions that could be executed during unpickling. Arbitrary objects will no longer be allowed to be loaded via this mode unless they are explicitly allowlisted by the user via `torch.serialization.add_safe_globals`. We recommend you start setting `weights_only=True` for any use case where you don't have full control of the loaded file. Please open an issue on GitHub for any issues related to this experimental feature.
  saved_model = torch.load(saved_path, map_location=device)
[I 2026-08-22 10:37:17,640] Trial 2 finished with value: 0.7786324592101077 and parameters: {'num_layer': 3, 'hidden_dim_0': 107, 'hidden_dim_1': 40, 'hidden_dim_2': 104, 'learning_rate': 4.283037430881864e-05, 'drop_out_rate': 0.42740946970581184, 'llh_loss': 0.1592435249686369}. Best is trial 2 with value: 0.7786324592101077.
/home/minhn2/uiuc-kidney-failure/pkgs/experiments/dynamic_deephit.py:240: FutureWarning: You are using `torch.load` with `weights_only=False` (the current default value), which uses the default pickle module implicitly. It is possible to construct malicious pickle data which will execute arbitrary code during unpickling (See https://github.com/pytorch/pytorch/blob/main/SECURITY.md#untrusted-models for more details). In a future release, the default value for `weights_only` will be flipped to `True`. This limits the functions that could be executed during unpickling. Arbitrary objects will no longer be allowed to be loaded via this mode unless they are explicitly allowlisted by the user via `torch.serialization.add_safe_globals`. We recommend you start setting `weights_only=True` for any use case where you don't have full control of the loaded file. Please open an issue on GitHub for any issues related to this experimental feature.
  saved_model = torch.load(saved_path, map_location=device)
[I 2026-08-22 10:37:41,895] Trial 3 finished with value: 0.5804549379630051 and parameters: {'num_layer': 2, 'hidden_dim_0': 66, 'hidden_dim_1': 57, 'learning_rate': 0.0009759264856842449, 'drop_out_rate': 0.41504172266433403, 'llh_loss': 0.48027350635676147}. Best is trial 2 with value: 0.7786324592101077.
/home/minhn2/uiuc-kidney-failure/pkgs/experiments/dynamic_deephit.py:240: FutureWarning: You are using `torch.load` with `weights_only=False` (the current default value), which uses the default pickle module implicitly. It is possible to construct malicious pickle data which will execute arbitrary code during unpickling (See https://github.com/pytorch/pytorch/blob/main/SECURITY.md#untrusted-models for more details). In a future release, the default value for `weights_only` will be flipped to `True`. This limits the functions that could be executed during unpickling. Arbitrary objects will no longer be allowed to be loaded via this mode unless they are explicitly allowlisted by the user via `torch.serialization.add_safe_globals`. We recommend you start setting `weights_only=True` for any use case where you don't have full control of the loaded file. Please open an issue on GitHub for any issues related to this experimental feature.
  saved_model = torch.load(saved_path, map_location=device)
[I 2026-08-22 10:39:26,548] Trial 4 finished with value: 0.5079193746307322 and parameters: {'num_layer': 1, 'hidden_dim_0': 43, 'learning_rate': 2.7986063067829435e-05, 'drop_out_rate': 0.10348755755804757, 'llh_loss': 0.9379243754348372}. Best is trial 2 with value: 0.7786324592101077.
/home/minhn2/uiuc-kidney-failure/pkgs/experiments/dynamic_deephit.py:240: FutureWarning: You are using `torch.load` with `weights_only=False` (the current default value), which uses the default pickle module implicitly. It is possible to construct malicious pickle data which will execute arbitrary code during unpickling (See https://github.com/pytorch/pytorch/blob/main/SECURITY.md#untrusted-models for more details). In a future release, the default value for `weights_only` will be flipped to `True`. This limits the functions that could be executed during unpickling. Arbitrary objects will no longer be allowed to be loaded via this mode unless they are explicitly allowlisted by the user via `torch.serialization.add_safe_globals`. We recommend you start setting `weights_only=True` for any use case where you don't have full control of the loaded file. Please open an issue on GitHub for any issues related to this experimental feature.
  saved_model = torch.load(saved_path, map_location=device)
[I 2026-08-22 10:40:54,049] Trial 5 finished with value: 0.7608280688996955 and parameters: {'num_layer': 2, 'hidden_dim_0': 107, 'hidden_dim_1': 107, 'learning_rate': 0.00016747075174198273, 'drop_out_rate': 0.11578735343275395, 'llh_loss': 0.2937670924047506}. Best is trial 2 with value: 0.7786324592101077.
/home/minhn2/uiuc-kidney-failure/pkgs/experiments/dynamic_deephit.py:240: FutureWarning: You are using `torch.load` with `weights_only=False` (the current default value), which uses the default pickle module implicitly. It is possible to construct malicious pickle data which will execute arbitrary code during unpickling (See https://github.com/pytorch/pytorch/blob/main/SECURITY.md#untrusted-models for more details). In a future release, the default value for `weights_only` will be flipped to `True`. This limits the functions that could be executed during unpickling. Arbitrary objects will no longer be allowed to be loaded via this mode unless they are explicitly allowlisted by the user via `torch.serialization.add_safe_globals`. We recommend you start setting `weights_only=True` for any use case where you don't have full control of the loaded file. Please open an issue on GitHub for any issues related to this experimental feature.
  saved_model = torch.load(saved_path, map_location=device)
[I 2026-08-22 10:41:26,880] Trial 6 finished with value: 0.7714857064945689 and parameters: {'num_layer': 1, 'hidden_dim_0': 38, 'learning_rate': 0.003289330178281203, 'drop_out_rate': 0.294800093193303, 'llh_loss': 0.35070016298163287}. Best is trial 2 with value: 0.7786324592101077.
/home/minhn2/uiuc-kidney-failure/pkgs/experiments/dynamic_deephit.py:240: FutureWarning: You are using `torch.load` with `weights_only=False` (the current default value), which uses the default pickle module implicitly. It is possible to construct malicious pickle data which will execute arbitrary code during unpickling (See https://github.com/pytorch/pytorch/blob/main/SECURITY.md#untrusted-models for more details). In a future release, the default value for `weights_only` will be flipped to `True`. This limits the functions that could be executed during unpickling. Arbitrary objects will no longer be allowed to be loaded via this mode unless they are explicitly allowlisted by the user via `torch.serialization.add_safe_globals`. We recommend you start setting `weights_only=True` for any use case where you don't have full control of the loaded file. Please open an issue on GitHub for any issues related to this experimental feature.
  saved_model = torch.load(saved_path, map_location=device)
[I 2026-08-22 10:43:14,050] Trial 7 finished with value: 0.8062082443303186 and parameters: {'num_layer': 1, 'hidden_dim_0': 35, 'learning_rate': 0.00044559678742836696, 'drop_out_rate': 0.15863856692789646, 'llh_loss': 0.7058436160434649}. Best is trial 7 with value: 0.8062082443303186.
/home/minhn2/uiuc-kidney-failure/pkgs/experiments/dynamic_deephit.py:240: FutureWarning: You are using `torch.load` with `weights_only=False` (the current default value), which uses the default pickle module implicitly. It is possible to construct malicious pickle data which will execute arbitrary code during unpickling (See https://github.com/pytorch/pytorch/blob/main/SECURITY.md#untrusted-models for more details). In a future release, the default value for `weights_only` will be flipped to `True`. This limits the functions that could be executed during unpickling. Arbitrary objects will no longer be allowed to be loaded via this mode unless they are explicitly allowlisted by the user via `torch.serialization.add_safe_globals`. We recommend you start setting `weights_only=True` for any use case where you don't have full control of the loaded file. Please open an issue on GitHub for any issues related to this experimental feature.
  saved_model = torch.load(saved_path, map_location=device)
[I 2026-08-22 10:44:43,313] Trial 8 finished with value: 0.7539653683588602 and parameters: {'num_layer': 3, 'hidden_dim_0': 38, 'hidden_dim_1': 114, 'hidden_dim_2': 104, 'learning_rate': 3.103502866372012e-05, 'drop_out_rate': 0.20730025299078775, 'llh_loss': 0.15621574713482458}. Best is trial 7 with value: 0.8062082443303186.
/home/minhn2/uiuc-kidney-failure/pkgs/experiments/dynamic_deephit.py:240: FutureWarning: You are using `torch.load` with `weights_only=False` (the current default value), which uses the default pickle module implicitly. It is possible to construct malicious pickle data which will execute arbitrary code during unpickling (See https://github.com/pytorch/pytorch/blob/main/SECURITY.md#untrusted-models for more details). In a future release, the default value for `weights_only` will be flipped to `True`. This limits the functions that could be executed during unpickling. Arbitrary objects will no longer be allowed to be loaded via this mode unless they are explicitly allowlisted by the user via `torch.serialization.add_safe_globals`. We recommend you start setting `weights_only=True` for any use case where you don't have full control of the loaded file. Please open an issue on GitHub for any issues related to this experimental feature.
  saved_model = torch.load(saved_path, map_location=device)
[I 2026-08-22 10:45:03,790] Trial 9 finished with value: 0.7841998818342953 and parameters: {'num_layer': 4, 'hidden_dim_0': 38, 'hidden_dim_1': 45, 'hidden_dim_2': 94, 'hidden_dim_3': 59, 'learning_rate': 0.0006746584924773, 'drop_out_rate': 0.1122976436212674, 'llh_loss': 0.41635449909246625}. Best is trial 7 with value: 0.8062082443303186.
Using GPU: cuda:3
Train data path /home/minhn2/uiuc-kidney-failure/generated_data/rep99/eight_features_train_data.csv
Test data path /home/minhn2/uiuc-kidney-failure/generated_data/rep99/eight_features_test_data.csv
Number of patients: test 243 and train 400
Number of records: test 1100 and train 1856
Running Optuna hyperparameter optimization
Using GPU: cuda:3
Running trial 0 for ExperimentScenario.EIGHT_FEATURES on device cuda:3
Train data path /home/minhn2/uiuc-kidney-failure/generated_data/rep99/eight_features_train_data.csv
Test data path /home/minhn2/uiuc-kidney-failure/generated_data/rep99/eight_features_test_data.csv
Number of patients: test 243 and train 400
Number of records: test 1100 and train 1856
Epoch 1/50
features shape: torch.Size([16, 87, 8]), mask shape: torch.Size([16, 87]), time_to_event shape: torch.Size([16, 1]), event_indicator shape: torch.Size([16, 1]), time_to_events shape: torch.Size([16, 87]), event_indicators shape: torch.Size([16, 87]), sequence lengths shape: torch.Size([16, 1])
x shape: torch.Size([16, 87, 8])
mask shape: torch.Size([16, 87])
lstm_output shape: torch.Size([16, 87, 114])
fc_output shape: torch.Size([16, 87, 57])
context shape: torch.Size([16, 57])
attention_weights shape: torch.Size([16, 87, 1])
x shape after cause_specific_fc: torch.Size([16, 57])
hazard_preds shape: [torch.Size([16, 5475])]
res shape: torch.Size([16, 1, 5475])
Average Loss: 1.7688159097728044e+18
Epoch 2/50
features shape: torch.Size([16, 87, 8]), mask shape: torch.Size([16, 87]), time_to_event shape: torch.Size([16, 1]), event_indicator shape: torch.Size([16, 1]), time_to_events shape: torch.Size([16, 87]), event_indicators shape: torch.Size([16, 87]), sequence lengths shape: torch.Size([16, 1])
x shape: torch.Size([16, 87, 8])
mask shape: torch.Size([16, 87])
lstm_output shape: torch.Size([16, 87, 114])
fc_output shape: torch.Size([16, 87, 57])
context shape: torch.Size([16, 57])
attention_weights shape: torch.Size([16, 87, 1])
x shape after cause_specific_fc: torch.Size([16, 57])
hazard_preds shape: [torch.Size([16, 5475])]
res shape: torch.Size([16, 1, 5475])
Average Loss: 1.1404158032466983e+19
Patience Counter: 1
Epoch 3/50
features shape: torch.Size([16, 87, 8]), mask shape: torch.Size([16, 87]), time_to_event shape: torch.Size([16, 1]), event_indicator shape: torch.Size([16, 1]), time_to_events shape: torch.Size([16, 87]), event_indicators shape: torch.Size([16, 87]), sequence lengths shape: torch.Size([16, 1])
x shape: torch.Size([16, 87, 8])
mask shape: torch.Size([16, 87])
lstm_output shape: torch.Size([16, 87, 114])
fc_output shape: torch.Size([16, 87, 57])
context shape: torch.Size([16, 57])
attention_weights shape: torch.Size([16, 87, 1])
x shape after cause_specific_fc: torch.Size([16, 57])
hazard_preds shape: [torch.Size([16, 5475])]
res shape: torch.Size([16, 1, 5475])
Average Loss: 5.026839483623201e+18
Patience Counter: 2
Epoch 4/50
features shape: torch.Size([16, 87, 8]), mask shape: torch.Size([16, 87]), time_to_event shape: torch.Size([16, 1]), event_indicator shape: torch.Size([16, 1]), time_to_events shape: torch.Size([16, 87]), event_indicators shape: torch.Size([16, 87]), sequence lengths shape: torch.Size([16, 1])
x shape: torch.Size([16, 87, 8])
mask shape: torch.Size([16, 87])
lstm_output shape: torch.Size([16, 87, 114])
fc_output shape: torch.Size([16, 87, 57])
context shape: torch.Size([16, 57])
attention_weights shape: torch.Size([16, 87, 1])
x shape after cause_specific_fc: torch.Size([16, 57])
hazard_preds shape: [torch.Size([16, 5475])]
res shape: torch.Size([16, 1, 5475])
Average Loss: 5.969368602747183e+18
Patience Counter: 3
Epoch 5/50
features shape: torch.Size([16, 87, 8]), mask shape: torch.Size([16, 87]), time_to_event shape: torch.Size([16, 1]), event_indicator shape: torch.Size([16, 1]), time_to_events shape: torch.Size([16, 87]), event_indicators shape: torch.Size([16, 87]), sequence lengths shape: torch.Size([16, 1])
x shape: torch.Size([16, 87, 8])
mask shape: torch.Size([16, 87])
lstm_output shape: torch.Size([16, 87, 114])
fc_output shape: torch.Size([16, 87, 57])
context shape: torch.Size([16, 57])
attention_weights shape: torch.Size([16, 87, 1])
x shape after cause_specific_fc: torch.Size([16, 57])
hazard_preds shape: [torch.Size([16, 5475])]
res shape: torch.Size([16, 1, 5475])
Average Loss: 1.24698117204547e+19
Patience Counter: 4
Epoch 6/50
features shape: torch.Size([16, 87, 8]), mask shape: torch.Size([16, 87]), time_to_event shape: torch.Size([16, 1]), event_indicator shape: torch.Size([16, 1]), time_to_events shape: torch.Size([16, 87]), event_indicators shape: torch.Size([16, 87]), sequence lengths shape: torch.Size([16, 1])
x shape: torch.Size([16, 87, 8])
mask shape: torch.Size([16, 87])
lstm_output shape: torch.Size([16, 87, 114])
fc_output shape: torch.Size([16, 87, 57])
context shape: torch.Size([16, 57])
attention_weights shape: torch.Size([16, 87, 1])
x shape after cause_specific_fc: torch.Size([16, 57])
hazard_preds shape: [torch.Size([16, 5475])]
res shape: torch.Size([16, 1, 5475])
Average Loss: 5.640420332765125e+18
Patience Counter: 5
Early stopping triggered
features shape: torch.Size([16, 87, 8]), mask shape: torch.Size([16, 87]), T shape: torch.Size([16, 1]), E shape: torch.Size([16, 1]) hazards shape: (16, 5475)
Processing subject 0 with time 1157 and event False hazards shape: [0.04940719]
all_E shape: (400,) first 10 values: [False  True False  True  True  True False  True  True False]
all_R shape: (400,) first 10 values: [0.04940719 0.07618161 0.02599523 0.07591391 0.09149113 0.0764204
 0.08743244 0.46193448 0.1830255  0.09198643]
all_T shape: (400,) first 10 values: [1157    0 1140    0    0    0    0 2652 2335    0]
Global test C-index (scikit-survival): 0.476 number of concordant pairs: 20954
Global test C-index: 0.476
No existing model, saving current model
Using GPU: cuda:6
Running trial 1 for ExperimentScenario.EIGHT_FEATURES on device cuda:6
Train data path /home/minhn2/uiuc-kidney-failure/generated_data/rep99/eight_features_train_data.csv
Test data path /home/minhn2/uiuc-kidney-failure/generated_data/rep99/eight_features_test_data.csv
Number of patients: test 243 and train 400
Number of records: test 1100 and train 1856
Epoch 1/50
features shape: torch.Size([16, 87, 8]), mask shape: torch.Size([16, 87]), time_to_event shape: torch.Size([16, 1]), event_indicator shape: torch.Size([16, 1]), time_to_events shape: torch.Size([16, 87]), event_indicators shape: torch.Size([16, 87]), sequence lengths shape: torch.Size([16, 1])
x shape: torch.Size([16, 87, 8])
mask shape: torch.Size([16, 87])
lstm_output shape: torch.Size([16, 87, 88])
fc_output shape: torch.Size([16, 87, 44])
context shape: torch.Size([16, 44])
attention_weights shape: torch.Size([16, 87, 1])
x shape after cause_specific_fc: torch.Size([16, 81])
hazard_preds shape: [torch.Size([16, 5475])]
res shape: torch.Size([16, 1, 5475])
Average Loss: 17.71527953147888
Epoch 2/50
features shape: torch.Size([16, 87, 8]), mask shape: torch.Size([16, 87]), time_to_event shape: torch.Size([16, 1]), event_indicator shape: torch.Size([16, 1]), time_to_events shape: torch.Size([16, 87]), event_indicators shape: torch.Size([16, 87]), sequence lengths shape: torch.Size([16, 1])
x shape: torch.Size([16, 87, 8])
mask shape: torch.Size([16, 87])
lstm_output shape: torch.Size([16, 87, 88])
fc_output shape: torch.Size([16, 87, 44])
context shape: torch.Size([16, 44])
attention_weights shape: torch.Size([16, 87, 1])
x shape after cause_specific_fc: torch.Size([16, 81])
hazard_preds shape: [torch.Size([16, 5475])]
res shape: torch.Size([16, 1, 5475])
Average Loss: 17.577369332313538
Epoch 3/50
features shape: torch.Size([16, 87, 8]), mask shape: torch.Size([16, 87]), time_to_event shape: torch.Size([16, 1]), event_indicator shape: torch.Size([16, 1]), time_to_events shape: torch.Size([16, 87]), event_indicators shape: torch.Size([16, 87]), sequence lengths shape: torch.Size([16, 1])
x shape: torch.Size([16, 87, 8])
mask shape: torch.Size([16, 87])
lstm_output shape: torch.Size([16, 87, 88])
fc_output shape: torch.Size([16, 87, 44])
context shape: torch.Size([16, 44])
attention_weights shape: torch.Size([16, 87, 1])
x shape after cause_specific_fc: torch.Size([16, 81])
hazard_preds shape: [torch.Size([16, 5475])]
res shape: torch.Size([16, 1, 5475])
Average Loss: 17.484637730121612
Epoch 4/50
features shape: torch.Size([16, 87, 8]), mask shape: torch.Size([16, 87]), time_to_event shape: torch.Size([16, 1]), event_indicator shape: torch.Size([16, 1]), time_to_events shape: torch.Size([16, 87]), event_indicators shape: torch.Size([16, 87]), sequence lengths shape: torch.Size([16, 1])
x shape: torch.Size([16, 87, 8])
mask shape: torch.Size([16, 87])
lstm_output shape: torch.Size([16, 87, 88])
fc_output shape: torch.Size([16, 87, 44])
context shape: torch.Size([16, 44])
attention_weights shape: torch.Size([16, 87, 1])
x shape after cause_specific_fc: torch.Size([16, 81])
hazard_preds shape: [torch.Size([16, 5475])]
res shape: torch.Size([16, 1, 5475])
Average Loss: 17.27816121816635
Epoch 5/50
features shape: torch.Size([16, 87, 8]), mask shape: torch.Size([16, 87]), time_to_event shape: torch.Size([16, 1]), event_indicator shape: torch.Size([16, 1]), time_to_events shape: torch.Size([16, 87]), event_indicators shape: torch.Size([16, 87]), sequence lengths shape: torch.Size([16, 1])
x shape: torch.Size([16, 87, 8])
mask shape: torch.Size([16, 87])
lstm_output shape: torch.Size([16, 87, 88])
fc_output shape: torch.Size([16, 87, 44])
context shape: torch.Size([16, 44])
attention_weights shape: torch.Size([16, 87, 1])
x shape after cause_specific_fc: torch.Size([16, 81])
hazard_preds shape: [torch.Size([16, 5475])]
res shape: torch.Size([16, 1, 5475])
Average Loss: 46.994557025432584
Patience Counter: 1
Epoch 6/50
features shape: torch.Size([16, 87, 8]), mask shape: torch.Size([16, 87]), time_to_event shape: torch.Size([16, 1]), event_indicator shape: torch.Size([16, 1]), time_to_events shape: torch.Size([16, 87]), event_indicators shape: torch.Size([16, 87]), sequence lengths shape: torch.Size([16, 1])
x shape: torch.Size([16, 87, 8])
mask shape: torch.Size([16, 87])
lstm_output shape: torch.Size([16, 87, 88])
fc_output shape: torch.Size([16, 87, 44])
context shape: torch.Size([16, 44])
attention_weights shape: torch.Size([16, 87, 1])
x shape after cause_specific_fc: torch.Size([16, 81])
hazard_preds shape: [torch.Size([16, 5475])]
res shape: torch.Size([16, 1, 5475])
Average Loss: 17.219659759998322
Epoch 7/50
features shape: torch.Size([16, 87, 8]), mask shape: torch.Size([16, 87]), time_to_event shape: torch.Size([16, 1]), event_indicator shape: torch.Size([16, 1]), time_to_events shape: torch.Size([16, 87]), event_indicators shape: torch.Size([16, 87]), sequence lengths shape: torch.Size([16, 1])
x shape: torch.Size([16, 87, 8])
mask shape: torch.Size([16, 87])
lstm_output shape: torch.Size([16, 87, 88])
fc_output shape: torch.Size([16, 87, 44])
context shape: torch.Size([16, 44])
attention_weights shape: torch.Size([16, 87, 1])
x shape after cause_specific_fc: torch.Size([16, 81])
hazard_preds shape: [torch.Size([16, 5475])]
res shape: torch.Size([16, 1, 5475])
Average Loss: 20.294710614681243
Patience Counter: 1
Epoch 8/50
features shape: torch.Size([16, 87, 8]), mask shape: torch.Size([16, 87]), time_to_event shape: torch.Size([16, 1]), event_indicator shape: torch.Size([16, 1]), time_to_events shape: torch.Size([16, 87]), event_indicators shape: torch.Size([16, 87]), sequence lengths shape: torch.Size([16, 1])
x shape: torch.Size([16, 87, 8])
mask shape: torch.Size([16, 87])
lstm_output shape: torch.Size([16, 87, 88])
fc_output shape: torch.Size([16, 87, 44])
context shape: torch.Size([16, 44])
attention_weights shape: torch.Size([16, 87, 1])
x shape after cause_specific_fc: torch.Size([16, 81])
hazard_preds shape: [torch.Size([16, 5475])]
res shape: torch.Size([16, 1, 5475])
Average Loss: 17.21229336977005
Epoch 9/50
features shape: torch.Size([16, 87, 8]), mask shape: torch.Size([16, 87]), time_to_event shape: torch.Size([16, 1]), event_indicator shape: torch.Size([16, 1]), time_to_events shape: torch.Size([16, 87]), event_indicators shape: torch.Size([16, 87]), sequence lengths shape: torch.Size([16, 1])
x shape: torch.Size([16, 87, 8])
mask shape: torch.Size([16, 87])
lstm_output shape: torch.Size([16, 87, 88])
fc_output shape: torch.Size([16, 87, 44])
context shape: torch.Size([16, 44])
attention_weights shape: torch.Size([16, 87, 1])
x shape after cause_specific_fc: torch.Size([16, 81])
hazard_preds shape: [torch.Size([16, 5475])]
res shape: torch.Size([16, 1, 5475])
Average Loss: 17.88764237880707
Patience Counter: 1
Epoch 10/50
features shape: torch.Size([16, 87, 8]), mask shape: torch.Size([16, 87]), time_to_event shape: torch.Size([16, 1]), event_indicator shape: torch.Size([16, 1]), time_to_events shape: torch.Size([16, 87]), event_indicators shape: torch.Size([16, 87]), sequence lengths shape: torch.Size([16, 1])
x shape: torch.Size([16, 87, 8])
mask shape: torch.Size([16, 87])
lstm_output shape: torch.Size([16, 87, 88])
fc_output shape: torch.Size([16, 87, 44])
context shape: torch.Size([16, 44])
attention_weights shape: torch.Size([16, 87, 1])
x shape after cause_specific_fc: torch.Size([16, 81])
hazard_preds shape: [torch.Size([16, 5475])]
res shape: torch.Size([16, 1, 5475])
Average Loss: 17.125535171031952
Epoch 11/50
features shape: torch.Size([16, 87, 8]), mask shape: torch.Size([16, 87]), time_to_event shape: torch.Size([16, 1]), event_indicator shape: torch.Size([16, 1]), time_to_events shape: torch.Size([16, 87]), event_indicators shape: torch.Size([16, 87]), sequence lengths shape: torch.Size([16, 1])
x shape: torch.Size([16, 87, 8])
mask shape: torch.Size([16, 87])
lstm_output shape: torch.Size([16, 87, 88])
fc_output shape: torch.Size([16, 87, 44])
context shape: torch.Size([16, 44])
attention_weights shape: torch.Size([16, 87, 1])
x shape after cause_specific_fc: torch.Size([16, 81])
hazard_preds shape: [torch.Size([16, 5475])]
res shape: torch.Size([16, 1, 5475])
Average Loss: 17.178486697673797
Patience Counter: 1
Epoch 12/50
features shape: torch.Size([16, 87, 8]), mask shape: torch.Size([16, 87]), time_to_event shape: torch.Size([16, 1]), event_indicator shape: torch.Size([16, 1]), time_to_events shape: torch.Size([16, 87]), event_indicators shape: torch.Size([16, 87]), sequence lengths shape: torch.Size([16, 1])
x shape: torch.Size([16, 87, 8])
mask shape: torch.Size([16, 87])
lstm_output shape: torch.Size([16, 87, 88])
fc_output shape: torch.Size([16, 87, 44])
context shape: torch.Size([16, 44])
attention_weights shape: torch.Size([16, 87, 1])
x shape after cause_specific_fc: torch.Size([16, 81])
hazard_preds shape: [torch.Size([16, 5475])]
res shape: torch.Size([16, 1, 5475])
Average Loss: 17.070471053123473
Epoch 13/50
features shape: torch.Size([16, 87, 8]), mask shape: torch.Size([16, 87]), time_to_event shape: torch.Size([16, 1]), event_indicator shape: torch.Size([16, 1]), time_to_events shape: torch.Size([16, 87]), event_indicators shape: torch.Size([16, 87]), sequence lengths shape: torch.Size([16, 1])
x shape: torch.Size([16, 87, 8])
mask shape: torch.Size([16, 87])
lstm_output shape: torch.Size([16, 87, 88])
fc_output shape: torch.Size([16, 87, 44])
context shape: torch.Size([16, 44])
attention_weights shape: torch.Size([16, 87, 1])
x shape after cause_specific_fc: torch.Size([16, 81])
hazard_preds shape: [torch.Size([16, 5475])]
res shape: torch.Size([16, 1, 5475])
Average Loss: 17.019671993255614
Epoch 14/50
features shape: torch.Size([16, 87, 8]), mask shape: torch.Size([16, 87]), time_to_event shape: torch.Size([16, 1]), event_indicator shape: torch.Size([16, 1]), time_to_events shape: torch.Size([16, 87]), event_indicators shape: torch.Size([16, 87]), sequence lengths shape: torch.Size([16, 1])
x shape: torch.Size([16, 87, 8])
mask shape: torch.Size([16, 87])
lstm_output shape: torch.Size([16, 87, 88])
fc_output shape: torch.Size([16, 87, 44])
context shape: torch.Size([16, 44])
attention_weights shape: torch.Size([16, 87, 1])
x shape after cause_specific_fc: torch.Size([16, 81])
hazard_preds shape: [torch.Size([16, 5475])]
res shape: torch.Size([16, 1, 5475])
Average Loss: 17.038394265174865
Patience Counter: 1
Epoch 15/50
features shape: torch.Size([16, 87, 8]), mask shape: torch.Size([16, 87]), time_to_event shape: torch.Size([16, 1]), event_indicator shape: torch.Size([16, 1]), time_to_events shape: torch.Size([16, 87]), event_indicators shape: torch.Size([16, 87]), sequence lengths shape: torch.Size([16, 1])
x shape: torch.Size([16, 87, 8])
mask shape: torch.Size([16, 87])
lstm_output shape: torch.Size([16, 87, 88])
fc_output shape: torch.Size([16, 87, 44])
context shape: torch.Size([16, 44])
attention_weights shape: torch.Size([16, 87, 1])
x shape after cause_specific_fc: torch.Size([16, 81])
hazard_preds shape: [torch.Size([16, 5475])]
res shape: torch.Size([16, 1, 5475])
Average Loss: 17.835600590705873
Patience Counter: 2
Epoch 16/50
features shape: torch.Size([16, 87, 8]), mask shape: torch.Size([16, 87]), time_to_event shape: torch.Size([16, 1]), event_indicator shape: torch.Size([16, 1]), time_to_events shape: torch.Size([16, 87]), event_indicators shape: torch.Size([16, 87]), sequence lengths shape: torch.Size([16, 1])
x shape: torch.Size([16, 87, 8])
mask shape: torch.Size([16, 87])
lstm_output shape: torch.Size([16, 87, 88])
fc_output shape: torch.Size([16, 87, 44])
context shape: torch.Size([16, 44])
attention_weights shape: torch.Size([16, 87, 1])
x shape after cause_specific_fc: torch.Size([16, 81])
hazard_preds shape: [torch.Size([16, 5475])]
res shape: torch.Size([16, 1, 5475])
Average Loss: 17.08473383426666
Patience Counter: 3
Epoch 17/50
features shape: torch.Size([16, 87, 8]), mask shape: torch.Size([16, 87]), time_to_event shape: torch.Size([16, 1]), event_indicator shape: torch.Size([16, 1]), time_to_events shape: torch.Size([16, 87]), event_indicators shape: torch.Size([16, 87]), sequence lengths shape: torch.Size([16, 1])
x shape: torch.Size([16, 87, 8])
mask shape: torch.Size([16, 87])
lstm_output shape: torch.Size([16, 87, 88])
fc_output shape: torch.Size([16, 87, 44])
context shape: torch.Size([16, 44])
attention_weights shape: torch.Size([16, 87, 1])
x shape after cause_specific_fc: torch.Size([16, 81])
hazard_preds shape: [torch.Size([16, 5475])]
res shape: torch.Size([16, 1, 5475])
Average Loss: 17.59250032901764
Patience Counter: 4
Epoch 18/50
features shape: torch.Size([16, 87, 8]), mask shape: torch.Size([16, 87]), time_to_event shape: torch.Size([16, 1]), event_indicator shape: torch.Size([16, 1]), time_to_events shape: torch.Size([16, 87]), event_indicators shape: torch.Size([16, 87]), sequence lengths shape: torch.Size([16, 1])
x shape: torch.Size([16, 87, 8])
mask shape: torch.Size([16, 87])
lstm_output shape: torch.Size([16, 87, 88])
fc_output shape: torch.Size([16, 87, 44])
context shape: torch.Size([16, 44])
attention_weights shape: torch.Size([16, 87, 1])
x shape after cause_specific_fc: torch.Size([16, 81])
hazard_preds shape: [torch.Size([16, 5475])]
res shape: torch.Size([16, 1, 5475])
Average Loss: 17.022270338535307
Patience Counter: 5
Early stopping triggered
features shape: torch.Size([16, 87, 8]), mask shape: torch.Size([16, 87]), T shape: torch.Size([16, 1]), E shape: torch.Size([16, 1]) hazards shape: (16, 5475)
Processing subject 0 with time 1157 and event False hazards shape: [0.45019636]
all_E shape: (400,) first 10 values: [False  True False  True  True  True False  True  True False]
all_R shape: (400,) first 10 values: [0.45019636 0.5415142  0.45581183 0.54160684 0.5414244  0.5414468
 0.54124963 0.50116706 0.50173855 0.54156107]
all_T shape: (400,) first 10 values: [1157    0 1140    0    0    0    0 2652 2335    0]
Global test C-index (scikit-survival): 0.772 number of concordant pairs: 33987
Global test C-index: 0.772
features shape: torch.Size([16, 87, 8]), mask shape: torch.Size([16, 87]), T shape: torch.Size([16, 1]), E shape: torch.Size([16, 1]) hazards shape: (16, 5475)
Processing subject 0 with time 1157 and event False hazards shape: [0.04940719]
all_E shape: (400,) first 10 values: [False  True False  True  True  True False  True  True False]
all_R shape: (400,) first 10 values: [0.04940719 0.07618161 0.02599523 0.07591391 0.09149113 0.0764204
 0.08743244 0.46193448 0.1830255  0.09198643]
all_T shape: (400,) first 10 values: [1157    0 1140    0    0    0    0 2652 2335    0]
Global test C-index (scikit-survival): 0.476 number of concordant pairs: 20954
Global test C-index: 0.476
Saved model C-index: 0.4762, Current trial C-index: 0.7723
New model is better, saving current model
Using GPU: cuda:2
Running trial 2 for ExperimentScenario.EIGHT_FEATURES on device cuda:2
Train data path /home/minhn2/uiuc-kidney-failure/generated_data/rep99/eight_features_train_data.csv
Test data path /home/minhn2/uiuc-kidney-failure/generated_data/rep99/eight_features_test_data.csv
Number of patients: test 243 and train 400
Number of records: test 1100 and train 1856
Epoch 1/50
features shape: torch.Size([16, 87, 8]), mask shape: torch.Size([16, 87]), time_to_event shape: torch.Size([16, 1]), event_indicator shape: torch.Size([16, 1]), time_to_events shape: torch.Size([16, 87]), event_indicators shape: torch.Size([16, 87]), sequence lengths shape: torch.Size([16, 1])
x shape: torch.Size([16, 87, 8])
mask shape: torch.Size([16, 87])
lstm_output shape: torch.Size([16, 87, 214])
fc_output shape: torch.Size([16, 87, 107])
context shape: torch.Size([16, 107])
attention_weights shape: torch.Size([16, 87, 1])
x shape after cause_specific_fc: torch.Size([16, 104])
hazard_preds shape: [torch.Size([16, 5475])]
res shape: torch.Size([16, 1, 5475])
Average Loss: 11.772190709114074
Epoch 2/50
features shape: torch.Size([16, 87, 8]), mask shape: torch.Size([16, 87]), time_to_event shape: torch.Size([16, 1]), event_indicator shape: torch.Size([16, 1]), time_to_events shape: torch.Size([16, 87]), event_indicators shape: torch.Size([16, 87]), sequence lengths shape: torch.Size([16, 1])
x shape: torch.Size([16, 87, 8])
mask shape: torch.Size([16, 87])
lstm_output shape: torch.Size([16, 87, 214])
fc_output shape: torch.Size([16, 87, 107])
context shape: torch.Size([16, 107])
attention_weights shape: torch.Size([16, 87, 1])
x shape after cause_specific_fc: torch.Size([16, 104])
hazard_preds shape: [torch.Size([16, 5475])]
res shape: torch.Size([16, 1, 5475])
Average Loss: 11.753391785621643
Epoch 3/50
features shape: torch.Size([16, 87, 8]), mask shape: torch.Size([16, 87]), time_to_event shape: torch.Size([16, 1]), event_indicator shape: torch.Size([16, 1]), time_to_events shape: torch.Size([16, 87]), event_indicators shape: torch.Size([16, 87]), sequence lengths shape: torch.Size([16, 1])
x shape: torch.Size([16, 87, 8])
mask shape: torch.Size([16, 87])
lstm_output shape: torch.Size([16, 87, 214])
fc_output shape: torch.Size([16, 87, 107])
context shape: torch.Size([16, 107])
attention_weights shape: torch.Size([16, 87, 1])
x shape after cause_specific_fc: torch.Size([16, 104])
hazard_preds shape: [torch.Size([16, 5475])]
res shape: torch.Size([16, 1, 5475])
Average Loss: 11.73735053062439
Epoch 4/50
features shape: torch.Size([16, 87, 8]), mask shape: torch.Size([16, 87]), time_to_event shape: torch.Size([16, 1]), event_indicator shape: torch.Size([16, 1]), time_to_events shape: torch.Size([16, 87]), event_indicators shape: torch.Size([16, 87]), sequence lengths shape: torch.Size([16, 1])
x shape: torch.Size([16, 87, 8])
mask shape: torch.Size([16, 87])
lstm_output shape: torch.Size([16, 87, 214])
fc_output shape: torch.Size([16, 87, 107])
context shape: torch.Size([16, 107])
attention_weights shape: torch.Size([16, 87, 1])
x shape after cause_specific_fc: torch.Size([16, 104])
hazard_preds shape: [torch.Size([16, 5475])]
res shape: torch.Size([16, 1, 5475])
Average Loss: 11.722414469718933
Epoch 5/50
features shape: torch.Size([16, 87, 8]), mask shape: torch.Size([16, 87]), time_to_event shape: torch.Size([16, 1]), event_indicator shape: torch.Size([16, 1]), time_to_events shape: torch.Size([16, 87]), event_indicators shape: torch.Size([16, 87]), sequence lengths shape: torch.Size([16, 1])
x shape: torch.Size([16, 87, 8])
mask shape: torch.Size([16, 87])
lstm_output shape: torch.Size([16, 87, 214])
fc_output shape: torch.Size([16, 87, 107])
context shape: torch.Size([16, 107])
attention_weights shape: torch.Size([16, 87, 1])
x shape after cause_specific_fc: torch.Size([16, 104])
hazard_preds shape: [torch.Size([16, 5475])]
res shape: torch.Size([16, 1, 5475])
Average Loss: 11.73338502883911
Patience Counter: 1
Epoch 6/50
features shape: torch.Size([16, 87, 8]), mask shape: torch.Size([16, 87]), time_to_event shape: torch.Size([16, 1]), event_indicator shape: torch.Size([16, 1]), time_to_events shape: torch.Size([16, 87]), event_indicators shape: torch.Size([16, 87]), sequence lengths shape: torch.Size([16, 1])
x shape: torch.Size([16, 87, 8])
mask shape: torch.Size([16, 87])
lstm_output shape: torch.Size([16, 87, 214])
fc_output shape: torch.Size([16, 87, 107])
context shape: torch.Size([16, 107])
attention_weights shape: torch.Size([16, 87, 1])
x shape after cause_specific_fc: torch.Size([16, 104])
hazard_preds shape: [torch.Size([16, 5475])]
res shape: torch.Size([16, 1, 5475])
Average Loss: 11.702319586277008
Epoch 7/50
features shape: torch.Size([16, 87, 8]), mask shape: torch.Size([16, 87]), time_to_event shape: torch.Size([16, 1]), event_indicator shape: torch.Size([16, 1]), time_to_events shape: torch.Size([16, 87]), event_indicators shape: torch.Size([16, 87]), sequence lengths shape: torch.Size([16, 1])
x shape: torch.Size([16, 87, 8])
mask shape: torch.Size([16, 87])
lstm_output shape: torch.Size([16, 87, 214])
fc_output shape: torch.Size([16, 87, 107])
context shape: torch.Size([16, 107])
attention_weights shape: torch.Size([16, 87, 1])
x shape after cause_specific_fc: torch.Size([16, 104])
hazard_preds shape: [torch.Size([16, 5475])]
res shape: torch.Size([16, 1, 5475])
Average Loss: 11.68990053653717
Epoch 8/50
features shape: torch.Size([16, 87, 8]), mask shape: torch.Size([16, 87]), time_to_event shape: torch.Size([16, 1]), event_indicator shape: torch.Size([16, 1]), time_to_events shape: torch.Size([16, 87]), event_indicators shape: torch.Size([16, 87]), sequence lengths shape: torch.Size([16, 1])
x shape: torch.Size([16, 87, 8])
mask shape: torch.Size([16, 87])
lstm_output shape: torch.Size([16, 87, 214])
fc_output shape: torch.Size([16, 87, 107])
context shape: torch.Size([16, 107])
attention_weights shape: torch.Size([16, 87, 1])
x shape after cause_specific_fc: torch.Size([16, 104])
hazard_preds shape: [torch.Size([16, 5475])]
res shape: torch.Size([16, 1, 5475])
Average Loss: 11.66999563217163
Epoch 9/50
features shape: torch.Size([16, 87, 8]), mask shape: torch.Size([16, 87]), time_to_event shape: torch.Size([16, 1]), event_indicator shape: torch.Size([16, 1]), time_to_events shape: torch.Size([16, 87]), event_indicators shape: torch.Size([16, 87]), sequence lengths shape: torch.Size([16, 1])
x shape: torch.Size([16, 87, 8])
mask shape: torch.Size([16, 87])
lstm_output shape: torch.Size([16, 87, 214])
fc_output shape: torch.Size([16, 87, 107])
context shape: torch.Size([16, 107])
attention_weights shape: torch.Size([16, 87, 1])
x shape after cause_specific_fc: torch.Size([16, 104])
hazard_preds shape: [torch.Size([16, 5475])]
res shape: torch.Size([16, 1, 5475])
Average Loss: 11.667207844257355
Epoch 10/50
features shape: torch.Size([16, 87, 8]), mask shape: torch.Size([16, 87]), time_to_event shape: torch.Size([16, 1]), event_indicator shape: torch.Size([16, 1]), time_to_events shape: torch.Size([16, 87]), event_indicators shape: torch.Size([16, 87]), sequence lengths shape: torch.Size([16, 1])
x shape: torch.Size([16, 87, 8])
mask shape: torch.Size([16, 87])
lstm_output shape: torch.Size([16, 87, 214])
fc_output shape: torch.Size([16, 87, 107])
context shape: torch.Size([16, 107])
attention_weights shape: torch.Size([16, 87, 1])
x shape after cause_specific_fc: torch.Size([16, 104])
hazard_preds shape: [torch.Size([16, 5475])]
res shape: torch.Size([16, 1, 5475])
Average Loss: 11.643903973102569
Epoch 11/50
features shape: torch.Size([16, 87, 8]), mask shape: torch.Size([16, 87]), time_to_event shape: torch.Size([16, 1]), event_indicator shape: torch.Size([16, 1]), time_to_events shape: torch.Size([16, 87]), event_indicators shape: torch.Size([16, 87]), sequence lengths shape: torch.Size([16, 1])
x shape: torch.Size([16, 87, 8])
mask shape: torch.Size([16, 87])
lstm_output shape: torch.Size([16, 87, 214])
fc_output shape: torch.Size([16, 87, 107])
context shape: torch.Size([16, 107])
attention_weights shape: torch.Size([16, 87, 1])
x shape after cause_specific_fc: torch.Size([16, 104])
hazard_preds shape: [torch.Size([16, 5475])]
res shape: torch.Size([16, 1, 5475])
Average Loss: 11.63262244939804
Epoch 12/50
features shape: torch.Size([16, 87, 8]), mask shape: torch.Size([16, 87]), time_to_event shape: torch.Size([16, 1]), event_indicator shape: torch.Size([16, 1]), time_to_events shape: torch.Size([16, 87]), event_indicators shape: torch.Size([16, 87]), sequence lengths shape: torch.Size([16, 1])
x shape: torch.Size([16, 87, 8])
mask shape: torch.Size([16, 87])
lstm_output shape: torch.Size([16, 87, 214])
fc_output shape: torch.Size([16, 87, 107])
context shape: torch.Size([16, 107])
attention_weights shape: torch.Size([16, 87, 1])
x shape after cause_specific_fc: torch.Size([16, 104])
hazard_preds shape: [torch.Size([16, 5475])]
res shape: torch.Size([16, 1, 5475])
Average Loss: 11.617665588855743
Epoch 13/50
features shape: torch.Size([16, 87, 8]), mask shape: torch.Size([16, 87]), time_to_event shape: torch.Size([16, 1]), event_indicator shape: torch.Size([16, 1]), time_to_events shape: torch.Size([16, 87]), event_indicators shape: torch.Size([16, 87]), sequence lengths shape: torch.Size([16, 1])
x shape: torch.Size([16, 87, 8])
mask shape: torch.Size([16, 87])
lstm_output shape: torch.Size([16, 87, 214])
fc_output shape: torch.Size([16, 87, 107])
context shape: torch.Size([16, 107])
attention_weights shape: torch.Size([16, 87, 1])
x shape after cause_specific_fc: torch.Size([16, 104])
hazard_preds shape: [torch.Size([16, 5475])]
res shape: torch.Size([16, 1, 5475])
Average Loss: 11.610299236774445
Epoch 14/50
features shape: torch.Size([16, 87, 8]), mask shape: torch.Size([16, 87]), time_to_event shape: torch.Size([16, 1]), event_indicator shape: torch.Size([16, 1]), time_to_events shape: torch.Size([16, 87]), event_indicators shape: torch.Size([16, 87]), sequence lengths shape: torch.Size([16, 1])
x shape: torch.Size([16, 87, 8])
mask shape: torch.Size([16, 87])
lstm_output shape: torch.Size([16, 87, 214])
fc_output shape: torch.Size([16, 87, 107])
context shape: torch.Size([16, 107])
attention_weights shape: torch.Size([16, 87, 1])
x shape after cause_specific_fc: torch.Size([16, 104])
hazard_preds shape: [torch.Size([16, 5475])]
res shape: torch.Size([16, 1, 5475])
Average Loss: 11.613035898208619
Patience Counter: 1
Epoch 15/50
features shape: torch.Size([16, 87, 8]), mask shape: torch.Size([16, 87]), time_to_event shape: torch.Size([16, 1]), event_indicator shape: torch.Size([16, 1]), time_to_events shape: torch.Size([16, 87]), event_indicators shape: torch.Size([16, 87]), sequence lengths shape: torch.Size([16, 1])
x shape: torch.Size([16, 87, 8])
mask shape: torch.Size([16, 87])
lstm_output shape: torch.Size([16, 87, 214])
fc_output shape: torch.Size([16, 87, 107])
context shape: torch.Size([16, 107])
attention_weights shape: torch.Size([16, 87, 1])
x shape after cause_specific_fc: torch.Size([16, 104])
hazard_preds shape: [torch.Size([16, 5475])]
res shape: torch.Size([16, 1, 5475])
Average Loss: 11.605861949920655
Epoch 16/50
features shape: torch.Size([16, 87, 8]), mask shape: torch.Size([16, 87]), time_to_event shape: torch.Size([16, 1]), event_indicator shape: torch.Size([16, 1]), time_to_events shape: torch.Size([16, 87]), event_indicators shape: torch.Size([16, 87]), sequence lengths shape: torch.Size([16, 1])
x shape: torch.Size([16, 87, 8])
mask shape: torch.Size([16, 87])
lstm_output shape: torch.Size([16, 87, 214])
fc_output shape: torch.Size([16, 87, 107])
context shape: torch.Size([16, 107])
attention_weights shape: torch.Size([16, 87, 1])
x shape after cause_specific_fc: torch.Size([16, 104])
hazard_preds shape: [torch.Size([16, 5475])]
res shape: torch.Size([16, 1, 5475])
Average Loss: 11.566988821029662
Epoch 17/50
features shape: torch.Size([16, 87, 8]), mask shape: torch.Size([16, 87]), time_to_event shape: torch.Size([16, 1]), event_indicator shape: torch.Size([16, 1]), time_to_events shape: torch.Size([16, 87]), event_indicators shape: torch.Size([16, 87]), sequence lengths shape: torch.Size([16, 1])
x shape: torch.Size([16, 87, 8])
mask shape: torch.Size([16, 87])
lstm_output shape: torch.Size([16, 87, 214])
fc_output shape: torch.Size([16, 87, 107])
context shape: torch.Size([16, 107])
attention_weights shape: torch.Size([16, 87, 1])
x shape after cause_specific_fc: torch.Size([16, 104])
hazard_preds shape: [torch.Size([16, 5475])]
res shape: torch.Size([16, 1, 5475])
Average Loss: 11.565103633403778
Epoch 18/50
features shape: torch.Size([16, 87, 8]), mask shape: torch.Size([16, 87]), time_to_event shape: torch.Size([16, 1]), event_indicator shape: torch.Size([16, 1]), time_to_events shape: torch.Size([16, 87]), event_indicators shape: torch.Size([16, 87]), sequence lengths shape: torch.Size([16, 1])
x shape: torch.Size([16, 87, 8])
mask shape: torch.Size([16, 87])
lstm_output shape: torch.Size([16, 87, 214])
fc_output shape: torch.Size([16, 87, 107])
context shape: torch.Size([16, 107])
attention_weights shape: torch.Size([16, 87, 1])
x shape after cause_specific_fc: torch.Size([16, 104])
hazard_preds shape: [torch.Size([16, 5475])]
res shape: torch.Size([16, 1, 5475])
Average Loss: 11.829253907203674
Patience Counter: 1
Epoch 19/50
features shape: torch.Size([16, 87, 8]), mask shape: torch.Size([16, 87]), time_to_event shape: torch.Size([16, 1]), event_indicator shape: torch.Size([16, 1]), time_to_events shape: torch.Size([16, 87]), event_indicators shape: torch.Size([16, 87]), sequence lengths shape: torch.Size([16, 1])
x shape: torch.Size([16, 87, 8])
mask shape: torch.Size([16, 87])
lstm_output shape: torch.Size([16, 87, 214])
fc_output shape: torch.Size([16, 87, 107])
context shape: torch.Size([16, 107])
attention_weights shape: torch.Size([16, 87, 1])
x shape after cause_specific_fc: torch.Size([16, 104])
hazard_preds shape: [torch.Size([16, 5475])]
res shape: torch.Size([16, 1, 5475])
Average Loss: 11.56341946363449
Epoch 20/50
features shape: torch.Size([16, 87, 8]), mask shape: torch.Size([16, 87]), time_to_event shape: torch.Size([16, 1]), event_indicator shape: torch.Size([16, 1]), time_to_events shape: torch.Size([16, 87]), event_indicators shape: torch.Size([16, 87]), sequence lengths shape: torch.Size([16, 1])
x shape: torch.Size([16, 87, 8])
mask shape: torch.Size([16, 87])
lstm_output shape: torch.Size([16, 87, 214])
fc_output shape: torch.Size([16, 87, 107])
context shape: torch.Size([16, 107])
attention_weights shape: torch.Size([16, 87, 1])
x shape after cause_specific_fc: torch.Size([16, 104])
hazard_preds shape: [torch.Size([16, 5475])]
res shape: torch.Size([16, 1, 5475])
Average Loss: 11.548420383930207
Epoch 21/50
features shape: torch.Size([16, 87, 8]), mask shape: torch.Size([16, 87]), time_to_event shape: torch.Size([16, 1]), event_indicator shape: torch.Size([16, 1]), time_to_events shape: torch.Size([16, 87]), event_indicators shape: torch.Size([16, 87]), sequence lengths shape: torch.Size([16, 1])
x shape: torch.Size([16, 87, 8])
mask shape: torch.Size([16, 87])
lstm_output shape: torch.Size([16, 87, 214])
fc_output shape: torch.Size([16, 87, 107])
context shape: torch.Size([16, 107])
attention_weights shape: torch.Size([16, 87, 1])
x shape after cause_specific_fc: torch.Size([16, 104])
hazard_preds shape: [torch.Size([16, 5475])]
res shape: torch.Size([16, 1, 5475])
Average Loss: 11.54589267730713
Epoch 22/50
features shape: torch.Size([16, 87, 8]), mask shape: torch.Size([16, 87]), time_to_event shape: torch.Size([16, 1]), event_indicator shape: torch.Size([16, 1]), time_to_events shape: torch.Size([16, 87]), event_indicators shape: torch.Size([16, 87]), sequence lengths shape: torch.Size([16, 1])
x shape: torch.Size([16, 87, 8])
mask shape: torch.Size([16, 87])
lstm_output shape: torch.Size([16, 87, 214])
fc_output shape: torch.Size([16, 87, 107])
context shape: torch.Size([16, 107])
attention_weights shape: torch.Size([16, 87, 1])
x shape after cause_specific_fc: torch.Size([16, 104])
hazard_preds shape: [torch.Size([16, 5475])]
res shape: torch.Size([16, 1, 5475])
Average Loss: 11.565960471630097
Patience Counter: 1
Epoch 23/50
features shape: torch.Size([16, 87, 8]), mask shape: torch.Size([16, 87]), time_to_event shape: torch.Size([16, 1]), event_indicator shape: torch.Size([16, 1]), time_to_events shape: torch.Size([16, 87]), event_indicators shape: torch.Size([16, 87]), sequence lengths shape: torch.Size([16, 1])
x shape: torch.Size([16, 87, 8])
mask shape: torch.Size([16, 87])
lstm_output shape: torch.Size([16, 87, 214])
fc_output shape: torch.Size([16, 87, 107])
context shape: torch.Size([16, 107])
attention_weights shape: torch.Size([16, 87, 1])
x shape after cause_specific_fc: torch.Size([16, 104])
hazard_preds shape: [torch.Size([16, 5475])]
res shape: torch.Size([16, 1, 5475])
Average Loss: 11.611226663589477
Patience Counter: 2
Epoch 24/50
features shape: torch.Size([16, 87, 8]), mask shape: torch.Size([16, 87]), time_to_event shape: torch.Size([16, 1]), event_indicator shape: torch.Size([16, 1]), time_to_events shape: torch.Size([16, 87]), event_indicators shape: torch.Size([16, 87]), sequence lengths shape: torch.Size([16, 1])
x shape: torch.Size([16, 87, 8])
mask shape: torch.Size([16, 87])
lstm_output shape: torch.Size([16, 87, 214])
fc_output shape: torch.Size([16, 87, 107])
context shape: torch.Size([16, 107])
attention_weights shape: torch.Size([16, 87, 1])
x shape after cause_specific_fc: torch.Size([16, 104])
hazard_preds shape: [torch.Size([16, 5475])]
res shape: torch.Size([16, 1, 5475])
Average Loss: 11.53013760328293
Epoch 25/50
features shape: torch.Size([16, 87, 8]), mask shape: torch.Size([16, 87]), time_to_event shape: torch.Size([16, 1]), event_indicator shape: torch.Size([16, 1]), time_to_events shape: torch.Size([16, 87]), event_indicators shape: torch.Size([16, 87]), sequence lengths shape: torch.Size([16, 1])
x shape: torch.Size([16, 87, 8])
mask shape: torch.Size([16, 87])
lstm_output shape: torch.Size([16, 87, 214])
fc_output shape: torch.Size([16, 87, 107])
context shape: torch.Size([16, 107])
attention_weights shape: torch.Size([16, 87, 1])
x shape after cause_specific_fc: torch.Size([16, 104])
hazard_preds shape: [torch.Size([16, 5475])]
res shape: torch.Size([16, 1, 5475])
Average Loss: 11.637069120407105
Patience Counter: 1
Epoch 26/50
features shape: torch.Size([16, 87, 8]), mask shape: torch.Size([16, 87]), time_to_event shape: torch.Size([16, 1]), event_indicator shape: torch.Size([16, 1]), time_to_events shape: torch.Size([16, 87]), event_indicators shape: torch.Size([16, 87]), sequence lengths shape: torch.Size([16, 1])
x shape: torch.Size([16, 87, 8])
mask shape: torch.Size([16, 87])
lstm_output shape: torch.Size([16, 87, 214])
fc_output shape: torch.Size([16, 87, 107])
context shape: torch.Size([16, 107])
attention_weights shape: torch.Size([16, 87, 1])
x shape after cause_specific_fc: torch.Size([16, 104])
hazard_preds shape: [torch.Size([16, 5475])]
res shape: torch.Size([16, 1, 5475])
Average Loss: 11.522140800952911
Epoch 27/50
features shape: torch.Size([16, 87, 8]), mask shape: torch.Size([16, 87]), time_to_event shape: torch.Size([16, 1]), event_indicator shape: torch.Size([16, 1]), time_to_events shape: torch.Size([16, 87]), event_indicators shape: torch.Size([16, 87]), sequence lengths shape: torch.Size([16, 1])
x shape: torch.Size([16, 87, 8])
mask shape: torch.Size([16, 87])
lstm_output shape: torch.Size([16, 87, 214])
fc_output shape: torch.Size([16, 87, 107])
context shape: torch.Size([16, 107])
attention_weights shape: torch.Size([16, 87, 1])
x shape after cause_specific_fc: torch.Size([16, 104])
hazard_preds shape: [torch.Size([16, 5475])]
res shape: torch.Size([16, 1, 5475])
Average Loss: 11.51684427499771
Epoch 28/50
features shape: torch.Size([16, 87, 8]), mask shape: torch.Size([16, 87]), time_to_event shape: torch.Size([16, 1]), event_indicator shape: torch.Size([16, 1]), time_to_events shape: torch.Size([16, 87]), event_indicators shape: torch.Size([16, 87]), sequence lengths shape: torch.Size([16, 1])
x shape: torch.Size([16, 87, 8])
mask shape: torch.Size([16, 87])
lstm_output shape: torch.Size([16, 87, 214])
fc_output shape: torch.Size([16, 87, 107])
context shape: torch.Size([16, 107])
attention_weights shape: torch.Size([16, 87, 1])
x shape after cause_specific_fc: torch.Size([16, 104])
hazard_preds shape: [torch.Size([16, 5475])]
res shape: torch.Size([16, 1, 5475])
Average Loss: 11.493192608356475
Epoch 29/50
features shape: torch.Size([16, 87, 8]), mask shape: torch.Size([16, 87]), time_to_event shape: torch.Size([16, 1]), event_indicator shape: torch.Size([16, 1]), time_to_events shape: torch.Size([16, 87]), event_indicators shape: torch.Size([16, 87]), sequence lengths shape: torch.Size([16, 1])
x shape: torch.Size([16, 87, 8])
mask shape: torch.Size([16, 87])
lstm_output shape: torch.Size([16, 87, 214])
fc_output shape: torch.Size([16, 87, 107])
context shape: torch.Size([16, 107])
attention_weights shape: torch.Size([16, 87, 1])
x shape after cause_specific_fc: torch.Size([16, 104])
hazard_preds shape: [torch.Size([16, 5475])]
res shape: torch.Size([16, 1, 5475])
Average Loss: 11.540708911418914
Patience Counter: 1
Epoch 30/50
features shape: torch.Size([16, 87, 8]), mask shape: torch.Size([16, 87]), time_to_event shape: torch.Size([16, 1]), event_indicator shape: torch.Size([16, 1]), time_to_events shape: torch.Size([16, 87]), event_indicators shape: torch.Size([16, 87]), sequence lengths shape: torch.Size([16, 1])
x shape: torch.Size([16, 87, 8])
mask shape: torch.Size([16, 87])
lstm_output shape: torch.Size([16, 87, 214])
fc_output shape: torch.Size([16, 87, 107])
context shape: torch.Size([16, 107])
attention_weights shape: torch.Size([16, 87, 1])
x shape after cause_specific_fc: torch.Size([16, 104])
hazard_preds shape: [torch.Size([16, 5475])]
res shape: torch.Size([16, 1, 5475])
Average Loss: 11.545512084960938
Patience Counter: 2
Epoch 31/50
features shape: torch.Size([16, 87, 8]), mask shape: torch.Size([16, 87]), time_to_event shape: torch.Size([16, 1]), event_indicator shape: torch.Size([16, 1]), time_to_events shape: torch.Size([16, 87]), event_indicators shape: torch.Size([16, 87]), sequence lengths shape: torch.Size([16, 1])
x shape: torch.Size([16, 87, 8])
mask shape: torch.Size([16, 87])
lstm_output shape: torch.Size([16, 87, 214])
fc_output shape: torch.Size([16, 87, 107])
context shape: torch.Size([16, 107])
attention_weights shape: torch.Size([16, 87, 1])
x shape after cause_specific_fc: torch.Size([16, 104])
hazard_preds shape: [torch.Size([16, 5475])]
res shape: torch.Size([16, 1, 5475])
Average Loss: 11.4847097158432
Epoch 32/50
features shape: torch.Size([16, 87, 8]), mask shape: torch.Size([16, 87]), time_to_event shape: torch.Size([16, 1]), event_indicator shape: torch.Size([16, 1]), time_to_events shape: torch.Size([16, 87]), event_indicators shape: torch.Size([16, 87]), sequence lengths shape: torch.Size([16, 1])
x shape: torch.Size([16, 87, 8])
mask shape: torch.Size([16, 87])
lstm_output shape: torch.Size([16, 87, 214])
fc_output shape: torch.Size([16, 87, 107])
context shape: torch.Size([16, 107])
attention_weights shape: torch.Size([16, 87, 1])
x shape after cause_specific_fc: torch.Size([16, 104])
hazard_preds shape: [torch.Size([16, 5475])]
res shape: torch.Size([16, 1, 5475])
Average Loss: 11.513843343257903
Patience Counter: 1
Epoch 33/50
features shape: torch.Size([16, 87, 8]), mask shape: torch.Size([16, 87]), time_to_event shape: torch.Size([16, 1]), event_indicator shape: torch.Size([16, 1]), time_to_events shape: torch.Size([16, 87]), event_indicators shape: torch.Size([16, 87]), sequence lengths shape: torch.Size([16, 1])
x shape: torch.Size([16, 87, 8])
mask shape: torch.Size([16, 87])
lstm_output shape: torch.Size([16, 87, 214])
fc_output shape: torch.Size([16, 87, 107])
context shape: torch.Size([16, 107])
attention_weights shape: torch.Size([16, 87, 1])
x shape after cause_specific_fc: torch.Size([16, 104])
hazard_preds shape: [torch.Size([16, 5475])]
res shape: torch.Size([16, 1, 5475])
Average Loss: 11.489600129127503
Patience Counter: 2
Epoch 34/50
features shape: torch.Size([16, 87, 8]), mask shape: torch.Size([16, 87]), time_to_event shape: torch.Size([16, 1]), event_indicator shape: torch.Size([16, 1]), time_to_events shape: torch.Size([16, 87]), event_indicators shape: torch.Size([16, 87]), sequence lengths shape: torch.Size([16, 1])
x shape: torch.Size([16, 87, 8])
mask shape: torch.Size([16, 87])
lstm_output shape: torch.Size([16, 87, 214])
fc_output shape: torch.Size([16, 87, 107])
context shape: torch.Size([16, 107])
attention_weights shape: torch.Size([16, 87, 1])
x shape after cause_specific_fc: torch.Size([16, 104])
hazard_preds shape: [torch.Size([16, 5475])]
res shape: torch.Size([16, 1, 5475])
Average Loss: 11.462714684009551
Epoch 35/50
features shape: torch.Size([16, 87, 8]), mask shape: torch.Size([16, 87]), time_to_event shape: torch.Size([16, 1]), event_indicator shape: torch.Size([16, 1]), time_to_events shape: torch.Size([16, 87]), event_indicators shape: torch.Size([16, 87]), sequence lengths shape: torch.Size([16, 1])
x shape: torch.Size([16, 87, 8])
mask shape: torch.Size([16, 87])
lstm_output shape: torch.Size([16, 87, 214])
fc_output shape: torch.Size([16, 87, 107])
context shape: torch.Size([16, 107])
attention_weights shape: torch.Size([16, 87, 1])
x shape after cause_specific_fc: torch.Size([16, 104])
hazard_preds shape: [torch.Size([16, 5475])]
res shape: torch.Size([16, 1, 5475])
Average Loss: 11.470426630973815
Patience Counter: 1
Epoch 36/50
features shape: torch.Size([16, 87, 8]), mask shape: torch.Size([16, 87]), time_to_event shape: torch.Size([16, 1]), event_indicator shape: torch.Size([16, 1]), time_to_events shape: torch.Size([16, 87]), event_indicators shape: torch.Size([16, 87]), sequence lengths shape: torch.Size([16, 1])
x shape: torch.Size([16, 87, 8])
mask shape: torch.Size([16, 87])
lstm_output shape: torch.Size([16, 87, 214])
fc_output shape: torch.Size([16, 87, 107])
context shape: torch.Size([16, 107])
attention_weights shape: torch.Size([16, 87, 1])
x shape after cause_specific_fc: torch.Size([16, 104])
hazard_preds shape: [torch.Size([16, 5475])]
res shape: torch.Size([16, 1, 5475])
Average Loss: 11.4984202170372
Patience Counter: 2
Epoch 37/50
features shape: torch.Size([16, 87, 8]), mask shape: torch.Size([16, 87]), time_to_event shape: torch.Size([16, 1]), event_indicator shape: torch.Size([16, 1]), time_to_events shape: torch.Size([16, 87]), event_indicators shape: torch.Size([16, 87]), sequence lengths shape: torch.Size([16, 1])
x shape: torch.Size([16, 87, 8])
mask shape: torch.Size([16, 87])
lstm_output shape: torch.Size([16, 87, 214])
fc_output shape: torch.Size([16, 87, 107])
context shape: torch.Size([16, 107])
attention_weights shape: torch.Size([16, 87, 1])
x shape after cause_specific_fc: torch.Size([16, 104])
hazard_preds shape: [torch.Size([16, 5475])]
res shape: torch.Size([16, 1, 5475])
Average Loss: 11.45375828742981
Epoch 38/50
features shape: torch.Size([16, 87, 8]), mask shape: torch.Size([16, 87]), time_to_event shape: torch.Size([16, 1]), event_indicator shape: torch.Size([16, 1]), time_to_events shape: torch.Size([16, 87]), event_indicators shape: torch.Size([16, 87]), sequence lengths shape: torch.Size([16, 1])
x shape: torch.Size([16, 87, 8])
mask shape: torch.Size([16, 87])
lstm_output shape: torch.Size([16, 87, 214])
fc_output shape: torch.Size([16, 87, 107])
context shape: torch.Size([16, 107])
attention_weights shape: torch.Size([16, 87, 1])
x shape after cause_specific_fc: torch.Size([16, 104])
hazard_preds shape: [torch.Size([16, 5475])]
res shape: torch.Size([16, 1, 5475])
Average Loss: 11.437553277015686
Epoch 39/50
features shape: torch.Size([16, 87, 8]), mask shape: torch.Size([16, 87]), time_to_event shape: torch.Size([16, 1]), event_indicator shape: torch.Size([16, 1]), time_to_events shape: torch.Size([16, 87]), event_indicators shape: torch.Size([16, 87]), sequence lengths shape: torch.Size([16, 1])
x shape: torch.Size([16, 87, 8])
mask shape: torch.Size([16, 87])
lstm_output shape: torch.Size([16, 87, 214])
fc_output shape: torch.Size([16, 87, 107])
context shape: torch.Size([16, 107])
attention_weights shape: torch.Size([16, 87, 1])
x shape after cause_specific_fc: torch.Size([16, 104])
hazard_preds shape: [torch.Size([16, 5475])]
res shape: torch.Size([16, 1, 5475])
Average Loss: 11.492401716709137
Patience Counter: 1
Epoch 40/50
features shape: torch.Size([16, 87, 8]), mask shape: torch.Size([16, 87]), time_to_event shape: torch.Size([16, 1]), event_indicator shape: torch.Size([16, 1]), time_to_events shape: torch.Size([16, 87]), event_indicators shape: torch.Size([16, 87]), sequence lengths shape: torch.Size([16, 1])
x shape: torch.Size([16, 87, 8])
mask shape: torch.Size([16, 87])
lstm_output shape: torch.Size([16, 87, 214])
fc_output shape: torch.Size([16, 87, 107])
context shape: torch.Size([16, 107])
attention_weights shape: torch.Size([16, 87, 1])
x shape after cause_specific_fc: torch.Size([16, 104])
hazard_preds shape: [torch.Size([16, 5475])]
res shape: torch.Size([16, 1, 5475])
Average Loss: 11.43362808227539
Epoch 41/50
features shape: torch.Size([16, 87, 8]), mask shape: torch.Size([16, 87]), time_to_event shape: torch.Size([16, 1]), event_indicator shape: torch.Size([16, 1]), time_to_events shape: torch.Size([16, 87]), event_indicators shape: torch.Size([16, 87]), sequence lengths shape: torch.Size([16, 1])
x shape: torch.Size([16, 87, 8])
mask shape: torch.Size([16, 87])
lstm_output shape: torch.Size([16, 87, 214])
fc_output shape: torch.Size([16, 87, 107])
context shape: torch.Size([16, 107])
attention_weights shape: torch.Size([16, 87, 1])
x shape after cause_specific_fc: torch.Size([16, 104])
hazard_preds shape: [torch.Size([16, 5475])]
res shape: torch.Size([16, 1, 5475])
Average Loss: 11.50246099948883
Patience Counter: 1
Epoch 42/50
features shape: torch.Size([16, 87, 8]), mask shape: torch.Size([16, 87]), time_to_event shape: torch.Size([16, 1]), event_indicator shape: torch.Size([16, 1]), time_to_events shape: torch.Size([16, 87]), event_indicators shape: torch.Size([16, 87]), sequence lengths shape: torch.Size([16, 1])
x shape: torch.Size([16, 87, 8])
mask shape: torch.Size([16, 87])
lstm_output shape: torch.Size([16, 87, 214])
fc_output shape: torch.Size([16, 87, 107])
context shape: torch.Size([16, 107])
attention_weights shape: torch.Size([16, 87, 1])
x shape after cause_specific_fc: torch.Size([16, 104])
hazard_preds shape: [torch.Size([16, 5475])]
res shape: torch.Size([16, 1, 5475])
Average Loss: 11.411013867855072
Epoch 43/50
features shape: torch.Size([16, 87, 8]), mask shape: torch.Size([16, 87]), time_to_event shape: torch.Size([16, 1]), event_indicator shape: torch.Size([16, 1]), time_to_events shape: torch.Size([16, 87]), event_indicators shape: torch.Size([16, 87]), sequence lengths shape: torch.Size([16, 1])
x shape: torch.Size([16, 87, 8])
mask shape: torch.Size([16, 87])
lstm_output shape: torch.Size([16, 87, 214])
fc_output shape: torch.Size([16, 87, 107])
context shape: torch.Size([16, 107])
attention_weights shape: torch.Size([16, 87, 1])
x shape after cause_specific_fc: torch.Size([16, 104])
hazard_preds shape: [torch.Size([16, 5475])]
res shape: torch.Size([16, 1, 5475])
Average Loss: 11.427386631965637
Patience Counter: 1
Epoch 44/50
features shape: torch.Size([16, 87, 8]), mask shape: torch.Size([16, 87]), time_to_event shape: torch.Size([16, 1]), event_indicator shape: torch.Size([16, 1]), time_to_events shape: torch.Size([16, 87]), event_indicators shape: torch.Size([16, 87]), sequence lengths shape: torch.Size([16, 1])
x shape: torch.Size([16, 87, 8])
mask shape: torch.Size([16, 87])
lstm_output shape: torch.Size([16, 87, 214])
fc_output shape: torch.Size([16, 87, 107])
context shape: torch.Size([16, 107])
attention_weights shape: torch.Size([16, 87, 1])
x shape after cause_specific_fc: torch.Size([16, 104])
hazard_preds shape: [torch.Size([16, 5475])]
res shape: torch.Size([16, 1, 5475])
Average Loss: 11.389024012088775
Epoch 45/50
features shape: torch.Size([16, 87, 8]), mask shape: torch.Size([16, 87]), time_to_event shape: torch.Size([16, 1]), event_indicator shape: torch.Size([16, 1]), time_to_events shape: torch.Size([16, 87]), event_indicators shape: torch.Size([16, 87]), sequence lengths shape: torch.Size([16, 1])
x shape: torch.Size([16, 87, 8])
mask shape: torch.Size([16, 87])
lstm_output shape: torch.Size([16, 87, 214])
fc_output shape: torch.Size([16, 87, 107])
context shape: torch.Size([16, 107])
attention_weights shape: torch.Size([16, 87, 1])
x shape after cause_specific_fc: torch.Size([16, 104])
hazard_preds shape: [torch.Size([16, 5475])]
res shape: torch.Size([16, 1, 5475])
Average Loss: 11.384448821544646
Epoch 46/50
features shape: torch.Size([16, 87, 8]), mask shape: torch.Size([16, 87]), time_to_event shape: torch.Size([16, 1]), event_indicator shape: torch.Size([16, 1]), time_to_events shape: torch.Size([16, 87]), event_indicators shape: torch.Size([16, 87]), sequence lengths shape: torch.Size([16, 1])
x shape: torch.Size([16, 87, 8])
mask shape: torch.Size([16, 87])
lstm_output shape: torch.Size([16, 87, 214])
fc_output shape: torch.Size([16, 87, 107])
context shape: torch.Size([16, 107])
attention_weights shape: torch.Size([16, 87, 1])
x shape after cause_specific_fc: torch.Size([16, 104])
hazard_preds shape: [torch.Size([16, 5475])]
res shape: torch.Size([16, 1, 5475])
Average Loss: 11.365966801643372
Epoch 47/50
features shape: torch.Size([16, 87, 8]), mask shape: torch.Size([16, 87]), time_to_event shape: torch.Size([16, 1]), event_indicator shape: torch.Size([16, 1]), time_to_events shape: torch.Size([16, 87]), event_indicators shape: torch.Size([16, 87]), sequence lengths shape: torch.Size([16, 1])
x shape: torch.Size([16, 87, 8])
mask shape: torch.Size([16, 87])
lstm_output shape: torch.Size([16, 87, 214])
fc_output shape: torch.Size([16, 87, 107])
context shape: torch.Size([16, 107])
attention_weights shape: torch.Size([16, 87, 1])
x shape after cause_specific_fc: torch.Size([16, 104])
hazard_preds shape: [torch.Size([16, 5475])]
res shape: torch.Size([16, 1, 5475])
Average Loss: 11.364932556152343
Epoch 48/50
features shape: torch.Size([16, 87, 8]), mask shape: torch.Size([16, 87]), time_to_event shape: torch.Size([16, 1]), event_indicator shape: torch.Size([16, 1]), time_to_events shape: torch.Size([16, 87]), event_indicators shape: torch.Size([16, 87]), sequence lengths shape: torch.Size([16, 1])
x shape: torch.Size([16, 87, 8])
mask shape: torch.Size([16, 87])
lstm_output shape: torch.Size([16, 87, 214])
fc_output shape: torch.Size([16, 87, 107])
context shape: torch.Size([16, 107])
attention_weights shape: torch.Size([16, 87, 1])
x shape after cause_specific_fc: torch.Size([16, 104])
hazard_preds shape: [torch.Size([16, 5475])]
res shape: torch.Size([16, 1, 5475])
Average Loss: 11.392594926357269
Patience Counter: 1
Epoch 49/50
features shape: torch.Size([16, 87, 8]), mask shape: torch.Size([16, 87]), time_to_event shape: torch.Size([16, 1]), event_indicator shape: torch.Size([16, 1]), time_to_events shape: torch.Size([16, 87]), event_indicators shape: torch.Size([16, 87]), sequence lengths shape: torch.Size([16, 1])
x shape: torch.Size([16, 87, 8])
mask shape: torch.Size([16, 87])
lstm_output shape: torch.Size([16, 87, 214])
fc_output shape: torch.Size([16, 87, 107])
context shape: torch.Size([16, 107])
attention_weights shape: torch.Size([16, 87, 1])
x shape after cause_specific_fc: torch.Size([16, 104])
hazard_preds shape: [torch.Size([16, 5475])]
res shape: torch.Size([16, 1, 5475])
Average Loss: 11.392735550403595
Patience Counter: 2
Epoch 50/50
features shape: torch.Size([16, 87, 8]), mask shape: torch.Size([16, 87]), time_to_event shape: torch.Size([16, 1]), event_indicator shape: torch.Size([16, 1]), time_to_events shape: torch.Size([16, 87]), event_indicators shape: torch.Size([16, 87]), sequence lengths shape: torch.Size([16, 1])
x shape: torch.Size([16, 87, 8])
mask shape: torch.Size([16, 87])
lstm_output shape: torch.Size([16, 87, 214])
fc_output shape: torch.Size([16, 87, 107])
context shape: torch.Size([16, 107])
attention_weights shape: torch.Size([16, 87, 1])
x shape after cause_specific_fc: torch.Size([16, 104])
hazard_preds shape: [torch.Size([16, 5475])]
res shape: torch.Size([16, 1, 5475])
Average Loss: 11.434900944232941
Patience Counter: 3
features shape: torch.Size([16, 87, 8]), mask shape: torch.Size([16, 87]), T shape: torch.Size([16, 1]), E shape: torch.Size([16, 1]) hazards shape: (16, 5475)
Processing subject 0 with time 1157 and event False hazards shape: [0.48453414]
all_E shape: (400,) first 10 values: [False  True False  True  True  True False  True  True False]
all_R shape: (400,) first 10 values: [0.48453414 0.5379792  0.48897997 0.5381035  0.53731734 0.53795385
 0.5375439  0.47305262 0.5002801  0.5398468 ]
all_T shape: (400,) first 10 values: [1157    0 1140    0    0    0    0 2652 2335    0]
Global test C-index (scikit-survival): 0.779 number of concordant pairs: 34264
Global test C-index: 0.779
features shape: torch.Size([16, 87, 8]), mask shape: torch.Size([16, 87]), T shape: torch.Size([16, 1]), E shape: torch.Size([16, 1]) hazards shape: (16, 5475)
Processing subject 0 with time 1157 and event False hazards shape: [0.45019636]
all_E shape: (400,) first 10 values: [False  True False  True  True  True False  True  True False]
all_R shape: (400,) first 10 values: [0.45019636 0.5415142  0.45581183 0.54160684 0.5414244  0.5414468
 0.54124963 0.50116706 0.50173855 0.54156107]
all_T shape: (400,) first 10 values: [1157    0 1140    0    0    0    0 2652 2335    0]
Global test C-index (scikit-survival): 0.772 number of concordant pairs: 33987
Global test C-index: 0.772
Saved model C-index: 0.7723, Current trial C-index: 0.7786
New model is better, saving current model
Using GPU: cuda:1
Running trial 3 for ExperimentScenario.EIGHT_FEATURES on device cuda:1
Train data path /home/minhn2/uiuc-kidney-failure/generated_data/rep99/eight_features_train_data.csv
Test data path /home/minhn2/uiuc-kidney-failure/generated_data/rep99/eight_features_test_data.csv
Number of patients: test 243 and train 400
Number of records: test 1100 and train 1856
Epoch 1/50
features shape: torch.Size([16, 87, 8]), mask shape: torch.Size([16, 87]), time_to_event shape: torch.Size([16, 1]), event_indicator shape: torch.Size([16, 1]), time_to_events shape: torch.Size([16, 87]), event_indicators shape: torch.Size([16, 87]), sequence lengths shape: torch.Size([16, 1])
x shape: torch.Size([16, 87, 8])
mask shape: torch.Size([16, 87])
lstm_output shape: torch.Size([16, 87, 132])
fc_output shape: torch.Size([16, 87, 66])
context shape: torch.Size([16, 66])
attention_weights shape: torch.Size([16, 87, 1])
x shape after cause_specific_fc: torch.Size([16, 57])
hazard_preds shape: [torch.Size([16, 5475])]
res shape: torch.Size([16, 1, 5475])
Average Loss: 33.893216738700865
Epoch 2/50
features shape: torch.Size([16, 87, 8]), mask shape: torch.Size([16, 87]), time_to_event shape: torch.Size([16, 1]), event_indicator shape: torch.Size([16, 1]), time_to_events shape: torch.Size([16, 87]), event_indicators shape: torch.Size([16, 87]), sequence lengths shape: torch.Size([16, 1])
x shape: torch.Size([16, 87, 8])
mask shape: torch.Size([16, 87])
lstm_output shape: torch.Size([16, 87, 132])
fc_output shape: torch.Size([16, 87, 66])
context shape: torch.Size([16, 66])
attention_weights shape: torch.Size([16, 87, 1])
x shape after cause_specific_fc: torch.Size([16, 57])
hazard_preds shape: [torch.Size([16, 5475])]
res shape: torch.Size([16, 1, 5475])
Average Loss: 57.03733441114426
Patience Counter: 1
Epoch 3/50
features shape: torch.Size([16, 87, 8]), mask shape: torch.Size([16, 87]), time_to_event shape: torch.Size([16, 1]), event_indicator shape: torch.Size([16, 1]), time_to_events shape: torch.Size([16, 87]), event_indicators shape: torch.Size([16, 87]), sequence lengths shape: torch.Size([16, 1])
x shape: torch.Size([16, 87, 8])
mask shape: torch.Size([16, 87])
lstm_output shape: torch.Size([16, 87, 132])
fc_output shape: torch.Size([16, 87, 66])
context shape: torch.Size([16, 66])
attention_weights shape: torch.Size([16, 87, 1])
x shape after cause_specific_fc: torch.Size([16, 57])
hazard_preds shape: [torch.Size([16, 5475])]
res shape: torch.Size([16, 1, 5475])
Average Loss: 49.06559183359146
Patience Counter: 2
Epoch 4/50
features shape: torch.Size([16, 87, 8]), mask shape: torch.Size([16, 87]), time_to_event shape: torch.Size([16, 1]), event_indicator shape: torch.Size([16, 1]), time_to_events shape: torch.Size([16, 87]), event_indicators shape: torch.Size([16, 87]), sequence lengths shape: torch.Size([16, 1])
x shape: torch.Size([16, 87, 8])
mask shape: torch.Size([16, 87])
lstm_output shape: torch.Size([16, 87, 132])
fc_output shape: torch.Size([16, 87, 66])
context shape: torch.Size([16, 66])
attention_weights shape: torch.Size([16, 87, 1])
x shape after cause_specific_fc: torch.Size([16, 57])
hazard_preds shape: [torch.Size([16, 5475])]
res shape: torch.Size([16, 1, 5475])
Average Loss: 1853.9864329767227
Patience Counter: 3
Epoch 5/50
features shape: torch.Size([16, 87, 8]), mask shape: torch.Size([16, 87]), time_to_event shape: torch.Size([16, 1]), event_indicator shape: torch.Size([16, 1]), time_to_events shape: torch.Size([16, 87]), event_indicators shape: torch.Size([16, 87]), sequence lengths shape: torch.Size([16, 1])
x shape: torch.Size([16, 87, 8])
mask shape: torch.Size([16, 87])
lstm_output shape: torch.Size([16, 87, 132])
fc_output shape: torch.Size([16, 87, 66])
context shape: torch.Size([16, 66])
attention_weights shape: torch.Size([16, 87, 1])
x shape after cause_specific_fc: torch.Size([16, 57])
hazard_preds shape: [torch.Size([16, 5475])]
res shape: torch.Size([16, 1, 5475])
Average Loss: 48441246646.13621
Patience Counter: 4
Epoch 6/50
features shape: torch.Size([16, 87, 8]), mask shape: torch.Size([16, 87]), time_to_event shape: torch.Size([16, 1]), event_indicator shape: torch.Size([16, 1]), time_to_events shape: torch.Size([16, 87]), event_indicators shape: torch.Size([16, 87]), sequence lengths shape: torch.Size([16, 1])
x shape: torch.Size([16, 87, 8])
mask shape: torch.Size([16, 87])
lstm_output shape: torch.Size([16, 87, 132])
fc_output shape: torch.Size([16, 87, 66])
context shape: torch.Size([16, 66])
attention_weights shape: torch.Size([16, 87, 1])
x shape after cause_specific_fc: torch.Size([16, 57])
hazard_preds shape: [torch.Size([16, 5475])]
res shape: torch.Size([16, 1, 5475])
Average Loss: 32.77980466365814
Epoch 7/50
features shape: torch.Size([16, 87, 8]), mask shape: torch.Size([16, 87]), time_to_event shape: torch.Size([16, 1]), event_indicator shape: torch.Size([16, 1]), time_to_events shape: torch.Size([16, 87]), event_indicators shape: torch.Size([16, 87]), sequence lengths shape: torch.Size([16, 1])
x shape: torch.Size([16, 87, 8])
mask shape: torch.Size([16, 87])
lstm_output shape: torch.Size([16, 87, 132])
fc_output shape: torch.Size([16, 87, 66])
context shape: torch.Size([16, 66])
attention_weights shape: torch.Size([16, 87, 1])
x shape after cause_specific_fc: torch.Size([16, 57])
hazard_preds shape: [torch.Size([16, 5475])]
res shape: torch.Size([16, 1, 5475])
Average Loss: 60735.29390385151
Patience Counter: 1
Epoch 8/50
features shape: torch.Size([16, 87, 8]), mask shape: torch.Size([16, 87]), time_to_event shape: torch.Size([16, 1]), event_indicator shape: torch.Size([16, 1]), time_to_events shape: torch.Size([16, 87]), event_indicators shape: torch.Size([16, 87]), sequence lengths shape: torch.Size([16, 1])
x shape: torch.Size([16, 87, 8])
mask shape: torch.Size([16, 87])
lstm_output shape: torch.Size([16, 87, 132])
fc_output shape: torch.Size([16, 87, 66])
context shape: torch.Size([16, 66])
attention_weights shape: torch.Size([16, 87, 1])
x shape after cause_specific_fc: torch.Size([16, 57])
hazard_preds shape: [torch.Size([16, 5475])]
res shape: torch.Size([16, 1, 5475])
Average Loss: 369.51532228469847
Patience Counter: 2
Epoch 9/50
features shape: torch.Size([16, 87, 8]), mask shape: torch.Size([16, 87]), time_to_event shape: torch.Size([16, 1]), event_indicator shape: torch.Size([16, 1]), time_to_events shape: torch.Size([16, 87]), event_indicators shape: torch.Size([16, 87]), sequence lengths shape: torch.Size([16, 1])
x shape: torch.Size([16, 87, 8])
mask shape: torch.Size([16, 87])
lstm_output shape: torch.Size([16, 87, 132])
fc_output shape: torch.Size([16, 87, 66])
context shape: torch.Size([16, 66])
attention_weights shape: torch.Size([16, 87, 1])
x shape after cause_specific_fc: torch.Size([16, 57])
hazard_preds shape: [torch.Size([16, 5475])]
res shape: torch.Size([16, 1, 5475])
Average Loss: 35.93193217515945
Patience Counter: 3
Epoch 10/50
features shape: torch.Size([16, 87, 8]), mask shape: torch.Size([16, 87]), time_to_event shape: torch.Size([16, 1]), event_indicator shape: torch.Size([16, 1]), time_to_events shape: torch.Size([16, 87]), event_indicators shape: torch.Size([16, 87]), sequence lengths shape: torch.Size([16, 1])
x shape: torch.Size([16, 87, 8])
mask shape: torch.Size([16, 87])
lstm_output shape: torch.Size([16, 87, 132])
fc_output shape: torch.Size([16, 87, 66])
context shape: torch.Size([16, 66])
attention_weights shape: torch.Size([16, 87, 1])
x shape after cause_specific_fc: torch.Size([16, 57])
hazard_preds shape: [torch.Size([16, 5475])]
res shape: torch.Size([16, 1, 5475])
Average Loss: 675.7184620285034
Patience Counter: 4
Epoch 11/50
features shape: torch.Size([16, 87, 8]), mask shape: torch.Size([16, 87]), time_to_event shape: torch.Size([16, 1]), event_indicator shape: torch.Size([16, 1]), time_to_events shape: torch.Size([16, 87]), event_indicators shape: torch.Size([16, 87]), sequence lengths shape: torch.Size([16, 1])
x shape: torch.Size([16, 87, 8])
mask shape: torch.Size([16, 87])
lstm_output shape: torch.Size([16, 87, 132])
fc_output shape: torch.Size([16, 87, 66])
context shape: torch.Size([16, 66])
attention_weights shape: torch.Size([16, 87, 1])
x shape after cause_specific_fc: torch.Size([16, 57])
hazard_preds shape: [torch.Size([16, 5475])]
res shape: torch.Size([16, 1, 5475])
Average Loss: 40921.165639863015
Patience Counter: 5
Early stopping triggered
features shape: torch.Size([16, 87, 8]), mask shape: torch.Size([16, 87]), T shape: torch.Size([16, 1]), E shape: torch.Size([16, 1]) hazards shape: (16, 5475)
Processing subject 0 with time 1157 and event False hazards shape: [0.5124588]
all_E shape: (400,) first 10 values: [False  True False  True  True  True False  True  True False]
all_R shape: (400,) first 10 values: [0.5124588  0.49911287 0.45803016 0.4995266  0.50114834 0.49931502
 0.4997194  0.46910092 0.51899993 0.4959464 ]
all_T shape: (400,) first 10 values: [1157    0 1140    0    0    0    0 2652 2335    0]
Global test C-index (scikit-survival): 0.580 number of concordant pairs: 25543
Global test C-index: 0.580
features shape: torch.Size([16, 87, 8]), mask shape: torch.Size([16, 87]), T shape: torch.Size([16, 1]), E shape: torch.Size([16, 1]) hazards shape: (16, 5475)
Processing subject 0 with time 1157 and event False hazards shape: [0.48453414]
all_E shape: (400,) first 10 values: [False  True False  True  True  True False  True  True False]
all_R shape: (400,) first 10 values: [0.48453414 0.5379792  0.48897997 0.5381035  0.53731734 0.53795385
 0.5375439  0.47305262 0.5002801  0.5398468 ]
all_T shape: (400,) first 10 values: [1157    0 1140    0    0    0    0 2652 2335    0]
Global test C-index (scikit-survival): 0.779 number of concordant pairs: 34264
Global test C-index: 0.779
Saved model C-index: 0.7786, Current trial C-index: 0.5805
Saved model is better, keeping it
Using GPU: cuda:3
Running trial 4 for ExperimentScenario.EIGHT_FEATURES on device cuda:3
Train data path /home/minhn2/uiuc-kidney-failure/generated_data/rep99/eight_features_train_data.csv
Test data path /home/minhn2/uiuc-kidney-failure/generated_data/rep99/eight_features_test_data.csv
Number of patients: test 243 and train 400
Number of records: test 1100 and train 1856
Epoch 1/50
features shape: torch.Size([16, 87, 8]), mask shape: torch.Size([16, 87]), time_to_event shape: torch.Size([16, 1]), event_indicator shape: torch.Size([16, 1]), time_to_events shape: torch.Size([16, 87]), event_indicators shape: torch.Size([16, 87]), sequence lengths shape: torch.Size([16, 1])
x shape: torch.Size([16, 87, 8])
mask shape: torch.Size([16, 87])
lstm_output shape: torch.Size([16, 87, 86])
fc_output shape: torch.Size([16, 87, 43])
context shape: torch.Size([16, 43])
attention_weights shape: torch.Size([16, 87, 1])
x shape after cause_specific_fc: torch.Size([16, 43])
hazard_preds shape: [torch.Size([16, 5475])]
res shape: torch.Size([16, 1, 5475])
Average Loss: 64.45233781576157
Epoch 2/50
features shape: torch.Size([16, 87, 8]), mask shape: torch.Size([16, 87]), time_to_event shape: torch.Size([16, 1]), event_indicator shape: torch.Size([16, 1]), time_to_events shape: torch.Size([16, 87]), event_indicators shape: torch.Size([16, 87]), sequence lengths shape: torch.Size([16, 1])
x shape: torch.Size([16, 87, 8])
mask shape: torch.Size([16, 87])
lstm_output shape: torch.Size([16, 87, 86])
fc_output shape: torch.Size([16, 87, 43])
context shape: torch.Size([16, 43])
attention_weights shape: torch.Size([16, 87, 1])
x shape after cause_specific_fc: torch.Size([16, 43])
hazard_preds shape: [torch.Size([16, 5475])]
res shape: torch.Size([16, 1, 5475])
Average Loss: 64.37497143268585
Epoch 3/50
features shape: torch.Size([16, 87, 8]), mask shape: torch.Size([16, 87]), time_to_event shape: torch.Size([16, 1]), event_indicator shape: torch.Size([16, 1]), time_to_events shape: torch.Size([16, 87]), event_indicators shape: torch.Size([16, 87]), sequence lengths shape: torch.Size([16, 1])
x shape: torch.Size([16, 87, 8])
mask shape: torch.Size([16, 87])
lstm_output shape: torch.Size([16, 87, 86])
fc_output shape: torch.Size([16, 87, 43])
context shape: torch.Size([16, 43])
attention_weights shape: torch.Size([16, 87, 1])
x shape after cause_specific_fc: torch.Size([16, 43])
hazard_preds shape: [torch.Size([16, 5475])]
res shape: torch.Size([16, 1, 5475])
Average Loss: 64.29882832050323
Epoch 4/50
features shape: torch.Size([16, 87, 8]), mask shape: torch.Size([16, 87]), time_to_event shape: torch.Size([16, 1]), event_indicator shape: torch.Size([16, 1]), time_to_events shape: torch.Size([16, 87]), event_indicators shape: torch.Size([16, 87]), sequence lengths shape: torch.Size([16, 1])
x shape: torch.Size([16, 87, 8])
mask shape: torch.Size([16, 87])
lstm_output shape: torch.Size([16, 87, 86])
fc_output shape: torch.Size([16, 87, 43])
context shape: torch.Size([16, 43])
attention_weights shape: torch.Size([16, 87, 1])
x shape after cause_specific_fc: torch.Size([16, 43])
hazard_preds shape: [torch.Size([16, 5475])]
res shape: torch.Size([16, 1, 5475])
Average Loss: 64.22294154882431
Epoch 5/50
features shape: torch.Size([16, 87, 8]), mask shape: torch.Size([16, 87]), time_to_event shape: torch.Size([16, 1]), event_indicator shape: torch.Size([16, 1]), time_to_events shape: torch.Size([16, 87]), event_indicators shape: torch.Size([16, 87]), sequence lengths shape: torch.Size([16, 1])
x shape: torch.Size([16, 87, 8])
mask shape: torch.Size([16, 87])
lstm_output shape: torch.Size([16, 87, 86])
fc_output shape: torch.Size([16, 87, 43])
context shape: torch.Size([16, 43])
attention_weights shape: torch.Size([16, 87, 1])
x shape after cause_specific_fc: torch.Size([16, 43])
hazard_preds shape: [torch.Size([16, 5475])]
res shape: torch.Size([16, 1, 5475])
Average Loss: 64.15820183992386
Epoch 6/50
features shape: torch.Size([16, 87, 8]), mask shape: torch.Size([16, 87]), time_to_event shape: torch.Size([16, 1]), event_indicator shape: torch.Size([16, 1]), time_to_events shape: torch.Size([16, 87]), event_indicators shape: torch.Size([16, 87]), sequence lengths shape: torch.Size([16, 1])
x shape: torch.Size([16, 87, 8])
mask shape: torch.Size([16, 87])
lstm_output shape: torch.Size([16, 87, 86])
fc_output shape: torch.Size([16, 87, 43])
context shape: torch.Size([16, 43])
attention_weights shape: torch.Size([16, 87, 1])
x shape after cause_specific_fc: torch.Size([16, 43])
hazard_preds shape: [torch.Size([16, 5475])]
res shape: torch.Size([16, 1, 5475])
Average Loss: 64.0712816643715
Epoch 7/50
features shape: torch.Size([16, 87, 8]), mask shape: torch.Size([16, 87]), time_to_event shape: torch.Size([16, 1]), event_indicator shape: torch.Size([16, 1]), time_to_events shape: torch.Size([16, 87]), event_indicators shape: torch.Size([16, 87]), sequence lengths shape: torch.Size([16, 1])
x shape: torch.Size([16, 87, 8])
mask shape: torch.Size([16, 87])
lstm_output shape: torch.Size([16, 87, 86])
fc_output shape: torch.Size([16, 87, 43])
context shape: torch.Size([16, 43])
attention_weights shape: torch.Size([16, 87, 1])
x shape after cause_specific_fc: torch.Size([16, 43])
hazard_preds shape: [torch.Size([16, 5475])]
res shape: torch.Size([16, 1, 5475])
Average Loss: 63.9941978931427
Epoch 8/50
features shape: torch.Size([16, 87, 8]), mask shape: torch.Size([16, 87]), time_to_event shape: torch.Size([16, 1]), event_indicator shape: torch.Size([16, 1]), time_to_events shape: torch.Size([16, 87]), event_indicators shape: torch.Size([16, 87]), sequence lengths shape: torch.Size([16, 1])
x shape: torch.Size([16, 87, 8])
mask shape: torch.Size([16, 87])
lstm_output shape: torch.Size([16, 87, 86])
fc_output shape: torch.Size([16, 87, 43])
context shape: torch.Size([16, 43])
attention_weights shape: torch.Size([16, 87, 1])
x shape after cause_specific_fc: torch.Size([16, 43])
hazard_preds shape: [torch.Size([16, 5475])]
res shape: torch.Size([16, 1, 5475])
Average Loss: 63.90326095342636
Epoch 9/50
features shape: torch.Size([16, 87, 8]), mask shape: torch.Size([16, 87]), time_to_event shape: torch.Size([16, 1]), event_indicator shape: torch.Size([16, 1]), time_to_events shape: torch.Size([16, 87]), event_indicators shape: torch.Size([16, 87]), sequence lengths shape: torch.Size([16, 1])
x shape: torch.Size([16, 87, 8])
mask shape: torch.Size([16, 87])
lstm_output shape: torch.Size([16, 87, 86])
fc_output shape: torch.Size([16, 87, 43])
context shape: torch.Size([16, 43])
attention_weights shape: torch.Size([16, 87, 1])
x shape after cause_specific_fc: torch.Size([16, 43])
hazard_preds shape: [torch.Size([16, 5475])]
res shape: torch.Size([16, 1, 5475])
Average Loss: 63.829859414100646
Epoch 10/50
features shape: torch.Size([16, 87, 8]), mask shape: torch.Size([16, 87]), time_to_event shape: torch.Size([16, 1]), event_indicator shape: torch.Size([16, 1]), time_to_events shape: torch.Size([16, 87]), event_indicators shape: torch.Size([16, 87]), sequence lengths shape: torch.Size([16, 1])
x shape: torch.Size([16, 87, 8])
mask shape: torch.Size([16, 87])
lstm_output shape: torch.Size([16, 87, 86])
fc_output shape: torch.Size([16, 87, 43])
context shape: torch.Size([16, 43])
attention_weights shape: torch.Size([16, 87, 1])
x shape after cause_specific_fc: torch.Size([16, 43])
hazard_preds shape: [torch.Size([16, 5475])]
res shape: torch.Size([16, 1, 5475])
Average Loss: 63.738285393714904
Epoch 11/50
features shape: torch.Size([16, 87, 8]), mask shape: torch.Size([16, 87]), time_to_event shape: torch.Size([16, 1]), event_indicator shape: torch.Size([16, 1]), time_to_events shape: torch.Size([16, 87]), event_indicators shape: torch.Size([16, 87]), sequence lengths shape: torch.Size([16, 1])
x shape: torch.Size([16, 87, 8])
mask shape: torch.Size([16, 87])
lstm_output shape: torch.Size([16, 87, 86])
fc_output shape: torch.Size([16, 87, 43])
context shape: torch.Size([16, 43])
attention_weights shape: torch.Size([16, 87, 1])
x shape after cause_specific_fc: torch.Size([16, 43])
hazard_preds shape: [torch.Size([16, 5475])]
res shape: torch.Size([16, 1, 5475])
Average Loss: 63.78462234735489
Patience Counter: 1
Epoch 12/50
features shape: torch.Size([16, 87, 8]), mask shape: torch.Size([16, 87]), time_to_event shape: torch.Size([16, 1]), event_indicator shape: torch.Size([16, 1]), time_to_events shape: torch.Size([16, 87]), event_indicators shape: torch.Size([16, 87]), sequence lengths shape: torch.Size([16, 1])
x shape: torch.Size([16, 87, 8])
mask shape: torch.Size([16, 87])
lstm_output shape: torch.Size([16, 87, 86])
fc_output shape: torch.Size([16, 87, 43])
context shape: torch.Size([16, 43])
attention_weights shape: torch.Size([16, 87, 1])
x shape after cause_specific_fc: torch.Size([16, 43])
hazard_preds shape: [torch.Size([16, 5475])]
res shape: torch.Size([16, 1, 5475])
Average Loss: 63.62448114156723
Epoch 13/50
features shape: torch.Size([16, 87, 8]), mask shape: torch.Size([16, 87]), time_to_event shape: torch.Size([16, 1]), event_indicator shape: torch.Size([16, 1]), time_to_events shape: torch.Size([16, 87]), event_indicators shape: torch.Size([16, 87]), sequence lengths shape: torch.Size([16, 1])
x shape: torch.Size([16, 87, 8])
mask shape: torch.Size([16, 87])
lstm_output shape: torch.Size([16, 87, 86])
fc_output shape: torch.Size([16, 87, 43])
context shape: torch.Size([16, 43])
attention_weights shape: torch.Size([16, 87, 1])
x shape after cause_specific_fc: torch.Size([16, 43])
hazard_preds shape: [torch.Size([16, 5475])]
res shape: torch.Size([16, 1, 5475])
Average Loss: 63.56851078271866
Epoch 14/50
features shape: torch.Size([16, 87, 8]), mask shape: torch.Size([16, 87]), time_to_event shape: torch.Size([16, 1]), event_indicator shape: torch.Size([16, 1]), time_to_events shape: torch.Size([16, 87]), event_indicators shape: torch.Size([16, 87]), sequence lengths shape: torch.Size([16, 1])
x shape: torch.Size([16, 87, 8])
mask shape: torch.Size([16, 87])
lstm_output shape: torch.Size([16, 87, 86])
fc_output shape: torch.Size([16, 87, 43])
context shape: torch.Size([16, 43])
attention_weights shape: torch.Size([16, 87, 1])
x shape after cause_specific_fc: torch.Size([16, 43])
hazard_preds shape: [torch.Size([16, 5475])]
res shape: torch.Size([16, 1, 5475])
Average Loss: 63.50459167718887
Epoch 15/50
features shape: torch.Size([16, 87, 8]), mask shape: torch.Size([16, 87]), time_to_event shape: torch.Size([16, 1]), event_indicator shape: torch.Size([16, 1]), time_to_events shape: torch.Size([16, 87]), event_indicators shape: torch.Size([16, 87]), sequence lengths shape: torch.Size([16, 1])
x shape: torch.Size([16, 87, 8])
mask shape: torch.Size([16, 87])
lstm_output shape: torch.Size([16, 87, 86])
fc_output shape: torch.Size([16, 87, 43])
context shape: torch.Size([16, 43])
attention_weights shape: torch.Size([16, 87, 1])
x shape after cause_specific_fc: torch.Size([16, 43])
hazard_preds shape: [torch.Size([16, 5475])]
res shape: torch.Size([16, 1, 5475])
Average Loss: 63.468571581840514
Epoch 16/50
features shape: torch.Size([16, 87, 8]), mask shape: torch.Size([16, 87]), time_to_event shape: torch.Size([16, 1]), event_indicator shape: torch.Size([16, 1]), time_to_events shape: torch.Size([16, 87]), event_indicators shape: torch.Size([16, 87]), sequence lengths shape: torch.Size([16, 1])
x shape: torch.Size([16, 87, 8])
mask shape: torch.Size([16, 87])
lstm_output shape: torch.Size([16, 87, 86])
fc_output shape: torch.Size([16, 87, 43])
context shape: torch.Size([16, 43])
attention_weights shape: torch.Size([16, 87, 1])
x shape after cause_specific_fc: torch.Size([16, 43])
hazard_preds shape: [torch.Size([16, 5475])]
res shape: torch.Size([16, 1, 5475])
Average Loss: 63.3822496843338
Epoch 17/50
features shape: torch.Size([16, 87, 8]), mask shape: torch.Size([16, 87]), time_to_event shape: torch.Size([16, 1]), event_indicator shape: torch.Size([16, 1]), time_to_events shape: torch.Size([16, 87]), event_indicators shape: torch.Size([16, 87]), sequence lengths shape: torch.Size([16, 1])
x shape: torch.Size([16, 87, 8])
mask shape: torch.Size([16, 87])
lstm_output shape: torch.Size([16, 87, 86])
fc_output shape: torch.Size([16, 87, 43])
context shape: torch.Size([16, 43])
attention_weights shape: torch.Size([16, 87, 1])
x shape after cause_specific_fc: torch.Size([16, 43])
hazard_preds shape: [torch.Size([16, 5475])]
res shape: torch.Size([16, 1, 5475])
Average Loss: 63.325631055831906
Epoch 18/50
features shape: torch.Size([16, 87, 8]), mask shape: torch.Size([16, 87]), time_to_event shape: torch.Size([16, 1]), event_indicator shape: torch.Size([16, 1]), time_to_events shape: torch.Size([16, 87]), event_indicators shape: torch.Size([16, 87]), sequence lengths shape: torch.Size([16, 1])
x shape: torch.Size([16, 87, 8])
mask shape: torch.Size([16, 87])
lstm_output shape: torch.Size([16, 87, 86])
fc_output shape: torch.Size([16, 87, 43])
context shape: torch.Size([16, 43])
attention_weights shape: torch.Size([16, 87, 1])
x shape after cause_specific_fc: torch.Size([16, 43])
hazard_preds shape: [torch.Size([16, 5475])]
res shape: torch.Size([16, 1, 5475])
Average Loss: 63.52668354868889
Patience Counter: 1
Epoch 19/50
features shape: torch.Size([16, 87, 8]), mask shape: torch.Size([16, 87]), time_to_event shape: torch.Size([16, 1]), event_indicator shape: torch.Size([16, 1]), time_to_events shape: torch.Size([16, 87]), event_indicators shape: torch.Size([16, 87]), sequence lengths shape: torch.Size([16, 1])
x shape: torch.Size([16, 87, 8])
mask shape: torch.Size([16, 87])
lstm_output shape: torch.Size([16, 87, 86])
fc_output shape: torch.Size([16, 87, 43])
context shape: torch.Size([16, 43])
attention_weights shape: torch.Size([16, 87, 1])
x shape after cause_specific_fc: torch.Size([16, 43])
hazard_preds shape: [torch.Size([16, 5475])]
res shape: torch.Size([16, 1, 5475])
Average Loss: 63.24726869106293
Epoch 20/50
features shape: torch.Size([16, 87, 8]), mask shape: torch.Size([16, 87]), time_to_event shape: torch.Size([16, 1]), event_indicator shape: torch.Size([16, 1]), time_to_events shape: torch.Size([16, 87]), event_indicators shape: torch.Size([16, 87]), sequence lengths shape: torch.Size([16, 1])
x shape: torch.Size([16, 87, 8])
mask shape: torch.Size([16, 87])
lstm_output shape: torch.Size([16, 87, 86])
fc_output shape: torch.Size([16, 87, 43])
context shape: torch.Size([16, 43])
attention_weights shape: torch.Size([16, 87, 1])
x shape after cause_specific_fc: torch.Size([16, 43])
hazard_preds shape: [torch.Size([16, 5475])]
res shape: torch.Size([16, 1, 5475])
Average Loss: 63.21401786327362
Epoch 21/50
features shape: torch.Size([16, 87, 8]), mask shape: torch.Size([16, 87]), time_to_event shape: torch.Size([16, 1]), event_indicator shape: torch.Size([16, 1]), time_to_events shape: torch.Size([16, 87]), event_indicators shape: torch.Size([16, 87]), sequence lengths shape: torch.Size([16, 1])
x shape: torch.Size([16, 87, 8])
mask shape: torch.Size([16, 87])
lstm_output shape: torch.Size([16, 87, 86])
fc_output shape: torch.Size([16, 87, 43])
context shape: torch.Size([16, 43])
attention_weights shape: torch.Size([16, 87, 1])
x shape after cause_specific_fc: torch.Size([16, 43])
hazard_preds shape: [torch.Size([16, 5475])]
res shape: torch.Size([16, 1, 5475])
Average Loss: 63.125315394401554
Epoch 22/50
features shape: torch.Size([16, 87, 8]), mask shape: torch.Size([16, 87]), time_to_event shape: torch.Size([16, 1]), event_indicator shape: torch.Size([16, 1]), time_to_events shape: torch.Size([16, 87]), event_indicators shape: torch.Size([16, 87]), sequence lengths shape: torch.Size([16, 1])
x shape: torch.Size([16, 87, 8])
mask shape: torch.Size([16, 87])
lstm_output shape: torch.Size([16, 87, 86])
fc_output shape: torch.Size([16, 87, 43])
context shape: torch.Size([16, 43])
attention_weights shape: torch.Size([16, 87, 1])
x shape after cause_specific_fc: torch.Size([16, 43])
hazard_preds shape: [torch.Size([16, 5475])]
res shape: torch.Size([16, 1, 5475])
Average Loss: 63.07153440713883
Epoch 23/50
features shape: torch.Size([16, 87, 8]), mask shape: torch.Size([16, 87]), time_to_event shape: torch.Size([16, 1]), event_indicator shape: torch.Size([16, 1]), time_to_events shape: torch.Size([16, 87]), event_indicators shape: torch.Size([16, 87]), sequence lengths shape: torch.Size([16, 1])
x shape: torch.Size([16, 87, 8])
mask shape: torch.Size([16, 87])
lstm_output shape: torch.Size([16, 87, 86])
fc_output shape: torch.Size([16, 87, 43])
context shape: torch.Size([16, 43])
attention_weights shape: torch.Size([16, 87, 1])
x shape after cause_specific_fc: torch.Size([16, 43])
hazard_preds shape: [torch.Size([16, 5475])]
res shape: torch.Size([16, 1, 5475])
Average Loss: 63.94358954906463
Patience Counter: 1
Epoch 24/50
features shape: torch.Size([16, 87, 8]), mask shape: torch.Size([16, 87]), time_to_event shape: torch.Size([16, 1]), event_indicator shape: torch.Size([16, 1]), time_to_events shape: torch.Size([16, 87]), event_indicators shape: torch.Size([16, 87]), sequence lengths shape: torch.Size([16, 1])
x shape: torch.Size([16, 87, 8])
mask shape: torch.Size([16, 87])
lstm_output shape: torch.Size([16, 87, 86])
fc_output shape: torch.Size([16, 87, 43])
context shape: torch.Size([16, 43])
attention_weights shape: torch.Size([16, 87, 1])
x shape after cause_specific_fc: torch.Size([16, 43])
hazard_preds shape: [torch.Size([16, 5475])]
res shape: torch.Size([16, 1, 5475])
Average Loss: 63.00258313179016
Epoch 25/50
features shape: torch.Size([16, 87, 8]), mask shape: torch.Size([16, 87]), time_to_event shape: torch.Size([16, 1]), event_indicator shape: torch.Size([16, 1]), time_to_events shape: torch.Size([16, 87]), event_indicators shape: torch.Size([16, 87]), sequence lengths shape: torch.Size([16, 1])
x shape: torch.Size([16, 87, 8])
mask shape: torch.Size([16, 87])
lstm_output shape: torch.Size([16, 87, 86])
fc_output shape: torch.Size([16, 87, 43])
context shape: torch.Size([16, 43])
attention_weights shape: torch.Size([16, 87, 1])
x shape after cause_specific_fc: torch.Size([16, 43])
hazard_preds shape: [torch.Size([16, 5475])]
res shape: torch.Size([16, 1, 5475])
Average Loss: 62.97926224708557
Epoch 26/50
features shape: torch.Size([16, 87, 8]), mask shape: torch.Size([16, 87]), time_to_event shape: torch.Size([16, 1]), event_indicator shape: torch.Size([16, 1]), time_to_events shape: torch.Size([16, 87]), event_indicators shape: torch.Size([16, 87]), sequence lengths shape: torch.Size([16, 1])
x shape: torch.Size([16, 87, 8])
mask shape: torch.Size([16, 87])
lstm_output shape: torch.Size([16, 87, 86])
fc_output shape: torch.Size([16, 87, 43])
context shape: torch.Size([16, 43])
attention_weights shape: torch.Size([16, 87, 1])
x shape after cause_specific_fc: torch.Size([16, 43])
hazard_preds shape: [torch.Size([16, 5475])]
res shape: torch.Size([16, 1, 5475])
Average Loss: 68.37890017986298
Patience Counter: 1
Epoch 27/50
features shape: torch.Size([16, 87, 8]), mask shape: torch.Size([16, 87]), time_to_event shape: torch.Size([16, 1]), event_indicator shape: torch.Size([16, 1]), time_to_events shape: torch.Size([16, 87]), event_indicators shape: torch.Size([16, 87]), sequence lengths shape: torch.Size([16, 1])
x shape: torch.Size([16, 87, 8])
mask shape: torch.Size([16, 87])
lstm_output shape: torch.Size([16, 87, 86])
fc_output shape: torch.Size([16, 87, 43])
context shape: torch.Size([16, 43])
attention_weights shape: torch.Size([16, 87, 1])
x shape after cause_specific_fc: torch.Size([16, 43])
hazard_preds shape: [torch.Size([16, 5475])]
res shape: torch.Size([16, 1, 5475])
Average Loss: 62.937534868717194
Epoch 28/50
features shape: torch.Size([16, 87, 8]), mask shape: torch.Size([16, 87]), time_to_event shape: torch.Size([16, 1]), event_indicator shape: torch.Size([16, 1]), time_to_events shape: torch.Size([16, 87]), event_indicators shape: torch.Size([16, 87]), sequence lengths shape: torch.Size([16, 1])
x shape: torch.Size([16, 87, 8])
mask shape: torch.Size([16, 87])
lstm_output shape: torch.Size([16, 87, 86])
fc_output shape: torch.Size([16, 87, 43])
context shape: torch.Size([16, 43])
attention_weights shape: torch.Size([16, 87, 1])
x shape after cause_specific_fc: torch.Size([16, 43])
hazard_preds shape: [torch.Size([16, 5475])]
res shape: torch.Size([16, 1, 5475])
Average Loss: 62.89807215452194
Epoch 29/50
features shape: torch.Size([16, 87, 8]), mask shape: torch.Size([16, 87]), time_to_event shape: torch.Size([16, 1]), event_indicator shape: torch.Size([16, 1]), time_to_events shape: torch.Size([16, 87]), event_indicators shape: torch.Size([16, 87]), sequence lengths shape: torch.Size([16, 1])
x shape: torch.Size([16, 87, 8])
mask shape: torch.Size([16, 87])
lstm_output shape: torch.Size([16, 87, 86])
fc_output shape: torch.Size([16, 87, 43])
context shape: torch.Size([16, 43])
attention_weights shape: torch.Size([16, 87, 1])
x shape after cause_specific_fc: torch.Size([16, 43])
hazard_preds shape: [torch.Size([16, 5475])]
res shape: torch.Size([16, 1, 5475])
Average Loss: 63.08006847381592
Patience Counter: 1
Epoch 30/50
features shape: torch.Size([16, 87, 8]), mask shape: torch.Size([16, 87]), time_to_event shape: torch.Size([16, 1]), event_indicator shape: torch.Size([16, 1]), time_to_events shape: torch.Size([16, 87]), event_indicators shape: torch.Size([16, 87]), sequence lengths shape: torch.Size([16, 1])
x shape: torch.Size([16, 87, 8])
mask shape: torch.Size([16, 87])
lstm_output shape: torch.Size([16, 87, 86])
fc_output shape: torch.Size([16, 87, 43])
context shape: torch.Size([16, 43])
attention_weights shape: torch.Size([16, 87, 1])
x shape after cause_specific_fc: torch.Size([16, 43])
hazard_preds shape: [torch.Size([16, 5475])]
res shape: torch.Size([16, 1, 5475])
Average Loss: 79.7009655213356
Patience Counter: 2
Epoch 31/50
features shape: torch.Size([16, 87, 8]), mask shape: torch.Size([16, 87]), time_to_event shape: torch.Size([16, 1]), event_indicator shape: torch.Size([16, 1]), time_to_events shape: torch.Size([16, 87]), event_indicators shape: torch.Size([16, 87]), sequence lengths shape: torch.Size([16, 1])
x shape: torch.Size([16, 87, 8])
mask shape: torch.Size([16, 87])
lstm_output shape: torch.Size([16, 87, 86])
fc_output shape: torch.Size([16, 87, 43])
context shape: torch.Size([16, 43])
attention_weights shape: torch.Size([16, 87, 1])
x shape after cause_specific_fc: torch.Size([16, 43])
hazard_preds shape: [torch.Size([16, 5475])]
res shape: torch.Size([16, 1, 5475])
Average Loss: 62.855427622795105
Epoch 32/50
features shape: torch.Size([16, 87, 8]), mask shape: torch.Size([16, 87]), time_to_event shape: torch.Size([16, 1]), event_indicator shape: torch.Size([16, 1]), time_to_events shape: torch.Size([16, 87]), event_indicators shape: torch.Size([16, 87]), sequence lengths shape: torch.Size([16, 1])
x shape: torch.Size([16, 87, 8])
mask shape: torch.Size([16, 87])
lstm_output shape: torch.Size([16, 87, 86])
fc_output shape: torch.Size([16, 87, 43])
context shape: torch.Size([16, 43])
attention_weights shape: torch.Size([16, 87, 1])
x shape after cause_specific_fc: torch.Size([16, 43])
hazard_preds shape: [torch.Size([16, 5475])]
res shape: torch.Size([16, 1, 5475])
Average Loss: 62.920880031585696
Patience Counter: 1
Epoch 33/50
features shape: torch.Size([16, 87, 8]), mask shape: torch.Size([16, 87]), time_to_event shape: torch.Size([16, 1]), event_indicator shape: torch.Size([16, 1]), time_to_events shape: torch.Size([16, 87]), event_indicators shape: torch.Size([16, 87]), sequence lengths shape: torch.Size([16, 1])
x shape: torch.Size([16, 87, 8])
mask shape: torch.Size([16, 87])
lstm_output shape: torch.Size([16, 87, 86])
fc_output shape: torch.Size([16, 87, 43])
context shape: torch.Size([16, 43])
attention_weights shape: torch.Size([16, 87, 1])
x shape after cause_specific_fc: torch.Size([16, 43])
hazard_preds shape: [torch.Size([16, 5475])]
res shape: torch.Size([16, 1, 5475])
Average Loss: 62.84330304145813
Epoch 34/50
features shape: torch.Size([16, 87, 8]), mask shape: torch.Size([16, 87]), time_to_event shape: torch.Size([16, 1]), event_indicator shape: torch.Size([16, 1]), time_to_events shape: torch.Size([16, 87]), event_indicators shape: torch.Size([16, 87]), sequence lengths shape: torch.Size([16, 1])
x shape: torch.Size([16, 87, 8])
mask shape: torch.Size([16, 87])
lstm_output shape: torch.Size([16, 87, 86])
fc_output shape: torch.Size([16, 87, 43])
context shape: torch.Size([16, 43])
attention_weights shape: torch.Size([16, 87, 1])
x shape after cause_specific_fc: torch.Size([16, 43])
hazard_preds shape: [torch.Size([16, 5475])]
res shape: torch.Size([16, 1, 5475])
Average Loss: 62.83139323711395
Epoch 35/50
features shape: torch.Size([16, 87, 8]), mask shape: torch.Size([16, 87]), time_to_event shape: torch.Size([16, 1]), event_indicator shape: torch.Size([16, 1]), time_to_events shape: torch.Size([16, 87]), event_indicators shape: torch.Size([16, 87]), sequence lengths shape: torch.Size([16, 1])
x shape: torch.Size([16, 87, 8])
mask shape: torch.Size([16, 87])
lstm_output shape: torch.Size([16, 87, 86])
fc_output shape: torch.Size([16, 87, 43])
context shape: torch.Size([16, 43])
attention_weights shape: torch.Size([16, 87, 1])
x shape after cause_specific_fc: torch.Size([16, 43])
hazard_preds shape: [torch.Size([16, 5475])]
res shape: torch.Size([16, 1, 5475])
Average Loss: 62.77452023983002
Epoch 36/50
features shape: torch.Size([16, 87, 8]), mask shape: torch.Size([16, 87]), time_to_event shape: torch.Size([16, 1]), event_indicator shape: torch.Size([16, 1]), time_to_events shape: torch.Size([16, 87]), event_indicators shape: torch.Size([16, 87]), sequence lengths shape: torch.Size([16, 1])
x shape: torch.Size([16, 87, 8])
mask shape: torch.Size([16, 87])
lstm_output shape: torch.Size([16, 87, 86])
fc_output shape: torch.Size([16, 87, 43])
context shape: torch.Size([16, 43])
attention_weights shape: torch.Size([16, 87, 1])
x shape after cause_specific_fc: torch.Size([16, 43])
hazard_preds shape: [torch.Size([16, 5475])]
res shape: torch.Size([16, 1, 5475])
Average Loss: 62.78143287658691
Patience Counter: 1
Epoch 37/50
features shape: torch.Size([16, 87, 8]), mask shape: torch.Size([16, 87]), time_to_event shape: torch.Size([16, 1]), event_indicator shape: torch.Size([16, 1]), time_to_events shape: torch.Size([16, 87]), event_indicators shape: torch.Size([16, 87]), sequence lengths shape: torch.Size([16, 1])
x shape: torch.Size([16, 87, 8])
mask shape: torch.Size([16, 87])
lstm_output shape: torch.Size([16, 87, 86])
fc_output shape: torch.Size([16, 87, 43])
context shape: torch.Size([16, 43])
attention_weights shape: torch.Size([16, 87, 1])
x shape after cause_specific_fc: torch.Size([16, 43])
hazard_preds shape: [torch.Size([16, 5475])]
res shape: torch.Size([16, 1, 5475])
Average Loss: 62.80744220733643
Patience Counter: 2
Epoch 38/50
features shape: torch.Size([16, 87, 8]), mask shape: torch.Size([16, 87]), time_to_event shape: torch.Size([16, 1]), event_indicator shape: torch.Size([16, 1]), time_to_events shape: torch.Size([16, 87]), event_indicators shape: torch.Size([16, 87]), sequence lengths shape: torch.Size([16, 1])
x shape: torch.Size([16, 87, 8])
mask shape: torch.Size([16, 87])
lstm_output shape: torch.Size([16, 87, 86])
fc_output shape: torch.Size([16, 87, 43])
context shape: torch.Size([16, 43])
attention_weights shape: torch.Size([16, 87, 1])
x shape after cause_specific_fc: torch.Size([16, 43])
hazard_preds shape: [torch.Size([16, 5475])]
res shape: torch.Size([16, 1, 5475])
Average Loss: 62.780205919742585
Patience Counter: 3
Epoch 39/50
features shape: torch.Size([16, 87, 8]), mask shape: torch.Size([16, 87]), time_to_event shape: torch.Size([16, 1]), event_indicator shape: torch.Size([16, 1]), time_to_events shape: torch.Size([16, 87]), event_indicators shape: torch.Size([16, 87]), sequence lengths shape: torch.Size([16, 1])
x shape: torch.Size([16, 87, 8])
mask shape: torch.Size([16, 87])
lstm_output shape: torch.Size([16, 87, 86])
fc_output shape: torch.Size([16, 87, 43])
context shape: torch.Size([16, 43])
attention_weights shape: torch.Size([16, 87, 1])
x shape after cause_specific_fc: torch.Size([16, 43])
hazard_preds shape: [torch.Size([16, 5475])]
res shape: torch.Size([16, 1, 5475])
Average Loss: 63.00256933927536
Patience Counter: 4
Epoch 40/50
features shape: torch.Size([16, 87, 8]), mask shape: torch.Size([16, 87]), time_to_event shape: torch.Size([16, 1]), event_indicator shape: torch.Size([16, 1]), time_to_events shape: torch.Size([16, 87]), event_indicators shape: torch.Size([16, 87]), sequence lengths shape: torch.Size([16, 1])
x shape: torch.Size([16, 87, 8])
mask shape: torch.Size([16, 87])
lstm_output shape: torch.Size([16, 87, 86])
fc_output shape: torch.Size([16, 87, 43])
context shape: torch.Size([16, 43])
attention_weights shape: torch.Size([16, 87, 1])
x shape after cause_specific_fc: torch.Size([16, 43])
hazard_preds shape: [torch.Size([16, 5475])]
res shape: torch.Size([16, 1, 5475])
Average Loss: 62.70790650844574
Epoch 41/50
features shape: torch.Size([16, 87, 8]), mask shape: torch.Size([16, 87]), time_to_event shape: torch.Size([16, 1]), event_indicator shape: torch.Size([16, 1]), time_to_events shape: torch.Size([16, 87]), event_indicators shape: torch.Size([16, 87]), sequence lengths shape: torch.Size([16, 1])
x shape: torch.Size([16, 87, 8])
mask shape: torch.Size([16, 87])
lstm_output shape: torch.Size([16, 87, 86])
fc_output shape: torch.Size([16, 87, 43])
context shape: torch.Size([16, 43])
attention_weights shape: torch.Size([16, 87, 1])
x shape after cause_specific_fc: torch.Size([16, 43])
hazard_preds shape: [torch.Size([16, 5475])]
res shape: torch.Size([16, 1, 5475])
Average Loss: 62.8345387506485
Patience Counter: 1
Epoch 42/50
features shape: torch.Size([16, 87, 8]), mask shape: torch.Size([16, 87]), time_to_event shape: torch.Size([16, 1]), event_indicator shape: torch.Size([16, 1]), time_to_events shape: torch.Size([16, 87]), event_indicators shape: torch.Size([16, 87]), sequence lengths shape: torch.Size([16, 1])
x shape: torch.Size([16, 87, 8])
mask shape: torch.Size([16, 87])
lstm_output shape: torch.Size([16, 87, 86])
fc_output shape: torch.Size([16, 87, 43])
context shape: torch.Size([16, 43])
attention_weights shape: torch.Size([16, 87, 1])
x shape after cause_specific_fc: torch.Size([16, 43])
hazard_preds shape: [torch.Size([16, 5475])]
res shape: torch.Size([16, 1, 5475])
Average Loss: 62.65342208385468
Epoch 43/50
features shape: torch.Size([16, 87, 8]), mask shape: torch.Size([16, 87]), time_to_event shape: torch.Size([16, 1]), event_indicator shape: torch.Size([16, 1]), time_to_events shape: torch.Size([16, 87]), event_indicators shape: torch.Size([16, 87]), sequence lengths shape: torch.Size([16, 1])
x shape: torch.Size([16, 87, 8])
mask shape: torch.Size([16, 87])
lstm_output shape: torch.Size([16, 87, 86])
fc_output shape: torch.Size([16, 87, 43])
context shape: torch.Size([16, 43])
attention_weights shape: torch.Size([16, 87, 1])
x shape after cause_specific_fc: torch.Size([16, 43])
hazard_preds shape: [torch.Size([16, 5475])]
res shape: torch.Size([16, 1, 5475])
Average Loss: 62.63714972019196
Epoch 44/50
features shape: torch.Size([16, 87, 8]), mask shape: torch.Size([16, 87]), time_to_event shape: torch.Size([16, 1]), event_indicator shape: torch.Size([16, 1]), time_to_events shape: torch.Size([16, 87]), event_indicators shape: torch.Size([16, 87]), sequence lengths shape: torch.Size([16, 1])
x shape: torch.Size([16, 87, 8])
mask shape: torch.Size([16, 87])
lstm_output shape: torch.Size([16, 87, 86])
fc_output shape: torch.Size([16, 87, 43])
context shape: torch.Size([16, 43])
attention_weights shape: torch.Size([16, 87, 1])
x shape after cause_specific_fc: torch.Size([16, 43])
hazard_preds shape: [torch.Size([16, 5475])]
res shape: torch.Size([16, 1, 5475])
Average Loss: 62.625818758010865
Epoch 45/50
features shape: torch.Size([16, 87, 8]), mask shape: torch.Size([16, 87]), time_to_event shape: torch.Size([16, 1]), event_indicator shape: torch.Size([16, 1]), time_to_events shape: torch.Size([16, 87]), event_indicators shape: torch.Size([16, 87]), sequence lengths shape: torch.Size([16, 1])
x shape: torch.Size([16, 87, 8])
mask shape: torch.Size([16, 87])
lstm_output shape: torch.Size([16, 87, 86])
fc_output shape: torch.Size([16, 87, 43])
context shape: torch.Size([16, 43])
attention_weights shape: torch.Size([16, 87, 1])
x shape after cause_specific_fc: torch.Size([16, 43])
hazard_preds shape: [torch.Size([16, 5475])]
res shape: torch.Size([16, 1, 5475])
Average Loss: 62.6387900531292
Patience Counter: 1
Epoch 46/50
features shape: torch.Size([16, 87, 8]), mask shape: torch.Size([16, 87]), time_to_event shape: torch.Size([16, 1]), event_indicator shape: torch.Size([16, 1]), time_to_events shape: torch.Size([16, 87]), event_indicators shape: torch.Size([16, 87]), sequence lengths shape: torch.Size([16, 1])
x shape: torch.Size([16, 87, 8])
mask shape: torch.Size([16, 87])
lstm_output shape: torch.Size([16, 87, 86])
fc_output shape: torch.Size([16, 87, 43])
context shape: torch.Size([16, 43])
attention_weights shape: torch.Size([16, 87, 1])
x shape after cause_specific_fc: torch.Size([16, 43])
hazard_preds shape: [torch.Size([16, 5475])]
res shape: torch.Size([16, 1, 5475])
Average Loss: 62.62278975963593
Epoch 47/50
features shape: torch.Size([16, 87, 8]), mask shape: torch.Size([16, 87]), time_to_event shape: torch.Size([16, 1]), event_indicator shape: torch.Size([16, 1]), time_to_events shape: torch.Size([16, 87]), event_indicators shape: torch.Size([16, 87]), sequence lengths shape: torch.Size([16, 1])
x shape: torch.Size([16, 87, 8])
mask shape: torch.Size([16, 87])
lstm_output shape: torch.Size([16, 87, 86])
fc_output shape: torch.Size([16, 87, 43])
context shape: torch.Size([16, 43])
attention_weights shape: torch.Size([16, 87, 1])
x shape after cause_specific_fc: torch.Size([16, 43])
hazard_preds shape: [torch.Size([16, 5475])]
res shape: torch.Size([16, 1, 5475])
Average Loss: 62.659696497917174
Patience Counter: 1
Epoch 48/50
features shape: torch.Size([16, 87, 8]), mask shape: torch.Size([16, 87]), time_to_event shape: torch.Size([16, 1]), event_indicator shape: torch.Size([16, 1]), time_to_events shape: torch.Size([16, 87]), event_indicators shape: torch.Size([16, 87]), sequence lengths shape: torch.Size([16, 1])
x shape: torch.Size([16, 87, 8])
mask shape: torch.Size([16, 87])
lstm_output shape: torch.Size([16, 87, 86])
fc_output shape: torch.Size([16, 87, 43])
context shape: torch.Size([16, 43])
attention_weights shape: torch.Size([16, 87, 1])
x shape after cause_specific_fc: torch.Size([16, 43])
hazard_preds shape: [torch.Size([16, 5475])]
res shape: torch.Size([16, 1, 5475])
Average Loss: 62.544299161434175
Epoch 49/50
features shape: torch.Size([16, 87, 8]), mask shape: torch.Size([16, 87]), time_to_event shape: torch.Size([16, 1]), event_indicator shape: torch.Size([16, 1]), time_to_events shape: torch.Size([16, 87]), event_indicators shape: torch.Size([16, 87]), sequence lengths shape: torch.Size([16, 1])
x shape: torch.Size([16, 87, 8])
mask shape: torch.Size([16, 87])
lstm_output shape: torch.Size([16, 87, 86])
fc_output shape: torch.Size([16, 87, 43])
context shape: torch.Size([16, 43])
attention_weights shape: torch.Size([16, 87, 1])
x shape after cause_specific_fc: torch.Size([16, 43])
hazard_preds shape: [torch.Size([16, 5475])]
res shape: torch.Size([16, 1, 5475])
Average Loss: 62.522396428585054
Epoch 50/50
features shape: torch.Size([16, 87, 8]), mask shape: torch.Size([16, 87]), time_to_event shape: torch.Size([16, 1]), event_indicator shape: torch.Size([16, 1]), time_to_events shape: torch.Size([16, 87]), event_indicators shape: torch.Size([16, 87]), sequence lengths shape: torch.Size([16, 1])
x shape: torch.Size([16, 87, 8])
mask shape: torch.Size([16, 87])
lstm_output shape: torch.Size([16, 87, 86])
fc_output shape: torch.Size([16, 87, 43])
context shape: torch.Size([16, 43])
attention_weights shape: torch.Size([16, 87, 1])
x shape after cause_specific_fc: torch.Size([16, 43])
hazard_preds shape: [torch.Size([16, 5475])]
res shape: torch.Size([16, 1, 5475])
Average Loss: 62.65726674556732
Patience Counter: 1
features shape: torch.Size([16, 87, 8]), mask shape: torch.Size([16, 87]), T shape: torch.Size([16, 1]), E shape: torch.Size([16, 1]) hazards shape: (16, 5475)
Processing subject 0 with time 1157 and event False hazards shape: [0.49436578]
all_E shape: (400,) first 10 values: [False  True False  True  True  True False  True  True False]
all_R shape: (400,) first 10 values: [0.49436578 0.48671177 0.4957375  0.4867098  0.4873851  0.48652017
 0.48599866 0.47529516 0.44129127 0.48415482]
all_T shape: (400,) first 10 values: [1157    0 1140    0    0    0    0 2652 2335    0]
Global test C-index (scikit-survival): 0.508 number of concordant pairs: 22351
Global test C-index: 0.508
features shape: torch.Size([16, 87, 8]), mask shape: torch.Size([16, 87]), T shape: torch.Size([16, 1]), E shape: torch.Size([16, 1]) hazards shape: (16, 5475)
Processing subject 0 with time 1157 and event False hazards shape: [0.48453414]
all_E shape: (400,) first 10 values: [False  True False  True  True  True False  True  True False]
all_R shape: (400,) first 10 values: [0.48453414 0.5379792  0.48897997 0.5381035  0.53731734 0.53795385
 0.5375439  0.47305262 0.5002801  0.5398468 ]
all_T shape: (400,) first 10 values: [1157    0 1140    0    0    0    0 2652 2335    0]
Global test C-index (scikit-survival): 0.779 number of concordant pairs: 34264
Global test C-index: 0.779
Saved model C-index: 0.7786, Current trial C-index: 0.5079
Saved model is better, keeping it
Using GPU: cuda:7
Running trial 5 for ExperimentScenario.EIGHT_FEATURES on device cuda:7
Train data path /home/minhn2/uiuc-kidney-failure/generated_data/rep99/eight_features_train_data.csv
Test data path /home/minhn2/uiuc-kidney-failure/generated_data/rep99/eight_features_test_data.csv
Number of patients: test 243 and train 400
Number of records: test 1100 and train 1856
Epoch 1/50
features shape: torch.Size([16, 87, 8]), mask shape: torch.Size([16, 87]), time_to_event shape: torch.Size([16, 1]), event_indicator shape: torch.Size([16, 1]), time_to_events shape: torch.Size([16, 87]), event_indicators shape: torch.Size([16, 87]), sequence lengths shape: torch.Size([16, 1])
x shape: torch.Size([16, 87, 8])
mask shape: torch.Size([16, 87])
lstm_output shape: torch.Size([16, 87, 214])
fc_output shape: torch.Size([16, 87, 107])
context shape: torch.Size([16, 107])
attention_weights shape: torch.Size([16, 87, 1])
x shape after cause_specific_fc: torch.Size([16, 107])
hazard_preds shape: [torch.Size([16, 5475])]
res shape: torch.Size([16, 1, 5475])
Average Loss: 20.77964746952057
Epoch 2/50
features shape: torch.Size([16, 87, 8]), mask shape: torch.Size([16, 87]), time_to_event shape: torch.Size([16, 1]), event_indicator shape: torch.Size([16, 1]), time_to_events shape: torch.Size([16, 87]), event_indicators shape: torch.Size([16, 87]), sequence lengths shape: torch.Size([16, 1])
x shape: torch.Size([16, 87, 8])
mask shape: torch.Size([16, 87])
lstm_output shape: torch.Size([16, 87, 214])
fc_output shape: torch.Size([16, 87, 107])
context shape: torch.Size([16, 107])
attention_weights shape: torch.Size([16, 87, 1])
x shape after cause_specific_fc: torch.Size([16, 107])
hazard_preds shape: [torch.Size([16, 5475])]
res shape: torch.Size([16, 1, 5475])
Average Loss: 20.5114386844635
Epoch 3/50
features shape: torch.Size([16, 87, 8]), mask shape: torch.Size([16, 87]), time_to_event shape: torch.Size([16, 1]), event_indicator shape: torch.Size([16, 1]), time_to_events shape: torch.Size([16, 87]), event_indicators shape: torch.Size([16, 87]), sequence lengths shape: torch.Size([16, 1])
x shape: torch.Size([16, 87, 8])
mask shape: torch.Size([16, 87])
lstm_output shape: torch.Size([16, 87, 214])
fc_output shape: torch.Size([16, 87, 107])
context shape: torch.Size([16, 107])
attention_weights shape: torch.Size([16, 87, 1])
x shape after cause_specific_fc: torch.Size([16, 107])
hazard_preds shape: [torch.Size([16, 5475])]
res shape: torch.Size([16, 1, 5475])
Average Loss: 21.227028501033782
Patience Counter: 1
Epoch 4/50
features shape: torch.Size([16, 87, 8]), mask shape: torch.Size([16, 87]), time_to_event shape: torch.Size([16, 1]), event_indicator shape: torch.Size([16, 1]), time_to_events shape: torch.Size([16, 87]), event_indicators shape: torch.Size([16, 87]), sequence lengths shape: torch.Size([16, 1])
x shape: torch.Size([16, 87, 8])
mask shape: torch.Size([16, 87])
lstm_output shape: torch.Size([16, 87, 214])
fc_output shape: torch.Size([16, 87, 107])
context shape: torch.Size([16, 107])
attention_weights shape: torch.Size([16, 87, 1])
x shape after cause_specific_fc: torch.Size([16, 107])
hazard_preds shape: [torch.Size([16, 5475])]
res shape: torch.Size([16, 1, 5475])
Average Loss: 54.673038232326505
Patience Counter: 2
Epoch 5/50
features shape: torch.Size([16, 87, 8]), mask shape: torch.Size([16, 87]), time_to_event shape: torch.Size([16, 1]), event_indicator shape: torch.Size([16, 1]), time_to_events shape: torch.Size([16, 87]), event_indicators shape: torch.Size([16, 87]), sequence lengths shape: torch.Size([16, 1])
x shape: torch.Size([16, 87, 8])
mask shape: torch.Size([16, 87])
lstm_output shape: torch.Size([16, 87, 214])
fc_output shape: torch.Size([16, 87, 107])
context shape: torch.Size([16, 107])
attention_weights shape: torch.Size([16, 87, 1])
x shape after cause_specific_fc: torch.Size([16, 107])
hazard_preds shape: [torch.Size([16, 5475])]
res shape: torch.Size([16, 1, 5475])
Average Loss: 20.200460996627807
Epoch 6/50
features shape: torch.Size([16, 87, 8]), mask shape: torch.Size([16, 87]), time_to_event shape: torch.Size([16, 1]), event_indicator shape: torch.Size([16, 1]), time_to_events shape: torch.Size([16, 87]), event_indicators shape: torch.Size([16, 87]), sequence lengths shape: torch.Size([16, 1])
x shape: torch.Size([16, 87, 8])
mask shape: torch.Size([16, 87])
lstm_output shape: torch.Size([16, 87, 214])
fc_output shape: torch.Size([16, 87, 107])
context shape: torch.Size([16, 107])
attention_weights shape: torch.Size([16, 87, 1])
x shape after cause_specific_fc: torch.Size([16, 107])
hazard_preds shape: [torch.Size([16, 5475])]
res shape: torch.Size([16, 1, 5475])
Average Loss: 20.154520452022552
Epoch 7/50
features shape: torch.Size([16, 87, 8]), mask shape: torch.Size([16, 87]), time_to_event shape: torch.Size([16, 1]), event_indicator shape: torch.Size([16, 1]), time_to_events shape: torch.Size([16, 87]), event_indicators shape: torch.Size([16, 87]), sequence lengths shape: torch.Size([16, 1])
x shape: torch.Size([16, 87, 8])
mask shape: torch.Size([16, 87])
lstm_output shape: torch.Size([16, 87, 214])
fc_output shape: torch.Size([16, 87, 107])
context shape: torch.Size([16, 107])
attention_weights shape: torch.Size([16, 87, 1])
x shape after cause_specific_fc: torch.Size([16, 107])
hazard_preds shape: [torch.Size([16, 5475])]
res shape: torch.Size([16, 1, 5475])
Average Loss: 20.148555800914764
Epoch 8/50
features shape: torch.Size([16, 87, 8]), mask shape: torch.Size([16, 87]), time_to_event shape: torch.Size([16, 1]), event_indicator shape: torch.Size([16, 1]), time_to_events shape: torch.Size([16, 87]), event_indicators shape: torch.Size([16, 87]), sequence lengths shape: torch.Size([16, 1])
x shape: torch.Size([16, 87, 8])
mask shape: torch.Size([16, 87])
lstm_output shape: torch.Size([16, 87, 214])
fc_output shape: torch.Size([16, 87, 107])
context shape: torch.Size([16, 107])
attention_weights shape: torch.Size([16, 87, 1])
x shape after cause_specific_fc: torch.Size([16, 107])
hazard_preds shape: [torch.Size([16, 5475])]
res shape: torch.Size([16, 1, 5475])
Average Loss: 20.08557727575302
Epoch 9/50
features shape: torch.Size([16, 87, 8]), mask shape: torch.Size([16, 87]), time_to_event shape: torch.Size([16, 1]), event_indicator shape: torch.Size([16, 1]), time_to_events shape: torch.Size([16, 87]), event_indicators shape: torch.Size([16, 87]), sequence lengths shape: torch.Size([16, 1])
x shape: torch.Size([16, 87, 8])
mask shape: torch.Size([16, 87])
lstm_output shape: torch.Size([16, 87, 214])
fc_output shape: torch.Size([16, 87, 107])
context shape: torch.Size([16, 107])
attention_weights shape: torch.Size([16, 87, 1])
x shape after cause_specific_fc: torch.Size([16, 107])
hazard_preds shape: [torch.Size([16, 5475])]
res shape: torch.Size([16, 1, 5475])
Average Loss: 20.820716004371643
Patience Counter: 1
Epoch 10/50
features shape: torch.Size([16, 87, 8]), mask shape: torch.Size([16, 87]), time_to_event shape: torch.Size([16, 1]), event_indicator shape: torch.Size([16, 1]), time_to_events shape: torch.Size([16, 87]), event_indicators shape: torch.Size([16, 87]), sequence lengths shape: torch.Size([16, 1])
x shape: torch.Size([16, 87, 8])
mask shape: torch.Size([16, 87])
lstm_output shape: torch.Size([16, 87, 214])
fc_output shape: torch.Size([16, 87, 107])
context shape: torch.Size([16, 107])
attention_weights shape: torch.Size([16, 87, 1])
x shape after cause_specific_fc: torch.Size([16, 107])
hazard_preds shape: [torch.Size([16, 5475])]
res shape: torch.Size([16, 1, 5475])
Average Loss: 20.169484779834747
Patience Counter: 2
Epoch 11/50
features shape: torch.Size([16, 87, 8]), mask shape: torch.Size([16, 87]), time_to_event shape: torch.Size([16, 1]), event_indicator shape: torch.Size([16, 1]), time_to_events shape: torch.Size([16, 87]), event_indicators shape: torch.Size([16, 87]), sequence lengths shape: torch.Size([16, 1])
x shape: torch.Size([16, 87, 8])
mask shape: torch.Size([16, 87])
lstm_output shape: torch.Size([16, 87, 214])
fc_output shape: torch.Size([16, 87, 107])
context shape: torch.Size([16, 107])
attention_weights shape: torch.Size([16, 87, 1])
x shape after cause_specific_fc: torch.Size([16, 107])
hazard_preds shape: [torch.Size([16, 5475])]
res shape: torch.Size([16, 1, 5475])
Average Loss: 20.059630942344665
Epoch 12/50
features shape: torch.Size([16, 87, 8]), mask shape: torch.Size([16, 87]), time_to_event shape: torch.Size([16, 1]), event_indicator shape: torch.Size([16, 1]), time_to_events shape: torch.Size([16, 87]), event_indicators shape: torch.Size([16, 87]), sequence lengths shape: torch.Size([16, 1])
x shape: torch.Size([16, 87, 8])
mask shape: torch.Size([16, 87])
lstm_output shape: torch.Size([16, 87, 214])
fc_output shape: torch.Size([16, 87, 107])
context shape: torch.Size([16, 107])
attention_weights shape: torch.Size([16, 87, 1])
x shape after cause_specific_fc: torch.Size([16, 107])
hazard_preds shape: [torch.Size([16, 5475])]
res shape: torch.Size([16, 1, 5475])
Average Loss: 21.689468719959258
Patience Counter: 1
Epoch 13/50
features shape: torch.Size([16, 87, 8]), mask shape: torch.Size([16, 87]), time_to_event shape: torch.Size([16, 1]), event_indicator shape: torch.Size([16, 1]), time_to_events shape: torch.Size([16, 87]), event_indicators shape: torch.Size([16, 87]), sequence lengths shape: torch.Size([16, 1])
x shape: torch.Size([16, 87, 8])
mask shape: torch.Size([16, 87])
lstm_output shape: torch.Size([16, 87, 214])
fc_output shape: torch.Size([16, 87, 107])
context shape: torch.Size([16, 107])
attention_weights shape: torch.Size([16, 87, 1])
x shape after cause_specific_fc: torch.Size([16, 107])
hazard_preds shape: [torch.Size([16, 5475])]
res shape: torch.Size([16, 1, 5475])
Average Loss: 19.991805448532105
Epoch 14/50
features shape: torch.Size([16, 87, 8]), mask shape: torch.Size([16, 87]), time_to_event shape: torch.Size([16, 1]), event_indicator shape: torch.Size([16, 1]), time_to_events shape: torch.Size([16, 87]), event_indicators shape: torch.Size([16, 87]), sequence lengths shape: torch.Size([16, 1])
x shape: torch.Size([16, 87, 8])
mask shape: torch.Size([16, 87])
lstm_output shape: torch.Size([16, 87, 214])
fc_output shape: torch.Size([16, 87, 107])
context shape: torch.Size([16, 107])
attention_weights shape: torch.Size([16, 87, 1])
x shape after cause_specific_fc: torch.Size([16, 107])
hazard_preds shape: [torch.Size([16, 5475])]
res shape: torch.Size([16, 1, 5475])
Average Loss: 20.040675609111787
Patience Counter: 1
Epoch 15/50
features shape: torch.Size([16, 87, 8]), mask shape: torch.Size([16, 87]), time_to_event shape: torch.Size([16, 1]), event_indicator shape: torch.Size([16, 1]), time_to_events shape: torch.Size([16, 87]), event_indicators shape: torch.Size([16, 87]), sequence lengths shape: torch.Size([16, 1])
x shape: torch.Size([16, 87, 8])
mask shape: torch.Size([16, 87])
lstm_output shape: torch.Size([16, 87, 214])
fc_output shape: torch.Size([16, 87, 107])
context shape: torch.Size([16, 107])
attention_weights shape: torch.Size([16, 87, 1])
x shape after cause_specific_fc: torch.Size([16, 107])
hazard_preds shape: [torch.Size([16, 5475])]
res shape: torch.Size([16, 1, 5475])
Average Loss: 19.96031170129776
Epoch 16/50
features shape: torch.Size([16, 87, 8]), mask shape: torch.Size([16, 87]), time_to_event shape: torch.Size([16, 1]), event_indicator shape: torch.Size([16, 1]), time_to_events shape: torch.Size([16, 87]), event_indicators shape: torch.Size([16, 87]), sequence lengths shape: torch.Size([16, 1])
x shape: torch.Size([16, 87, 8])
mask shape: torch.Size([16, 87])
lstm_output shape: torch.Size([16, 87, 214])
fc_output shape: torch.Size([16, 87, 107])
context shape: torch.Size([16, 107])
attention_weights shape: torch.Size([16, 87, 1])
x shape after cause_specific_fc: torch.Size([16, 107])
hazard_preds shape: [torch.Size([16, 5475])]
res shape: torch.Size([16, 1, 5475])
Average Loss: 20.072189905643462
Patience Counter: 1
Epoch 17/50
features shape: torch.Size([16, 87, 8]), mask shape: torch.Size([16, 87]), time_to_event shape: torch.Size([16, 1]), event_indicator shape: torch.Size([16, 1]), time_to_events shape: torch.Size([16, 87]), event_indicators shape: torch.Size([16, 87]), sequence lengths shape: torch.Size([16, 1])
x shape: torch.Size([16, 87, 8])
mask shape: torch.Size([16, 87])
lstm_output shape: torch.Size([16, 87, 214])
fc_output shape: torch.Size([16, 87, 107])
context shape: torch.Size([16, 107])
attention_weights shape: torch.Size([16, 87, 1])
x shape after cause_specific_fc: torch.Size([16, 107])
hazard_preds shape: [torch.Size([16, 5475])]
res shape: torch.Size([16, 1, 5475])
Average Loss: 19.857283611297607
Epoch 18/50
features shape: torch.Size([16, 87, 8]), mask shape: torch.Size([16, 87]), time_to_event shape: torch.Size([16, 1]), event_indicator shape: torch.Size([16, 1]), time_to_events shape: torch.Size([16, 87]), event_indicators shape: torch.Size([16, 87]), sequence lengths shape: torch.Size([16, 1])
x shape: torch.Size([16, 87, 8])
mask shape: torch.Size([16, 87])
lstm_output shape: torch.Size([16, 87, 214])
fc_output shape: torch.Size([16, 87, 107])
context shape: torch.Size([16, 107])
attention_weights shape: torch.Size([16, 87, 1])
x shape after cause_specific_fc: torch.Size([16, 107])
hazard_preds shape: [torch.Size([16, 5475])]
res shape: torch.Size([16, 1, 5475])
Average Loss: 19.84125526189804
Epoch 19/50
features shape: torch.Size([16, 87, 8]), mask shape: torch.Size([16, 87]), time_to_event shape: torch.Size([16, 1]), event_indicator shape: torch.Size([16, 1]), time_to_events shape: torch.Size([16, 87]), event_indicators shape: torch.Size([16, 87]), sequence lengths shape: torch.Size([16, 1])
x shape: torch.Size([16, 87, 8])
mask shape: torch.Size([16, 87])
lstm_output shape: torch.Size([16, 87, 214])
fc_output shape: torch.Size([16, 87, 107])
context shape: torch.Size([16, 107])
attention_weights shape: torch.Size([16, 87, 1])
x shape after cause_specific_fc: torch.Size([16, 107])
hazard_preds shape: [torch.Size([16, 5475])]
res shape: torch.Size([16, 1, 5475])
Average Loss: 19.81453463077545
Epoch 20/50
features shape: torch.Size([16, 87, 8]), mask shape: torch.Size([16, 87]), time_to_event shape: torch.Size([16, 1]), event_indicator shape: torch.Size([16, 1]), time_to_events shape: torch.Size([16, 87]), event_indicators shape: torch.Size([16, 87]), sequence lengths shape: torch.Size([16, 1])
x shape: torch.Size([16, 87, 8])
mask shape: torch.Size([16, 87])
lstm_output shape: torch.Size([16, 87, 214])
fc_output shape: torch.Size([16, 87, 107])
context shape: torch.Size([16, 107])
attention_weights shape: torch.Size([16, 87, 1])
x shape after cause_specific_fc: torch.Size([16, 107])
hazard_preds shape: [torch.Size([16, 5475])]
res shape: torch.Size([16, 1, 5475])
Average Loss: 19.769489731788635
Epoch 21/50
features shape: torch.Size([16, 87, 8]), mask shape: torch.Size([16, 87]), time_to_event shape: torch.Size([16, 1]), event_indicator shape: torch.Size([16, 1]), time_to_events shape: torch.Size([16, 87]), event_indicators shape: torch.Size([16, 87]), sequence lengths shape: torch.Size([16, 1])
x shape: torch.Size([16, 87, 8])
mask shape: torch.Size([16, 87])
lstm_output shape: torch.Size([16, 87, 214])
fc_output shape: torch.Size([16, 87, 107])
context shape: torch.Size([16, 107])
attention_weights shape: torch.Size([16, 87, 1])
x shape after cause_specific_fc: torch.Size([16, 107])
hazard_preds shape: [torch.Size([16, 5475])]
res shape: torch.Size([16, 1, 5475])
Average Loss: 19.842527120113374
Patience Counter: 1
Epoch 22/50
features shape: torch.Size([16, 87, 8]), mask shape: torch.Size([16, 87]), time_to_event shape: torch.Size([16, 1]), event_indicator shape: torch.Size([16, 1]), time_to_events shape: torch.Size([16, 87]), event_indicators shape: torch.Size([16, 87]), sequence lengths shape: torch.Size([16, 1])
x shape: torch.Size([16, 87, 8])
mask shape: torch.Size([16, 87])
lstm_output shape: torch.Size([16, 87, 214])
fc_output shape: torch.Size([16, 87, 107])
context shape: torch.Size([16, 107])
attention_weights shape: torch.Size([16, 87, 1])
x shape after cause_specific_fc: torch.Size([16, 107])
hazard_preds shape: [torch.Size([16, 5475])]
res shape: torch.Size([16, 1, 5475])
Average Loss: 19.7571807718277
Epoch 23/50
features shape: torch.Size([16, 87, 8]), mask shape: torch.Size([16, 87]), time_to_event shape: torch.Size([16, 1]), event_indicator shape: torch.Size([16, 1]), time_to_events shape: torch.Size([16, 87]), event_indicators shape: torch.Size([16, 87]), sequence lengths shape: torch.Size([16, 1])
x shape: torch.Size([16, 87, 8])
mask shape: torch.Size([16, 87])
lstm_output shape: torch.Size([16, 87, 214])
fc_output shape: torch.Size([16, 87, 107])
context shape: torch.Size([16, 107])
attention_weights shape: torch.Size([16, 87, 1])
x shape after cause_specific_fc: torch.Size([16, 107])
hazard_preds shape: [torch.Size([16, 5475])]
res shape: torch.Size([16, 1, 5475])
Average Loss: 19.70946084022522
Epoch 24/50
features shape: torch.Size([16, 87, 8]), mask shape: torch.Size([16, 87]), time_to_event shape: torch.Size([16, 1]), event_indicator shape: torch.Size([16, 1]), time_to_events shape: torch.Size([16, 87]), event_indicators shape: torch.Size([16, 87]), sequence lengths shape: torch.Size([16, 1])
x shape: torch.Size([16, 87, 8])
mask shape: torch.Size([16, 87])
lstm_output shape: torch.Size([16, 87, 214])
fc_output shape: torch.Size([16, 87, 107])
context shape: torch.Size([16, 107])
attention_weights shape: torch.Size([16, 87, 1])
x shape after cause_specific_fc: torch.Size([16, 107])
hazard_preds shape: [torch.Size([16, 5475])]
res shape: torch.Size([16, 1, 5475])
Average Loss: 20.391840488910674
Patience Counter: 1
Epoch 25/50
features shape: torch.Size([16, 87, 8]), mask shape: torch.Size([16, 87]), time_to_event shape: torch.Size([16, 1]), event_indicator shape: torch.Size([16, 1]), time_to_events shape: torch.Size([16, 87]), event_indicators shape: torch.Size([16, 87]), sequence lengths shape: torch.Size([16, 1])
x shape: torch.Size([16, 87, 8])
mask shape: torch.Size([16, 87])
lstm_output shape: torch.Size([16, 87, 214])
fc_output shape: torch.Size([16, 87, 107])
context shape: torch.Size([16, 107])
attention_weights shape: torch.Size([16, 87, 1])
x shape after cause_specific_fc: torch.Size([16, 107])
hazard_preds shape: [torch.Size([16, 5475])]
res shape: torch.Size([16, 1, 5475])
Average Loss: 19.754969308376314
Patience Counter: 2
Epoch 26/50
features shape: torch.Size([16, 87, 8]), mask shape: torch.Size([16, 87]), time_to_event shape: torch.Size([16, 1]), event_indicator shape: torch.Size([16, 1]), time_to_events shape: torch.Size([16, 87]), event_indicators shape: torch.Size([16, 87]), sequence lengths shape: torch.Size([16, 1])
x shape: torch.Size([16, 87, 8])
mask shape: torch.Size([16, 87])
lstm_output shape: torch.Size([16, 87, 214])
fc_output shape: torch.Size([16, 87, 107])
context shape: torch.Size([16, 107])
attention_weights shape: torch.Size([16, 87, 1])
x shape after cause_specific_fc: torch.Size([16, 107])
hazard_preds shape: [torch.Size([16, 5475])]
res shape: torch.Size([16, 1, 5475])
Average Loss: 19.625951600074767
Epoch 27/50
features shape: torch.Size([16, 87, 8]), mask shape: torch.Size([16, 87]), time_to_event shape: torch.Size([16, 1]), event_indicator shape: torch.Size([16, 1]), time_to_events shape: torch.Size([16, 87]), event_indicators shape: torch.Size([16, 87]), sequence lengths shape: torch.Size([16, 1])
x shape: torch.Size([16, 87, 8])
mask shape: torch.Size([16, 87])
lstm_output shape: torch.Size([16, 87, 214])
fc_output shape: torch.Size([16, 87, 107])
context shape: torch.Size([16, 107])
attention_weights shape: torch.Size([16, 87, 1])
x shape after cause_specific_fc: torch.Size([16, 107])
hazard_preds shape: [torch.Size([16, 5475])]
res shape: torch.Size([16, 1, 5475])
Average Loss: 19.582541592121125
Epoch 28/50
features shape: torch.Size([16, 87, 8]), mask shape: torch.Size([16, 87]), time_to_event shape: torch.Size([16, 1]), event_indicator shape: torch.Size([16, 1]), time_to_events shape: torch.Size([16, 87]), event_indicators shape: torch.Size([16, 87]), sequence lengths shape: torch.Size([16, 1])
x shape: torch.Size([16, 87, 8])
mask shape: torch.Size([16, 87])
lstm_output shape: torch.Size([16, 87, 214])
fc_output shape: torch.Size([16, 87, 107])
context shape: torch.Size([16, 107])
attention_weights shape: torch.Size([16, 87, 1])
x shape after cause_specific_fc: torch.Size([16, 107])
hazard_preds shape: [torch.Size([16, 5475])]
res shape: torch.Size([16, 1, 5475])
Average Loss: 19.553274054527282
Epoch 29/50
features shape: torch.Size([16, 87, 8]), mask shape: torch.Size([16, 87]), time_to_event shape: torch.Size([16, 1]), event_indicator shape: torch.Size([16, 1]), time_to_events shape: torch.Size([16, 87]), event_indicators shape: torch.Size([16, 87]), sequence lengths shape: torch.Size([16, 1])
x shape: torch.Size([16, 87, 8])
mask shape: torch.Size([16, 87])
lstm_output shape: torch.Size([16, 87, 214])
fc_output shape: torch.Size([16, 87, 107])
context shape: torch.Size([16, 107])
attention_weights shape: torch.Size([16, 87, 1])
x shape after cause_specific_fc: torch.Size([16, 107])
hazard_preds shape: [torch.Size([16, 5475])]
res shape: torch.Size([16, 1, 5475])
Average Loss: 19.616891798973082
Patience Counter: 1
Epoch 30/50
features shape: torch.Size([16, 87, 8]), mask shape: torch.Size([16, 87]), time_to_event shape: torch.Size([16, 1]), event_indicator shape: torch.Size([16, 1]), time_to_events shape: torch.Size([16, 87]), event_indicators shape: torch.Size([16, 87]), sequence lengths shape: torch.Size([16, 1])
x shape: torch.Size([16, 87, 8])
mask shape: torch.Size([16, 87])
lstm_output shape: torch.Size([16, 87, 214])
fc_output shape: torch.Size([16, 87, 107])
context shape: torch.Size([16, 107])
attention_weights shape: torch.Size([16, 87, 1])
x shape after cause_specific_fc: torch.Size([16, 107])
hazard_preds shape: [torch.Size([16, 5475])]
res shape: torch.Size([16, 1, 5475])
Average Loss: 19.49213160276413
Epoch 31/50
features shape: torch.Size([16, 87, 8]), mask shape: torch.Size([16, 87]), time_to_event shape: torch.Size([16, 1]), event_indicator shape: torch.Size([16, 1]), time_to_events shape: torch.Size([16, 87]), event_indicators shape: torch.Size([16, 87]), sequence lengths shape: torch.Size([16, 1])
x shape: torch.Size([16, 87, 8])
mask shape: torch.Size([16, 87])
lstm_output shape: torch.Size([16, 87, 214])
fc_output shape: torch.Size([16, 87, 107])
context shape: torch.Size([16, 107])
attention_weights shape: torch.Size([16, 87, 1])
x shape after cause_specific_fc: torch.Size([16, 107])
hazard_preds shape: [torch.Size([16, 5475])]
res shape: torch.Size([16, 1, 5475])
Average Loss: 19.451733934879304
Epoch 32/50
features shape: torch.Size([16, 87, 8]), mask shape: torch.Size([16, 87]), time_to_event shape: torch.Size([16, 1]), event_indicator shape: torch.Size([16, 1]), time_to_events shape: torch.Size([16, 87]), event_indicators shape: torch.Size([16, 87]), sequence lengths shape: torch.Size([16, 1])
x shape: torch.Size([16, 87, 8])
mask shape: torch.Size([16, 87])
lstm_output shape: torch.Size([16, 87, 214])
fc_output shape: torch.Size([16, 87, 107])
context shape: torch.Size([16, 107])
attention_weights shape: torch.Size([16, 87, 1])
x shape after cause_specific_fc: torch.Size([16, 107])
hazard_preds shape: [torch.Size([16, 5475])]
res shape: torch.Size([16, 1, 5475])
Average Loss: 19.45878338098526
Patience Counter: 1
Epoch 33/50
features shape: torch.Size([16, 87, 8]), mask shape: torch.Size([16, 87]), time_to_event shape: torch.Size([16, 1]), event_indicator shape: torch.Size([16, 1]), time_to_events shape: torch.Size([16, 87]), event_indicators shape: torch.Size([16, 87]), sequence lengths shape: torch.Size([16, 1])
x shape: torch.Size([16, 87, 8])
mask shape: torch.Size([16, 87])
lstm_output shape: torch.Size([16, 87, 214])
fc_output shape: torch.Size([16, 87, 107])
context shape: torch.Size([16, 107])
attention_weights shape: torch.Size([16, 87, 1])
x shape after cause_specific_fc: torch.Size([16, 107])
hazard_preds shape: [torch.Size([16, 5475])]
res shape: torch.Size([16, 1, 5475])
Average Loss: 19.40225806236267
Epoch 34/50
features shape: torch.Size([16, 87, 8]), mask shape: torch.Size([16, 87]), time_to_event shape: torch.Size([16, 1]), event_indicator shape: torch.Size([16, 1]), time_to_events shape: torch.Size([16, 87]), event_indicators shape: torch.Size([16, 87]), sequence lengths shape: torch.Size([16, 1])
x shape: torch.Size([16, 87, 8])
mask shape: torch.Size([16, 87])
lstm_output shape: torch.Size([16, 87, 214])
fc_output shape: torch.Size([16, 87, 107])
context shape: torch.Size([16, 107])
attention_weights shape: torch.Size([16, 87, 1])
x shape after cause_specific_fc: torch.Size([16, 107])
hazard_preds shape: [torch.Size([16, 5475])]
res shape: torch.Size([16, 1, 5475])
Average Loss: 19.366020610332487
Epoch 35/50
features shape: torch.Size([16, 87, 8]), mask shape: torch.Size([16, 87]), time_to_event shape: torch.Size([16, 1]), event_indicator shape: torch.Size([16, 1]), time_to_events shape: torch.Size([16, 87]), event_indicators shape: torch.Size([16, 87]), sequence lengths shape: torch.Size([16, 1])
x shape: torch.Size([16, 87, 8])
mask shape: torch.Size([16, 87])
lstm_output shape: torch.Size([16, 87, 214])
fc_output shape: torch.Size([16, 87, 107])
context shape: torch.Size([16, 107])
attention_weights shape: torch.Size([16, 87, 1])
x shape after cause_specific_fc: torch.Size([16, 107])
hazard_preds shape: [torch.Size([16, 5475])]
res shape: torch.Size([16, 1, 5475])
Average Loss: 19.304458167552948
Epoch 36/50
features shape: torch.Size([16, 87, 8]), mask shape: torch.Size([16, 87]), time_to_event shape: torch.Size([16, 1]), event_indicator shape: torch.Size([16, 1]), time_to_events shape: torch.Size([16, 87]), event_indicators shape: torch.Size([16, 87]), sequence lengths shape: torch.Size([16, 1])
x shape: torch.Size([16, 87, 8])
mask shape: torch.Size([16, 87])
lstm_output shape: torch.Size([16, 87, 214])
fc_output shape: torch.Size([16, 87, 107])
context shape: torch.Size([16, 107])
attention_weights shape: torch.Size([16, 87, 1])
x shape after cause_specific_fc: torch.Size([16, 107])
hazard_preds shape: [torch.Size([16, 5475])]
res shape: torch.Size([16, 1, 5475])
Average Loss: 39.625317730903625
Patience Counter: 1
Epoch 37/50
features shape: torch.Size([16, 87, 8]), mask shape: torch.Size([16, 87]), time_to_event shape: torch.Size([16, 1]), event_indicator shape: torch.Size([16, 1]), time_to_events shape: torch.Size([16, 87]), event_indicators shape: torch.Size([16, 87]), sequence lengths shape: torch.Size([16, 1])
x shape: torch.Size([16, 87, 8])
mask shape: torch.Size([16, 87])
lstm_output shape: torch.Size([16, 87, 214])
fc_output shape: torch.Size([16, 87, 107])
context shape: torch.Size([16, 107])
attention_weights shape: torch.Size([16, 87, 1])
x shape after cause_specific_fc: torch.Size([16, 107])
hazard_preds shape: [torch.Size([16, 5475])]
res shape: torch.Size([16, 1, 5475])
Average Loss: 19.409125809669494
Patience Counter: 2
Epoch 38/50
features shape: torch.Size([16, 87, 8]), mask shape: torch.Size([16, 87]), time_to_event shape: torch.Size([16, 1]), event_indicator shape: torch.Size([16, 1]), time_to_events shape: torch.Size([16, 87]), event_indicators shape: torch.Size([16, 87]), sequence lengths shape: torch.Size([16, 1])
x shape: torch.Size([16, 87, 8])
mask shape: torch.Size([16, 87])
lstm_output shape: torch.Size([16, 87, 214])
fc_output shape: torch.Size([16, 87, 107])
context shape: torch.Size([16, 107])
attention_weights shape: torch.Size([16, 87, 1])
x shape after cause_specific_fc: torch.Size([16, 107])
hazard_preds shape: [torch.Size([16, 5475])]
res shape: torch.Size([16, 1, 5475])
Average Loss: 19.3903125333786
Patience Counter: 3
Epoch 39/50
features shape: torch.Size([16, 87, 8]), mask shape: torch.Size([16, 87]), time_to_event shape: torch.Size([16, 1]), event_indicator shape: torch.Size([16, 1]), time_to_events shape: torch.Size([16, 87]), event_indicators shape: torch.Size([16, 87]), sequence lengths shape: torch.Size([16, 1])
x shape: torch.Size([16, 87, 8])
mask shape: torch.Size([16, 87])
lstm_output shape: torch.Size([16, 87, 214])
fc_output shape: torch.Size([16, 87, 107])
context shape: torch.Size([16, 107])
attention_weights shape: torch.Size([16, 87, 1])
x shape after cause_specific_fc: torch.Size([16, 107])
hazard_preds shape: [torch.Size([16, 5475])]
res shape: torch.Size([16, 1, 5475])
Average Loss: 19.350732610225677
Patience Counter: 4
Epoch 40/50
features shape: torch.Size([16, 87, 8]), mask shape: torch.Size([16, 87]), time_to_event shape: torch.Size([16, 1]), event_indicator shape: torch.Size([16, 1]), time_to_events shape: torch.Size([16, 87]), event_indicators shape: torch.Size([16, 87]), sequence lengths shape: torch.Size([16, 1])
x shape: torch.Size([16, 87, 8])
mask shape: torch.Size([16, 87])
lstm_output shape: torch.Size([16, 87, 214])
fc_output shape: torch.Size([16, 87, 107])
context shape: torch.Size([16, 107])
attention_weights shape: torch.Size([16, 87, 1])
x shape after cause_specific_fc: torch.Size([16, 107])
hazard_preds shape: [torch.Size([16, 5475])]
res shape: torch.Size([16, 1, 5475])
Average Loss: 19.30661597251892
Patience Counter: 5
Early stopping triggered
features shape: torch.Size([16, 87, 8]), mask shape: torch.Size([16, 87]), T shape: torch.Size([16, 1]), E shape: torch.Size([16, 1]) hazards shape: (16, 5475)
Processing subject 0 with time 1157 and event False hazards shape: [0.4819766]
all_E shape: (400,) first 10 values: [False  True False  True  True  True False  True  True False]
all_R shape: (400,) first 10 values: [0.4819766  0.545137   0.494857   0.54603314 0.5463208  0.5450409
 0.5450383  0.5110113  0.47400662 0.54600185]
all_T shape: (400,) first 10 values: [1157    0 1140    0    0    0    0 2652 2335    0]
Global test C-index (scikit-survival): 0.761 number of concordant pairs: 33481
Global test C-index: 0.761
features shape: torch.Size([16, 87, 8]), mask shape: torch.Size([16, 87]), T shape: torch.Size([16, 1]), E shape: torch.Size([16, 1]) hazards shape: (16, 5475)
Processing subject 0 with time 1157 and event False hazards shape: [0.48453414]
all_E shape: (400,) first 10 values: [False  True False  True  True  True False  True  True False]
all_R shape: (400,) first 10 values: [0.48453414 0.5379792  0.48897997 0.5381035  0.53731734 0.53795385
 0.5375439  0.47305262 0.5002801  0.5398468 ]
all_T shape: (400,) first 10 values: [1157    0 1140    0    0    0    0 2652 2335    0]
Global test C-index (scikit-survival): 0.779 number of concordant pairs: 34264
Global test C-index: 0.779
Saved model C-index: 0.7786, Current trial C-index: 0.7608
Saved model is better, keeping it
Using GPU: cuda:6
Running trial 6 for ExperimentScenario.EIGHT_FEATURES on device cuda:6
Train data path /home/minhn2/uiuc-kidney-failure/generated_data/rep99/eight_features_train_data.csv
Test data path /home/minhn2/uiuc-kidney-failure/generated_data/rep99/eight_features_test_data.csv
Number of patients: test 243 and train 400
Number of records: test 1100 and train 1856
Epoch 1/50
features shape: torch.Size([16, 87, 8]), mask shape: torch.Size([16, 87]), time_to_event shape: torch.Size([16, 1]), event_indicator shape: torch.Size([16, 1]), time_to_events shape: torch.Size([16, 87]), event_indicators shape: torch.Size([16, 87]), sequence lengths shape: torch.Size([16, 1])
x shape: torch.Size([16, 87, 8])
mask shape: torch.Size([16, 87])
lstm_output shape: torch.Size([16, 87, 76])
fc_output shape: torch.Size([16, 87, 38])
context shape: torch.Size([16, 38])
attention_weights shape: torch.Size([16, 87, 1])
x shape after cause_specific_fc: torch.Size([16, 38])
hazard_preds shape: [torch.Size([16, 5475])]
res shape: torch.Size([16, 1, 5475])
Average Loss: 582816942.5498763
Epoch 2/50
features shape: torch.Size([16, 87, 8]), mask shape: torch.Size([16, 87]), time_to_event shape: torch.Size([16, 1]), event_indicator shape: torch.Size([16, 1]), time_to_events shape: torch.Size([16, 87]), event_indicators shape: torch.Size([16, 87]), sequence lengths shape: torch.Size([16, 1])
x shape: torch.Size([16, 87, 8])
mask shape: torch.Size([16, 87])
lstm_output shape: torch.Size([16, 87, 76])
fc_output shape: torch.Size([16, 87, 38])
context shape: torch.Size([16, 38])
attention_weights shape: torch.Size([16, 87, 1])
x shape after cause_specific_fc: torch.Size([16, 38])
hazard_preds shape: [torch.Size([16, 5475])]
res shape: torch.Size([16, 1, 5475])
Average Loss: 629.6819152498246
Epoch 3/50
features shape: torch.Size([16, 87, 8]), mask shape: torch.Size([16, 87]), time_to_event shape: torch.Size([16, 1]), event_indicator shape: torch.Size([16, 1]), time_to_events shape: torch.Size([16, 87]), event_indicators shape: torch.Size([16, 87]), sequence lengths shape: torch.Size([16, 1])
x shape: torch.Size([16, 87, 8])
mask shape: torch.Size([16, 87])
lstm_output shape: torch.Size([16, 87, 76])
fc_output shape: torch.Size([16, 87, 38])
context shape: torch.Size([16, 38])
attention_weights shape: torch.Size([16, 87, 1])
x shape after cause_specific_fc: torch.Size([16, 38])
hazard_preds shape: [torch.Size([16, 5475])]
res shape: torch.Size([16, 1, 5475])
Average Loss: 20.19289841890335
Epoch 4/50
features shape: torch.Size([16, 87, 8]), mask shape: torch.Size([16, 87]), time_to_event shape: torch.Size([16, 1]), event_indicator shape: torch.Size([16, 1]), time_to_events shape: torch.Size([16, 87]), event_indicators shape: torch.Size([16, 87]), sequence lengths shape: torch.Size([16, 1])
x shape: torch.Size([16, 87, 8])
mask shape: torch.Size([16, 87])
lstm_output shape: torch.Size([16, 87, 76])
fc_output shape: torch.Size([16, 87, 38])
context shape: torch.Size([16, 38])
attention_weights shape: torch.Size([16, 87, 1])
x shape after cause_specific_fc: torch.Size([16, 38])
hazard_preds shape: [torch.Size([16, 5475])]
res shape: torch.Size([16, 1, 5475])
Average Loss: 16.258524119853973
Epoch 5/50
features shape: torch.Size([16, 87, 8]), mask shape: torch.Size([16, 87]), time_to_event shape: torch.Size([16, 1]), event_indicator shape: torch.Size([16, 1]), time_to_events shape: torch.Size([16, 87]), event_indicators shape: torch.Size([16, 87]), sequence lengths shape: torch.Size([16, 1])
x shape: torch.Size([16, 87, 8])
mask shape: torch.Size([16, 87])
lstm_output shape: torch.Size([16, 87, 76])
fc_output shape: torch.Size([16, 87, 38])
context shape: torch.Size([16, 38])
attention_weights shape: torch.Size([16, 87, 1])
x shape after cause_specific_fc: torch.Size([16, 38])
hazard_preds shape: [torch.Size([16, 5475])]
res shape: torch.Size([16, 1, 5475])
Average Loss: 16.237382006645202
Epoch 6/50
features shape: torch.Size([16, 87, 8]), mask shape: torch.Size([16, 87]), time_to_event shape: torch.Size([16, 1]), event_indicator shape: torch.Size([16, 1]), time_to_events shape: torch.Size([16, 87]), event_indicators shape: torch.Size([16, 87]), sequence lengths shape: torch.Size([16, 1])
x shape: torch.Size([16, 87, 8])
mask shape: torch.Size([16, 87])
lstm_output shape: torch.Size([16, 87, 76])
fc_output shape: torch.Size([16, 87, 38])
context shape: torch.Size([16, 38])
attention_weights shape: torch.Size([16, 87, 1])
x shape after cause_specific_fc: torch.Size([16, 38])
hazard_preds shape: [torch.Size([16, 5475])]
res shape: torch.Size([16, 1, 5475])
Average Loss: 26.519762799739837
Patience Counter: 1
Epoch 7/50
features shape: torch.Size([16, 87, 8]), mask shape: torch.Size([16, 87]), time_to_event shape: torch.Size([16, 1]), event_indicator shape: torch.Size([16, 1]), time_to_events shape: torch.Size([16, 87]), event_indicators shape: torch.Size([16, 87]), sequence lengths shape: torch.Size([16, 1])
x shape: torch.Size([16, 87, 8])
mask shape: torch.Size([16, 87])
lstm_output shape: torch.Size([16, 87, 76])
fc_output shape: torch.Size([16, 87, 38])
context shape: torch.Size([16, 38])
attention_weights shape: torch.Size([16, 87, 1])
x shape after cause_specific_fc: torch.Size([16, 38])
hazard_preds shape: [torch.Size([16, 5475])]
res shape: torch.Size([16, 1, 5475])
Average Loss: 17.174296085834502
Patience Counter: 2
Epoch 8/50
features shape: torch.Size([16, 87, 8]), mask shape: torch.Size([16, 87]), time_to_event shape: torch.Size([16, 1]), event_indicator shape: torch.Size([16, 1]), time_to_events shape: torch.Size([16, 87]), event_indicators shape: torch.Size([16, 87]), sequence lengths shape: torch.Size([16, 1])
x shape: torch.Size([16, 87, 8])
mask shape: torch.Size([16, 87])
lstm_output shape: torch.Size([16, 87, 76])
fc_output shape: torch.Size([16, 87, 38])
context shape: torch.Size([16, 38])
attention_weights shape: torch.Size([16, 87, 1])
x shape after cause_specific_fc: torch.Size([16, 38])
hazard_preds shape: [torch.Size([16, 5475])]
res shape: torch.Size([16, 1, 5475])
Average Loss: 18.7256122136116
Patience Counter: 3
Epoch 9/50
features shape: torch.Size([16, 87, 8]), mask shape: torch.Size([16, 87]), time_to_event shape: torch.Size([16, 1]), event_indicator shape: torch.Size([16, 1]), time_to_events shape: torch.Size([16, 87]), event_indicators shape: torch.Size([16, 87]), sequence lengths shape: torch.Size([16, 1])
x shape: torch.Size([16, 87, 8])
mask shape: torch.Size([16, 87])
lstm_output shape: torch.Size([16, 87, 76])
fc_output shape: torch.Size([16, 87, 38])
context shape: torch.Size([16, 38])
attention_weights shape: torch.Size([16, 87, 1])
x shape after cause_specific_fc: torch.Size([16, 38])
hazard_preds shape: [torch.Size([16, 5475])]
res shape: torch.Size([16, 1, 5475])
Average Loss: 16.052967176437377
Epoch 10/50
features shape: torch.Size([16, 87, 8]), mask shape: torch.Size([16, 87]), time_to_event shape: torch.Size([16, 1]), event_indicator shape: torch.Size([16, 1]), time_to_events shape: torch.Size([16, 87]), event_indicators shape: torch.Size([16, 87]), sequence lengths shape: torch.Size([16, 1])
x shape: torch.Size([16, 87, 8])
mask shape: torch.Size([16, 87])
lstm_output shape: torch.Size([16, 87, 76])
fc_output shape: torch.Size([16, 87, 38])
context shape: torch.Size([16, 38])
attention_weights shape: torch.Size([16, 87, 1])
x shape after cause_specific_fc: torch.Size([16, 38])
hazard_preds shape: [torch.Size([16, 5475])]
res shape: torch.Size([16, 1, 5475])
Average Loss: 15.98740669965744
Epoch 11/50
features shape: torch.Size([16, 87, 8]), mask shape: torch.Size([16, 87]), time_to_event shape: torch.Size([16, 1]), event_indicator shape: torch.Size([16, 1]), time_to_events shape: torch.Size([16, 87]), event_indicators shape: torch.Size([16, 87]), sequence lengths shape: torch.Size([16, 1])
x shape: torch.Size([16, 87, 8])
mask shape: torch.Size([16, 87])
lstm_output shape: torch.Size([16, 87, 76])
fc_output shape: torch.Size([16, 87, 38])
context shape: torch.Size([16, 38])
attention_weights shape: torch.Size([16, 87, 1])
x shape after cause_specific_fc: torch.Size([16, 38])
hazard_preds shape: [torch.Size([16, 5475])]
res shape: torch.Size([16, 1, 5475])
Average Loss: 37.336747708320615
Patience Counter: 1
Epoch 12/50
features shape: torch.Size([16, 87, 8]), mask shape: torch.Size([16, 87]), time_to_event shape: torch.Size([16, 1]), event_indicator shape: torch.Size([16, 1]), time_to_events shape: torch.Size([16, 87]), event_indicators shape: torch.Size([16, 87]), sequence lengths shape: torch.Size([16, 1])
x shape: torch.Size([16, 87, 8])
mask shape: torch.Size([16, 87])
lstm_output shape: torch.Size([16, 87, 76])
fc_output shape: torch.Size([16, 87, 38])
context shape: torch.Size([16, 38])
attention_weights shape: torch.Size([16, 87, 1])
x shape after cause_specific_fc: torch.Size([16, 38])
hazard_preds shape: [torch.Size([16, 5475])]
res shape: torch.Size([16, 1, 5475])
Average Loss: 16.02017084121704
Patience Counter: 2
Epoch 13/50
features shape: torch.Size([16, 87, 8]), mask shape: torch.Size([16, 87]), time_to_event shape: torch.Size([16, 1]), event_indicator shape: torch.Size([16, 1]), time_to_events shape: torch.Size([16, 87]), event_indicators shape: torch.Size([16, 87]), sequence lengths shape: torch.Size([16, 1])
x shape: torch.Size([16, 87, 8])
mask shape: torch.Size([16, 87])
lstm_output shape: torch.Size([16, 87, 76])
fc_output shape: torch.Size([16, 87, 38])
context shape: torch.Size([16, 38])
attention_weights shape: torch.Size([16, 87, 1])
x shape after cause_specific_fc: torch.Size([16, 38])
hazard_preds shape: [torch.Size([16, 5475])]
res shape: torch.Size([16, 1, 5475])
Average Loss: 16.500156972408295
Patience Counter: 3
Epoch 14/50
features shape: torch.Size([16, 87, 8]), mask shape: torch.Size([16, 87]), time_to_event shape: torch.Size([16, 1]), event_indicator shape: torch.Size([16, 1]), time_to_events shape: torch.Size([16, 87]), event_indicators shape: torch.Size([16, 87]), sequence lengths shape: torch.Size([16, 1])
x shape: torch.Size([16, 87, 8])
mask shape: torch.Size([16, 87])
lstm_output shape: torch.Size([16, 87, 76])
fc_output shape: torch.Size([16, 87, 38])
context shape: torch.Size([16, 38])
attention_weights shape: torch.Size([16, 87, 1])
x shape after cause_specific_fc: torch.Size([16, 38])
hazard_preds shape: [torch.Size([16, 5475])]
res shape: torch.Size([16, 1, 5475])
Average Loss: 16.315331792831422
Patience Counter: 4
Epoch 15/50
features shape: torch.Size([16, 87, 8]), mask shape: torch.Size([16, 87]), time_to_event shape: torch.Size([16, 1]), event_indicator shape: torch.Size([16, 1]), time_to_events shape: torch.Size([16, 87]), event_indicators shape: torch.Size([16, 87]), sequence lengths shape: torch.Size([16, 1])
x shape: torch.Size([16, 87, 8])
mask shape: torch.Size([16, 87])
lstm_output shape: torch.Size([16, 87, 76])
fc_output shape: torch.Size([16, 87, 38])
context shape: torch.Size([16, 38])
attention_weights shape: torch.Size([16, 87, 1])
x shape after cause_specific_fc: torch.Size([16, 38])
hazard_preds shape: [torch.Size([16, 5475])]
res shape: torch.Size([16, 1, 5475])
Average Loss: 16.745063483715057
Patience Counter: 5
Early stopping triggered
features shape: torch.Size([16, 87, 8]), mask shape: torch.Size([16, 87]), T shape: torch.Size([16, 1]), E shape: torch.Size([16, 1]) hazards shape: (16, 5475)
Processing subject 0 with time 1157 and event False hazards shape: [0.5617001]
all_E shape: (400,) first 10 values: [False  True False  True  True  True False  True  True False]
all_R shape: (400,) first 10 values: [0.5617001  0.82448345 0.5031779  0.8253988  0.8260453  0.8247555
 0.8255256  0.5865655  0.1813449  0.82910866]
all_T shape: (400,) first 10 values: [1157    0 1140    0    0    0    0 2652 2335    0]
Global test C-index (scikit-survival): 0.771 number of concordant pairs: 33950
Global test C-index: 0.771
features shape: torch.Size([16, 87, 8]), mask shape: torch.Size([16, 87]), T shape: torch.Size([16, 1]), E shape: torch.Size([16, 1]) hazards shape: (16, 5475)
Processing subject 0 with time 1157 and event False hazards shape: [0.48453414]
all_E shape: (400,) first 10 values: [False  True False  True  True  True False  True  True False]
all_R shape: (400,) first 10 values: [0.48453414 0.5379792  0.48897997 0.5381035  0.53731734 0.53795385
 0.5375439  0.47305262 0.5002801  0.5398468 ]
all_T shape: (400,) first 10 values: [1157    0 1140    0    0    0    0 2652 2335    0]
Global test C-index (scikit-survival): 0.779 number of concordant pairs: 34264
Global test C-index: 0.779
Saved model C-index: 0.7786, Current trial C-index: 0.7715
Saved model is better, keeping it
Using GPU: cuda:5
Running trial 7 for ExperimentScenario.EIGHT_FEATURES on device cuda:5
Train data path /home/minhn2/uiuc-kidney-failure/generated_data/rep99/eight_features_train_data.csv
Test data path /home/minhn2/uiuc-kidney-failure/generated_data/rep99/eight_features_test_data.csv
Number of patients: test 243 and train 400
Number of records: test 1100 and train 1856
Epoch 1/50
features shape: torch.Size([16, 87, 8]), mask shape: torch.Size([16, 87]), time_to_event shape: torch.Size([16, 1]), event_indicator shape: torch.Size([16, 1]), time_to_events shape: torch.Size([16, 87]), event_indicators shape: torch.Size([16, 87]), sequence lengths shape: torch.Size([16, 1])
x shape: torch.Size([16, 87, 8])
mask shape: torch.Size([16, 87])
lstm_output shape: torch.Size([16, 87, 70])
fc_output shape: torch.Size([16, 87, 35])
context shape: torch.Size([16, 35])
attention_weights shape: torch.Size([16, 87, 1])
x shape after cause_specific_fc: torch.Size([16, 35])
hazard_preds shape: [torch.Size([16, 5475])]
res shape: torch.Size([16, 1, 5475])
Average Loss: 48.3263516497612
Epoch 2/50
features shape: torch.Size([16, 87, 8]), mask shape: torch.Size([16, 87]), time_to_event shape: torch.Size([16, 1]), event_indicator shape: torch.Size([16, 1]), time_to_events shape: torch.Size([16, 87]), event_indicators shape: torch.Size([16, 87]), sequence lengths shape: torch.Size([16, 1])
x shape: torch.Size([16, 87, 8])
mask shape: torch.Size([16, 87])
lstm_output shape: torch.Size([16, 87, 70])
fc_output shape: torch.Size([16, 87, 35])
context shape: torch.Size([16, 35])
attention_weights shape: torch.Size([16, 87, 1])
x shape after cause_specific_fc: torch.Size([16, 35])
hazard_preds shape: [torch.Size([16, 5475])]
res shape: torch.Size([16, 1, 5475])
Average Loss: 572.4124512672424
Patience Counter: 1
Epoch 3/50
features shape: torch.Size([16, 87, 8]), mask shape: torch.Size([16, 87]), time_to_event shape: torch.Size([16, 1]), event_indicator shape: torch.Size([16, 1]), time_to_events shape: torch.Size([16, 87]), event_indicators shape: torch.Size([16, 87]), sequence lengths shape: torch.Size([16, 1])
x shape: torch.Size([16, 87, 8])
mask shape: torch.Size([16, 87])
lstm_output shape: torch.Size([16, 87, 70])
fc_output shape: torch.Size([16, 87, 35])
context shape: torch.Size([16, 35])
attention_weights shape: torch.Size([16, 87, 1])
x shape after cause_specific_fc: torch.Size([16, 35])
hazard_preds shape: [torch.Size([16, 5475])]
res shape: torch.Size([16, 1, 5475])
Average Loss: 46.88769047021866
Epoch 4/50
features shape: torch.Size([16, 87, 8]), mask shape: torch.Size([16, 87]), time_to_event shape: torch.Size([16, 1]), event_indicator shape: torch.Size([16, 1]), time_to_events shape: torch.Size([16, 87]), event_indicators shape: torch.Size([16, 87]), sequence lengths shape: torch.Size([16, 1])
x shape: torch.Size([16, 87, 8])
mask shape: torch.Size([16, 87])
lstm_output shape: torch.Size([16, 87, 70])
fc_output shape: torch.Size([16, 87, 35])
context shape: torch.Size([16, 35])
attention_weights shape: torch.Size([16, 87, 1])
x shape after cause_specific_fc: torch.Size([16, 35])
hazard_preds shape: [torch.Size([16, 5475])]
res shape: torch.Size([16, 1, 5475])
Average Loss: 46.98490694522857
Patience Counter: 1
Epoch 5/50
features shape: torch.Size([16, 87, 8]), mask shape: torch.Size([16, 87]), time_to_event shape: torch.Size([16, 1]), event_indicator shape: torch.Size([16, 1]), time_to_events shape: torch.Size([16, 87]), event_indicators shape: torch.Size([16, 87]), sequence lengths shape: torch.Size([16, 1])
x shape: torch.Size([16, 87, 8])
mask shape: torch.Size([16, 87])
lstm_output shape: torch.Size([16, 87, 70])
fc_output shape: torch.Size([16, 87, 35])
context shape: torch.Size([16, 35])
attention_weights shape: torch.Size([16, 87, 1])
x shape after cause_specific_fc: torch.Size([16, 35])
hazard_preds shape: [torch.Size([16, 5475])]
res shape: torch.Size([16, 1, 5475])
Average Loss: 46.90360543727875
Patience Counter: 2
Epoch 6/50
features shape: torch.Size([16, 87, 8]), mask shape: torch.Size([16, 87]), time_to_event shape: torch.Size([16, 1]), event_indicator shape: torch.Size([16, 1]), time_to_events shape: torch.Size([16, 87]), event_indicators shape: torch.Size([16, 87]), sequence lengths shape: torch.Size([16, 1])
x shape: torch.Size([16, 87, 8])
mask shape: torch.Size([16, 87])
lstm_output shape: torch.Size([16, 87, 70])
fc_output shape: torch.Size([16, 87, 35])
context shape: torch.Size([16, 35])
attention_weights shape: torch.Size([16, 87, 1])
x shape after cause_specific_fc: torch.Size([16, 35])
hazard_preds shape: [torch.Size([16, 5475])]
res shape: torch.Size([16, 1, 5475])
Average Loss: 46.84417549848556
Epoch 7/50
features shape: torch.Size([16, 87, 8]), mask shape: torch.Size([16, 87]), time_to_event shape: torch.Size([16, 1]), event_indicator shape: torch.Size([16, 1]), time_to_events shape: torch.Size([16, 87]), event_indicators shape: torch.Size([16, 87]), sequence lengths shape: torch.Size([16, 1])
x shape: torch.Size([16, 87, 8])
mask shape: torch.Size([16, 87])
lstm_output shape: torch.Size([16, 87, 70])
fc_output shape: torch.Size([16, 87, 35])
context shape: torch.Size([16, 35])
attention_weights shape: torch.Size([16, 87, 1])
x shape after cause_specific_fc: torch.Size([16, 35])
hazard_preds shape: [torch.Size([16, 5475])]
res shape: torch.Size([16, 1, 5475])
Average Loss: 46.798117995262146
Epoch 8/50
features shape: torch.Size([16, 87, 8]), mask shape: torch.Size([16, 87]), time_to_event shape: torch.Size([16, 1]), event_indicator shape: torch.Size([16, 1]), time_to_events shape: torch.Size([16, 87]), event_indicators shape: torch.Size([16, 87]), sequence lengths shape: torch.Size([16, 1])
x shape: torch.Size([16, 87, 8])
mask shape: torch.Size([16, 87])
lstm_output shape: torch.Size([16, 87, 70])
fc_output shape: torch.Size([16, 87, 35])
context shape: torch.Size([16, 35])
attention_weights shape: torch.Size([16, 87, 1])
x shape after cause_specific_fc: torch.Size([16, 35])
hazard_preds shape: [torch.Size([16, 5475])]
res shape: torch.Size([16, 1, 5475])
Average Loss: 46.73853870630264
Epoch 9/50
features shape: torch.Size([16, 87, 8]), mask shape: torch.Size([16, 87]), time_to_event shape: torch.Size([16, 1]), event_indicator shape: torch.Size([16, 1]), time_to_events shape: torch.Size([16, 87]), event_indicators shape: torch.Size([16, 87]), sequence lengths shape: torch.Size([16, 1])
x shape: torch.Size([16, 87, 8])
mask shape: torch.Size([16, 87])
lstm_output shape: torch.Size([16, 87, 70])
fc_output shape: torch.Size([16, 87, 35])
context shape: torch.Size([16, 35])
attention_weights shape: torch.Size([16, 87, 1])
x shape after cause_specific_fc: torch.Size([16, 35])
hazard_preds shape: [torch.Size([16, 5475])]
res shape: torch.Size([16, 1, 5475])
Average Loss: 46.64360622644424
Epoch 10/50
features shape: torch.Size([16, 87, 8]), mask shape: torch.Size([16, 87]), time_to_event shape: torch.Size([16, 1]), event_indicator shape: torch.Size([16, 1]), time_to_events shape: torch.Size([16, 87]), event_indicators shape: torch.Size([16, 87]), sequence lengths shape: torch.Size([16, 1])
x shape: torch.Size([16, 87, 8])
mask shape: torch.Size([16, 87])
lstm_output shape: torch.Size([16, 87, 70])
fc_output shape: torch.Size([16, 87, 35])
context shape: torch.Size([16, 35])
attention_weights shape: torch.Size([16, 87, 1])
x shape after cause_specific_fc: torch.Size([16, 35])
hazard_preds shape: [torch.Size([16, 5475])]
res shape: torch.Size([16, 1, 5475])
Average Loss: 46.60940027475357
Epoch 11/50
features shape: torch.Size([16, 87, 8]), mask shape: torch.Size([16, 87]), time_to_event shape: torch.Size([16, 1]), event_indicator shape: torch.Size([16, 1]), time_to_events shape: torch.Size([16, 87]), event_indicators shape: torch.Size([16, 87]), sequence lengths shape: torch.Size([16, 1])
x shape: torch.Size([16, 87, 8])
mask shape: torch.Size([16, 87])
lstm_output shape: torch.Size([16, 87, 70])
fc_output shape: torch.Size([16, 87, 35])
context shape: torch.Size([16, 35])
attention_weights shape: torch.Size([16, 87, 1])
x shape after cause_specific_fc: torch.Size([16, 35])
hazard_preds shape: [torch.Size([16, 5475])]
res shape: torch.Size([16, 1, 5475])
Average Loss: 46.50179102659226
Epoch 12/50
features shape: torch.Size([16, 87, 8]), mask shape: torch.Size([16, 87]), time_to_event shape: torch.Size([16, 1]), event_indicator shape: torch.Size([16, 1]), time_to_events shape: torch.Size([16, 87]), event_indicators shape: torch.Size([16, 87]), sequence lengths shape: torch.Size([16, 1])
x shape: torch.Size([16, 87, 8])
mask shape: torch.Size([16, 87])
lstm_output shape: torch.Size([16, 87, 70])
fc_output shape: torch.Size([16, 87, 35])
context shape: torch.Size([16, 35])
attention_weights shape: torch.Size([16, 87, 1])
x shape after cause_specific_fc: torch.Size([16, 35])
hazard_preds shape: [torch.Size([16, 5475])]
res shape: torch.Size([16, 1, 5475])
Average Loss: 46.44227214097977
Epoch 13/50
features shape: torch.Size([16, 87, 8]), mask shape: torch.Size([16, 87]), time_to_event shape: torch.Size([16, 1]), event_indicator shape: torch.Size([16, 1]), time_to_events shape: torch.Size([16, 87]), event_indicators shape: torch.Size([16, 87]), sequence lengths shape: torch.Size([16, 1])
x shape: torch.Size([16, 87, 8])
mask shape: torch.Size([16, 87])
lstm_output shape: torch.Size([16, 87, 70])
fc_output shape: torch.Size([16, 87, 35])
context shape: torch.Size([16, 35])
attention_weights shape: torch.Size([16, 87, 1])
x shape after cause_specific_fc: torch.Size([16, 35])
hazard_preds shape: [torch.Size([16, 5475])]
res shape: torch.Size([16, 1, 5475])
Average Loss: 46.36891536712646
Epoch 14/50
features shape: torch.Size([16, 87, 8]), mask shape: torch.Size([16, 87]), time_to_event shape: torch.Size([16, 1]), event_indicator shape: torch.Size([16, 1]), time_to_events shape: torch.Size([16, 87]), event_indicators shape: torch.Size([16, 87]), sequence lengths shape: torch.Size([16, 1])
x shape: torch.Size([16, 87, 8])
mask shape: torch.Size([16, 87])
lstm_output shape: torch.Size([16, 87, 70])
fc_output shape: torch.Size([16, 87, 35])
context shape: torch.Size([16, 35])
attention_weights shape: torch.Size([16, 87, 1])
x shape after cause_specific_fc: torch.Size([16, 35])
hazard_preds shape: [torch.Size([16, 5475])]
res shape: torch.Size([16, 1, 5475])
Average Loss: 46.28417650222778
Epoch 15/50
features shape: torch.Size([16, 87, 8]), mask shape: torch.Size([16, 87]), time_to_event shape: torch.Size([16, 1]), event_indicator shape: torch.Size([16, 1]), time_to_events shape: torch.Size([16, 87]), event_indicators shape: torch.Size([16, 87]), sequence lengths shape: torch.Size([16, 1])
x shape: torch.Size([16, 87, 8])
mask shape: torch.Size([16, 87])
lstm_output shape: torch.Size([16, 87, 70])
fc_output shape: torch.Size([16, 87, 35])
context shape: torch.Size([16, 35])
attention_weights shape: torch.Size([16, 87, 1])
x shape after cause_specific_fc: torch.Size([16, 35])
hazard_preds shape: [torch.Size([16, 5475])]
res shape: torch.Size([16, 1, 5475])
Average Loss: 46.23885278701782
Epoch 16/50
features shape: torch.Size([16, 87, 8]), mask shape: torch.Size([16, 87]), time_to_event shape: torch.Size([16, 1]), event_indicator shape: torch.Size([16, 1]), time_to_events shape: torch.Size([16, 87]), event_indicators shape: torch.Size([16, 87]), sequence lengths shape: torch.Size([16, 1])
x shape: torch.Size([16, 87, 8])
mask shape: torch.Size([16, 87])
lstm_output shape: torch.Size([16, 87, 70])
fc_output shape: torch.Size([16, 87, 35])
context shape: torch.Size([16, 35])
attention_weights shape: torch.Size([16, 87, 1])
x shape after cause_specific_fc: torch.Size([16, 35])
hazard_preds shape: [torch.Size([16, 5475])]
res shape: torch.Size([16, 1, 5475])
Average Loss: 46.20445442199707
Epoch 17/50
features shape: torch.Size([16, 87, 8]), mask shape: torch.Size([16, 87]), time_to_event shape: torch.Size([16, 1]), event_indicator shape: torch.Size([16, 1]), time_to_events shape: torch.Size([16, 87]), event_indicators shape: torch.Size([16, 87]), sequence lengths shape: torch.Size([16, 1])
x shape: torch.Size([16, 87, 8])
mask shape: torch.Size([16, 87])
lstm_output shape: torch.Size([16, 87, 70])
fc_output shape: torch.Size([16, 87, 35])
context shape: torch.Size([16, 35])
attention_weights shape: torch.Size([16, 87, 1])
x shape after cause_specific_fc: torch.Size([16, 35])
hazard_preds shape: [torch.Size([16, 5475])]
res shape: torch.Size([16, 1, 5475])
Average Loss: 46.06323343515396
Epoch 18/50
features shape: torch.Size([16, 87, 8]), mask shape: torch.Size([16, 87]), time_to_event shape: torch.Size([16, 1]), event_indicator shape: torch.Size([16, 1]), time_to_events shape: torch.Size([16, 87]), event_indicators shape: torch.Size([16, 87]), sequence lengths shape: torch.Size([16, 1])
x shape: torch.Size([16, 87, 8])
mask shape: torch.Size([16, 87])
lstm_output shape: torch.Size([16, 87, 70])
fc_output shape: torch.Size([16, 87, 35])
context shape: torch.Size([16, 35])
attention_weights shape: torch.Size([16, 87, 1])
x shape after cause_specific_fc: torch.Size([16, 35])
hazard_preds shape: [torch.Size([16, 5475])]
res shape: torch.Size([16, 1, 5475])
Average Loss: 45.97520603656769
Epoch 19/50
features shape: torch.Size([16, 87, 8]), mask shape: torch.Size([16, 87]), time_to_event shape: torch.Size([16, 1]), event_indicator shape: torch.Size([16, 1]), time_to_events shape: torch.Size([16, 87]), event_indicators shape: torch.Size([16, 87]), sequence lengths shape: torch.Size([16, 1])
x shape: torch.Size([16, 87, 8])
mask shape: torch.Size([16, 87])
lstm_output shape: torch.Size([16, 87, 70])
fc_output shape: torch.Size([16, 87, 35])
context shape: torch.Size([16, 35])
attention_weights shape: torch.Size([16, 87, 1])
x shape after cause_specific_fc: torch.Size([16, 35])
hazard_preds shape: [torch.Size([16, 5475])]
res shape: torch.Size([16, 1, 5475])
Average Loss: 45.908032078742984
Epoch 20/50
features shape: torch.Size([16, 87, 8]), mask shape: torch.Size([16, 87]), time_to_event shape: torch.Size([16, 1]), event_indicator shape: torch.Size([16, 1]), time_to_events shape: torch.Size([16, 87]), event_indicators shape: torch.Size([16, 87]), sequence lengths shape: torch.Size([16, 1])
x shape: torch.Size([16, 87, 8])
mask shape: torch.Size([16, 87])
lstm_output shape: torch.Size([16, 87, 70])
fc_output shape: torch.Size([16, 87, 35])
context shape: torch.Size([16, 35])
attention_weights shape: torch.Size([16, 87, 1])
x shape after cause_specific_fc: torch.Size([16, 35])
hazard_preds shape: [torch.Size([16, 5475])]
res shape: torch.Size([16, 1, 5475])
Average Loss: 45.831567523479464
Epoch 21/50
features shape: torch.Size([16, 87, 8]), mask shape: torch.Size([16, 87]), time_to_event shape: torch.Size([16, 1]), event_indicator shape: torch.Size([16, 1]), time_to_events shape: torch.Size([16, 87]), event_indicators shape: torch.Size([16, 87]), sequence lengths shape: torch.Size([16, 1])
x shape: torch.Size([16, 87, 8])
mask shape: torch.Size([16, 87])
lstm_output shape: torch.Size([16, 87, 70])
fc_output shape: torch.Size([16, 87, 35])
context shape: torch.Size([16, 35])
attention_weights shape: torch.Size([16, 87, 1])
x shape after cause_specific_fc: torch.Size([16, 35])
hazard_preds shape: [torch.Size([16, 5475])]
res shape: torch.Size([16, 1, 5475])
Average Loss: 45.814191608428956
Epoch 22/50
features shape: torch.Size([16, 87, 8]), mask shape: torch.Size([16, 87]), time_to_event shape: torch.Size([16, 1]), event_indicator shape: torch.Size([16, 1]), time_to_events shape: torch.Size([16, 87]), event_indicators shape: torch.Size([16, 87]), sequence lengths shape: torch.Size([16, 1])
x shape: torch.Size([16, 87, 8])
mask shape: torch.Size([16, 87])
lstm_output shape: torch.Size([16, 87, 70])
fc_output shape: torch.Size([16, 87, 35])
context shape: torch.Size([16, 35])
attention_weights shape: torch.Size([16, 87, 1])
x shape after cause_specific_fc: torch.Size([16, 35])
hazard_preds shape: [torch.Size([16, 5475])]
res shape: torch.Size([16, 1, 5475])
Average Loss: 45.82251055955887
Patience Counter: 1
Epoch 23/50
features shape: torch.Size([16, 87, 8]), mask shape: torch.Size([16, 87]), time_to_event shape: torch.Size([16, 1]), event_indicator shape: torch.Size([16, 1]), time_to_events shape: torch.Size([16, 87]), event_indicators shape: torch.Size([16, 87]), sequence lengths shape: torch.Size([16, 1])
x shape: torch.Size([16, 87, 8])
mask shape: torch.Size([16, 87])
lstm_output shape: torch.Size([16, 87, 70])
fc_output shape: torch.Size([16, 87, 35])
context shape: torch.Size([16, 35])
attention_weights shape: torch.Size([16, 87, 1])
x shape after cause_specific_fc: torch.Size([16, 35])
hazard_preds shape: [torch.Size([16, 5475])]
res shape: torch.Size([16, 1, 5475])
Average Loss: 45.58696041107178
Epoch 24/50
features shape: torch.Size([16, 87, 8]), mask shape: torch.Size([16, 87]), time_to_event shape: torch.Size([16, 1]), event_indicator shape: torch.Size([16, 1]), time_to_events shape: torch.Size([16, 87]), event_indicators shape: torch.Size([16, 87]), sequence lengths shape: torch.Size([16, 1])
x shape: torch.Size([16, 87, 8])
mask shape: torch.Size([16, 87])
lstm_output shape: torch.Size([16, 87, 70])
fc_output shape: torch.Size([16, 87, 35])
context shape: torch.Size([16, 35])
attention_weights shape: torch.Size([16, 87, 1])
x shape after cause_specific_fc: torch.Size([16, 35])
hazard_preds shape: [torch.Size([16, 5475])]
res shape: torch.Size([16, 1, 5475])
Average Loss: 45.51284390926361
Epoch 25/50
features shape: torch.Size([16, 87, 8]), mask shape: torch.Size([16, 87]), time_to_event shape: torch.Size([16, 1]), event_indicator shape: torch.Size([16, 1]), time_to_events shape: torch.Size([16, 87]), event_indicators shape: torch.Size([16, 87]), sequence lengths shape: torch.Size([16, 1])
x shape: torch.Size([16, 87, 8])
mask shape: torch.Size([16, 87])
lstm_output shape: torch.Size([16, 87, 70])
fc_output shape: torch.Size([16, 87, 35])
context shape: torch.Size([16, 35])
attention_weights shape: torch.Size([16, 87, 1])
x shape after cause_specific_fc: torch.Size([16, 35])
hazard_preds shape: [torch.Size([16, 5475])]
res shape: torch.Size([16, 1, 5475])
Average Loss: 45.425823822021485
Epoch 26/50
features shape: torch.Size([16, 87, 8]), mask shape: torch.Size([16, 87]), time_to_event shape: torch.Size([16, 1]), event_indicator shape: torch.Size([16, 1]), time_to_events shape: torch.Size([16, 87]), event_indicators shape: torch.Size([16, 87]), sequence lengths shape: torch.Size([16, 1])
x shape: torch.Size([16, 87, 8])
mask shape: torch.Size([16, 87])
lstm_output shape: torch.Size([16, 87, 70])
fc_output shape: torch.Size([16, 87, 35])
context shape: torch.Size([16, 35])
attention_weights shape: torch.Size([16, 87, 1])
x shape after cause_specific_fc: torch.Size([16, 35])
hazard_preds shape: [torch.Size([16, 5475])]
res shape: torch.Size([16, 1, 5475])
Average Loss: 45.33313315868378
Epoch 27/50
features shape: torch.Size([16, 87, 8]), mask shape: torch.Size([16, 87]), time_to_event shape: torch.Size([16, 1]), event_indicator shape: torch.Size([16, 1]), time_to_events shape: torch.Size([16, 87]), event_indicators shape: torch.Size([16, 87]), sequence lengths shape: torch.Size([16, 1])
x shape: torch.Size([16, 87, 8])
mask shape: torch.Size([16, 87])
lstm_output shape: torch.Size([16, 87, 70])
fc_output shape: torch.Size([16, 87, 35])
context shape: torch.Size([16, 35])
attention_weights shape: torch.Size([16, 87, 1])
x shape after cause_specific_fc: torch.Size([16, 35])
hazard_preds shape: [torch.Size([16, 5475])]
res shape: torch.Size([16, 1, 5475])
Average Loss: 45.25191278219223
Epoch 28/50
features shape: torch.Size([16, 87, 8]), mask shape: torch.Size([16, 87]), time_to_event shape: torch.Size([16, 1]), event_indicator shape: torch.Size([16, 1]), time_to_events shape: torch.Size([16, 87]), event_indicators shape: torch.Size([16, 87]), sequence lengths shape: torch.Size([16, 1])
x shape: torch.Size([16, 87, 8])
mask shape: torch.Size([16, 87])
lstm_output shape: torch.Size([16, 87, 70])
fc_output shape: torch.Size([16, 87, 35])
context shape: torch.Size([16, 35])
attention_weights shape: torch.Size([16, 87, 1])
x shape after cause_specific_fc: torch.Size([16, 35])
hazard_preds shape: [torch.Size([16, 5475])]
res shape: torch.Size([16, 1, 5475])
Average Loss: 45.159617733955386
Epoch 29/50
features shape: torch.Size([16, 87, 8]), mask shape: torch.Size([16, 87]), time_to_event shape: torch.Size([16, 1]), event_indicator shape: torch.Size([16, 1]), time_to_events shape: torch.Size([16, 87]), event_indicators shape: torch.Size([16, 87]), sequence lengths shape: torch.Size([16, 1])
x shape: torch.Size([16, 87, 8])
mask shape: torch.Size([16, 87])
lstm_output shape: torch.Size([16, 87, 70])
fc_output shape: torch.Size([16, 87, 35])
context shape: torch.Size([16, 35])
attention_weights shape: torch.Size([16, 87, 1])
x shape after cause_specific_fc: torch.Size([16, 35])
hazard_preds shape: [torch.Size([16, 5475])]
res shape: torch.Size([16, 1, 5475])
Average Loss: 45.0960474729538
Epoch 30/50
features shape: torch.Size([16, 87, 8]), mask shape: torch.Size([16, 87]), time_to_event shape: torch.Size([16, 1]), event_indicator shape: torch.Size([16, 1]), time_to_events shape: torch.Size([16, 87]), event_indicators shape: torch.Size([16, 87]), sequence lengths shape: torch.Size([16, 1])
x shape: torch.Size([16, 87, 8])
mask shape: torch.Size([16, 87])
lstm_output shape: torch.Size([16, 87, 70])
fc_output shape: torch.Size([16, 87, 35])
context shape: torch.Size([16, 35])
attention_weights shape: torch.Size([16, 87, 1])
x shape after cause_specific_fc: torch.Size([16, 35])
hazard_preds shape: [torch.Size([16, 5475])]
res shape: torch.Size([16, 1, 5475])
Average Loss: 44.98161834955216
Epoch 31/50
features shape: torch.Size([16, 87, 8]), mask shape: torch.Size([16, 87]), time_to_event shape: torch.Size([16, 1]), event_indicator shape: torch.Size([16, 1]), time_to_events shape: torch.Size([16, 87]), event_indicators shape: torch.Size([16, 87]), sequence lengths shape: torch.Size([16, 1])
x shape: torch.Size([16, 87, 8])
mask shape: torch.Size([16, 87])
lstm_output shape: torch.Size([16, 87, 70])
fc_output shape: torch.Size([16, 87, 35])
context shape: torch.Size([16, 35])
attention_weights shape: torch.Size([16, 87, 1])
x shape after cause_specific_fc: torch.Size([16, 35])
hazard_preds shape: [torch.Size([16, 5475])]
res shape: torch.Size([16, 1, 5475])
Average Loss: 44.91490403175354
Epoch 32/50
features shape: torch.Size([16, 87, 8]), mask shape: torch.Size([16, 87]), time_to_event shape: torch.Size([16, 1]), event_indicator shape: torch.Size([16, 1]), time_to_events shape: torch.Size([16, 87]), event_indicators shape: torch.Size([16, 87]), sequence lengths shape: torch.Size([16, 1])
x shape: torch.Size([16, 87, 8])
mask shape: torch.Size([16, 87])
lstm_output shape: torch.Size([16, 87, 70])
fc_output shape: torch.Size([16, 87, 35])
context shape: torch.Size([16, 35])
attention_weights shape: torch.Size([16, 87, 1])
x shape after cause_specific_fc: torch.Size([16, 35])
hazard_preds shape: [torch.Size([16, 5475])]
res shape: torch.Size([16, 1, 5475])
Average Loss: 44.826438767910005
Epoch 33/50
features shape: torch.Size([16, 87, 8]), mask shape: torch.Size([16, 87]), time_to_event shape: torch.Size([16, 1]), event_indicator shape: torch.Size([16, 1]), time_to_events shape: torch.Size([16, 87]), event_indicators shape: torch.Size([16, 87]), sequence lengths shape: torch.Size([16, 1])
x shape: torch.Size([16, 87, 8])
mask shape: torch.Size([16, 87])
lstm_output shape: torch.Size([16, 87, 70])
fc_output shape: torch.Size([16, 87, 35])
context shape: torch.Size([16, 35])
attention_weights shape: torch.Size([16, 87, 1])
x shape after cause_specific_fc: torch.Size([16, 35])
hazard_preds shape: [torch.Size([16, 5475])]
res shape: torch.Size([16, 1, 5475])
Average Loss: 44.705450072288514
Epoch 34/50
features shape: torch.Size([16, 87, 8]), mask shape: torch.Size([16, 87]), time_to_event shape: torch.Size([16, 1]), event_indicator shape: torch.Size([16, 1]), time_to_events shape: torch.Size([16, 87]), event_indicators shape: torch.Size([16, 87]), sequence lengths shape: torch.Size([16, 1])
x shape: torch.Size([16, 87, 8])
mask shape: torch.Size([16, 87])
lstm_output shape: torch.Size([16, 87, 70])
fc_output shape: torch.Size([16, 87, 35])
context shape: torch.Size([16, 35])
attention_weights shape: torch.Size([16, 87, 1])
x shape after cause_specific_fc: torch.Size([16, 35])
hazard_preds shape: [torch.Size([16, 5475])]
res shape: torch.Size([16, 1, 5475])
Average Loss: 44.637547554969785
Epoch 35/50
features shape: torch.Size([16, 87, 8]), mask shape: torch.Size([16, 87]), time_to_event shape: torch.Size([16, 1]), event_indicator shape: torch.Size([16, 1]), time_to_events shape: torch.Size([16, 87]), event_indicators shape: torch.Size([16, 87]), sequence lengths shape: torch.Size([16, 1])
x shape: torch.Size([16, 87, 8])
mask shape: torch.Size([16, 87])
lstm_output shape: torch.Size([16, 87, 70])
fc_output shape: torch.Size([16, 87, 35])
context shape: torch.Size([16, 35])
attention_weights shape: torch.Size([16, 87, 1])
x shape after cause_specific_fc: torch.Size([16, 35])
hazard_preds shape: [torch.Size([16, 5475])]
res shape: torch.Size([16, 1, 5475])
Average Loss: 44.53767377138138
Epoch 36/50
features shape: torch.Size([16, 87, 8]), mask shape: torch.Size([16, 87]), time_to_event shape: torch.Size([16, 1]), event_indicator shape: torch.Size([16, 1]), time_to_events shape: torch.Size([16, 87]), event_indicators shape: torch.Size([16, 87]), sequence lengths shape: torch.Size([16, 1])
x shape: torch.Size([16, 87, 8])
mask shape: torch.Size([16, 87])
lstm_output shape: torch.Size([16, 87, 70])
fc_output shape: torch.Size([16, 87, 35])
context shape: torch.Size([16, 35])
attention_weights shape: torch.Size([16, 87, 1])
x shape after cause_specific_fc: torch.Size([16, 35])
hazard_preds shape: [torch.Size([16, 5475])]
res shape: torch.Size([16, 1, 5475])
Average Loss: 44.437675740718845
Epoch 37/50
features shape: torch.Size([16, 87, 8]), mask shape: torch.Size([16, 87]), time_to_event shape: torch.Size([16, 1]), event_indicator shape: torch.Size([16, 1]), time_to_events shape: torch.Size([16, 87]), event_indicators shape: torch.Size([16, 87]), sequence lengths shape: torch.Size([16, 1])
x shape: torch.Size([16, 87, 8])
mask shape: torch.Size([16, 87])
lstm_output shape: torch.Size([16, 87, 70])
fc_output shape: torch.Size([16, 87, 35])
context shape: torch.Size([16, 35])
attention_weights shape: torch.Size([16, 87, 1])
x shape after cause_specific_fc: torch.Size([16, 35])
hazard_preds shape: [torch.Size([16, 5475])]
res shape: torch.Size([16, 1, 5475])
Average Loss: 44.367810583114625
Epoch 38/50
features shape: torch.Size([16, 87, 8]), mask shape: torch.Size([16, 87]), time_to_event shape: torch.Size([16, 1]), event_indicator shape: torch.Size([16, 1]), time_to_events shape: torch.Size([16, 87]), event_indicators shape: torch.Size([16, 87]), sequence lengths shape: torch.Size([16, 1])
x shape: torch.Size([16, 87, 8])
mask shape: torch.Size([16, 87])
lstm_output shape: torch.Size([16, 87, 70])
fc_output shape: torch.Size([16, 87, 35])
context shape: torch.Size([16, 35])
attention_weights shape: torch.Size([16, 87, 1])
x shape after cause_specific_fc: torch.Size([16, 35])
hazard_preds shape: [torch.Size([16, 5475])]
res shape: torch.Size([16, 1, 5475])
Average Loss: 44.24759614944458
Epoch 39/50
features shape: torch.Size([16, 87, 8]), mask shape: torch.Size([16, 87]), time_to_event shape: torch.Size([16, 1]), event_indicator shape: torch.Size([16, 1]), time_to_events shape: torch.Size([16, 87]), event_indicators shape: torch.Size([16, 87]), sequence lengths shape: torch.Size([16, 1])
x shape: torch.Size([16, 87, 8])
mask shape: torch.Size([16, 87])
lstm_output shape: torch.Size([16, 87, 70])
fc_output shape: torch.Size([16, 87, 35])
context shape: torch.Size([16, 35])
attention_weights shape: torch.Size([16, 87, 1])
x shape after cause_specific_fc: torch.Size([16, 35])
hazard_preds shape: [torch.Size([16, 5475])]
res shape: torch.Size([16, 1, 5475])
Average Loss: 44.170317323207854
Epoch 40/50
features shape: torch.Size([16, 87, 8]), mask shape: torch.Size([16, 87]), time_to_event shape: torch.Size([16, 1]), event_indicator shape: torch.Size([16, 1]), time_to_events shape: torch.Size([16, 87]), event_indicators shape: torch.Size([16, 87]), sequence lengths shape: torch.Size([16, 1])
x shape: torch.Size([16, 87, 8])
mask shape: torch.Size([16, 87])
lstm_output shape: torch.Size([16, 87, 70])
fc_output shape: torch.Size([16, 87, 35])
context shape: torch.Size([16, 35])
attention_weights shape: torch.Size([16, 87, 1])
x shape after cause_specific_fc: torch.Size([16, 35])
hazard_preds shape: [torch.Size([16, 5475])]
res shape: torch.Size([16, 1, 5475])
Average Loss: 44.08379805088043
Epoch 41/50
features shape: torch.Size([16, 87, 8]), mask shape: torch.Size([16, 87]), time_to_event shape: torch.Size([16, 1]), event_indicator shape: torch.Size([16, 1]), time_to_events shape: torch.Size([16, 87]), event_indicators shape: torch.Size([16, 87]), sequence lengths shape: torch.Size([16, 1])
x shape: torch.Size([16, 87, 8])
mask shape: torch.Size([16, 87])
lstm_output shape: torch.Size([16, 87, 70])
fc_output shape: torch.Size([16, 87, 35])
context shape: torch.Size([16, 35])
attention_weights shape: torch.Size([16, 87, 1])
x shape after cause_specific_fc: torch.Size([16, 35])
hazard_preds shape: [torch.Size([16, 5475])]
res shape: torch.Size([16, 1, 5475])
Average Loss: 44.07415216445923
Epoch 42/50
features shape: torch.Size([16, 87, 8]), mask shape: torch.Size([16, 87]), time_to_event shape: torch.Size([16, 1]), event_indicator shape: torch.Size([16, 1]), time_to_events shape: torch.Size([16, 87]), event_indicators shape: torch.Size([16, 87]), sequence lengths shape: torch.Size([16, 1])
x shape: torch.Size([16, 87, 8])
mask shape: torch.Size([16, 87])
lstm_output shape: torch.Size([16, 87, 70])
fc_output shape: torch.Size([16, 87, 35])
context shape: torch.Size([16, 35])
attention_weights shape: torch.Size([16, 87, 1])
x shape after cause_specific_fc: torch.Size([16, 35])
hazard_preds shape: [torch.Size([16, 5475])]
res shape: torch.Size([16, 1, 5475])
Average Loss: 43.91244596719742
Epoch 43/50
features shape: torch.Size([16, 87, 8]), mask shape: torch.Size([16, 87]), time_to_event shape: torch.Size([16, 1]), event_indicator shape: torch.Size([16, 1]), time_to_events shape: torch.Size([16, 87]), event_indicators shape: torch.Size([16, 87]), sequence lengths shape: torch.Size([16, 1])
x shape: torch.Size([16, 87, 8])
mask shape: torch.Size([16, 87])
lstm_output shape: torch.Size([16, 87, 70])
fc_output shape: torch.Size([16, 87, 35])
context shape: torch.Size([16, 35])
attention_weights shape: torch.Size([16, 87, 1])
x shape after cause_specific_fc: torch.Size([16, 35])
hazard_preds shape: [torch.Size([16, 5475])]
res shape: torch.Size([16, 1, 5475])
Average Loss: 43.79772580385208
Epoch 44/50
features shape: torch.Size([16, 87, 8]), mask shape: torch.Size([16, 87]), time_to_event shape: torch.Size([16, 1]), event_indicator shape: torch.Size([16, 1]), time_to_events shape: torch.Size([16, 87]), event_indicators shape: torch.Size([16, 87]), sequence lengths shape: torch.Size([16, 1])
x shape: torch.Size([16, 87, 8])
mask shape: torch.Size([16, 87])
lstm_output shape: torch.Size([16, 87, 70])
fc_output shape: torch.Size([16, 87, 35])
context shape: torch.Size([16, 35])
attention_weights shape: torch.Size([16, 87, 1])
x shape after cause_specific_fc: torch.Size([16, 35])
hazard_preds shape: [torch.Size([16, 5475])]
res shape: torch.Size([16, 1, 5475])
Average Loss: 43.79924983978272
Patience Counter: 1
Epoch 45/50
features shape: torch.Size([16, 87, 8]), mask shape: torch.Size([16, 87]), time_to_event shape: torch.Size([16, 1]), event_indicator shape: torch.Size([16, 1]), time_to_events shape: torch.Size([16, 87]), event_indicators shape: torch.Size([16, 87]), sequence lengths shape: torch.Size([16, 1])
x shape: torch.Size([16, 87, 8])
mask shape: torch.Size([16, 87])
lstm_output shape: torch.Size([16, 87, 70])
fc_output shape: torch.Size([16, 87, 35])
context shape: torch.Size([16, 35])
attention_weights shape: torch.Size([16, 87, 1])
x shape after cause_specific_fc: torch.Size([16, 35])
hazard_preds shape: [torch.Size([16, 5475])]
res shape: torch.Size([16, 1, 5475])
Average Loss: 43.598385539054874
Epoch 46/50
features shape: torch.Size([16, 87, 8]), mask shape: torch.Size([16, 87]), time_to_event shape: torch.Size([16, 1]), event_indicator shape: torch.Size([16, 1]), time_to_events shape: torch.Size([16, 87]), event_indicators shape: torch.Size([16, 87]), sequence lengths shape: torch.Size([16, 1])
x shape: torch.Size([16, 87, 8])
mask shape: torch.Size([16, 87])
lstm_output shape: torch.Size([16, 87, 70])
fc_output shape: torch.Size([16, 87, 35])
context shape: torch.Size([16, 35])
attention_weights shape: torch.Size([16, 87, 1])
x shape after cause_specific_fc: torch.Size([16, 35])
hazard_preds shape: [torch.Size([16, 5475])]
res shape: torch.Size([16, 1, 5475])
Average Loss: 43.66864253044128
Patience Counter: 1
Epoch 47/50
features shape: torch.Size([16, 87, 8]), mask shape: torch.Size([16, 87]), time_to_event shape: torch.Size([16, 1]), event_indicator shape: torch.Size([16, 1]), time_to_events shape: torch.Size([16, 87]), event_indicators shape: torch.Size([16, 87]), sequence lengths shape: torch.Size([16, 1])
x shape: torch.Size([16, 87, 8])
mask shape: torch.Size([16, 87])
lstm_output shape: torch.Size([16, 87, 70])
fc_output shape: torch.Size([16, 87, 35])
context shape: torch.Size([16, 35])
attention_weights shape: torch.Size([16, 87, 1])
x shape after cause_specific_fc: torch.Size([16, 35])
hazard_preds shape: [torch.Size([16, 5475])]
res shape: torch.Size([16, 1, 5475])
Average Loss: 43.41577888250351
Epoch 48/50
features shape: torch.Size([16, 87, 8]), mask shape: torch.Size([16, 87]), time_to_event shape: torch.Size([16, 1]), event_indicator shape: torch.Size([16, 1]), time_to_events shape: torch.Size([16, 87]), event_indicators shape: torch.Size([16, 87]), sequence lengths shape: torch.Size([16, 1])
x shape: torch.Size([16, 87, 8])
mask shape: torch.Size([16, 87])
lstm_output shape: torch.Size([16, 87, 70])
fc_output shape: torch.Size([16, 87, 35])
context shape: torch.Size([16, 35])
attention_weights shape: torch.Size([16, 87, 1])
x shape after cause_specific_fc: torch.Size([16, 35])
hazard_preds shape: [torch.Size([16, 5475])]
res shape: torch.Size([16, 1, 5475])
Average Loss: 43.688520727157595
Patience Counter: 1
Epoch 49/50
features shape: torch.Size([16, 87, 8]), mask shape: torch.Size([16, 87]), time_to_event shape: torch.Size([16, 1]), event_indicator shape: torch.Size([16, 1]), time_to_events shape: torch.Size([16, 87]), event_indicators shape: torch.Size([16, 87]), sequence lengths shape: torch.Size([16, 1])
x shape: torch.Size([16, 87, 8])
mask shape: torch.Size([16, 87])
lstm_output shape: torch.Size([16, 87, 70])
fc_output shape: torch.Size([16, 87, 35])
context shape: torch.Size([16, 35])
attention_weights shape: torch.Size([16, 87, 1])
x shape after cause_specific_fc: torch.Size([16, 35])
hazard_preds shape: [torch.Size([16, 5475])]
res shape: torch.Size([16, 1, 5475])
Average Loss: 43.36353173017502
Epoch 50/50
features shape: torch.Size([16, 87, 8]), mask shape: torch.Size([16, 87]), time_to_event shape: torch.Size([16, 1]), event_indicator shape: torch.Size([16, 1]), time_to_events shape: torch.Size([16, 87]), event_indicators shape: torch.Size([16, 87]), sequence lengths shape: torch.Size([16, 1])
x shape: torch.Size([16, 87, 8])
mask shape: torch.Size([16, 87])
lstm_output shape: torch.Size([16, 87, 70])
fc_output shape: torch.Size([16, 87, 35])
context shape: torch.Size([16, 35])
attention_weights shape: torch.Size([16, 87, 1])
x shape after cause_specific_fc: torch.Size([16, 35])
hazard_preds shape: [torch.Size([16, 5475])]
res shape: torch.Size([16, 1, 5475])
Average Loss: 43.14822969436646
features shape: torch.Size([16, 87, 8]), mask shape: torch.Size([16, 87]), T shape: torch.Size([16, 1]), E shape: torch.Size([16, 1]) hazards shape: (16, 5475)
Processing subject 0 with time 1157 and event False hazards shape: [0.5173707]
all_E shape: (400,) first 10 values: [False  True False  True  True  True False  True  True False]
all_R shape: (400,) first 10 values: [0.5173707  0.59749913 0.4789156  0.59860766 0.5951879  0.59675014
 0.5987912  0.4667375  0.49566847 0.60517335]
all_T shape: (400,) first 10 values: [1157    0 1140    0    0    0    0 2652 2335    0]
Global test C-index (scikit-survival): 0.806 number of concordant pairs: 35477
Global test C-index: 0.806
features shape: torch.Size([16, 87, 8]), mask shape: torch.Size([16, 87]), T shape: torch.Size([16, 1]), E shape: torch.Size([16, 1]) hazards shape: (16, 5475)
Processing subject 0 with time 1157 and event False hazards shape: [0.48453414]
all_E shape: (400,) first 10 values: [False  True False  True  True  True False  True  True False]
all_R shape: (400,) first 10 values: [0.48453414 0.5379792  0.48897997 0.5381035  0.53731734 0.53795385
 0.5375439  0.47305262 0.5002801  0.5398468 ]
all_T shape: (400,) first 10 values: [1157    0 1140    0    0    0    0 2652 2335    0]
Global test C-index (scikit-survival): 0.779 number of concordant pairs: 34264
Global test C-index: 0.779
Saved model C-index: 0.7786, Current trial C-index: 0.8062
New model is better, saving current model
Using GPU: cuda:1
Running trial 8 for ExperimentScenario.EIGHT_FEATURES on device cuda:1
Train data path /home/minhn2/uiuc-kidney-failure/generated_data/rep99/eight_features_train_data.csv
Test data path /home/minhn2/uiuc-kidney-failure/generated_data/rep99/eight_features_test_data.csv
Number of patients: test 243 and train 400
Number of records: test 1100 and train 1856
Epoch 1/50
features shape: torch.Size([16, 87, 8]), mask shape: torch.Size([16, 87]), time_to_event shape: torch.Size([16, 1]), event_indicator shape: torch.Size([16, 1]), time_to_events shape: torch.Size([16, 87]), event_indicators shape: torch.Size([16, 87]), sequence lengths shape: torch.Size([16, 1])
x shape: torch.Size([16, 87, 8])
mask shape: torch.Size([16, 87])
lstm_output shape: torch.Size([16, 87, 76])
fc_output shape: torch.Size([16, 87, 38])
context shape: torch.Size([16, 38])
attention_weights shape: torch.Size([16, 87, 1])
x shape after cause_specific_fc: torch.Size([16, 104])
hazard_preds shape: [torch.Size([16, 5475])]
res shape: torch.Size([16, 1, 5475])
Average Loss: 11.5939053273201
Epoch 2/50
features shape: torch.Size([16, 87, 8]), mask shape: torch.Size([16, 87]), time_to_event shape: torch.Size([16, 1]), event_indicator shape: torch.Size([16, 1]), time_to_events shape: torch.Size([16, 87]), event_indicators shape: torch.Size([16, 87]), sequence lengths shape: torch.Size([16, 1])
x shape: torch.Size([16, 87, 8])
mask shape: torch.Size([16, 87])
lstm_output shape: torch.Size([16, 87, 76])
fc_output shape: torch.Size([16, 87, 38])
context shape: torch.Size([16, 38])
attention_weights shape: torch.Size([16, 87, 1])
x shape after cause_specific_fc: torch.Size([16, 104])
hazard_preds shape: [torch.Size([16, 5475])]
res shape: torch.Size([16, 1, 5475])
Average Loss: 11.580322070121765
Epoch 3/50
features shape: torch.Size([16, 87, 8]), mask shape: torch.Size([16, 87]), time_to_event shape: torch.Size([16, 1]), event_indicator shape: torch.Size([16, 1]), time_to_events shape: torch.Size([16, 87]), event_indicators shape: torch.Size([16, 87]), sequence lengths shape: torch.Size([16, 1])
x shape: torch.Size([16, 87, 8])
mask shape: torch.Size([16, 87])
lstm_output shape: torch.Size([16, 87, 76])
fc_output shape: torch.Size([16, 87, 38])
context shape: torch.Size([16, 38])
attention_weights shape: torch.Size([16, 87, 1])
x shape after cause_specific_fc: torch.Size([16, 104])
hazard_preds shape: [torch.Size([16, 5475])]
res shape: torch.Size([16, 1, 5475])
Average Loss: 11.570935871601105
Epoch 4/50
features shape: torch.Size([16, 87, 8]), mask shape: torch.Size([16, 87]), time_to_event shape: torch.Size([16, 1]), event_indicator shape: torch.Size([16, 1]), time_to_events shape: torch.Size([16, 87]), event_indicators shape: torch.Size([16, 87]), sequence lengths shape: torch.Size([16, 1])
x shape: torch.Size([16, 87, 8])
mask shape: torch.Size([16, 87])
lstm_output shape: torch.Size([16, 87, 76])
fc_output shape: torch.Size([16, 87, 38])
context shape: torch.Size([16, 38])
attention_weights shape: torch.Size([16, 87, 1])
x shape after cause_specific_fc: torch.Size([16, 104])
hazard_preds shape: [torch.Size([16, 5475])]
res shape: torch.Size([16, 1, 5475])
Average Loss: 11.555618114471436
Epoch 5/50
features shape: torch.Size([16, 87, 8]), mask shape: torch.Size([16, 87]), time_to_event shape: torch.Size([16, 1]), event_indicator shape: torch.Size([16, 1]), time_to_events shape: torch.Size([16, 87]), event_indicators shape: torch.Size([16, 87]), sequence lengths shape: torch.Size([16, 1])
x shape: torch.Size([16, 87, 8])
mask shape: torch.Size([16, 87])
lstm_output shape: torch.Size([16, 87, 76])
fc_output shape: torch.Size([16, 87, 38])
context shape: torch.Size([16, 38])
attention_weights shape: torch.Size([16, 87, 1])
x shape after cause_specific_fc: torch.Size([16, 104])
hazard_preds shape: [torch.Size([16, 5475])]
res shape: torch.Size([16, 1, 5475])
Average Loss: 11.541499407291413
Epoch 6/50
features shape: torch.Size([16, 87, 8]), mask shape: torch.Size([16, 87]), time_to_event shape: torch.Size([16, 1]), event_indicator shape: torch.Size([16, 1]), time_to_events shape: torch.Size([16, 87]), event_indicators shape: torch.Size([16, 87]), sequence lengths shape: torch.Size([16, 1])
x shape: torch.Size([16, 87, 8])
mask shape: torch.Size([16, 87])
lstm_output shape: torch.Size([16, 87, 76])
fc_output shape: torch.Size([16, 87, 38])
context shape: torch.Size([16, 38])
attention_weights shape: torch.Size([16, 87, 1])
x shape after cause_specific_fc: torch.Size([16, 104])
hazard_preds shape: [torch.Size([16, 5475])]
res shape: torch.Size([16, 1, 5475])
Average Loss: 11.5232417345047
Epoch 7/50
features shape: torch.Size([16, 87, 8]), mask shape: torch.Size([16, 87]), time_to_event shape: torch.Size([16, 1]), event_indicator shape: torch.Size([16, 1]), time_to_events shape: torch.Size([16, 87]), event_indicators shape: torch.Size([16, 87]), sequence lengths shape: torch.Size([16, 1])
x shape: torch.Size([16, 87, 8])
mask shape: torch.Size([16, 87])
lstm_output shape: torch.Size([16, 87, 76])
fc_output shape: torch.Size([16, 87, 38])
context shape: torch.Size([16, 38])
attention_weights shape: torch.Size([16, 87, 1])
x shape after cause_specific_fc: torch.Size([16, 104])
hazard_preds shape: [torch.Size([16, 5475])]
res shape: torch.Size([16, 1, 5475])
Average Loss: 11.51379974603653
Epoch 8/50
features shape: torch.Size([16, 87, 8]), mask shape: torch.Size([16, 87]), time_to_event shape: torch.Size([16, 1]), event_indicator shape: torch.Size([16, 1]), time_to_events shape: torch.Size([16, 87]), event_indicators shape: torch.Size([16, 87]), sequence lengths shape: torch.Size([16, 1])
x shape: torch.Size([16, 87, 8])
mask shape: torch.Size([16, 87])
lstm_output shape: torch.Size([16, 87, 76])
fc_output shape: torch.Size([16, 87, 38])
context shape: torch.Size([16, 38])
attention_weights shape: torch.Size([16, 87, 1])
x shape after cause_specific_fc: torch.Size([16, 104])
hazard_preds shape: [torch.Size([16, 5475])]
res shape: torch.Size([16, 1, 5475])
Average Loss: 11.49403891324997
Epoch 9/50
features shape: torch.Size([16, 87, 8]), mask shape: torch.Size([16, 87]), time_to_event shape: torch.Size([16, 1]), event_indicator shape: torch.Size([16, 1]), time_to_events shape: torch.Size([16, 87]), event_indicators shape: torch.Size([16, 87]), sequence lengths shape: torch.Size([16, 1])
x shape: torch.Size([16, 87, 8])
mask shape: torch.Size([16, 87])
lstm_output shape: torch.Size([16, 87, 76])
fc_output shape: torch.Size([16, 87, 38])
context shape: torch.Size([16, 38])
attention_weights shape: torch.Size([16, 87, 1])
x shape after cause_specific_fc: torch.Size([16, 104])
hazard_preds shape: [torch.Size([16, 5475])]
res shape: torch.Size([16, 1, 5475])
Average Loss: 11.467218611240387
Epoch 10/50
features shape: torch.Size([16, 87, 8]), mask shape: torch.Size([16, 87]), time_to_event shape: torch.Size([16, 1]), event_indicator shape: torch.Size([16, 1]), time_to_events shape: torch.Size([16, 87]), event_indicators shape: torch.Size([16, 87]), sequence lengths shape: torch.Size([16, 1])
x shape: torch.Size([16, 87, 8])
mask shape: torch.Size([16, 87])
lstm_output shape: torch.Size([16, 87, 76])
fc_output shape: torch.Size([16, 87, 38])
context shape: torch.Size([16, 38])
attention_weights shape: torch.Size([16, 87, 1])
x shape after cause_specific_fc: torch.Size([16, 104])
hazard_preds shape: [torch.Size([16, 5475])]
res shape: torch.Size([16, 1, 5475])
Average Loss: 11.46221293926239
Epoch 11/50
features shape: torch.Size([16, 87, 8]), mask shape: torch.Size([16, 87]), time_to_event shape: torch.Size([16, 1]), event_indicator shape: torch.Size([16, 1]), time_to_events shape: torch.Size([16, 87]), event_indicators shape: torch.Size([16, 87]), sequence lengths shape: torch.Size([16, 1])
x shape: torch.Size([16, 87, 8])
mask shape: torch.Size([16, 87])
lstm_output shape: torch.Size([16, 87, 76])
fc_output shape: torch.Size([16, 87, 38])
context shape: torch.Size([16, 38])
attention_weights shape: torch.Size([16, 87, 1])
x shape after cause_specific_fc: torch.Size([16, 104])
hazard_preds shape: [torch.Size([16, 5475])]
res shape: torch.Size([16, 1, 5475])
Average Loss: 11.436729512214661
Epoch 12/50
features shape: torch.Size([16, 87, 8]), mask shape: torch.Size([16, 87]), time_to_event shape: torch.Size([16, 1]), event_indicator shape: torch.Size([16, 1]), time_to_events shape: torch.Size([16, 87]), event_indicators shape: torch.Size([16, 87]), sequence lengths shape: torch.Size([16, 1])
x shape: torch.Size([16, 87, 8])
mask shape: torch.Size([16, 87])
lstm_output shape: torch.Size([16, 87, 76])
fc_output shape: torch.Size([16, 87, 38])
context shape: torch.Size([16, 38])
attention_weights shape: torch.Size([16, 87, 1])
x shape after cause_specific_fc: torch.Size([16, 104])
hazard_preds shape: [torch.Size([16, 5475])]
res shape: torch.Size([16, 1, 5475])
Average Loss: 11.413894217014313
Epoch 13/50
features shape: torch.Size([16, 87, 8]), mask shape: torch.Size([16, 87]), time_to_event shape: torch.Size([16, 1]), event_indicator shape: torch.Size([16, 1]), time_to_events shape: torch.Size([16, 87]), event_indicators shape: torch.Size([16, 87]), sequence lengths shape: torch.Size([16, 1])
x shape: torch.Size([16, 87, 8])
mask shape: torch.Size([16, 87])
lstm_output shape: torch.Size([16, 87, 76])
fc_output shape: torch.Size([16, 87, 38])
context shape: torch.Size([16, 38])
attention_weights shape: torch.Size([16, 87, 1])
x shape after cause_specific_fc: torch.Size([16, 104])
hazard_preds shape: [torch.Size([16, 5475])]
res shape: torch.Size([16, 1, 5475])
Average Loss: 11.44012291431427
Patience Counter: 1
Epoch 14/50
features shape: torch.Size([16, 87, 8]), mask shape: torch.Size([16, 87]), time_to_event shape: torch.Size([16, 1]), event_indicator shape: torch.Size([16, 1]), time_to_events shape: torch.Size([16, 87]), event_indicators shape: torch.Size([16, 87]), sequence lengths shape: torch.Size([16, 1])
x shape: torch.Size([16, 87, 8])
mask shape: torch.Size([16, 87])
lstm_output shape: torch.Size([16, 87, 76])
fc_output shape: torch.Size([16, 87, 38])
context shape: torch.Size([16, 38])
attention_weights shape: torch.Size([16, 87, 1])
x shape after cause_specific_fc: torch.Size([16, 104])
hazard_preds shape: [torch.Size([16, 5475])]
res shape: torch.Size([16, 1, 5475])
Average Loss: 11.398286898136138
Epoch 15/50
features shape: torch.Size([16, 87, 8]), mask shape: torch.Size([16, 87]), time_to_event shape: torch.Size([16, 1]), event_indicator shape: torch.Size([16, 1]), time_to_events shape: torch.Size([16, 87]), event_indicators shape: torch.Size([16, 87]), sequence lengths shape: torch.Size([16, 1])
x shape: torch.Size([16, 87, 8])
mask shape: torch.Size([16, 87])
lstm_output shape: torch.Size([16, 87, 76])
fc_output shape: torch.Size([16, 87, 38])
context shape: torch.Size([16, 38])
attention_weights shape: torch.Size([16, 87, 1])
x shape after cause_specific_fc: torch.Size([16, 104])
hazard_preds shape: [torch.Size([16, 5475])]
res shape: torch.Size([16, 1, 5475])
Average Loss: 11.429074075222015
Patience Counter: 1
Epoch 16/50
features shape: torch.Size([16, 87, 8]), mask shape: torch.Size([16, 87]), time_to_event shape: torch.Size([16, 1]), event_indicator shape: torch.Size([16, 1]), time_to_events shape: torch.Size([16, 87]), event_indicators shape: torch.Size([16, 87]), sequence lengths shape: torch.Size([16, 1])
x shape: torch.Size([16, 87, 8])
mask shape: torch.Size([16, 87])
lstm_output shape: torch.Size([16, 87, 76])
fc_output shape: torch.Size([16, 87, 38])
context shape: torch.Size([16, 38])
attention_weights shape: torch.Size([16, 87, 1])
x shape after cause_specific_fc: torch.Size([16, 104])
hazard_preds shape: [torch.Size([16, 5475])]
res shape: torch.Size([16, 1, 5475])
Average Loss: 11.367756860256195
Epoch 17/50
features shape: torch.Size([16, 87, 8]), mask shape: torch.Size([16, 87]), time_to_event shape: torch.Size([16, 1]), event_indicator shape: torch.Size([16, 1]), time_to_events shape: torch.Size([16, 87]), event_indicators shape: torch.Size([16, 87]), sequence lengths shape: torch.Size([16, 1])
x shape: torch.Size([16, 87, 8])
mask shape: torch.Size([16, 87])
lstm_output shape: torch.Size([16, 87, 76])
fc_output shape: torch.Size([16, 87, 38])
context shape: torch.Size([16, 38])
attention_weights shape: torch.Size([16, 87, 1])
x shape after cause_specific_fc: torch.Size([16, 104])
hazard_preds shape: [torch.Size([16, 5475])]
res shape: torch.Size([16, 1, 5475])
Average Loss: 11.36819810628891
Patience Counter: 1
Epoch 18/50
features shape: torch.Size([16, 87, 8]), mask shape: torch.Size([16, 87]), time_to_event shape: torch.Size([16, 1]), event_indicator shape: torch.Size([16, 1]), time_to_events shape: torch.Size([16, 87]), event_indicators shape: torch.Size([16, 87]), sequence lengths shape: torch.Size([16, 1])
x shape: torch.Size([16, 87, 8])
mask shape: torch.Size([16, 87])
lstm_output shape: torch.Size([16, 87, 76])
fc_output shape: torch.Size([16, 87, 38])
context shape: torch.Size([16, 38])
attention_weights shape: torch.Size([16, 87, 1])
x shape after cause_specific_fc: torch.Size([16, 104])
hazard_preds shape: [torch.Size([16, 5475])]
res shape: torch.Size([16, 1, 5475])
Average Loss: 11.361354012489318
Epoch 19/50
features shape: torch.Size([16, 87, 8]), mask shape: torch.Size([16, 87]), time_to_event shape: torch.Size([16, 1]), event_indicator shape: torch.Size([16, 1]), time_to_events shape: torch.Size([16, 87]), event_indicators shape: torch.Size([16, 87]), sequence lengths shape: torch.Size([16, 1])
x shape: torch.Size([16, 87, 8])
mask shape: torch.Size([16, 87])
lstm_output shape: torch.Size([16, 87, 76])
fc_output shape: torch.Size([16, 87, 38])
context shape: torch.Size([16, 38])
attention_weights shape: torch.Size([16, 87, 1])
x shape after cause_specific_fc: torch.Size([16, 104])
hazard_preds shape: [torch.Size([16, 5475])]
res shape: torch.Size([16, 1, 5475])
Average Loss: 11.384430530071258
Patience Counter: 1
Epoch 20/50
features shape: torch.Size([16, 87, 8]), mask shape: torch.Size([16, 87]), time_to_event shape: torch.Size([16, 1]), event_indicator shape: torch.Size([16, 1]), time_to_events shape: torch.Size([16, 87]), event_indicators shape: torch.Size([16, 87]), sequence lengths shape: torch.Size([16, 1])
x shape: torch.Size([16, 87, 8])
mask shape: torch.Size([16, 87])
lstm_output shape: torch.Size([16, 87, 76])
fc_output shape: torch.Size([16, 87, 38])
context shape: torch.Size([16, 38])
attention_weights shape: torch.Size([16, 87, 1])
x shape after cause_specific_fc: torch.Size([16, 104])
hazard_preds shape: [torch.Size([16, 5475])]
res shape: torch.Size([16, 1, 5475])
Average Loss: 11.354508209228516
Epoch 21/50
features shape: torch.Size([16, 87, 8]), mask shape: torch.Size([16, 87]), time_to_event shape: torch.Size([16, 1]), event_indicator shape: torch.Size([16, 1]), time_to_events shape: torch.Size([16, 87]), event_indicators shape: torch.Size([16, 87]), sequence lengths shape: torch.Size([16, 1])
x shape: torch.Size([16, 87, 8])
mask shape: torch.Size([16, 87])
lstm_output shape: torch.Size([16, 87, 76])
fc_output shape: torch.Size([16, 87, 38])
context shape: torch.Size([16, 38])
attention_weights shape: torch.Size([16, 87, 1])
x shape after cause_specific_fc: torch.Size([16, 104])
hazard_preds shape: [torch.Size([16, 5475])]
res shape: torch.Size([16, 1, 5475])
Average Loss: 11.320593154430389
Epoch 22/50
features shape: torch.Size([16, 87, 8]), mask shape: torch.Size([16, 87]), time_to_event shape: torch.Size([16, 1]), event_indicator shape: torch.Size([16, 1]), time_to_events shape: torch.Size([16, 87]), event_indicators shape: torch.Size([16, 87]), sequence lengths shape: torch.Size([16, 1])
x shape: torch.Size([16, 87, 8])
mask shape: torch.Size([16, 87])
lstm_output shape: torch.Size([16, 87, 76])
fc_output shape: torch.Size([16, 87, 38])
context shape: torch.Size([16, 38])
attention_weights shape: torch.Size([16, 87, 1])
x shape after cause_specific_fc: torch.Size([16, 104])
hazard_preds shape: [torch.Size([16, 5475])]
res shape: torch.Size([16, 1, 5475])
Average Loss: 11.3036381316185
Epoch 23/50
features shape: torch.Size([16, 87, 8]), mask shape: torch.Size([16, 87]), time_to_event shape: torch.Size([16, 1]), event_indicator shape: torch.Size([16, 1]), time_to_events shape: torch.Size([16, 87]), event_indicators shape: torch.Size([16, 87]), sequence lengths shape: torch.Size([16, 1])
x shape: torch.Size([16, 87, 8])
mask shape: torch.Size([16, 87])
lstm_output shape: torch.Size([16, 87, 76])
fc_output shape: torch.Size([16, 87, 38])
context shape: torch.Size([16, 38])
attention_weights shape: torch.Size([16, 87, 1])
x shape after cause_specific_fc: torch.Size([16, 104])
hazard_preds shape: [torch.Size([16, 5475])]
res shape: torch.Size([16, 1, 5475])
Average Loss: 11.37116394519806
Patience Counter: 1
Epoch 24/50
features shape: torch.Size([16, 87, 8]), mask shape: torch.Size([16, 87]), time_to_event shape: torch.Size([16, 1]), event_indicator shape: torch.Size([16, 1]), time_to_events shape: torch.Size([16, 87]), event_indicators shape: torch.Size([16, 87]), sequence lengths shape: torch.Size([16, 1])
x shape: torch.Size([16, 87, 8])
mask shape: torch.Size([16, 87])
lstm_output shape: torch.Size([16, 87, 76])
fc_output shape: torch.Size([16, 87, 38])
context shape: torch.Size([16, 38])
attention_weights shape: torch.Size([16, 87, 1])
x shape after cause_specific_fc: torch.Size([16, 104])
hazard_preds shape: [torch.Size([16, 5475])]
res shape: torch.Size([16, 1, 5475])
Average Loss: 11.319371163845062
Patience Counter: 2
Epoch 25/50
features shape: torch.Size([16, 87, 8]), mask shape: torch.Size([16, 87]), time_to_event shape: torch.Size([16, 1]), event_indicator shape: torch.Size([16, 1]), time_to_events shape: torch.Size([16, 87]), event_indicators shape: torch.Size([16, 87]), sequence lengths shape: torch.Size([16, 1])
x shape: torch.Size([16, 87, 8])
mask shape: torch.Size([16, 87])
lstm_output shape: torch.Size([16, 87, 76])
fc_output shape: torch.Size([16, 87, 38])
context shape: torch.Size([16, 38])
attention_weights shape: torch.Size([16, 87, 1])
x shape after cause_specific_fc: torch.Size([16, 104])
hazard_preds shape: [torch.Size([16, 5475])]
res shape: torch.Size([16, 1, 5475])
Average Loss: 11.347769532203674
Patience Counter: 3
Epoch 26/50
features shape: torch.Size([16, 87, 8]), mask shape: torch.Size([16, 87]), time_to_event shape: torch.Size([16, 1]), event_indicator shape: torch.Size([16, 1]), time_to_events shape: torch.Size([16, 87]), event_indicators shape: torch.Size([16, 87]), sequence lengths shape: torch.Size([16, 1])
x shape: torch.Size([16, 87, 8])
mask shape: torch.Size([16, 87])
lstm_output shape: torch.Size([16, 87, 76])
fc_output shape: torch.Size([16, 87, 38])
context shape: torch.Size([16, 38])
attention_weights shape: torch.Size([16, 87, 1])
x shape after cause_specific_fc: torch.Size([16, 104])
hazard_preds shape: [torch.Size([16, 5475])]
res shape: torch.Size([16, 1, 5475])
Average Loss: 11.40000064611435
Patience Counter: 4
Epoch 27/50
features shape: torch.Size([16, 87, 8]), mask shape: torch.Size([16, 87]), time_to_event shape: torch.Size([16, 1]), event_indicator shape: torch.Size([16, 1]), time_to_events shape: torch.Size([16, 87]), event_indicators shape: torch.Size([16, 87]), sequence lengths shape: torch.Size([16, 1])
x shape: torch.Size([16, 87, 8])
mask shape: torch.Size([16, 87])
lstm_output shape: torch.Size([16, 87, 76])
fc_output shape: torch.Size([16, 87, 38])
context shape: torch.Size([16, 38])
attention_weights shape: torch.Size([16, 87, 1])
x shape after cause_specific_fc: torch.Size([16, 104])
hazard_preds shape: [torch.Size([16, 5475])]
res shape: torch.Size([16, 1, 5475])
Average Loss: 11.303513715267181
Epoch 28/50
features shape: torch.Size([16, 87, 8]), mask shape: torch.Size([16, 87]), time_to_event shape: torch.Size([16, 1]), event_indicator shape: torch.Size([16, 1]), time_to_events shape: torch.Size([16, 87]), event_indicators shape: torch.Size([16, 87]), sequence lengths shape: torch.Size([16, 1])
x shape: torch.Size([16, 87, 8])
mask shape: torch.Size([16, 87])
lstm_output shape: torch.Size([16, 87, 76])
fc_output shape: torch.Size([16, 87, 38])
context shape: torch.Size([16, 38])
attention_weights shape: torch.Size([16, 87, 1])
x shape after cause_specific_fc: torch.Size([16, 104])
hazard_preds shape: [torch.Size([16, 5475])]
res shape: torch.Size([16, 1, 5475])
Average Loss: 11.29874463558197
Epoch 29/50
features shape: torch.Size([16, 87, 8]), mask shape: torch.Size([16, 87]), time_to_event shape: torch.Size([16, 1]), event_indicator shape: torch.Size([16, 1]), time_to_events shape: torch.Size([16, 87]), event_indicators shape: torch.Size([16, 87]), sequence lengths shape: torch.Size([16, 1])
x shape: torch.Size([16, 87, 8])
mask shape: torch.Size([16, 87])
lstm_output shape: torch.Size([16, 87, 76])
fc_output shape: torch.Size([16, 87, 38])
context shape: torch.Size([16, 38])
attention_weights shape: torch.Size([16, 87, 1])
x shape after cause_specific_fc: torch.Size([16, 104])
hazard_preds shape: [torch.Size([16, 5475])]
res shape: torch.Size([16, 1, 5475])
Average Loss: 11.3000466132164
Patience Counter: 1
Epoch 30/50
features shape: torch.Size([16, 87, 8]), mask shape: torch.Size([16, 87]), time_to_event shape: torch.Size([16, 1]), event_indicator shape: torch.Size([16, 1]), time_to_events shape: torch.Size([16, 87]), event_indicators shape: torch.Size([16, 87]), sequence lengths shape: torch.Size([16, 1])
x shape: torch.Size([16, 87, 8])
mask shape: torch.Size([16, 87])
lstm_output shape: torch.Size([16, 87, 76])
fc_output shape: torch.Size([16, 87, 38])
context shape: torch.Size([16, 38])
attention_weights shape: torch.Size([16, 87, 1])
x shape after cause_specific_fc: torch.Size([16, 104])
hazard_preds shape: [torch.Size([16, 5475])]
res shape: torch.Size([16, 1, 5475])
Average Loss: 11.464286000728608
Patience Counter: 2
Epoch 31/50
features shape: torch.Size([16, 87, 8]), mask shape: torch.Size([16, 87]), time_to_event shape: torch.Size([16, 1]), event_indicator shape: torch.Size([16, 1]), time_to_events shape: torch.Size([16, 87]), event_indicators shape: torch.Size([16, 87]), sequence lengths shape: torch.Size([16, 1])
x shape: torch.Size([16, 87, 8])
mask shape: torch.Size([16, 87])
lstm_output shape: torch.Size([16, 87, 76])
fc_output shape: torch.Size([16, 87, 38])
context shape: torch.Size([16, 38])
attention_weights shape: torch.Size([16, 87, 1])
x shape after cause_specific_fc: torch.Size([16, 104])
hazard_preds shape: [torch.Size([16, 5475])]
res shape: torch.Size([16, 1, 5475])
Average Loss: 11.265307219028474
Epoch 32/50
features shape: torch.Size([16, 87, 8]), mask shape: torch.Size([16, 87]), time_to_event shape: torch.Size([16, 1]), event_indicator shape: torch.Size([16, 1]), time_to_events shape: torch.Size([16, 87]), event_indicators shape: torch.Size([16, 87]), sequence lengths shape: torch.Size([16, 1])
x shape: torch.Size([16, 87, 8])
mask shape: torch.Size([16, 87])
lstm_output shape: torch.Size([16, 87, 76])
fc_output shape: torch.Size([16, 87, 38])
context shape: torch.Size([16, 38])
attention_weights shape: torch.Size([16, 87, 1])
x shape after cause_specific_fc: torch.Size([16, 104])
hazard_preds shape: [torch.Size([16, 5475])]
res shape: torch.Size([16, 1, 5475])
Average Loss: 11.329938492774964
Patience Counter: 1
Epoch 33/50
features shape: torch.Size([16, 87, 8]), mask shape: torch.Size([16, 87]), time_to_event shape: torch.Size([16, 1]), event_indicator shape: torch.Size([16, 1]), time_to_events shape: torch.Size([16, 87]), event_indicators shape: torch.Size([16, 87]), sequence lengths shape: torch.Size([16, 1])
x shape: torch.Size([16, 87, 8])
mask shape: torch.Size([16, 87])
lstm_output shape: torch.Size([16, 87, 76])
fc_output shape: torch.Size([16, 87, 38])
context shape: torch.Size([16, 38])
attention_weights shape: torch.Size([16, 87, 1])
x shape after cause_specific_fc: torch.Size([16, 104])
hazard_preds shape: [torch.Size([16, 5475])]
res shape: torch.Size([16, 1, 5475])
Average Loss: 11.377299571037293
Patience Counter: 2
Epoch 34/50
features shape: torch.Size([16, 87, 8]), mask shape: torch.Size([16, 87]), time_to_event shape: torch.Size([16, 1]), event_indicator shape: torch.Size([16, 1]), time_to_events shape: torch.Size([16, 87]), event_indicators shape: torch.Size([16, 87]), sequence lengths shape: torch.Size([16, 1])
x shape: torch.Size([16, 87, 8])
mask shape: torch.Size([16, 87])
lstm_output shape: torch.Size([16, 87, 76])
fc_output shape: torch.Size([16, 87, 38])
context shape: torch.Size([16, 38])
attention_weights shape: torch.Size([16, 87, 1])
x shape after cause_specific_fc: torch.Size([16, 104])
hazard_preds shape: [torch.Size([16, 5475])]
res shape: torch.Size([16, 1, 5475])
Average Loss: 11.302234675884247
Patience Counter: 3
Epoch 35/50
features shape: torch.Size([16, 87, 8]), mask shape: torch.Size([16, 87]), time_to_event shape: torch.Size([16, 1]), event_indicator shape: torch.Size([16, 1]), time_to_events shape: torch.Size([16, 87]), event_indicators shape: torch.Size([16, 87]), sequence lengths shape: torch.Size([16, 1])
x shape: torch.Size([16, 87, 8])
mask shape: torch.Size([16, 87])
lstm_output shape: torch.Size([16, 87, 76])
fc_output shape: torch.Size([16, 87, 38])
context shape: torch.Size([16, 38])
attention_weights shape: torch.Size([16, 87, 1])
x shape after cause_specific_fc: torch.Size([16, 104])
hazard_preds shape: [torch.Size([16, 5475])]
res shape: torch.Size([16, 1, 5475])
Average Loss: 11.250578701496124
Epoch 36/50
features shape: torch.Size([16, 87, 8]), mask shape: torch.Size([16, 87]), time_to_event shape: torch.Size([16, 1]), event_indicator shape: torch.Size([16, 1]), time_to_events shape: torch.Size([16, 87]), event_indicators shape: torch.Size([16, 87]), sequence lengths shape: torch.Size([16, 1])
x shape: torch.Size([16, 87, 8])
mask shape: torch.Size([16, 87])
lstm_output shape: torch.Size([16, 87, 76])
fc_output shape: torch.Size([16, 87, 38])
context shape: torch.Size([16, 38])
attention_weights shape: torch.Size([16, 87, 1])
x shape after cause_specific_fc: torch.Size([16, 104])
hazard_preds shape: [torch.Size([16, 5475])]
res shape: torch.Size([16, 1, 5475])
Average Loss: 11.280759615898132
Patience Counter: 1
Epoch 37/50
features shape: torch.Size([16, 87, 8]), mask shape: torch.Size([16, 87]), time_to_event shape: torch.Size([16, 1]), event_indicator shape: torch.Size([16, 1]), time_to_events shape: torch.Size([16, 87]), event_indicators shape: torch.Size([16, 87]), sequence lengths shape: torch.Size([16, 1])
x shape: torch.Size([16, 87, 8])
mask shape: torch.Size([16, 87])
lstm_output shape: torch.Size([16, 87, 76])
fc_output shape: torch.Size([16, 87, 38])
context shape: torch.Size([16, 38])
attention_weights shape: torch.Size([16, 87, 1])
x shape after cause_specific_fc: torch.Size([16, 104])
hazard_preds shape: [torch.Size([16, 5475])]
res shape: torch.Size([16, 1, 5475])
Average Loss: 11.234718687534333
Epoch 38/50
features shape: torch.Size([16, 87, 8]), mask shape: torch.Size([16, 87]), time_to_event shape: torch.Size([16, 1]), event_indicator shape: torch.Size([16, 1]), time_to_events shape: torch.Size([16, 87]), event_indicators shape: torch.Size([16, 87]), sequence lengths shape: torch.Size([16, 1])
x shape: torch.Size([16, 87, 8])
mask shape: torch.Size([16, 87])
lstm_output shape: torch.Size([16, 87, 76])
fc_output shape: torch.Size([16, 87, 38])
context shape: torch.Size([16, 38])
attention_weights shape: torch.Size([16, 87, 1])
x shape after cause_specific_fc: torch.Size([16, 104])
hazard_preds shape: [torch.Size([16, 5475])]
res shape: torch.Size([16, 1, 5475])
Average Loss: 11.313677530288697
Patience Counter: 1
Epoch 39/50
features shape: torch.Size([16, 87, 8]), mask shape: torch.Size([16, 87]), time_to_event shape: torch.Size([16, 1]), event_indicator shape: torch.Size([16, 1]), time_to_events shape: torch.Size([16, 87]), event_indicators shape: torch.Size([16, 87]), sequence lengths shape: torch.Size([16, 1])
x shape: torch.Size([16, 87, 8])
mask shape: torch.Size([16, 87])
lstm_output shape: torch.Size([16, 87, 76])
fc_output shape: torch.Size([16, 87, 38])
context shape: torch.Size([16, 38])
attention_weights shape: torch.Size([16, 87, 1])
x shape after cause_specific_fc: torch.Size([16, 104])
hazard_preds shape: [torch.Size([16, 5475])]
res shape: torch.Size([16, 1, 5475])
Average Loss: 11.28954913854599
Patience Counter: 2
Epoch 40/50
features shape: torch.Size([16, 87, 8]), mask shape: torch.Size([16, 87]), time_to_event shape: torch.Size([16, 1]), event_indicator shape: torch.Size([16, 1]), time_to_events shape: torch.Size([16, 87]), event_indicators shape: torch.Size([16, 87]), sequence lengths shape: torch.Size([16, 1])
x shape: torch.Size([16, 87, 8])
mask shape: torch.Size([16, 87])
lstm_output shape: torch.Size([16, 87, 76])
fc_output shape: torch.Size([16, 87, 38])
context shape: torch.Size([16, 38])
attention_weights shape: torch.Size([16, 87, 1])
x shape after cause_specific_fc: torch.Size([16, 104])
hazard_preds shape: [torch.Size([16, 5475])]
res shape: torch.Size([16, 1, 5475])
Average Loss: 11.28164701461792
Patience Counter: 3
Epoch 41/50
features shape: torch.Size([16, 87, 8]), mask shape: torch.Size([16, 87]), time_to_event shape: torch.Size([16, 1]), event_indicator shape: torch.Size([16, 1]), time_to_events shape: torch.Size([16, 87]), event_indicators shape: torch.Size([16, 87]), sequence lengths shape: torch.Size([16, 1])
x shape: torch.Size([16, 87, 8])
mask shape: torch.Size([16, 87])
lstm_output shape: torch.Size([16, 87, 76])
fc_output shape: torch.Size([16, 87, 38])
context shape: torch.Size([16, 38])
attention_weights shape: torch.Size([16, 87, 1])
x shape after cause_specific_fc: torch.Size([16, 104])
hazard_preds shape: [torch.Size([16, 5475])]
res shape: torch.Size([16, 1, 5475])
Average Loss: 11.341706819534302
Patience Counter: 4
Epoch 42/50
features shape: torch.Size([16, 87, 8]), mask shape: torch.Size([16, 87]), time_to_event shape: torch.Size([16, 1]), event_indicator shape: torch.Size([16, 1]), time_to_events shape: torch.Size([16, 87]), event_indicators shape: torch.Size([16, 87]), sequence lengths shape: torch.Size([16, 1])
x shape: torch.Size([16, 87, 8])
mask shape: torch.Size([16, 87])
lstm_output shape: torch.Size([16, 87, 76])
fc_output shape: torch.Size([16, 87, 38])
context shape: torch.Size([16, 38])
attention_weights shape: torch.Size([16, 87, 1])
x shape after cause_specific_fc: torch.Size([16, 104])
hazard_preds shape: [torch.Size([16, 5475])]
res shape: torch.Size([16, 1, 5475])
Average Loss: 11.260724020004272
Patience Counter: 5
Early stopping triggered
features shape: torch.Size([16, 87, 8]), mask shape: torch.Size([16, 87]), T shape: torch.Size([16, 1]), E shape: torch.Size([16, 1]) hazards shape: (16, 5475)
Processing subject 0 with time 1157 and event False hazards shape: [0.50166845]
all_E shape: (400,) first 10 values: [False  True False  True  True  True False  True  True False]
all_R shape: (400,) first 10 values: [0.50166845 0.5473475  0.5092469  0.54778767 0.5474816  0.5470503
 0.5475422  0.48743215 0.50524926 0.5512847 ]
all_T shape: (400,) first 10 values: [1157    0 1140    0    0    0    0 2652 2335    0]
Global test C-index (scikit-survival): 0.754 number of concordant pairs: 33179
Global test C-index: 0.754
features shape: torch.Size([16, 87, 8]), mask shape: torch.Size([16, 87]), T shape: torch.Size([16, 1]), E shape: torch.Size([16, 1]) hazards shape: (16, 5475)
Processing subject 0 with time 1157 and event False hazards shape: [0.5173707]
all_E shape: (400,) first 10 values: [False  True False  True  True  True False  True  True False]
all_R shape: (400,) first 10 values: [0.5173707  0.59749913 0.4789156  0.59860766 0.5951879  0.59675014
 0.5987912  0.4667375  0.49566847 0.60517335]
all_T shape: (400,) first 10 values: [1157    0 1140    0    0    0    0 2652 2335    0]
Global test C-index (scikit-survival): 0.806 number of concordant pairs: 35477
Global test C-index: 0.806
Saved model C-index: 0.8062, Current trial C-index: 0.7540
Saved model is better, keeping it
Using GPU: cuda:7
Running trial 9 for ExperimentScenario.EIGHT_FEATURES on device cuda:7
Train data path /home/minhn2/uiuc-kidney-failure/generated_data/rep99/eight_features_train_data.csv
Test data path /home/minhn2/uiuc-kidney-failure/generated_data/rep99/eight_features_test_data.csv
Number of patients: test 243 and train 400
Number of records: test 1100 and train 1856
Epoch 1/50
features shape: torch.Size([16, 87, 8]), mask shape: torch.Size([16, 87]), time_to_event shape: torch.Size([16, 1]), event_indicator shape: torch.Size([16, 1]), time_to_events shape: torch.Size([16, 87]), event_indicators shape: torch.Size([16, 87]), sequence lengths shape: torch.Size([16, 1])
x shape: torch.Size([16, 87, 8])
mask shape: torch.Size([16, 87])
lstm_output shape: torch.Size([16, 87, 76])
fc_output shape: torch.Size([16, 87, 38])
context shape: torch.Size([16, 38])
attention_weights shape: torch.Size([16, 87, 1])
x shape after cause_specific_fc: torch.Size([16, 59])
hazard_preds shape: [torch.Size([16, 5475])]
res shape: torch.Size([16, 1, 5475])
Average Loss: 28.79401785135269
Epoch 2/50
features shape: torch.Size([16, 87, 8]), mask shape: torch.Size([16, 87]), time_to_event shape: torch.Size([16, 1]), event_indicator shape: torch.Size([16, 1]), time_to_events shape: torch.Size([16, 87]), event_indicators shape: torch.Size([16, 87]), sequence lengths shape: torch.Size([16, 1])
x shape: torch.Size([16, 87, 8])
mask shape: torch.Size([16, 87])
lstm_output shape: torch.Size([16, 87, 76])
fc_output shape: torch.Size([16, 87, 38])
context shape: torch.Size([16, 38])
attention_weights shape: torch.Size([16, 87, 1])
x shape after cause_specific_fc: torch.Size([16, 59])
hazard_preds shape: [torch.Size([16, 5475])]
res shape: torch.Size([16, 1, 5475])
Average Loss: 72749.81519691706
Patience Counter: 1
Epoch 3/50
features shape: torch.Size([16, 87, 8]), mask shape: torch.Size([16, 87]), time_to_event shape: torch.Size([16, 1]), event_indicator shape: torch.Size([16, 1]), time_to_events shape: torch.Size([16, 87]), event_indicators shape: torch.Size([16, 87]), sequence lengths shape: torch.Size([16, 1])
x shape: torch.Size([16, 87, 8])
mask shape: torch.Size([16, 87])
lstm_output shape: torch.Size([16, 87, 76])
fc_output shape: torch.Size([16, 87, 38])
context shape: torch.Size([16, 38])
attention_weights shape: torch.Size([16, 87, 1])
x shape after cause_specific_fc: torch.Size([16, 59])
hazard_preds shape: [torch.Size([16, 5475])]
res shape: torch.Size([16, 1, 5475])
Average Loss: 29.315126144886015
Patience Counter: 2
Epoch 4/50
features shape: torch.Size([16, 87, 8]), mask shape: torch.Size([16, 87]), time_to_event shape: torch.Size([16, 1]), event_indicator shape: torch.Size([16, 1]), time_to_events shape: torch.Size([16, 87]), event_indicators shape: torch.Size([16, 87]), sequence lengths shape: torch.Size([16, 1])
x shape: torch.Size([16, 87, 8])
mask shape: torch.Size([16, 87])
lstm_output shape: torch.Size([16, 87, 76])
fc_output shape: torch.Size([16, 87, 38])
context shape: torch.Size([16, 38])
attention_weights shape: torch.Size([16, 87, 1])
x shape after cause_specific_fc: torch.Size([16, 59])
hazard_preds shape: [torch.Size([16, 5475])]
res shape: torch.Size([16, 1, 5475])
Average Loss: 27.897896499633788
Epoch 5/50
features shape: torch.Size([16, 87, 8]), mask shape: torch.Size([16, 87]), time_to_event shape: torch.Size([16, 1]), event_indicator shape: torch.Size([16, 1]), time_to_events shape: torch.Size([16, 87]), event_indicators shape: torch.Size([16, 87]), sequence lengths shape: torch.Size([16, 1])
x shape: torch.Size([16, 87, 8])
mask shape: torch.Size([16, 87])
lstm_output shape: torch.Size([16, 87, 76])
fc_output shape: torch.Size([16, 87, 38])
context shape: torch.Size([16, 38])
attention_weights shape: torch.Size([16, 87, 1])
x shape after cause_specific_fc: torch.Size([16, 59])
hazard_preds shape: [torch.Size([16, 5475])]
res shape: torch.Size([16, 1, 5475])
Average Loss: 30.617675182819365
Patience Counter: 1
Epoch 6/50
features shape: torch.Size([16, 87, 8]), mask shape: torch.Size([16, 87]), time_to_event shape: torch.Size([16, 1]), event_indicator shape: torch.Size([16, 1]), time_to_events shape: torch.Size([16, 87]), event_indicators shape: torch.Size([16, 87]), sequence lengths shape: torch.Size([16, 1])
x shape: torch.Size([16, 87, 8])
mask shape: torch.Size([16, 87])
lstm_output shape: torch.Size([16, 87, 76])
fc_output shape: torch.Size([16, 87, 38])
context shape: torch.Size([16, 38])
attention_weights shape: torch.Size([16, 87, 1])
x shape after cause_specific_fc: torch.Size([16, 59])
hazard_preds shape: [torch.Size([16, 5475])]
res shape: torch.Size([16, 1, 5475])
Average Loss: 28.511824452877043
Patience Counter: 2
Epoch 7/50
features shape: torch.Size([16, 87, 8]), mask shape: torch.Size([16, 87]), time_to_event shape: torch.Size([16, 1]), event_indicator shape: torch.Size([16, 1]), time_to_events shape: torch.Size([16, 87]), event_indicators shape: torch.Size([16, 87]), sequence lengths shape: torch.Size([16, 1])
x shape: torch.Size([16, 87, 8])
mask shape: torch.Size([16, 87])
lstm_output shape: torch.Size([16, 87, 76])
fc_output shape: torch.Size([16, 87, 38])
context shape: torch.Size([16, 38])
attention_weights shape: torch.Size([16, 87, 1])
x shape after cause_specific_fc: torch.Size([16, 59])
hazard_preds shape: [torch.Size([16, 5475])]
res shape: torch.Size([16, 1, 5475])
Average Loss: 34.616698112487796
Patience Counter: 3
Epoch 8/50
features shape: torch.Size([16, 87, 8]), mask shape: torch.Size([16, 87]), time_to_event shape: torch.Size([16, 1]), event_indicator shape: torch.Size([16, 1]), time_to_events shape: torch.Size([16, 87]), event_indicators shape: torch.Size([16, 87]), sequence lengths shape: torch.Size([16, 1])
x shape: torch.Size([16, 87, 8])
mask shape: torch.Size([16, 87])
lstm_output shape: torch.Size([16, 87, 76])
fc_output shape: torch.Size([16, 87, 38])
context shape: torch.Size([16, 38])
attention_weights shape: torch.Size([16, 87, 1])
x shape after cause_specific_fc: torch.Size([16, 59])
hazard_preds shape: [torch.Size([16, 5475])]
res shape: torch.Size([16, 1, 5475])
Average Loss: 81.74169906616211
Patience Counter: 4
Epoch 9/50
features shape: torch.Size([16, 87, 8]), mask shape: torch.Size([16, 87]), time_to_event shape: torch.Size([16, 1]), event_indicator shape: torch.Size([16, 1]), time_to_events shape: torch.Size([16, 87]), event_indicators shape: torch.Size([16, 87]), sequence lengths shape: torch.Size([16, 1])
x shape: torch.Size([16, 87, 8])
mask shape: torch.Size([16, 87])
lstm_output shape: torch.Size([16, 87, 76])
fc_output shape: torch.Size([16, 87, 38])
context shape: torch.Size([16, 38])
attention_weights shape: torch.Size([16, 87, 1])
x shape after cause_specific_fc: torch.Size([16, 59])
hazard_preds shape: [torch.Size([16, 5475])]
res shape: torch.Size([16, 1, 5475])
Average Loss: 34127217.973170616
Patience Counter: 5
Early stopping triggered
features shape: torch.Size([16, 87, 8]), mask shape: torch.Size([16, 87]), T shape: torch.Size([16, 1]), E shape: torch.Size([16, 1]) hazards shape: (16, 5475)
Processing subject 0 with time 1157 and event False hazards shape: [0.5392197]
all_E shape: (400,) first 10 values: [False  True False  True  True  True False  True  True False]
all_R shape: (400,) first 10 values: [0.5392197  0.548776   0.4598484  0.5487324  0.5492431  0.54877114
 0.54801345 0.46213654 0.46659452 0.5480667 ]
all_T shape: (400,) first 10 values: [1157    0 1140    0    0    0    0 2652 2335    0]
Global test C-index (scikit-survival): 0.784 number of concordant pairs: 34509
Global test C-index: 0.784
features shape: torch.Size([16, 87, 8]), mask shape: torch.Size([16, 87]), T shape: torch.Size([16, 1]), E shape: torch.Size([16, 1]) hazards shape: (16, 5475)
Processing subject 0 with time 1157 and event False hazards shape: [0.5173707]
all_E shape: (400,) first 10 values: [False  True False  True  True  True False  True  True False]
all_R shape: (400,) first 10 values: [0.5173707  0.59749913 0.4789156  0.59860766 0.5951879  0.59675014
 0.5987912  0.4667375  0.49566847 0.60517335]
all_T shape: (400,) first 10 values: [1157    0 1140    0    0    0    0 2652 2335    0]
Global test C-index (scikit-survival): 0.806 number of concordant pairs: 35477
Global test C-index: 0.806
Saved model C-index: 0.8062, Current trial C-index: 0.7842
Saved model is better, keeping it
Number of finished trials:  10
Best trial:
Best hyperparameters: {'num_layer': 1, 'hidden_dim_0': 35, 'learning_rate': 0.00044559678742836696, 'drop_out_rate': 0.15863856692789646, 'llh_loss': 0.7058436160434649}
model summary:
DynamicDeepHit(
  (lstm): LSTM(8, 35, num_layers=2, batch_first=True, dropout=0.15863856692789646, bidirectional=True)
  (fc): Sequential(
    (0): Linear(in_features=70, out_features=35, bias=True)
    (1): Tanh()
  )
  (attention): Sequential(
    (0): Linear(in_features=35, out_features=35, bias=True)
    (1): Tanh()
    (2): Linear(in_features=35, out_features=1, bias=True)
  )
  (cause_specific_fc): Identity()
  (risk_heads): ModuleList(
    (0): Sequential(
      (0): Linear(in_features=35, out_features=5475, bias=True)
    )
  )
)
features shape: torch.Size([16, 63, 8]), mask shape: torch.Size([16, 63]), T shape: torch.Size([16, 1]), E shape: torch.Size([16, 1]) hazards shape: (16, 5475)
Processing subject 0 with time 0 and event True hazards shape: [0.59847194]
all_E shape: (243,) first 10 values: [ True  True  True  True  True  True  True False False  True]
all_R shape: (243,) first 10 values: [0.59847194 0.59724313 0.5986167  0.5972448  0.4310552  0.5984709
 0.59626096 0.43613285 0.5976275  0.5987513 ]
all_T shape: (243,) first 10 values: [  0   0   0   0 665   0   0   2   0   0]
Global test C-index (scikit-survival): 0.868 number of concordant pairs: 14378
Global test C-index: 0.868
Event rate: 212/243 (87.24%)
Starting simple C-index calculation...
Pairs evaluated: 14771, Concordant: 13402
Simple C-index implementation: 0.907
f_time_to_events shape: 71
f_risk_scores shape: 71
f_event_indicators shape: 71
Mean time-dependent AUC: 0.85
Integrated Brier Score Test: 0.268
✓ dynamic_deephit/eight_features completed successfully
==================== Running dynamic_deephit/twenty_features_heterogeneous ====================
[I 2026-08-22 10:45:06,475] A new study created in memory with name: no-name-203fcd54-a20c-4769-8fca-87b1fa1b862a
[I 2026-08-22 11:30:38,550] Trial 0 finished with value: 0.45543088901388434 and parameters: {'num_layer': 4, 'hidden_dim_0': 125, 'hidden_dim_1': 56, 'hidden_dim_2': 124, 'hidden_dim_3': 53, 'learning_rate': 4.327220298595406e-05, 'drop_out_rate': 0.13298052765046342, 'llh_loss': 0.5965436294527638}. Best is trial 0 with value: 0.45543088901388434.
/home/minhn2/uiuc-kidney-failure/pkgs/experiments/dynamic_deephit.py:240: FutureWarning: You are using `torch.load` with `weights_only=False` (the current default value), which uses the default pickle module implicitly. It is possible to construct malicious pickle data which will execute arbitrary code during unpickling (See https://github.com/pytorch/pytorch/blob/main/SECURITY.md#untrusted-models for more details). In a future release, the default value for `weights_only` will be flipped to `True`. This limits the functions that could be executed during unpickling. Arbitrary objects will no longer be allowed to be loaded via this mode unless they are explicitly allowlisted by the user via `torch.serialization.add_safe_globals`. We recommend you start setting `weights_only=True` for any use case where you don't have full control of the loaded file. Please open an issue on GitHub for any issues related to this experimental feature.
  saved_model = torch.load(saved_path, map_location=device)
[I 2026-08-22 12:20:36,265] Trial 1 finished with value: 0.3780011249592942 and parameters: {'num_layer': 4, 'hidden_dim_0': 70, 'hidden_dim_1': 80, 'hidden_dim_2': 109, 'hidden_dim_3': 82, 'learning_rate': 0.0001845158250124341, 'drop_out_rate': 0.3773227034443619, 'llh_loss': 0.4413437518789507}. Best is trial 0 with value: 0.45543088901388434.
