==================== Running cox/four_features ====================
Train data path /home/minhn2/uiuc-kidney-failure/generated_data/rep99/four_features_train_data.csv
Test data path /home/minhn2/uiuc-kidney-failure/generated_data/rep99/four_features_test_data.csv
Number of patients: test 345 and train 500
Number of records: test 3667 and train 5806
Fitting model:

Evaluate on test data
Concordance Index Test: 0.472
Integrated Brier Score Test: 0.085
Risk scores test: (3667,)
✗ cox/four_features failed:
Traceback (most recent call last):
  File "/home/minhn2/uiuc-kidney-failure/pkgs/scripts/run_stage2_new_scenarios.py", line 56, in main
    fn(scenario)
  File "/home/minhn2/uiuc-kidney-failure/pkgs/experiments/cox.py", line 57, in run_cox_model
    _, mean_auc = compute_time_dependent_auc(model, data_train, data_test, 'duration_in_days', 'has_esrd', times)
                  ^^^^^^^^^^^^^^^^^^^^^^^^^^^^^^^^^^^^^^^^^^^^^^^^^^^^^^^^^^^^^^^^^^^^^^^^^^^^^^^^^^^^^^^^^^^^^^^
  File "/home/minhn2/uiuc-kidney-failure/pkgs/experiments/cox.py", line 21, in compute_time_dependent_auc
    auc_values, mean_auc = cumulative_dynamic_auc(y_train, y_test, risk_scores_test, times)
                           ^^^^^^^^^^^^^^^^^^^^^^^^^^^^^^^^^^^^^^^^^^^^^^^^^^^^^^^^^^^^^^^^
  File "/home/minhn2/miniconda3/envs/minhn2/lib/python3.12/site-packages/sksurv/metrics.py", line 459, in cumulative_dynamic_auc
    ipcw = cens.predict_ipcw(survival_test)
           ^^^^^^^^^^^^^^^^^^^^^^^^^^^^^^^^
  File "/home/minhn2/miniconda3/envs/minhn2/lib/python3.12/site-packages/sksurv/nonparametric.py", line 583, in predict_ipcw
    raise ValueError("censoring survival function is zero at one or more time points")
ValueError: censoring survival function is zero at one or more time points
==================== Running cox/eight_features ====================
Train data path /home/minhn2/uiuc-kidney-failure/generated_data/rep99/eight_features_train_data.csv
Test data path /home/minhn2/uiuc-kidney-failure/generated_data/rep99/eight_features_test_data.csv
Number of patients: test 243 and train 400
Number of records: test 1100 and train 1856
Fitting model:

Evaluate on test data
Concordance Index Test: 0.509
Integrated Brier Score Test: 0.356
Risk scores test: (1100,)
Mean time-dependent AUC: 0.4668
✓ cox/eight_features completed successfully
==================== Running cox/twenty_features_heterogeneous ====================
Train data path /home/minhn2/uiuc-kidney-failure/generated_data/rep99/twenty_features_heterogeneous_train_data.csv
Test data path /home/minhn2/uiuc-kidney-failure/generated_data/rep99/twenty_features_heterogeneous_test_data.csv
Number of patients: test 20 and train 20
Number of records: test 9115 and train 4575
Fitting model:

Evaluate on test data
Concordance Index Test: 0.337
Warning: Could not compute Brier Score: time must be smaller than largest observed time point: 4449.404861111111
Risk scores test: (9115,)
Mean time-dependent AUC: 0.2961
✓ cox/twenty_features_heterogeneous completed successfully
==================== Running dynamic_deephit/four_features ====================
Using GPU: cuda:2 (utilization=0%, free_mem=11260MiB)
Train data path /home/minhn2/uiuc-kidney-failure/generated_data/rep99/four_features_train_data.csv
Test data path /home/minhn2/uiuc-kidney-failure/generated_data/rep99/four_features_test_data.csv
Number of patients: test 345 and train 500
Number of records: test 3667 and train 5806
Running Optuna hyperparameter optimization
[I 2026-08-27 00:42:16,838] A new study created in memory with name: no-name-fb916901-20f7-4ce7-9ebf-d32270590ab5
Using GPU: cuda:2 (utilization=0%, free_mem=11260MiB)
Running trial 0 for ExperimentScenario.FOUR_FEATURES on device cuda:2
Train data path /home/minhn2/uiuc-kidney-failure/generated_data/rep99/four_features_train_data.csv
Test data path /home/minhn2/uiuc-kidney-failure/generated_data/rep99/four_features_test_data.csv
Number of patients: test 345 and train 500
Number of records: test 3667 and train 5806
Epoch 1/50
features shape: torch.Size([16, 126, 4]), mask shape: torch.Size([16, 126]), time_to_event shape: torch.Size([16, 1]), event_indicator shape: torch.Size([16, 1]), time_to_events shape: torch.Size([16, 126]), event_indicators shape: torch.Size([16, 126]), sequence lengths shape: torch.Size([16, 1])
x shape: torch.Size([16, 126, 4])
mask shape: torch.Size([16, 126])
lstm_output shape: torch.Size([16, 126, 116])
fc_output shape: torch.Size([16, 126, 58])
context shape: torch.Size([16, 58])
attention_weights shape: torch.Size([16, 126, 1])
x shape after cause_specific_fc: torch.Size([16, 85])
pmf_preds shape: [torch.Size([16, 5475])]
res shape: torch.Size([16, 1, 5475])
Average Loss: 2.7989439703524113
Epoch 2/50
features shape: torch.Size([16, 126, 4]), mask shape: torch.Size([16, 126]), time_to_event shape: torch.Size([16, 1]), event_indicator shape: torch.Size([16, 1]), time_to_events shape: torch.Size([16, 126]), event_indicators shape: torch.Size([16, 126]), sequence lengths shape: torch.Size([16, 1])
x shape: torch.Size([16, 126, 4])
mask shape: torch.Size([16, 126])
lstm_output shape: torch.Size([16, 126, 116])
fc_output shape: torch.Size([16, 126, 58])
context shape: torch.Size([16, 58])
attention_weights shape: torch.Size([16, 126, 1])
x shape after cause_specific_fc: torch.Size([16, 85])
pmf_preds shape: [torch.Size([16, 5475])]
res shape: torch.Size([16, 1, 5475])
Average Loss: 2.4066978879272938
Epoch 3/50
features shape: torch.Size([16, 126, 4]), mask shape: torch.Size([16, 126]), time_to_event shape: torch.Size([16, 1]), event_indicator shape: torch.Size([16, 1]), time_to_events shape: torch.Size([16, 126]), event_indicators shape: torch.Size([16, 126]), sequence lengths shape: torch.Size([16, 1])
x shape: torch.Size([16, 126, 4])
mask shape: torch.Size([16, 126])
lstm_output shape: torch.Size([16, 126, 116])
fc_output shape: torch.Size([16, 126, 58])
context shape: torch.Size([16, 58])
attention_weights shape: torch.Size([16, 126, 1])
x shape after cause_specific_fc: torch.Size([16, 85])
pmf_preds shape: [torch.Size([16, 5475])]
res shape: torch.Size([16, 1, 5475])
Average Loss: 1.7564466521143913
Epoch 4/50
features shape: torch.Size([16, 126, 4]), mask shape: torch.Size([16, 126]), time_to_event shape: torch.Size([16, 1]), event_indicator shape: torch.Size([16, 1]), time_to_events shape: torch.Size([16, 126]), event_indicators shape: torch.Size([16, 126]), sequence lengths shape: torch.Size([16, 1])
x shape: torch.Size([16, 126, 4])
mask shape: torch.Size([16, 126])
lstm_output shape: torch.Size([16, 126, 116])
fc_output shape: torch.Size([16, 126, 58])
context shape: torch.Size([16, 58])
attention_weights shape: torch.Size([16, 126, 1])
x shape after cause_specific_fc: torch.Size([16, 85])
pmf_preds shape: [torch.Size([16, 5475])]
res shape: torch.Size([16, 1, 5475])
Average Loss: 1.6414485070854425
Epoch 5/50
features shape: torch.Size([16, 126, 4]), mask shape: torch.Size([16, 126]), time_to_event shape: torch.Size([16, 1]), event_indicator shape: torch.Size([16, 1]), time_to_events shape: torch.Size([16, 126]), event_indicators shape: torch.Size([16, 126]), sequence lengths shape: torch.Size([16, 1])
x shape: torch.Size([16, 126, 4])
mask shape: torch.Size([16, 126])
lstm_output shape: torch.Size([16, 126, 116])
fc_output shape: torch.Size([16, 126, 58])
context shape: torch.Size([16, 58])
attention_weights shape: torch.Size([16, 126, 1])
x shape after cause_specific_fc: torch.Size([16, 85])
pmf_preds shape: [torch.Size([16, 5475])]
res shape: torch.Size([16, 1, 5475])
Average Loss: 1.5042751375585794
Epoch 6/50
features shape: torch.Size([16, 126, 4]), mask shape: torch.Size([16, 126]), time_to_event shape: torch.Size([16, 1]), event_indicator shape: torch.Size([16, 1]), time_to_events shape: torch.Size([16, 126]), event_indicators shape: torch.Size([16, 126]), sequence lengths shape: torch.Size([16, 1])
x shape: torch.Size([16, 126, 4])
mask shape: torch.Size([16, 126])
lstm_output shape: torch.Size([16, 126, 116])
fc_output shape: torch.Size([16, 126, 58])
context shape: torch.Size([16, 58])
attention_weights shape: torch.Size([16, 126, 1])
x shape after cause_specific_fc: torch.Size([16, 85])
pmf_preds shape: [torch.Size([16, 5475])]
res shape: torch.Size([16, 1, 5475])
Average Loss: 1.482413373887539
Epoch 7/50
features shape: torch.Size([16, 126, 4]), mask shape: torch.Size([16, 126]), time_to_event shape: torch.Size([16, 1]), event_indicator shape: torch.Size([16, 1]), time_to_events shape: torch.Size([16, 126]), event_indicators shape: torch.Size([16, 126]), sequence lengths shape: torch.Size([16, 1])
x shape: torch.Size([16, 126, 4])
mask shape: torch.Size([16, 126])
lstm_output shape: torch.Size([16, 126, 116])
fc_output shape: torch.Size([16, 126, 58])
context shape: torch.Size([16, 58])
attention_weights shape: torch.Size([16, 126, 1])
x shape after cause_specific_fc: torch.Size([16, 85])
pmf_preds shape: [torch.Size([16, 5475])]
res shape: torch.Size([16, 1, 5475])
Average Loss: 1.4424240943044424
Epoch 8/50
features shape: torch.Size([16, 126, 4]), mask shape: torch.Size([16, 126]), time_to_event shape: torch.Size([16, 1]), event_indicator shape: torch.Size([16, 1]), time_to_events shape: torch.Size([16, 126]), event_indicators shape: torch.Size([16, 126]), sequence lengths shape: torch.Size([16, 1])
x shape: torch.Size([16, 126, 4])
mask shape: torch.Size([16, 126])
lstm_output shape: torch.Size([16, 126, 116])
fc_output shape: torch.Size([16, 126, 58])
context shape: torch.Size([16, 58])
attention_weights shape: torch.Size([16, 126, 1])
x shape after cause_specific_fc: torch.Size([16, 85])
pmf_preds shape: [torch.Size([16, 5475])]
res shape: torch.Size([16, 1, 5475])
Average Loss: 1.4023882201872766
Epoch 9/50
features shape: torch.Size([16, 126, 4]), mask shape: torch.Size([16, 126]), time_to_event shape: torch.Size([16, 1]), event_indicator shape: torch.Size([16, 1]), time_to_events shape: torch.Size([16, 126]), event_indicators shape: torch.Size([16, 126]), sequence lengths shape: torch.Size([16, 1])
x shape: torch.Size([16, 126, 4])
mask shape: torch.Size([16, 126])
lstm_output shape: torch.Size([16, 126, 116])
fc_output shape: torch.Size([16, 126, 58])
context shape: torch.Size([16, 58])
attention_weights shape: torch.Size([16, 126, 1])
x shape after cause_specific_fc: torch.Size([16, 85])
pmf_preds shape: [torch.Size([16, 5475])]
res shape: torch.Size([16, 1, 5475])
Average Loss: 1.4226929396390915
Patience Counter: 1
Epoch 10/50
features shape: torch.Size([16, 126, 4]), mask shape: torch.Size([16, 126]), time_to_event shape: torch.Size([16, 1]), event_indicator shape: torch.Size([16, 1]), time_to_events shape: torch.Size([16, 126]), event_indicators shape: torch.Size([16, 126]), sequence lengths shape: torch.Size([16, 1])
x shape: torch.Size([16, 126, 4])
mask shape: torch.Size([16, 126])
lstm_output shape: torch.Size([16, 126, 116])
fc_output shape: torch.Size([16, 126, 58])
context shape: torch.Size([16, 58])
attention_weights shape: torch.Size([16, 126, 1])
x shape after cause_specific_fc: torch.Size([16, 85])
pmf_preds shape: [torch.Size([16, 5475])]
res shape: torch.Size([16, 1, 5475])
Average Loss: 1.4161046650260687
Patience Counter: 2
Epoch 11/50
features shape: torch.Size([16, 126, 4]), mask shape: torch.Size([16, 126]), time_to_event shape: torch.Size([16, 1]), event_indicator shape: torch.Size([16, 1]), time_to_events shape: torch.Size([16, 126]), event_indicators shape: torch.Size([16, 126]), sequence lengths shape: torch.Size([16, 1])
x shape: torch.Size([16, 126, 4])
mask shape: torch.Size([16, 126])
lstm_output shape: torch.Size([16, 126, 116])
fc_output shape: torch.Size([16, 126, 58])
context shape: torch.Size([16, 58])
attention_weights shape: torch.Size([16, 126, 1])
x shape after cause_specific_fc: torch.Size([16, 85])
pmf_preds shape: [torch.Size([16, 5475])]
res shape: torch.Size([16, 1, 5475])
Average Loss: 1.3807604983448982
Epoch 12/50
features shape: torch.Size([16, 126, 4]), mask shape: torch.Size([16, 126]), time_to_event shape: torch.Size([16, 1]), event_indicator shape: torch.Size([16, 1]), time_to_events shape: torch.Size([16, 126]), event_indicators shape: torch.Size([16, 126]), sequence lengths shape: torch.Size([16, 1])
x shape: torch.Size([16, 126, 4])
mask shape: torch.Size([16, 126])
lstm_output shape: torch.Size([16, 126, 116])
fc_output shape: torch.Size([16, 126, 58])
context shape: torch.Size([16, 58])
attention_weights shape: torch.Size([16, 126, 1])
x shape after cause_specific_fc: torch.Size([16, 85])
pmf_preds shape: [torch.Size([16, 5475])]
res shape: torch.Size([16, 1, 5475])
Average Loss: 1.3849842473864555
Patience Counter: 1
Epoch 13/50
features shape: torch.Size([16, 126, 4]), mask shape: torch.Size([16, 126]), time_to_event shape: torch.Size([16, 1]), event_indicator shape: torch.Size([16, 1]), time_to_events shape: torch.Size([16, 126]), event_indicators shape: torch.Size([16, 126]), sequence lengths shape: torch.Size([16, 1])
x shape: torch.Size([16, 126, 4])
mask shape: torch.Size([16, 126])
lstm_output shape: torch.Size([16, 126, 116])
fc_output shape: torch.Size([16, 126, 58])
context shape: torch.Size([16, 58])
attention_weights shape: torch.Size([16, 126, 1])
x shape after cause_specific_fc: torch.Size([16, 85])
pmf_preds shape: [torch.Size([16, 5475])]
res shape: torch.Size([16, 1, 5475])
Average Loss: 1.3545580431818962
Epoch 14/50
features shape: torch.Size([16, 126, 4]), mask shape: torch.Size([16, 126]), time_to_event shape: torch.Size([16, 1]), event_indicator shape: torch.Size([16, 1]), time_to_events shape: torch.Size([16, 126]), event_indicators shape: torch.Size([16, 126]), sequence lengths shape: torch.Size([16, 1])
x shape: torch.Size([16, 126, 4])
mask shape: torch.Size([16, 126])
lstm_output shape: torch.Size([16, 126, 116])
fc_output shape: torch.Size([16, 126, 58])
context shape: torch.Size([16, 58])
attention_weights shape: torch.Size([16, 126, 1])
x shape after cause_specific_fc: torch.Size([16, 85])
pmf_preds shape: [torch.Size([16, 5475])]
res shape: torch.Size([16, 1, 5475])
Average Loss: 1.35497029684484
Patience Counter: 1
Epoch 15/50
features shape: torch.Size([16, 126, 4]), mask shape: torch.Size([16, 126]), time_to_event shape: torch.Size([16, 1]), event_indicator shape: torch.Size([16, 1]), time_to_events shape: torch.Size([16, 126]), event_indicators shape: torch.Size([16, 126]), sequence lengths shape: torch.Size([16, 1])
x shape: torch.Size([16, 126, 4])
mask shape: torch.Size([16, 126])
lstm_output shape: torch.Size([16, 126, 116])
fc_output shape: torch.Size([16, 126, 58])
context shape: torch.Size([16, 58])
attention_weights shape: torch.Size([16, 126, 1])
x shape after cause_specific_fc: torch.Size([16, 85])
pmf_preds shape: [torch.Size([16, 5475])]
res shape: torch.Size([16, 1, 5475])
Average Loss: 1.3479542918503284
Epoch 16/50
features shape: torch.Size([16, 126, 4]), mask shape: torch.Size([16, 126]), time_to_event shape: torch.Size([16, 1]), event_indicator shape: torch.Size([16, 1]), time_to_events shape: torch.Size([16, 126]), event_indicators shape: torch.Size([16, 126]), sequence lengths shape: torch.Size([16, 1])
x shape: torch.Size([16, 126, 4])
mask shape: torch.Size([16, 126])
lstm_output shape: torch.Size([16, 126, 116])
fc_output shape: torch.Size([16, 126, 58])
context shape: torch.Size([16, 58])
attention_weights shape: torch.Size([16, 126, 1])
x shape after cause_specific_fc: torch.Size([16, 85])
pmf_preds shape: [torch.Size([16, 5475])]
res shape: torch.Size([16, 1, 5475])
Average Loss: 1.331289567053318
Epoch 17/50
features shape: torch.Size([16, 126, 4]), mask shape: torch.Size([16, 126]), time_to_event shape: torch.Size([16, 1]), event_indicator shape: torch.Size([16, 1]), time_to_events shape: torch.Size([16, 126]), event_indicators shape: torch.Size([16, 126]), sequence lengths shape: torch.Size([16, 1])
x shape: torch.Size([16, 126, 4])
mask shape: torch.Size([16, 126])
lstm_output shape: torch.Size([16, 126, 116])
fc_output shape: torch.Size([16, 126, 58])
context shape: torch.Size([16, 58])
attention_weights shape: torch.Size([16, 126, 1])
x shape after cause_specific_fc: torch.Size([16, 85])
pmf_preds shape: [torch.Size([16, 5475])]
res shape: torch.Size([16, 1, 5475])
Average Loss: 1.3363271541893482
Patience Counter: 1
Epoch 18/50
features shape: torch.Size([16, 126, 4]), mask shape: torch.Size([16, 126]), time_to_event shape: torch.Size([16, 1]), event_indicator shape: torch.Size([16, 1]), time_to_events shape: torch.Size([16, 126]), event_indicators shape: torch.Size([16, 126]), sequence lengths shape: torch.Size([16, 1])
x shape: torch.Size([16, 126, 4])
mask shape: torch.Size([16, 126])
lstm_output shape: torch.Size([16, 126, 116])
fc_output shape: torch.Size([16, 126, 58])
context shape: torch.Size([16, 58])
attention_weights shape: torch.Size([16, 126, 1])
x shape after cause_specific_fc: torch.Size([16, 85])
pmf_preds shape: [torch.Size([16, 5475])]
res shape: torch.Size([16, 1, 5475])
Average Loss: 1.308987433090806
Epoch 19/50
features shape: torch.Size([16, 126, 4]), mask shape: torch.Size([16, 126]), time_to_event shape: torch.Size([16, 1]), event_indicator shape: torch.Size([16, 1]), time_to_events shape: torch.Size([16, 126]), event_indicators shape: torch.Size([16, 126]), sequence lengths shape: torch.Size([16, 1])
x shape: torch.Size([16, 126, 4])
mask shape: torch.Size([16, 126])
lstm_output shape: torch.Size([16, 126, 116])
fc_output shape: torch.Size([16, 126, 58])
context shape: torch.Size([16, 58])
attention_weights shape: torch.Size([16, 126, 1])
x shape after cause_specific_fc: torch.Size([16, 85])
pmf_preds shape: [torch.Size([16, 5475])]
res shape: torch.Size([16, 1, 5475])
Average Loss: 1.3045106250792742
Epoch 20/50
features shape: torch.Size([16, 126, 4]), mask shape: torch.Size([16, 126]), time_to_event shape: torch.Size([16, 1]), event_indicator shape: torch.Size([16, 1]), time_to_events shape: torch.Size([16, 126]), event_indicators shape: torch.Size([16, 126]), sequence lengths shape: torch.Size([16, 1])
x shape: torch.Size([16, 126, 4])
mask shape: torch.Size([16, 126])
lstm_output shape: torch.Size([16, 126, 116])
fc_output shape: torch.Size([16, 126, 58])
context shape: torch.Size([16, 58])
attention_weights shape: torch.Size([16, 126, 1])
x shape after cause_specific_fc: torch.Size([16, 85])
pmf_preds shape: [torch.Size([16, 5475])]
res shape: torch.Size([16, 1, 5475])
Average Loss: 1.2978544887155294
Epoch 21/50
features shape: torch.Size([16, 126, 4]), mask shape: torch.Size([16, 126]), time_to_event shape: torch.Size([16, 1]), event_indicator shape: torch.Size([16, 1]), time_to_events shape: torch.Size([16, 126]), event_indicators shape: torch.Size([16, 126]), sequence lengths shape: torch.Size([16, 1])
x shape: torch.Size([16, 126, 4])
mask shape: torch.Size([16, 126])
lstm_output shape: torch.Size([16, 126, 116])
fc_output shape: torch.Size([16, 126, 58])
context shape: torch.Size([16, 58])
attention_weights shape: torch.Size([16, 126, 1])
x shape after cause_specific_fc: torch.Size([16, 85])
pmf_preds shape: [torch.Size([16, 5475])]
res shape: torch.Size([16, 1, 5475])
Average Loss: 1.2947311252355576
Epoch 22/50
features shape: torch.Size([16, 126, 4]), mask shape: torch.Size([16, 126]), time_to_event shape: torch.Size([16, 1]), event_indicator shape: torch.Size([16, 1]), time_to_events shape: torch.Size([16, 126]), event_indicators shape: torch.Size([16, 126]), sequence lengths shape: torch.Size([16, 1])
x shape: torch.Size([16, 126, 4])
mask shape: torch.Size([16, 126])
lstm_output shape: torch.Size([16, 126, 116])
fc_output shape: torch.Size([16, 126, 58])
context shape: torch.Size([16, 58])
attention_weights shape: torch.Size([16, 126, 1])
x shape after cause_specific_fc: torch.Size([16, 85])
pmf_preds shape: [torch.Size([16, 5475])]
res shape: torch.Size([16, 1, 5475])
Average Loss: 1.293540496379137
Epoch 23/50
features shape: torch.Size([16, 126, 4]), mask shape: torch.Size([16, 126]), time_to_event shape: torch.Size([16, 1]), event_indicator shape: torch.Size([16, 1]), time_to_events shape: torch.Size([16, 126]), event_indicators shape: torch.Size([16, 126]), sequence lengths shape: torch.Size([16, 1])
x shape: torch.Size([16, 126, 4])
mask shape: torch.Size([16, 126])
lstm_output shape: torch.Size([16, 126, 116])
fc_output shape: torch.Size([16, 126, 58])
context shape: torch.Size([16, 58])
attention_weights shape: torch.Size([16, 126, 1])
x shape after cause_specific_fc: torch.Size([16, 85])
pmf_preds shape: [torch.Size([16, 5475])]
res shape: torch.Size([16, 1, 5475])
Average Loss: 1.2734127715229988
Epoch 24/50
features shape: torch.Size([16, 126, 4]), mask shape: torch.Size([16, 126]), time_to_event shape: torch.Size([16, 1]), event_indicator shape: torch.Size([16, 1]), time_to_events shape: torch.Size([16, 126]), event_indicators shape: torch.Size([16, 126]), sequence lengths shape: torch.Size([16, 1])
x shape: torch.Size([16, 126, 4])
mask shape: torch.Size([16, 126])
lstm_output shape: torch.Size([16, 126, 116])
fc_output shape: torch.Size([16, 126, 58])
context shape: torch.Size([16, 58])
attention_weights shape: torch.Size([16, 126, 1])
x shape after cause_specific_fc: torch.Size([16, 85])
pmf_preds shape: [torch.Size([16, 5475])]
res shape: torch.Size([16, 1, 5475])
Average Loss: 1.2575981859117746
Epoch 25/50
features shape: torch.Size([16, 126, 4]), mask shape: torch.Size([16, 126]), time_to_event shape: torch.Size([16, 1]), event_indicator shape: torch.Size([16, 1]), time_to_events shape: torch.Size([16, 126]), event_indicators shape: torch.Size([16, 126]), sequence lengths shape: torch.Size([16, 1])
x shape: torch.Size([16, 126, 4])
mask shape: torch.Size([16, 126])
lstm_output shape: torch.Size([16, 126, 116])
fc_output shape: torch.Size([16, 126, 58])
context shape: torch.Size([16, 58])
attention_weights shape: torch.Size([16, 126, 1])
x shape after cause_specific_fc: torch.Size([16, 85])
pmf_preds shape: [torch.Size([16, 5475])]
res shape: torch.Size([16, 1, 5475])
Average Loss: 1.2851884849369526
Patience Counter: 1
Epoch 26/50
features shape: torch.Size([16, 126, 4]), mask shape: torch.Size([16, 126]), time_to_event shape: torch.Size([16, 1]), event_indicator shape: torch.Size([16, 1]), time_to_events shape: torch.Size([16, 126]), event_indicators shape: torch.Size([16, 126]), sequence lengths shape: torch.Size([16, 1])
x shape: torch.Size([16, 126, 4])
mask shape: torch.Size([16, 126])
lstm_output shape: torch.Size([16, 126, 116])
fc_output shape: torch.Size([16, 126, 58])
context shape: torch.Size([16, 58])
attention_weights shape: torch.Size([16, 126, 1])
x shape after cause_specific_fc: torch.Size([16, 85])
pmf_preds shape: [torch.Size([16, 5475])]
res shape: torch.Size([16, 1, 5475])
Average Loss: 1.2762215696275234
Patience Counter: 2
Epoch 27/50
features shape: torch.Size([16, 126, 4]), mask shape: torch.Size([16, 126]), time_to_event shape: torch.Size([16, 1]), event_indicator shape: torch.Size([16, 1]), time_to_events shape: torch.Size([16, 126]), event_indicators shape: torch.Size([16, 126]), sequence lengths shape: torch.Size([16, 1])
x shape: torch.Size([16, 126, 4])
mask shape: torch.Size([16, 126])
lstm_output shape: torch.Size([16, 126, 116])
fc_output shape: torch.Size([16, 126, 58])
context shape: torch.Size([16, 58])
attention_weights shape: torch.Size([16, 126, 1])
x shape after cause_specific_fc: torch.Size([16, 85])
pmf_preds shape: [torch.Size([16, 5475])]
res shape: torch.Size([16, 1, 5475])
Average Loss: 1.2880674786865711
Patience Counter: 3
Epoch 28/50
features shape: torch.Size([16, 126, 4]), mask shape: torch.Size([16, 126]), time_to_event shape: torch.Size([16, 1]), event_indicator shape: torch.Size([16, 1]), time_to_events shape: torch.Size([16, 126]), event_indicators shape: torch.Size([16, 126]), sequence lengths shape: torch.Size([16, 1])
x shape: torch.Size([16, 126, 4])
mask shape: torch.Size([16, 126])
lstm_output shape: torch.Size([16, 126, 116])
fc_output shape: torch.Size([16, 126, 58])
context shape: torch.Size([16, 58])
attention_weights shape: torch.Size([16, 126, 1])
x shape after cause_specific_fc: torch.Size([16, 85])
pmf_preds shape: [torch.Size([16, 5475])]
res shape: torch.Size([16, 1, 5475])
Average Loss: 1.2514275312423706
Epoch 29/50
features shape: torch.Size([16, 126, 4]), mask shape: torch.Size([16, 126]), time_to_event shape: torch.Size([16, 1]), event_indicator shape: torch.Size([16, 1]), time_to_events shape: torch.Size([16, 126]), event_indicators shape: torch.Size([16, 126]), sequence lengths shape: torch.Size([16, 1])
x shape: torch.Size([16, 126, 4])
mask shape: torch.Size([16, 126])
lstm_output shape: torch.Size([16, 126, 116])
fc_output shape: torch.Size([16, 126, 58])
context shape: torch.Size([16, 58])
attention_weights shape: torch.Size([16, 126, 1])
x shape after cause_specific_fc: torch.Size([16, 85])
pmf_preds shape: [torch.Size([16, 5475])]
res shape: torch.Size([16, 1, 5475])
Average Loss: 1.243490869179368
Epoch 30/50
features shape: torch.Size([16, 126, 4]), mask shape: torch.Size([16, 126]), time_to_event shape: torch.Size([16, 1]), event_indicator shape: torch.Size([16, 1]), time_to_events shape: torch.Size([16, 126]), event_indicators shape: torch.Size([16, 126]), sequence lengths shape: torch.Size([16, 1])
x shape: torch.Size([16, 126, 4])
mask shape: torch.Size([16, 126])
lstm_output shape: torch.Size([16, 126, 116])
fc_output shape: torch.Size([16, 126, 58])
context shape: torch.Size([16, 58])
attention_weights shape: torch.Size([16, 126, 1])
x shape after cause_specific_fc: torch.Size([16, 85])
pmf_preds shape: [torch.Size([16, 5475])]
res shape: torch.Size([16, 1, 5475])
Average Loss: 1.244955763220787
Patience Counter: 1
Epoch 31/50
features shape: torch.Size([16, 126, 4]), mask shape: torch.Size([16, 126]), time_to_event shape: torch.Size([16, 1]), event_indicator shape: torch.Size([16, 1]), time_to_events shape: torch.Size([16, 126]), event_indicators shape: torch.Size([16, 126]), sequence lengths shape: torch.Size([16, 1])
x shape: torch.Size([16, 126, 4])
mask shape: torch.Size([16, 126])
lstm_output shape: torch.Size([16, 126, 116])
fc_output shape: torch.Size([16, 126, 58])
context shape: torch.Size([16, 58])
attention_weights shape: torch.Size([16, 126, 1])
x shape after cause_specific_fc: torch.Size([16, 85])
pmf_preds shape: [torch.Size([16, 5475])]
res shape: torch.Size([16, 1, 5475])
Average Loss: 1.2289676275104284
Epoch 32/50
features shape: torch.Size([16, 126, 4]), mask shape: torch.Size([16, 126]), time_to_event shape: torch.Size([16, 1]), event_indicator shape: torch.Size([16, 1]), time_to_events shape: torch.Size([16, 126]), event_indicators shape: torch.Size([16, 126]), sequence lengths shape: torch.Size([16, 1])
x shape: torch.Size([16, 126, 4])
mask shape: torch.Size([16, 126])
lstm_output shape: torch.Size([16, 126, 116])
fc_output shape: torch.Size([16, 126, 58])
context shape: torch.Size([16, 58])
attention_weights shape: torch.Size([16, 126, 1])
x shape after cause_specific_fc: torch.Size([16, 85])
pmf_preds shape: [torch.Size([16, 5475])]
res shape: torch.Size([16, 1, 5475])
Average Loss: 1.2444255277514458
Patience Counter: 1
Epoch 33/50
features shape: torch.Size([16, 126, 4]), mask shape: torch.Size([16, 126]), time_to_event shape: torch.Size([16, 1]), event_indicator shape: torch.Size([16, 1]), time_to_events shape: torch.Size([16, 126]), event_indicators shape: torch.Size([16, 126]), sequence lengths shape: torch.Size([16, 1])
x shape: torch.Size([16, 126, 4])
mask shape: torch.Size([16, 126])
lstm_output shape: torch.Size([16, 126, 116])
fc_output shape: torch.Size([16, 126, 58])
context shape: torch.Size([16, 58])
attention_weights shape: torch.Size([16, 126, 1])
x shape after cause_specific_fc: torch.Size([16, 85])
pmf_preds shape: [torch.Size([16, 5475])]
res shape: torch.Size([16, 1, 5475])
Average Loss: 1.2474487833678722
Patience Counter: 2
Epoch 34/50
features shape: torch.Size([16, 126, 4]), mask shape: torch.Size([16, 126]), time_to_event shape: torch.Size([16, 1]), event_indicator shape: torch.Size([16, 1]), time_to_events shape: torch.Size([16, 126]), event_indicators shape: torch.Size([16, 126]), sequence lengths shape: torch.Size([16, 1])
x shape: torch.Size([16, 126, 4])
mask shape: torch.Size([16, 126])
lstm_output shape: torch.Size([16, 126, 116])
fc_output shape: torch.Size([16, 126, 58])
context shape: torch.Size([16, 58])
attention_weights shape: torch.Size([16, 126, 1])
x shape after cause_specific_fc: torch.Size([16, 85])
pmf_preds shape: [torch.Size([16, 5475])]
res shape: torch.Size([16, 1, 5475])
Average Loss: 1.2076876517385244
Epoch 35/50
features shape: torch.Size([16, 126, 4]), mask shape: torch.Size([16, 126]), time_to_event shape: torch.Size([16, 1]), event_indicator shape: torch.Size([16, 1]), time_to_events shape: torch.Size([16, 126]), event_indicators shape: torch.Size([16, 126]), sequence lengths shape: torch.Size([16, 1])
x shape: torch.Size([16, 126, 4])
mask shape: torch.Size([16, 126])
lstm_output shape: torch.Size([16, 126, 116])
fc_output shape: torch.Size([16, 126, 58])
context shape: torch.Size([16, 58])
attention_weights shape: torch.Size([16, 126, 1])
x shape after cause_specific_fc: torch.Size([16, 85])
pmf_preds shape: [torch.Size([16, 5475])]
res shape: torch.Size([16, 1, 5475])
Average Loss: 1.234250284731388
Patience Counter: 1
Epoch 36/50
features shape: torch.Size([16, 126, 4]), mask shape: torch.Size([16, 126]), time_to_event shape: torch.Size([16, 1]), event_indicator shape: torch.Size([16, 1]), time_to_events shape: torch.Size([16, 126]), event_indicators shape: torch.Size([16, 126]), sequence lengths shape: torch.Size([16, 1])
x shape: torch.Size([16, 126, 4])
mask shape: torch.Size([16, 126])
lstm_output shape: torch.Size([16, 126, 116])
fc_output shape: torch.Size([16, 126, 58])
context shape: torch.Size([16, 58])
attention_weights shape: torch.Size([16, 126, 1])
x shape after cause_specific_fc: torch.Size([16, 85])
pmf_preds shape: [torch.Size([16, 5475])]
res shape: torch.Size([16, 1, 5475])
Average Loss: 1.2226984240114689
Patience Counter: 2
Epoch 37/50
features shape: torch.Size([16, 126, 4]), mask shape: torch.Size([16, 126]), time_to_event shape: torch.Size([16, 1]), event_indicator shape: torch.Size([16, 1]), time_to_events shape: torch.Size([16, 126]), event_indicators shape: torch.Size([16, 126]), sequence lengths shape: torch.Size([16, 1])
x shape: torch.Size([16, 126, 4])
mask shape: torch.Size([16, 126])
lstm_output shape: torch.Size([16, 126, 116])
fc_output shape: torch.Size([16, 126, 58])
context shape: torch.Size([16, 58])
attention_weights shape: torch.Size([16, 126, 1])
x shape after cause_specific_fc: torch.Size([16, 85])
pmf_preds shape: [torch.Size([16, 5475])]
res shape: torch.Size([16, 1, 5475])
Average Loss: 1.241706695407629
Patience Counter: 3
Epoch 38/50
features shape: torch.Size([16, 126, 4]), mask shape: torch.Size([16, 126]), time_to_event shape: torch.Size([16, 1]), event_indicator shape: torch.Size([16, 1]), time_to_events shape: torch.Size([16, 126]), event_indicators shape: torch.Size([16, 126]), sequence lengths shape: torch.Size([16, 1])
x shape: torch.Size([16, 126, 4])
mask shape: torch.Size([16, 126])
lstm_output shape: torch.Size([16, 126, 116])
fc_output shape: torch.Size([16, 126, 58])
context shape: torch.Size([16, 58])
attention_weights shape: torch.Size([16, 126, 1])
x shape after cause_specific_fc: torch.Size([16, 85])
pmf_preds shape: [torch.Size([16, 5475])]
res shape: torch.Size([16, 1, 5475])
Average Loss: 1.2396892048418522
Patience Counter: 4
Epoch 39/50
features shape: torch.Size([16, 126, 4]), mask shape: torch.Size([16, 126]), time_to_event shape: torch.Size([16, 1]), event_indicator shape: torch.Size([16, 1]), time_to_events shape: torch.Size([16, 126]), event_indicators shape: torch.Size([16, 126]), sequence lengths shape: torch.Size([16, 1])
x shape: torch.Size([16, 126, 4])
mask shape: torch.Size([16, 126])
lstm_output shape: torch.Size([16, 126, 116])
fc_output shape: torch.Size([16, 126, 58])
context shape: torch.Size([16, 58])
attention_weights shape: torch.Size([16, 126, 1])
x shape after cause_specific_fc: torch.Size([16, 85])
pmf_preds shape: [torch.Size([16, 5475])]
res shape: torch.Size([16, 1, 5475])
Average Loss: 1.2413056548684835
Patience Counter: 5
Early stopping triggered
features shape: torch.Size([16, 126, 4]), mask shape: torch.Size([16, 126]), T shape: torch.Size([16, 1]), E shape: torch.Size([16, 1]) cif shape: (16, 5475)
Processing subject 0 with time 1487 and event False cif at t_j: [0.16677177]
all_E shape: (500,) first 10 values: [False  True False False False  True  True False False False]
all_R shape: (500,) first 10 values: [0.16677177 0.8371665  0.20319933 0.14428052 0.15576369 0.84020174
 0.28060707 0.26603124 0.25878567 0.29715618]
all_T shape: (500,) first 10 values: [1487    0 1145    2 1002    0 2160 1790 1976 1430]
Global test C-index (scikit-survival): 0.726 number of concordant pairs: 49897
Global test C-index: 0.726
No existing model, saving current model
[I 2026-08-27 00:44:35,410] Trial 0 finished with value: 0.7260491240323613 and parameters: {'num_layer': 3, 'hidden_dim_0': 58, 'hidden_dim_1': 81, 'hidden_dim_2': 85, 'learning_rate': 0.00046498199413223747, 'drop_out_rate': 0.10479236535042787, 'llh_loss': 0.5257525553926384}. Best is trial 0 with value: 0.7260491240323613.
Using GPU: cuda:4 (utilization=0%, free_mem=11036MiB)
Running trial 1 for ExperimentScenario.FOUR_FEATURES on device cuda:4
Train data path /home/minhn2/uiuc-kidney-failure/generated_data/rep99/four_features_train_data.csv
Test data path /home/minhn2/uiuc-kidney-failure/generated_data/rep99/four_features_test_data.csv
Number of patients: test 345 and train 500
Number of records: test 3667 and train 5806
Epoch 1/50
features shape: torch.Size([16, 126, 4]), mask shape: torch.Size([16, 126]), time_to_event shape: torch.Size([16, 1]), event_indicator shape: torch.Size([16, 1]), time_to_events shape: torch.Size([16, 126]), event_indicators shape: torch.Size([16, 126]), sequence lengths shape: torch.Size([16, 1])
x shape: torch.Size([16, 126, 4])
mask shape: torch.Size([16, 126])
lstm_output shape: torch.Size([16, 126, 138])
fc_output shape: torch.Size([16, 126, 69])
context shape: torch.Size([16, 69])
attention_weights shape: torch.Size([16, 126, 1])
x shape after cause_specific_fc: torch.Size([16, 47])
pmf_preds shape: [torch.Size([16, 5475])]
res shape: torch.Size([16, 1, 5475])
Average Loss: 1.406768387183547
Epoch 2/50
features shape: torch.Size([16, 126, 4]), mask shape: torch.Size([16, 126]), time_to_event shape: torch.Size([16, 1]), event_indicator shape: torch.Size([16, 1]), time_to_events shape: torch.Size([16, 126]), event_indicators shape: torch.Size([16, 126]), sequence lengths shape: torch.Size([16, 1])
x shape: torch.Size([16, 126, 4])
mask shape: torch.Size([16, 126])
lstm_output shape: torch.Size([16, 126, 138])
fc_output shape: torch.Size([16, 126, 69])
context shape: torch.Size([16, 69])
attention_weights shape: torch.Size([16, 126, 1])
x shape after cause_specific_fc: torch.Size([16, 47])
pmf_preds shape: [torch.Size([16, 5475])]
res shape: torch.Size([16, 1, 5475])
Average Loss: 1.311159748584032
Epoch 3/50
features shape: torch.Size([16, 126, 4]), mask shape: torch.Size([16, 126]), time_to_event shape: torch.Size([16, 1]), event_indicator shape: torch.Size([16, 1]), time_to_events shape: torch.Size([16, 126]), event_indicators shape: torch.Size([16, 126]), sequence lengths shape: torch.Size([16, 1])
x shape: torch.Size([16, 126, 4])
mask shape: torch.Size([16, 126])
lstm_output shape: torch.Size([16, 126, 138])
fc_output shape: torch.Size([16, 126, 69])
context shape: torch.Size([16, 69])
attention_weights shape: torch.Size([16, 126, 1])
x shape after cause_specific_fc: torch.Size([16, 47])
pmf_preds shape: [torch.Size([16, 5475])]
res shape: torch.Size([16, 1, 5475])
Average Loss: 1.267434984445572
Epoch 4/50
features shape: torch.Size([16, 126, 4]), mask shape: torch.Size([16, 126]), time_to_event shape: torch.Size([16, 1]), event_indicator shape: torch.Size([16, 1]), time_to_events shape: torch.Size([16, 126]), event_indicators shape: torch.Size([16, 126]), sequence lengths shape: torch.Size([16, 1])
x shape: torch.Size([16, 126, 4])
mask shape: torch.Size([16, 126])
lstm_output shape: torch.Size([16, 126, 138])
fc_output shape: torch.Size([16, 126, 69])
context shape: torch.Size([16, 69])
attention_weights shape: torch.Size([16, 126, 1])
x shape after cause_specific_fc: torch.Size([16, 47])
pmf_preds shape: [torch.Size([16, 5475])]
res shape: torch.Size([16, 1, 5475])
Average Loss: 1.2267328761518002
Epoch 5/50
features shape: torch.Size([16, 126, 4]), mask shape: torch.Size([16, 126]), time_to_event shape: torch.Size([16, 1]), event_indicator shape: torch.Size([16, 1]), time_to_events shape: torch.Size([16, 126]), event_indicators shape: torch.Size([16, 126]), sequence lengths shape: torch.Size([16, 1])
x shape: torch.Size([16, 126, 4])
mask shape: torch.Size([16, 126])
lstm_output shape: torch.Size([16, 126, 138])
fc_output shape: torch.Size([16, 126, 69])
context shape: torch.Size([16, 69])
attention_weights shape: torch.Size([16, 126, 1])
x shape after cause_specific_fc: torch.Size([16, 47])
pmf_preds shape: [torch.Size([16, 5475])]
res shape: torch.Size([16, 1, 5475])
Average Loss: 1.233348235487938
Patience Counter: 1
Epoch 6/50
features shape: torch.Size([16, 126, 4]), mask shape: torch.Size([16, 126]), time_to_event shape: torch.Size([16, 1]), event_indicator shape: torch.Size([16, 1]), time_to_events shape: torch.Size([16, 126]), event_indicators shape: torch.Size([16, 126]), sequence lengths shape: torch.Size([16, 1])
x shape: torch.Size([16, 126, 4])
mask shape: torch.Size([16, 126])
lstm_output shape: torch.Size([16, 126, 138])
fc_output shape: torch.Size([16, 126, 69])
context shape: torch.Size([16, 69])
attention_weights shape: torch.Size([16, 126, 1])
x shape after cause_specific_fc: torch.Size([16, 47])
pmf_preds shape: [torch.Size([16, 5475])]
res shape: torch.Size([16, 1, 5475])
Average Loss: 1.2197539806365967
Epoch 7/50
features shape: torch.Size([16, 126, 4]), mask shape: torch.Size([16, 126]), time_to_event shape: torch.Size([16, 1]), event_indicator shape: torch.Size([16, 1]), time_to_events shape: torch.Size([16, 126]), event_indicators shape: torch.Size([16, 126]), sequence lengths shape: torch.Size([16, 1])
x shape: torch.Size([16, 126, 4])
mask shape: torch.Size([16, 126])
lstm_output shape: torch.Size([16, 126, 138])
fc_output shape: torch.Size([16, 126, 69])
context shape: torch.Size([16, 69])
attention_weights shape: torch.Size([16, 126, 1])
x shape after cause_specific_fc: torch.Size([16, 47])
pmf_preds shape: [torch.Size([16, 5475])]
res shape: torch.Size([16, 1, 5475])
Average Loss: 1.2076697796583176
Epoch 8/50
features shape: torch.Size([16, 126, 4]), mask shape: torch.Size([16, 126]), time_to_event shape: torch.Size([16, 1]), event_indicator shape: torch.Size([16, 1]), time_to_events shape: torch.Size([16, 126]), event_indicators shape: torch.Size([16, 126]), sequence lengths shape: torch.Size([16, 1])
x shape: torch.Size([16, 126, 4])
mask shape: torch.Size([16, 126])
lstm_output shape: torch.Size([16, 126, 138])
fc_output shape: torch.Size([16, 126, 69])
context shape: torch.Size([16, 69])
attention_weights shape: torch.Size([16, 126, 1])
x shape after cause_specific_fc: torch.Size([16, 47])
pmf_preds shape: [torch.Size([16, 5475])]
res shape: torch.Size([16, 1, 5475])
Average Loss: 1.20411791279912
Epoch 9/50
features shape: torch.Size([16, 126, 4]), mask shape: torch.Size([16, 126]), time_to_event shape: torch.Size([16, 1]), event_indicator shape: torch.Size([16, 1]), time_to_events shape: torch.Size([16, 126]), event_indicators shape: torch.Size([16, 126]), sequence lengths shape: torch.Size([16, 1])
x shape: torch.Size([16, 126, 4])
mask shape: torch.Size([16, 126])
lstm_output shape: torch.Size([16, 126, 138])
fc_output shape: torch.Size([16, 126, 69])
context shape: torch.Size([16, 69])
attention_weights shape: torch.Size([16, 126, 1])
x shape after cause_specific_fc: torch.Size([16, 47])
pmf_preds shape: [torch.Size([16, 5475])]
res shape: torch.Size([16, 1, 5475])
Average Loss: 1.1894462294876575
Epoch 10/50
features shape: torch.Size([16, 126, 4]), mask shape: torch.Size([16, 126]), time_to_event shape: torch.Size([16, 1]), event_indicator shape: torch.Size([16, 1]), time_to_events shape: torch.Size([16, 126]), event_indicators shape: torch.Size([16, 126]), sequence lengths shape: torch.Size([16, 1])
x shape: torch.Size([16, 126, 4])
mask shape: torch.Size([16, 126])
lstm_output shape: torch.Size([16, 126, 138])
fc_output shape: torch.Size([16, 126, 69])
context shape: torch.Size([16, 69])
attention_weights shape: torch.Size([16, 126, 1])
x shape after cause_specific_fc: torch.Size([16, 47])
pmf_preds shape: [torch.Size([16, 5475])]
res shape: torch.Size([16, 1, 5475])
Average Loss: 1.1770485118031502
Epoch 11/50
features shape: torch.Size([16, 126, 4]), mask shape: torch.Size([16, 126]), time_to_event shape: torch.Size([16, 1]), event_indicator shape: torch.Size([16, 1]), time_to_events shape: torch.Size([16, 126]), event_indicators shape: torch.Size([16, 126]), sequence lengths shape: torch.Size([16, 1])
x shape: torch.Size([16, 126, 4])
mask shape: torch.Size([16, 126])
lstm_output shape: torch.Size([16, 126, 138])
fc_output shape: torch.Size([16, 126, 69])
context shape: torch.Size([16, 69])
attention_weights shape: torch.Size([16, 126, 1])
x shape after cause_specific_fc: torch.Size([16, 47])
pmf_preds shape: [torch.Size([16, 5475])]
res shape: torch.Size([16, 1, 5475])
Average Loss: 1.135438159108162
Epoch 12/50
features shape: torch.Size([16, 126, 4]), mask shape: torch.Size([16, 126]), time_to_event shape: torch.Size([16, 1]), event_indicator shape: torch.Size([16, 1]), time_to_events shape: torch.Size([16, 126]), event_indicators shape: torch.Size([16, 126]), sequence lengths shape: torch.Size([16, 1])
x shape: torch.Size([16, 126, 4])
mask shape: torch.Size([16, 126])
lstm_output shape: torch.Size([16, 126, 138])
fc_output shape: torch.Size([16, 126, 69])
context shape: torch.Size([16, 69])
attention_weights shape: torch.Size([16, 126, 1])
x shape after cause_specific_fc: torch.Size([16, 47])
pmf_preds shape: [torch.Size([16, 5475])]
res shape: torch.Size([16, 1, 5475])
Average Loss: 1.164847832173109
Patience Counter: 1
Epoch 13/50
features shape: torch.Size([16, 126, 4]), mask shape: torch.Size([16, 126]), time_to_event shape: torch.Size([16, 1]), event_indicator shape: torch.Size([16, 1]), time_to_events shape: torch.Size([16, 126]), event_indicators shape: torch.Size([16, 126]), sequence lengths shape: torch.Size([16, 1])
x shape: torch.Size([16, 126, 4])
mask shape: torch.Size([16, 126])
lstm_output shape: torch.Size([16, 126, 138])
fc_output shape: torch.Size([16, 126, 69])
context shape: torch.Size([16, 69])
attention_weights shape: torch.Size([16, 126, 1])
x shape after cause_specific_fc: torch.Size([16, 47])
pmf_preds shape: [torch.Size([16, 5475])]
res shape: torch.Size([16, 1, 5475])
Average Loss: 1.1441270932555199
Patience Counter: 2
Epoch 14/50
features shape: torch.Size([16, 126, 4]), mask shape: torch.Size([16, 126]), time_to_event shape: torch.Size([16, 1]), event_indicator shape: torch.Size([16, 1]), time_to_events shape: torch.Size([16, 126]), event_indicators shape: torch.Size([16, 126]), sequence lengths shape: torch.Size([16, 1])
x shape: torch.Size([16, 126, 4])
mask shape: torch.Size([16, 126])
lstm_output shape: torch.Size([16, 126, 138])
fc_output shape: torch.Size([16, 126, 69])
context shape: torch.Size([16, 69])
attention_weights shape: torch.Size([16, 126, 1])
x shape after cause_specific_fc: torch.Size([16, 47])
pmf_preds shape: [torch.Size([16, 5475])]
res shape: torch.Size([16, 1, 5475])
Average Loss: 1.142742220312357
Patience Counter: 3
Epoch 15/50
features shape: torch.Size([16, 126, 4]), mask shape: torch.Size([16, 126]), time_to_event shape: torch.Size([16, 1]), event_indicator shape: torch.Size([16, 1]), time_to_events shape: torch.Size([16, 126]), event_indicators shape: torch.Size([16, 126]), sequence lengths shape: torch.Size([16, 1])
x shape: torch.Size([16, 126, 4])
mask shape: torch.Size([16, 126])
lstm_output shape: torch.Size([16, 126, 138])
fc_output shape: torch.Size([16, 126, 69])
context shape: torch.Size([16, 69])
attention_weights shape: torch.Size([16, 126, 1])
x shape after cause_specific_fc: torch.Size([16, 47])
pmf_preds shape: [torch.Size([16, 5475])]
res shape: torch.Size([16, 1, 5475])
Average Loss: 1.1425527483224869
Patience Counter: 4
Epoch 16/50
features shape: torch.Size([16, 126, 4]), mask shape: torch.Size([16, 126]), time_to_event shape: torch.Size([16, 1]), event_indicator shape: torch.Size([16, 1]), time_to_events shape: torch.Size([16, 126]), event_indicators shape: torch.Size([16, 126]), sequence lengths shape: torch.Size([16, 1])
x shape: torch.Size([16, 126, 4])
mask shape: torch.Size([16, 126])
lstm_output shape: torch.Size([16, 126, 138])
fc_output shape: torch.Size([16, 126, 69])
context shape: torch.Size([16, 69])
attention_weights shape: torch.Size([16, 126, 1])
x shape after cause_specific_fc: torch.Size([16, 47])
pmf_preds shape: [torch.Size([16, 5475])]
res shape: torch.Size([16, 1, 5475])
Average Loss: 1.1134795118123293
Epoch 17/50
features shape: torch.Size([16, 126, 4]), mask shape: torch.Size([16, 126]), time_to_event shape: torch.Size([16, 1]), event_indicator shape: torch.Size([16, 1]), time_to_events shape: torch.Size([16, 126]), event_indicators shape: torch.Size([16, 126]), sequence lengths shape: torch.Size([16, 1])
x shape: torch.Size([16, 126, 4])
mask shape: torch.Size([16, 126])
lstm_output shape: torch.Size([16, 126, 138])
fc_output shape: torch.Size([16, 126, 69])
context shape: torch.Size([16, 69])
attention_weights shape: torch.Size([16, 126, 1])
x shape after cause_specific_fc: torch.Size([16, 47])
pmf_preds shape: [torch.Size([16, 5475])]
res shape: torch.Size([16, 1, 5475])
Average Loss: 1.150261215865612
Patience Counter: 1
Epoch 18/50
features shape: torch.Size([16, 126, 4]), mask shape: torch.Size([16, 126]), time_to_event shape: torch.Size([16, 1]), event_indicator shape: torch.Size([16, 1]), time_to_events shape: torch.Size([16, 126]), event_indicators shape: torch.Size([16, 126]), sequence lengths shape: torch.Size([16, 1])
x shape: torch.Size([16, 126, 4])
mask shape: torch.Size([16, 126])
lstm_output shape: torch.Size([16, 126, 138])
fc_output shape: torch.Size([16, 126, 69])
context shape: torch.Size([16, 69])
attention_weights shape: torch.Size([16, 126, 1])
x shape after cause_specific_fc: torch.Size([16, 47])
pmf_preds shape: [torch.Size([16, 5475])]
res shape: torch.Size([16, 1, 5475])
Average Loss: 1.1639513168483973
Patience Counter: 2
Epoch 19/50
features shape: torch.Size([16, 126, 4]), mask shape: torch.Size([16, 126]), time_to_event shape: torch.Size([16, 1]), event_indicator shape: torch.Size([16, 1]), time_to_events shape: torch.Size([16, 126]), event_indicators shape: torch.Size([16, 126]), sequence lengths shape: torch.Size([16, 1])
x shape: torch.Size([16, 126, 4])
mask shape: torch.Size([16, 126])
lstm_output shape: torch.Size([16, 126, 138])
fc_output shape: torch.Size([16, 126, 69])
context shape: torch.Size([16, 69])
attention_weights shape: torch.Size([16, 126, 1])
x shape after cause_specific_fc: torch.Size([16, 47])
pmf_preds shape: [torch.Size([16, 5475])]
res shape: torch.Size([16, 1, 5475])
Average Loss: 1.1171895323786885
Patience Counter: 3
Epoch 20/50
features shape: torch.Size([16, 126, 4]), mask shape: torch.Size([16, 126]), time_to_event shape: torch.Size([16, 1]), event_indicator shape: torch.Size([16, 1]), time_to_events shape: torch.Size([16, 126]), event_indicators shape: torch.Size([16, 126]), sequence lengths shape: torch.Size([16, 1])
x shape: torch.Size([16, 126, 4])
mask shape: torch.Size([16, 126])
lstm_output shape: torch.Size([16, 126, 138])
fc_output shape: torch.Size([16, 126, 69])
context shape: torch.Size([16, 69])
attention_weights shape: torch.Size([16, 126, 1])
x shape after cause_specific_fc: torch.Size([16, 47])
pmf_preds shape: [torch.Size([16, 5475])]
res shape: torch.Size([16, 1, 5475])
Average Loss: 1.1282933168113232
Patience Counter: 4
Epoch 21/50
features shape: torch.Size([16, 126, 4]), mask shape: torch.Size([16, 126]), time_to_event shape: torch.Size([16, 1]), event_indicator shape: torch.Size([16, 1]), time_to_events shape: torch.Size([16, 126]), event_indicators shape: torch.Size([16, 126]), sequence lengths shape: torch.Size([16, 1])
x shape: torch.Size([16, 126, 4])
mask shape: torch.Size([16, 126])
lstm_output shape: torch.Size([16, 126, 138])
fc_output shape: torch.Size([16, 126, 69])
context shape: torch.Size([16, 69])
attention_weights shape: torch.Size([16, 126, 1])
x shape after cause_specific_fc: torch.Size([16, 47])
pmf_preds shape: [torch.Size([16, 5475])]
res shape: torch.Size([16, 1, 5475])
Average Loss: 1.1265116594731808
Patience Counter: 5
Early stopping triggered
features shape: torch.Size([16, 126, 4]), mask shape: torch.Size([16, 126]), T shape: torch.Size([16, 1]), E shape: torch.Size([16, 1]) cif shape: (16, 5475)
Processing subject 0 with time 1487 and event False cif at t_j: [0.3457784]
all_E shape: (500,) first 10 values: [False  True False False False  True  True False False False]
all_R shape: (500,) first 10 values: [0.3457784  0.82461727 0.30695617 0.7151419  0.28654113 0.8246172
 0.45518094 0.42926827 0.45173413 0.3677076 ]
all_T shape: (500,) first 10 values: [1487    0 1145    2 1002    0 2160 1790 1976 1430]
Global test C-index (scikit-survival): 0.681 number of concordant pairs: 46759
Global test C-index: 0.681
/home/minhn2/uiuc-kidney-failure/pkgs/experiments/dynamic_deephit.py:256: FutureWarning: You are using `torch.load` with `weights_only=False` (the current default value), which uses the default pickle module implicitly. It is possible to construct malicious pickle data which will execute arbitrary code during unpickling (See https://github.com/pytorch/pytorch/blob/main/SECURITY.md#untrusted-models for more details). In a future release, the default value for `weights_only` will be flipped to `True`. This limits the functions that could be executed during unpickling. Arbitrary objects will no longer be allowed to be loaded via this mode unless they are explicitly allowlisted by the user via `torch.serialization.add_safe_globals`. We recommend you start setting `weights_only=True` for any use case where you don't have full control of the loaded file. Please open an issue on GitHub for any issues related to this experimental feature.
  saved_model = torch.load(saved_path, map_location=device)
features shape: torch.Size([16, 126, 4]), mask shape: torch.Size([16, 126]), T shape: torch.Size([16, 1]), E shape: torch.Size([16, 1]) cif shape: (16, 5475)
Processing subject 0 with time 1487 and event False cif at t_j: [0.16677177]
all_E shape: (500,) first 10 values: [False  True False False False  True  True False False False]
all_R shape: (500,) first 10 values: [0.16677177 0.8371665  0.20319933 0.14428052 0.15576369 0.84020174
 0.28060707 0.26603124 0.25878567 0.29715618]
all_T shape: (500,) first 10 values: [1487    0 1145    2 1002    0 2160 1790 1976 1430]
Global test C-index (scikit-survival): 0.726 number of concordant pairs: 49897
Global test C-index: 0.726
Saved model C-index: 0.7260, Current trial C-index: 0.6813
Saved model is better, keeping it
[I 2026-08-27 00:45:53,144] Trial 1 finished with value: 0.6812903789069321 and parameters: {'num_layer': 2, 'hidden_dim_0': 69, 'hidden_dim_1': 47, 'learning_rate': 0.00628873252197324, 'drop_out_rate': 0.34842330711996516, 'llh_loss': 0.164792171855555}. Best is trial 0 with value: 0.7260491240323613.
Using GPU: cuda:5 (utilization=0%, free_mem=11036MiB)
Running trial 2 for ExperimentScenario.FOUR_FEATURES on device cuda:5
Train data path /home/minhn2/uiuc-kidney-failure/generated_data/rep99/four_features_train_data.csv
Test data path /home/minhn2/uiuc-kidney-failure/generated_data/rep99/four_features_test_data.csv
Number of patients: test 345 and train 500
Number of records: test 3667 and train 5806
Epoch 1/50
features shape: torch.Size([16, 126, 4]), mask shape: torch.Size([16, 126]), time_to_event shape: torch.Size([16, 1]), event_indicator shape: torch.Size([16, 1]), time_to_events shape: torch.Size([16, 126]), event_indicators shape: torch.Size([16, 126]), sequence lengths shape: torch.Size([16, 1])
x shape: torch.Size([16, 126, 4])
mask shape: torch.Size([16, 126])
lstm_output shape: torch.Size([16, 126, 140])
fc_output shape: torch.Size([16, 126, 70])
context shape: torch.Size([16, 70])
attention_weights shape: torch.Size([16, 126, 1])
x shape after cause_specific_fc: torch.Size([16, 35])
pmf_preds shape: [torch.Size([16, 5475])]
res shape: torch.Size([16, 1, 5475])
Average Loss: 4.153751023113728
Epoch 2/50
features shape: torch.Size([16, 126, 4]), mask shape: torch.Size([16, 126]), time_to_event shape: torch.Size([16, 1]), event_indicator shape: torch.Size([16, 1]), time_to_events shape: torch.Size([16, 126]), event_indicators shape: torch.Size([16, 126]), sequence lengths shape: torch.Size([16, 1])
x shape: torch.Size([16, 126, 4])
mask shape: torch.Size([16, 126])
lstm_output shape: torch.Size([16, 126, 140])
fc_output shape: torch.Size([16, 126, 70])
context shape: torch.Size([16, 70])
attention_weights shape: torch.Size([16, 126, 1])
x shape after cause_specific_fc: torch.Size([16, 35])
pmf_preds shape: [torch.Size([16, 5475])]
res shape: torch.Size([16, 1, 5475])
Average Loss: 4.287615552544594
Patience Counter: 1
Epoch 3/50
features shape: torch.Size([16, 126, 4]), mask shape: torch.Size([16, 126]), time_to_event shape: torch.Size([16, 1]), event_indicator shape: torch.Size([16, 1]), time_to_events shape: torch.Size([16, 126]), event_indicators shape: torch.Size([16, 126]), sequence lengths shape: torch.Size([16, 1])
x shape: torch.Size([16, 126, 4])
mask shape: torch.Size([16, 126])
lstm_output shape: torch.Size([16, 126, 140])
fc_output shape: torch.Size([16, 126, 70])
context shape: torch.Size([16, 70])
attention_weights shape: torch.Size([16, 126, 1])
x shape after cause_specific_fc: torch.Size([16, 35])
pmf_preds shape: [torch.Size([16, 5475])]
res shape: torch.Size([16, 1, 5475])
Average Loss: 4.240324504673481
Patience Counter: 2
Epoch 4/50
features shape: torch.Size([16, 126, 4]), mask shape: torch.Size([16, 126]), time_to_event shape: torch.Size([16, 1]), event_indicator shape: torch.Size([16, 1]), time_to_events shape: torch.Size([16, 126]), event_indicators shape: torch.Size([16, 126]), sequence lengths shape: torch.Size([16, 1])
x shape: torch.Size([16, 126, 4])
mask shape: torch.Size([16, 126])
lstm_output shape: torch.Size([16, 126, 140])
fc_output shape: torch.Size([16, 126, 70])
context shape: torch.Size([16, 70])
attention_weights shape: torch.Size([16, 126, 1])
x shape after cause_specific_fc: torch.Size([16, 35])
pmf_preds shape: [torch.Size([16, 5475])]
res shape: torch.Size([16, 1, 5475])
Average Loss: 4.145972587168217
Epoch 5/50
features shape: torch.Size([16, 126, 4]), mask shape: torch.Size([16, 126]), time_to_event shape: torch.Size([16, 1]), event_indicator shape: torch.Size([16, 1]), time_to_events shape: torch.Size([16, 126]), event_indicators shape: torch.Size([16, 126]), sequence lengths shape: torch.Size([16, 1])
x shape: torch.Size([16, 126, 4])
mask shape: torch.Size([16, 126])
lstm_output shape: torch.Size([16, 126, 140])
fc_output shape: torch.Size([16, 126, 70])
context shape: torch.Size([16, 70])
attention_weights shape: torch.Size([16, 126, 1])
x shape after cause_specific_fc: torch.Size([16, 35])
pmf_preds shape: [torch.Size([16, 5475])]
res shape: torch.Size([16, 1, 5475])
Average Loss: 4.1451305747032166
Epoch 6/50
features shape: torch.Size([16, 126, 4]), mask shape: torch.Size([16, 126]), time_to_event shape: torch.Size([16, 1]), event_indicator shape: torch.Size([16, 1]), time_to_events shape: torch.Size([16, 126]), event_indicators shape: torch.Size([16, 126]), sequence lengths shape: torch.Size([16, 1])
x shape: torch.Size([16, 126, 4])
mask shape: torch.Size([16, 126])
lstm_output shape: torch.Size([16, 126, 140])
fc_output shape: torch.Size([16, 126, 70])
context shape: torch.Size([16, 70])
attention_weights shape: torch.Size([16, 126, 1])
x shape after cause_specific_fc: torch.Size([16, 35])
pmf_preds shape: [torch.Size([16, 5475])]
res shape: torch.Size([16, 1, 5475])
Average Loss: 4.233597569167614
Patience Counter: 1
Epoch 7/50
features shape: torch.Size([16, 126, 4]), mask shape: torch.Size([16, 126]), time_to_event shape: torch.Size([16, 1]), event_indicator shape: torch.Size([16, 1]), time_to_events shape: torch.Size([16, 126]), event_indicators shape: torch.Size([16, 126]), sequence lengths shape: torch.Size([16, 1])
x shape: torch.Size([16, 126, 4])
mask shape: torch.Size([16, 126])
lstm_output shape: torch.Size([16, 126, 140])
fc_output shape: torch.Size([16, 126, 70])
context shape: torch.Size([16, 70])
attention_weights shape: torch.Size([16, 126, 1])
x shape after cause_specific_fc: torch.Size([16, 35])
pmf_preds shape: [torch.Size([16, 5475])]
res shape: torch.Size([16, 1, 5475])
Average Loss: 4.189805120229721
Patience Counter: 2
Epoch 8/50
features shape: torch.Size([16, 126, 4]), mask shape: torch.Size([16, 126]), time_to_event shape: torch.Size([16, 1]), event_indicator shape: torch.Size([16, 1]), time_to_events shape: torch.Size([16, 126]), event_indicators shape: torch.Size([16, 126]), sequence lengths shape: torch.Size([16, 1])
x shape: torch.Size([16, 126, 4])
mask shape: torch.Size([16, 126])
lstm_output shape: torch.Size([16, 126, 140])
fc_output shape: torch.Size([16, 126, 70])
context shape: torch.Size([16, 70])
attention_weights shape: torch.Size([16, 126, 1])
x shape after cause_specific_fc: torch.Size([16, 35])
pmf_preds shape: [torch.Size([16, 5475])]
res shape: torch.Size([16, 1, 5475])
Average Loss: 4.230796746909618
Patience Counter: 3
Epoch 9/50
features shape: torch.Size([16, 126, 4]), mask shape: torch.Size([16, 126]), time_to_event shape: torch.Size([16, 1]), event_indicator shape: torch.Size([16, 1]), time_to_events shape: torch.Size([16, 126]), event_indicators shape: torch.Size([16, 126]), sequence lengths shape: torch.Size([16, 1])
x shape: torch.Size([16, 126, 4])
mask shape: torch.Size([16, 126])
lstm_output shape: torch.Size([16, 126, 140])
fc_output shape: torch.Size([16, 126, 70])
context shape: torch.Size([16, 70])
attention_weights shape: torch.Size([16, 126, 1])
x shape after cause_specific_fc: torch.Size([16, 35])
pmf_preds shape: [torch.Size([16, 5475])]
res shape: torch.Size([16, 1, 5475])
Average Loss: 4.230539105832577
Patience Counter: 4
Epoch 10/50
features shape: torch.Size([16, 126, 4]), mask shape: torch.Size([16, 126]), time_to_event shape: torch.Size([16, 1]), event_indicator shape: torch.Size([16, 1]), time_to_events shape: torch.Size([16, 126]), event_indicators shape: torch.Size([16, 126]), sequence lengths shape: torch.Size([16, 1])
x shape: torch.Size([16, 126, 4])
mask shape: torch.Size([16, 126])
lstm_output shape: torch.Size([16, 126, 140])
fc_output shape: torch.Size([16, 126, 70])
context shape: torch.Size([16, 70])
attention_weights shape: torch.Size([16, 126, 1])
x shape after cause_specific_fc: torch.Size([16, 35])
pmf_preds shape: [torch.Size([16, 5475])]
res shape: torch.Size([16, 1, 5475])
Average Loss: 4.086066272342578
Epoch 11/50
features shape: torch.Size([16, 126, 4]), mask shape: torch.Size([16, 126]), time_to_event shape: torch.Size([16, 1]), event_indicator shape: torch.Size([16, 1]), time_to_events shape: torch.Size([16, 126]), event_indicators shape: torch.Size([16, 126]), sequence lengths shape: torch.Size([16, 1])
x shape: torch.Size([16, 126, 4])
mask shape: torch.Size([16, 126])
lstm_output shape: torch.Size([16, 126, 140])
fc_output shape: torch.Size([16, 126, 70])
context shape: torch.Size([16, 70])
attention_weights shape: torch.Size([16, 126, 1])
x shape after cause_specific_fc: torch.Size([16, 35])
pmf_preds shape: [torch.Size([16, 5475])]
res shape: torch.Size([16, 1, 5475])
Average Loss: 4.272525746375322
Patience Counter: 1
Epoch 12/50
features shape: torch.Size([16, 126, 4]), mask shape: torch.Size([16, 126]), time_to_event shape: torch.Size([16, 1]), event_indicator shape: torch.Size([16, 1]), time_to_events shape: torch.Size([16, 126]), event_indicators shape: torch.Size([16, 126]), sequence lengths shape: torch.Size([16, 1])
x shape: torch.Size([16, 126, 4])
mask shape: torch.Size([16, 126])
lstm_output shape: torch.Size([16, 126, 140])
fc_output shape: torch.Size([16, 126, 70])
context shape: torch.Size([16, 70])
attention_weights shape: torch.Size([16, 126, 1])
x shape after cause_specific_fc: torch.Size([16, 35])
pmf_preds shape: [torch.Size([16, 5475])]
res shape: torch.Size([16, 1, 5475])
Average Loss: 4.175697319209576
Patience Counter: 2
Epoch 13/50
features shape: torch.Size([16, 126, 4]), mask shape: torch.Size([16, 126]), time_to_event shape: torch.Size([16, 1]), event_indicator shape: torch.Size([16, 1]), time_to_events shape: torch.Size([16, 126]), event_indicators shape: torch.Size([16, 126]), sequence lengths shape: torch.Size([16, 1])
x shape: torch.Size([16, 126, 4])
mask shape: torch.Size([16, 126])
lstm_output shape: torch.Size([16, 126, 140])
fc_output shape: torch.Size([16, 126, 70])
context shape: torch.Size([16, 70])
attention_weights shape: torch.Size([16, 126, 1])
x shape after cause_specific_fc: torch.Size([16, 35])
pmf_preds shape: [torch.Size([16, 5475])]
res shape: torch.Size([16, 1, 5475])
Average Loss: 4.222279004752636
Patience Counter: 3
Epoch 14/50
features shape: torch.Size([16, 126, 4]), mask shape: torch.Size([16, 126]), time_to_event shape: torch.Size([16, 1]), event_indicator shape: torch.Size([16, 1]), time_to_events shape: torch.Size([16, 126]), event_indicators shape: torch.Size([16, 126]), sequence lengths shape: torch.Size([16, 1])
x shape: torch.Size([16, 126, 4])
mask shape: torch.Size([16, 126])
lstm_output shape: torch.Size([16, 126, 140])
fc_output shape: torch.Size([16, 126, 70])
context shape: torch.Size([16, 70])
attention_weights shape: torch.Size([16, 126, 1])
x shape after cause_specific_fc: torch.Size([16, 35])
pmf_preds shape: [torch.Size([16, 5475])]
res shape: torch.Size([16, 1, 5475])
Average Loss: 4.218729749321938
Patience Counter: 4
Epoch 15/50
features shape: torch.Size([16, 126, 4]), mask shape: torch.Size([16, 126]), time_to_event shape: torch.Size([16, 1]), event_indicator shape: torch.Size([16, 1]), time_to_events shape: torch.Size([16, 126]), event_indicators shape: torch.Size([16, 126]), sequence lengths shape: torch.Size([16, 1])
x shape: torch.Size([16, 126, 4])
mask shape: torch.Size([16, 126])
lstm_output shape: torch.Size([16, 126, 140])
fc_output shape: torch.Size([16, 126, 70])
context shape: torch.Size([16, 70])
attention_weights shape: torch.Size([16, 126, 1])
x shape after cause_specific_fc: torch.Size([16, 35])
pmf_preds shape: [torch.Size([16, 5475])]
res shape: torch.Size([16, 1, 5475])
Average Loss: 4.260236505419016
Patience Counter: 5
Early stopping triggered
features shape: torch.Size([16, 126, 4]), mask shape: torch.Size([16, 126]), T shape: torch.Size([16, 1]), E shape: torch.Size([16, 1]) cif shape: (16, 5475)
Processing subject 0 with time 1487 and event False cif at t_j: [0.27176547]
all_E shape: (500,) first 10 values: [False  True False False False  True  True False False False]
all_R shape: (500,) first 10 values: [2.7176547e-01 1.8633249e-04 2.0913516e-01 5.9864135e-04 1.8280396e-01
 1.8572413e-04 3.9392394e-01 3.2644355e-01 3.6014813e-01 2.6148564e-01]
all_T shape: (500,) first 10 values: [1487    0 1145    2 1002    0 2160 1790 1976 1430]
Global test C-index (scikit-survival): 0.033 number of concordant pairs: 2220
Global test C-index: 0.033
/home/minhn2/uiuc-kidney-failure/pkgs/experiments/dynamic_deephit.py:256: FutureWarning: You are using `torch.load` with `weights_only=False` (the current default value), which uses the default pickle module implicitly. It is possible to construct malicious pickle data which will execute arbitrary code during unpickling (See https://github.com/pytorch/pytorch/blob/main/SECURITY.md#untrusted-models for more details). In a future release, the default value for `weights_only` will be flipped to `True`. This limits the functions that could be executed during unpickling. Arbitrary objects will no longer be allowed to be loaded via this mode unless they are explicitly allowlisted by the user via `torch.serialization.add_safe_globals`. We recommend you start setting `weights_only=True` for any use case where you don't have full control of the loaded file. Please open an issue on GitHub for any issues related to this experimental feature.
  saved_model = torch.load(saved_path, map_location=device)
features shape: torch.Size([16, 126, 4]), mask shape: torch.Size([16, 126]), T shape: torch.Size([16, 1]), E shape: torch.Size([16, 1]) cif shape: (16, 5475)
Processing subject 0 with time 1487 and event False cif at t_j: [0.16677177]
all_E shape: (500,) first 10 values: [False  True False False False  True  True False False False]
all_R shape: (500,) first 10 values: [0.16677177 0.8371665  0.20319933 0.14428052 0.15576369 0.84020174
 0.28060707 0.26603124 0.25878567 0.29715618]
all_T shape: (500,) first 10 values: [1487    0 1145    2 1002    0 2160 1790 1976 1430]
Global test C-index (scikit-survival): 0.726 number of concordant pairs: 49897
Global test C-index: 0.726
Saved model C-index: 0.7260, Current trial C-index: 0.0329
Saved model is better, keeping it
[I 2026-08-27 00:46:49,094] Trial 2 finished with value: 0.03290699027996042 and parameters: {'num_layer': 3, 'hidden_dim_0': 70, 'hidden_dim_1': 33, 'hidden_dim_2': 35, 'learning_rate': 1.8346748943359428e-05, 'drop_out_rate': 0.14379245046723763, 'llh_loss': 0.9240063247638246}. Best is trial 0 with value: 0.7260491240323613.
Using GPU: cuda:3 (utilization=0%, free_mem=11032MiB)
Running trial 3 for ExperimentScenario.FOUR_FEATURES on device cuda:3
Train data path /home/minhn2/uiuc-kidney-failure/generated_data/rep99/four_features_train_data.csv
Test data path /home/minhn2/uiuc-kidney-failure/generated_data/rep99/four_features_test_data.csv
Number of patients: test 345 and train 500
Number of records: test 3667 and train 5806
Epoch 1/50
features shape: torch.Size([16, 126, 4]), mask shape: torch.Size([16, 126]), time_to_event shape: torch.Size([16, 1]), event_indicator shape: torch.Size([16, 1]), time_to_events shape: torch.Size([16, 126]), event_indicators shape: torch.Size([16, 126]), sequence lengths shape: torch.Size([16, 1])
x shape: torch.Size([16, 126, 4])
mask shape: torch.Size([16, 126])
lstm_output shape: torch.Size([16, 126, 62])
fc_output shape: torch.Size([16, 126, 31])
context shape: torch.Size([16, 31])
attention_weights shape: torch.Size([16, 126, 1])
x shape after cause_specific_fc: torch.Size([16, 31])
pmf_preds shape: [torch.Size([16, 5475])]
res shape: torch.Size([16, 1, 5475])
Average Loss: 3.7860211953520775
Epoch 2/50
features shape: torch.Size([16, 126, 4]), mask shape: torch.Size([16, 126]), time_to_event shape: torch.Size([16, 1]), event_indicator shape: torch.Size([16, 1]), time_to_events shape: torch.Size([16, 126]), event_indicators shape: torch.Size([16, 126]), sequence lengths shape: torch.Size([16, 1])
x shape: torch.Size([16, 126, 4])
mask shape: torch.Size([16, 126])
lstm_output shape: torch.Size([16, 126, 62])
fc_output shape: torch.Size([16, 126, 31])
context shape: torch.Size([16, 31])
attention_weights shape: torch.Size([16, 126, 1])
x shape after cause_specific_fc: torch.Size([16, 31])
pmf_preds shape: [torch.Size([16, 5475])]
res shape: torch.Size([16, 1, 5475])
Average Loss: 3.734952002763748
Epoch 3/50
features shape: torch.Size([16, 126, 4]), mask shape: torch.Size([16, 126]), time_to_event shape: torch.Size([16, 1]), event_indicator shape: torch.Size([16, 1]), time_to_events shape: torch.Size([16, 126]), event_indicators shape: torch.Size([16, 126]), sequence lengths shape: torch.Size([16, 1])
x shape: torch.Size([16, 126, 4])
mask shape: torch.Size([16, 126])
lstm_output shape: torch.Size([16, 126, 62])
fc_output shape: torch.Size([16, 126, 31])
context shape: torch.Size([16, 31])
attention_weights shape: torch.Size([16, 126, 1])
x shape after cause_specific_fc: torch.Size([16, 31])
pmf_preds shape: [torch.Size([16, 5475])]
res shape: torch.Size([16, 1, 5475])
Average Loss: 3.799884706735611
Patience Counter: 1
Epoch 4/50
features shape: torch.Size([16, 126, 4]), mask shape: torch.Size([16, 126]), time_to_event shape: torch.Size([16, 1]), event_indicator shape: torch.Size([16, 1]), time_to_events shape: torch.Size([16, 126]), event_indicators shape: torch.Size([16, 126]), sequence lengths shape: torch.Size([16, 1])
x shape: torch.Size([16, 126, 4])
mask shape: torch.Size([16, 126])
lstm_output shape: torch.Size([16, 126, 62])
fc_output shape: torch.Size([16, 126, 31])
context shape: torch.Size([16, 31])
attention_weights shape: torch.Size([16, 126, 1])
x shape after cause_specific_fc: torch.Size([16, 31])
pmf_preds shape: [torch.Size([16, 5475])]
res shape: torch.Size([16, 1, 5475])
Average Loss: 3.7383692786097527
Patience Counter: 2
Epoch 5/50
features shape: torch.Size([16, 126, 4]), mask shape: torch.Size([16, 126]), time_to_event shape: torch.Size([16, 1]), event_indicator shape: torch.Size([16, 1]), time_to_events shape: torch.Size([16, 126]), event_indicators shape: torch.Size([16, 126]), sequence lengths shape: torch.Size([16, 1])
x shape: torch.Size([16, 126, 4])
mask shape: torch.Size([16, 126])
lstm_output shape: torch.Size([16, 126, 62])
fc_output shape: torch.Size([16, 126, 31])
context shape: torch.Size([16, 31])
attention_weights shape: torch.Size([16, 126, 1])
x shape after cause_specific_fc: torch.Size([16, 31])
pmf_preds shape: [torch.Size([16, 5475])]
res shape: torch.Size([16, 1, 5475])
Average Loss: 3.709264114499092
Epoch 6/50
features shape: torch.Size([16, 126, 4]), mask shape: torch.Size([16, 126]), time_to_event shape: torch.Size([16, 1]), event_indicator shape: torch.Size([16, 1]), time_to_events shape: torch.Size([16, 126]), event_indicators shape: torch.Size([16, 126]), sequence lengths shape: torch.Size([16, 1])
x shape: torch.Size([16, 126, 4])
mask shape: torch.Size([16, 126])
lstm_output shape: torch.Size([16, 126, 62])
fc_output shape: torch.Size([16, 126, 31])
context shape: torch.Size([16, 31])
attention_weights shape: torch.Size([16, 126, 1])
x shape after cause_specific_fc: torch.Size([16, 31])
pmf_preds shape: [torch.Size([16, 5475])]
res shape: torch.Size([16, 1, 5475])
Average Loss: 3.6644620820879936
Epoch 7/50
features shape: torch.Size([16, 126, 4]), mask shape: torch.Size([16, 126]), time_to_event shape: torch.Size([16, 1]), event_indicator shape: torch.Size([16, 1]), time_to_events shape: torch.Size([16, 126]), event_indicators shape: torch.Size([16, 126]), sequence lengths shape: torch.Size([16, 1])
x shape: torch.Size([16, 126, 4])
mask shape: torch.Size([16, 126])
lstm_output shape: torch.Size([16, 126, 62])
fc_output shape: torch.Size([16, 126, 31])
context shape: torch.Size([16, 31])
attention_weights shape: torch.Size([16, 126, 1])
x shape after cause_specific_fc: torch.Size([16, 31])
pmf_preds shape: [torch.Size([16, 5475])]
res shape: torch.Size([16, 1, 5475])
Average Loss: 3.588759757578373
Epoch 8/50
features shape: torch.Size([16, 126, 4]), mask shape: torch.Size([16, 126]), time_to_event shape: torch.Size([16, 1]), event_indicator shape: torch.Size([16, 1]), time_to_events shape: torch.Size([16, 126]), event_indicators shape: torch.Size([16, 126]), sequence lengths shape: torch.Size([16, 1])
x shape: torch.Size([16, 126, 4])
mask shape: torch.Size([16, 126])
lstm_output shape: torch.Size([16, 126, 62])
fc_output shape: torch.Size([16, 126, 31])
context shape: torch.Size([16, 31])
attention_weights shape: torch.Size([16, 126, 1])
x shape after cause_specific_fc: torch.Size([16, 31])
pmf_preds shape: [torch.Size([16, 5475])]
res shape: torch.Size([16, 1, 5475])
Average Loss: 3.4358161240816116
Epoch 9/50
features shape: torch.Size([16, 126, 4]), mask shape: torch.Size([16, 126]), time_to_event shape: torch.Size([16, 1]), event_indicator shape: torch.Size([16, 1]), time_to_events shape: torch.Size([16, 126]), event_indicators shape: torch.Size([16, 126]), sequence lengths shape: torch.Size([16, 1])
x shape: torch.Size([16, 126, 4])
mask shape: torch.Size([16, 126])
lstm_output shape: torch.Size([16, 126, 62])
fc_output shape: torch.Size([16, 126, 31])
context shape: torch.Size([16, 31])
attention_weights shape: torch.Size([16, 126, 1])
x shape after cause_specific_fc: torch.Size([16, 31])
pmf_preds shape: [torch.Size([16, 5475])]
res shape: torch.Size([16, 1, 5475])
Average Loss: 3.2962540797889233
Epoch 10/50
features shape: torch.Size([16, 126, 4]), mask shape: torch.Size([16, 126]), time_to_event shape: torch.Size([16, 1]), event_indicator shape: torch.Size([16, 1]), time_to_events shape: torch.Size([16, 126]), event_indicators shape: torch.Size([16, 126]), sequence lengths shape: torch.Size([16, 1])
x shape: torch.Size([16, 126, 4])
mask shape: torch.Size([16, 126])
lstm_output shape: torch.Size([16, 126, 62])
fc_output shape: torch.Size([16, 126, 31])
context shape: torch.Size([16, 31])
attention_weights shape: torch.Size([16, 126, 1])
x shape after cause_specific_fc: torch.Size([16, 31])
pmf_preds shape: [torch.Size([16, 5475])]
res shape: torch.Size([16, 1, 5475])
Average Loss: 3.2542932480573654
Epoch 11/50
features shape: torch.Size([16, 126, 4]), mask shape: torch.Size([16, 126]), time_to_event shape: torch.Size([16, 1]), event_indicator shape: torch.Size([16, 1]), time_to_events shape: torch.Size([16, 126]), event_indicators shape: torch.Size([16, 126]), sequence lengths shape: torch.Size([16, 1])
x shape: torch.Size([16, 126, 4])
mask shape: torch.Size([16, 126])
lstm_output shape: torch.Size([16, 126, 62])
fc_output shape: torch.Size([16, 126, 31])
context shape: torch.Size([16, 31])
attention_weights shape: torch.Size([16, 126, 1])
x shape after cause_specific_fc: torch.Size([16, 31])
pmf_preds shape: [torch.Size([16, 5475])]
res shape: torch.Size([16, 1, 5475])
Average Loss: 2.9894423484802246
Epoch 12/50
features shape: torch.Size([16, 126, 4]), mask shape: torch.Size([16, 126]), time_to_event shape: torch.Size([16, 1]), event_indicator shape: torch.Size([16, 1]), time_to_events shape: torch.Size([16, 126]), event_indicators shape: torch.Size([16, 126]), sequence lengths shape: torch.Size([16, 1])
x shape: torch.Size([16, 126, 4])
mask shape: torch.Size([16, 126])
lstm_output shape: torch.Size([16, 126, 62])
fc_output shape: torch.Size([16, 126, 31])
context shape: torch.Size([16, 31])
attention_weights shape: torch.Size([16, 126, 1])
x shape after cause_specific_fc: torch.Size([16, 31])
pmf_preds shape: [torch.Size([16, 5475])]
res shape: torch.Size([16, 1, 5475])
Average Loss: 2.8512393794953823
Epoch 13/50
features shape: torch.Size([16, 126, 4]), mask shape: torch.Size([16, 126]), time_to_event shape: torch.Size([16, 1]), event_indicator shape: torch.Size([16, 1]), time_to_events shape: torch.Size([16, 126]), event_indicators shape: torch.Size([16, 126]), sequence lengths shape: torch.Size([16, 1])
x shape: torch.Size([16, 126, 4])
mask shape: torch.Size([16, 126])
lstm_output shape: torch.Size([16, 126, 62])
fc_output shape: torch.Size([16, 126, 31])
context shape: torch.Size([16, 31])
attention_weights shape: torch.Size([16, 126, 1])
x shape after cause_specific_fc: torch.Size([16, 31])
pmf_preds shape: [torch.Size([16, 5475])]
res shape: torch.Size([16, 1, 5475])
Average Loss: 2.7505709417164326
Epoch 14/50
features shape: torch.Size([16, 126, 4]), mask shape: torch.Size([16, 126]), time_to_event shape: torch.Size([16, 1]), event_indicator shape: torch.Size([16, 1]), time_to_events shape: torch.Size([16, 126]), event_indicators shape: torch.Size([16, 126]), sequence lengths shape: torch.Size([16, 1])
x shape: torch.Size([16, 126, 4])
mask shape: torch.Size([16, 126])
lstm_output shape: torch.Size([16, 126, 62])
fc_output shape: torch.Size([16, 126, 31])
context shape: torch.Size([16, 31])
attention_weights shape: torch.Size([16, 126, 1])
x shape after cause_specific_fc: torch.Size([16, 31])
pmf_preds shape: [torch.Size([16, 5475])]
res shape: torch.Size([16, 1, 5475])
Average Loss: 2.6514270529150963
Epoch 15/50
features shape: torch.Size([16, 126, 4]), mask shape: torch.Size([16, 126]), time_to_event shape: torch.Size([16, 1]), event_indicator shape: torch.Size([16, 1]), time_to_events shape: torch.Size([16, 126]), event_indicators shape: torch.Size([16, 126]), sequence lengths shape: torch.Size([16, 1])
x shape: torch.Size([16, 126, 4])
mask shape: torch.Size([16, 126])
lstm_output shape: torch.Size([16, 126, 62])
fc_output shape: torch.Size([16, 126, 31])
context shape: torch.Size([16, 31])
attention_weights shape: torch.Size([16, 126, 1])
x shape after cause_specific_fc: torch.Size([16, 31])
pmf_preds shape: [torch.Size([16, 5475])]
res shape: torch.Size([16, 1, 5475])
Average Loss: 2.571349609643221
Epoch 16/50
features shape: torch.Size([16, 126, 4]), mask shape: torch.Size([16, 126]), time_to_event shape: torch.Size([16, 1]), event_indicator shape: torch.Size([16, 1]), time_to_events shape: torch.Size([16, 126]), event_indicators shape: torch.Size([16, 126]), sequence lengths shape: torch.Size([16, 1])
x shape: torch.Size([16, 126, 4])
mask shape: torch.Size([16, 126])
lstm_output shape: torch.Size([16, 126, 62])
fc_output shape: torch.Size([16, 126, 31])
context shape: torch.Size([16, 31])
attention_weights shape: torch.Size([16, 126, 1])
x shape after cause_specific_fc: torch.Size([16, 31])
pmf_preds shape: [torch.Size([16, 5475])]
res shape: torch.Size([16, 1, 5475])
Average Loss: 2.531673714518547
Epoch 17/50
features shape: torch.Size([16, 126, 4]), mask shape: torch.Size([16, 126]), time_to_event shape: torch.Size([16, 1]), event_indicator shape: torch.Size([16, 1]), time_to_events shape: torch.Size([16, 126]), event_indicators shape: torch.Size([16, 126]), sequence lengths shape: torch.Size([16, 1])
x shape: torch.Size([16, 126, 4])
mask shape: torch.Size([16, 126])
lstm_output shape: torch.Size([16, 126, 62])
fc_output shape: torch.Size([16, 126, 31])
context shape: torch.Size([16, 31])
attention_weights shape: torch.Size([16, 126, 1])
x shape after cause_specific_fc: torch.Size([16, 31])
pmf_preds shape: [torch.Size([16, 5475])]
res shape: torch.Size([16, 1, 5475])
Average Loss: 2.4923682250082493
Epoch 18/50
features shape: torch.Size([16, 126, 4]), mask shape: torch.Size([16, 126]), time_to_event shape: torch.Size([16, 1]), event_indicator shape: torch.Size([16, 1]), time_to_events shape: torch.Size([16, 126]), event_indicators shape: torch.Size([16, 126]), sequence lengths shape: torch.Size([16, 1])
x shape: torch.Size([16, 126, 4])
mask shape: torch.Size([16, 126])
lstm_output shape: torch.Size([16, 126, 62])
fc_output shape: torch.Size([16, 126, 31])
context shape: torch.Size([16, 31])
attention_weights shape: torch.Size([16, 126, 1])
x shape after cause_specific_fc: torch.Size([16, 31])
pmf_preds shape: [torch.Size([16, 5475])]
res shape: torch.Size([16, 1, 5475])
Average Loss: 2.377478677779436
Epoch 19/50
features shape: torch.Size([16, 126, 4]), mask shape: torch.Size([16, 126]), time_to_event shape: torch.Size([16, 1]), event_indicator shape: torch.Size([16, 1]), time_to_events shape: torch.Size([16, 126]), event_indicators shape: torch.Size([16, 126]), sequence lengths shape: torch.Size([16, 1])
x shape: torch.Size([16, 126, 4])
mask shape: torch.Size([16, 126])
lstm_output shape: torch.Size([16, 126, 62])
fc_output shape: torch.Size([16, 126, 31])
context shape: torch.Size([16, 31])
attention_weights shape: torch.Size([16, 126, 1])
x shape after cause_specific_fc: torch.Size([16, 31])
pmf_preds shape: [torch.Size([16, 5475])]
res shape: torch.Size([16, 1, 5475])
Average Loss: 2.3532420620322227
Epoch 20/50
features shape: torch.Size([16, 126, 4]), mask shape: torch.Size([16, 126]), time_to_event shape: torch.Size([16, 1]), event_indicator shape: torch.Size([16, 1]), time_to_events shape: torch.Size([16, 126]), event_indicators shape: torch.Size([16, 126]), sequence lengths shape: torch.Size([16, 1])
x shape: torch.Size([16, 126, 4])
mask shape: torch.Size([16, 126])
lstm_output shape: torch.Size([16, 126, 62])
fc_output shape: torch.Size([16, 126, 31])
context shape: torch.Size([16, 31])
attention_weights shape: torch.Size([16, 126, 1])
x shape after cause_specific_fc: torch.Size([16, 31])
pmf_preds shape: [torch.Size([16, 5475])]
res shape: torch.Size([16, 1, 5475])
Average Loss: 2.292899928987026
Epoch 21/50
features shape: torch.Size([16, 126, 4]), mask shape: torch.Size([16, 126]), time_to_event shape: torch.Size([16, 1]), event_indicator shape: torch.Size([16, 1]), time_to_events shape: torch.Size([16, 126]), event_indicators shape: torch.Size([16, 126]), sequence lengths shape: torch.Size([16, 1])
x shape: torch.Size([16, 126, 4])
mask shape: torch.Size([16, 126])
lstm_output shape: torch.Size([16, 126, 62])
fc_output shape: torch.Size([16, 126, 31])
context shape: torch.Size([16, 31])
attention_weights shape: torch.Size([16, 126, 1])
x shape after cause_specific_fc: torch.Size([16, 31])
pmf_preds shape: [torch.Size([16, 5475])]
res shape: torch.Size([16, 1, 5475])
Average Loss: 2.2276944369077682
Epoch 22/50
features shape: torch.Size([16, 126, 4]), mask shape: torch.Size([16, 126]), time_to_event shape: torch.Size([16, 1]), event_indicator shape: torch.Size([16, 1]), time_to_events shape: torch.Size([16, 126]), event_indicators shape: torch.Size([16, 126]), sequence lengths shape: torch.Size([16, 1])
x shape: torch.Size([16, 126, 4])
mask shape: torch.Size([16, 126])
lstm_output shape: torch.Size([16, 126, 62])
fc_output shape: torch.Size([16, 126, 31])
context shape: torch.Size([16, 31])
attention_weights shape: torch.Size([16, 126, 1])
x shape after cause_specific_fc: torch.Size([16, 31])
pmf_preds shape: [torch.Size([16, 5475])]
res shape: torch.Size([16, 1, 5475])
Average Loss: 2.279794115573168
Patience Counter: 1
Epoch 23/50
features shape: torch.Size([16, 126, 4]), mask shape: torch.Size([16, 126]), time_to_event shape: torch.Size([16, 1]), event_indicator shape: torch.Size([16, 1]), time_to_events shape: torch.Size([16, 126]), event_indicators shape: torch.Size([16, 126]), sequence lengths shape: torch.Size([16, 1])
x shape: torch.Size([16, 126, 4])
mask shape: torch.Size([16, 126])
lstm_output shape: torch.Size([16, 126, 62])
fc_output shape: torch.Size([16, 126, 31])
context shape: torch.Size([16, 31])
attention_weights shape: torch.Size([16, 126, 1])
x shape after cause_specific_fc: torch.Size([16, 31])
pmf_preds shape: [torch.Size([16, 5475])]
res shape: torch.Size([16, 1, 5475])
Average Loss: 2.155124671757221
Epoch 24/50
features shape: torch.Size([16, 126, 4]), mask shape: torch.Size([16, 126]), time_to_event shape: torch.Size([16, 1]), event_indicator shape: torch.Size([16, 1]), time_to_events shape: torch.Size([16, 126]), event_indicators shape: torch.Size([16, 126]), sequence lengths shape: torch.Size([16, 1])
x shape: torch.Size([16, 126, 4])
mask shape: torch.Size([16, 126])
lstm_output shape: torch.Size([16, 126, 62])
fc_output shape: torch.Size([16, 126, 31])
context shape: torch.Size([16, 31])
attention_weights shape: torch.Size([16, 126, 1])
x shape after cause_specific_fc: torch.Size([16, 31])
pmf_preds shape: [torch.Size([16, 5475])]
res shape: torch.Size([16, 1, 5475])
Average Loss: 2.1352255530655384
Epoch 25/50
features shape: torch.Size([16, 126, 4]), mask shape: torch.Size([16, 126]), time_to_event shape: torch.Size([16, 1]), event_indicator shape: torch.Size([16, 1]), time_to_events shape: torch.Size([16, 126]), event_indicators shape: torch.Size([16, 126]), sequence lengths shape: torch.Size([16, 1])
x shape: torch.Size([16, 126, 4])
mask shape: torch.Size([16, 126])
lstm_output shape: torch.Size([16, 126, 62])
fc_output shape: torch.Size([16, 126, 31])
context shape: torch.Size([16, 31])
attention_weights shape: torch.Size([16, 126, 1])
x shape after cause_specific_fc: torch.Size([16, 31])
pmf_preds shape: [torch.Size([16, 5475])]
res shape: torch.Size([16, 1, 5475])
Average Loss: 2.1093427762389183
Epoch 26/50
features shape: torch.Size([16, 126, 4]), mask shape: torch.Size([16, 126]), time_to_event shape: torch.Size([16, 1]), event_indicator shape: torch.Size([16, 1]), time_to_events shape: torch.Size([16, 126]), event_indicators shape: torch.Size([16, 126]), sequence lengths shape: torch.Size([16, 1])
x shape: torch.Size([16, 126, 4])
mask shape: torch.Size([16, 126])
lstm_output shape: torch.Size([16, 126, 62])
fc_output shape: torch.Size([16, 126, 31])
context shape: torch.Size([16, 31])
attention_weights shape: torch.Size([16, 126, 1])
x shape after cause_specific_fc: torch.Size([16, 31])
pmf_preds shape: [torch.Size([16, 5475])]
res shape: torch.Size([16, 1, 5475])
Average Loss: 2.1460841298103333
Patience Counter: 1
Epoch 27/50
features shape: torch.Size([16, 126, 4]), mask shape: torch.Size([16, 126]), time_to_event shape: torch.Size([16, 1]), event_indicator shape: torch.Size([16, 1]), time_to_events shape: torch.Size([16, 126]), event_indicators shape: torch.Size([16, 126]), sequence lengths shape: torch.Size([16, 1])
x shape: torch.Size([16, 126, 4])
mask shape: torch.Size([16, 126])
lstm_output shape: torch.Size([16, 126, 62])
fc_output shape: torch.Size([16, 126, 31])
context shape: torch.Size([16, 31])
attention_weights shape: torch.Size([16, 126, 1])
x shape after cause_specific_fc: torch.Size([16, 31])
pmf_preds shape: [torch.Size([16, 5475])]
res shape: torch.Size([16, 1, 5475])
Average Loss: 2.0948055647313595
Epoch 28/50
features shape: torch.Size([16, 126, 4]), mask shape: torch.Size([16, 126]), time_to_event shape: torch.Size([16, 1]), event_indicator shape: torch.Size([16, 1]), time_to_events shape: torch.Size([16, 126]), event_indicators shape: torch.Size([16, 126]), sequence lengths shape: torch.Size([16, 1])
x shape: torch.Size([16, 126, 4])
mask shape: torch.Size([16, 126])
lstm_output shape: torch.Size([16, 126, 62])
fc_output shape: torch.Size([16, 126, 31])
context shape: torch.Size([16, 31])
attention_weights shape: torch.Size([16, 126, 1])
x shape after cause_specific_fc: torch.Size([16, 31])
pmf_preds shape: [torch.Size([16, 5475])]
res shape: torch.Size([16, 1, 5475])
Average Loss: 2.0549758411943913
Epoch 29/50
features shape: torch.Size([16, 126, 4]), mask shape: torch.Size([16, 126]), time_to_event shape: torch.Size([16, 1]), event_indicator shape: torch.Size([16, 1]), time_to_events shape: torch.Size([16, 126]), event_indicators shape: torch.Size([16, 126]), sequence lengths shape: torch.Size([16, 1])
x shape: torch.Size([16, 126, 4])
mask shape: torch.Size([16, 126])
lstm_output shape: torch.Size([16, 126, 62])
fc_output shape: torch.Size([16, 126, 31])
context shape: torch.Size([16, 31])
attention_weights shape: torch.Size([16, 126, 1])
x shape after cause_specific_fc: torch.Size([16, 31])
pmf_preds shape: [torch.Size([16, 5475])]
res shape: torch.Size([16, 1, 5475])
Average Loss: 2.10177730768919
Patience Counter: 1
Epoch 30/50
features shape: torch.Size([16, 126, 4]), mask shape: torch.Size([16, 126]), time_to_event shape: torch.Size([16, 1]), event_indicator shape: torch.Size([16, 1]), time_to_events shape: torch.Size([16, 126]), event_indicators shape: torch.Size([16, 126]), sequence lengths shape: torch.Size([16, 1])
x shape: torch.Size([16, 126, 4])
mask shape: torch.Size([16, 126])
lstm_output shape: torch.Size([16, 126, 62])
fc_output shape: torch.Size([16, 126, 31])
context shape: torch.Size([16, 31])
attention_weights shape: torch.Size([16, 126, 1])
x shape after cause_specific_fc: torch.Size([16, 31])
pmf_preds shape: [torch.Size([16, 5475])]
res shape: torch.Size([16, 1, 5475])
Average Loss: 2.057278037071228
Patience Counter: 2
Epoch 31/50
features shape: torch.Size([16, 126, 4]), mask shape: torch.Size([16, 126]), time_to_event shape: torch.Size([16, 1]), event_indicator shape: torch.Size([16, 1]), time_to_events shape: torch.Size([16, 126]), event_indicators shape: torch.Size([16, 126]), sequence lengths shape: torch.Size([16, 1])
x shape: torch.Size([16, 126, 4])
mask shape: torch.Size([16, 126])
lstm_output shape: torch.Size([16, 126, 62])
fc_output shape: torch.Size([16, 126, 31])
context shape: torch.Size([16, 31])
attention_weights shape: torch.Size([16, 126, 1])
x shape after cause_specific_fc: torch.Size([16, 31])
pmf_preds shape: [torch.Size([16, 5475])]
res shape: torch.Size([16, 1, 5475])
Average Loss: 2.0166352558881044
Epoch 32/50
features shape: torch.Size([16, 126, 4]), mask shape: torch.Size([16, 126]), time_to_event shape: torch.Size([16, 1]), event_indicator shape: torch.Size([16, 1]), time_to_events shape: torch.Size([16, 126]), event_indicators shape: torch.Size([16, 126]), sequence lengths shape: torch.Size([16, 1])
x shape: torch.Size([16, 126, 4])
mask shape: torch.Size([16, 126])
lstm_output shape: torch.Size([16, 126, 62])
fc_output shape: torch.Size([16, 126, 31])
context shape: torch.Size([16, 31])
attention_weights shape: torch.Size([16, 126, 1])
x shape after cause_specific_fc: torch.Size([16, 31])
pmf_preds shape: [torch.Size([16, 5475])]
res shape: torch.Size([16, 1, 5475])
Average Loss: 2.0390967912971973
Patience Counter: 1
Epoch 33/50
features shape: torch.Size([16, 126, 4]), mask shape: torch.Size([16, 126]), time_to_event shape: torch.Size([16, 1]), event_indicator shape: torch.Size([16, 1]), time_to_events shape: torch.Size([16, 126]), event_indicators shape: torch.Size([16, 126]), sequence lengths shape: torch.Size([16, 1])
x shape: torch.Size([16, 126, 4])
mask shape: torch.Size([16, 126])
lstm_output shape: torch.Size([16, 126, 62])
fc_output shape: torch.Size([16, 126, 31])
context shape: torch.Size([16, 31])
attention_weights shape: torch.Size([16, 126, 1])
x shape after cause_specific_fc: torch.Size([16, 31])
pmf_preds shape: [torch.Size([16, 5475])]
res shape: torch.Size([16, 1, 5475])
Average Loss: 2.0439600627869368
Patience Counter: 2
Epoch 34/50
features shape: torch.Size([16, 126, 4]), mask shape: torch.Size([16, 126]), time_to_event shape: torch.Size([16, 1]), event_indicator shape: torch.Size([16, 1]), time_to_events shape: torch.Size([16, 126]), event_indicators shape: torch.Size([16, 126]), sequence lengths shape: torch.Size([16, 1])
x shape: torch.Size([16, 126, 4])
mask shape: torch.Size([16, 126])
lstm_output shape: torch.Size([16, 126, 62])
fc_output shape: torch.Size([16, 126, 31])
context shape: torch.Size([16, 31])
attention_weights shape: torch.Size([16, 126, 1])
x shape after cause_specific_fc: torch.Size([16, 31])
pmf_preds shape: [torch.Size([16, 5475])]
res shape: torch.Size([16, 1, 5475])
Average Loss: 2.0164421014487743
Epoch 35/50
features shape: torch.Size([16, 126, 4]), mask shape: torch.Size([16, 126]), time_to_event shape: torch.Size([16, 1]), event_indicator shape: torch.Size([16, 1]), time_to_events shape: torch.Size([16, 126]), event_indicators shape: torch.Size([16, 126]), sequence lengths shape: torch.Size([16, 1])
x shape: torch.Size([16, 126, 4])
mask shape: torch.Size([16, 126])
lstm_output shape: torch.Size([16, 126, 62])
fc_output shape: torch.Size([16, 126, 31])
context shape: torch.Size([16, 31])
attention_weights shape: torch.Size([16, 126, 1])
x shape after cause_specific_fc: torch.Size([16, 31])
pmf_preds shape: [torch.Size([16, 5475])]
res shape: torch.Size([16, 1, 5475])
Average Loss: 2.0261149369180202
Patience Counter: 1
Epoch 36/50
features shape: torch.Size([16, 126, 4]), mask shape: torch.Size([16, 126]), time_to_event shape: torch.Size([16, 1]), event_indicator shape: torch.Size([16, 1]), time_to_events shape: torch.Size([16, 126]), event_indicators shape: torch.Size([16, 126]), sequence lengths shape: torch.Size([16, 1])
x shape: torch.Size([16, 126, 4])
mask shape: torch.Size([16, 126])
lstm_output shape: torch.Size([16, 126, 62])
fc_output shape: torch.Size([16, 126, 31])
context shape: torch.Size([16, 31])
attention_weights shape: torch.Size([16, 126, 1])
x shape after cause_specific_fc: torch.Size([16, 31])
pmf_preds shape: [torch.Size([16, 5475])]
res shape: torch.Size([16, 1, 5475])
Average Loss: 2.049296732991934
Patience Counter: 2
Epoch 37/50
features shape: torch.Size([16, 126, 4]), mask shape: torch.Size([16, 126]), time_to_event shape: torch.Size([16, 1]), event_indicator shape: torch.Size([16, 1]), time_to_events shape: torch.Size([16, 126]), event_indicators shape: torch.Size([16, 126]), sequence lengths shape: torch.Size([16, 1])
x shape: torch.Size([16, 126, 4])
mask shape: torch.Size([16, 126])
lstm_output shape: torch.Size([16, 126, 62])
fc_output shape: torch.Size([16, 126, 31])
context shape: torch.Size([16, 31])
attention_weights shape: torch.Size([16, 126, 1])
x shape after cause_specific_fc: torch.Size([16, 31])
pmf_preds shape: [torch.Size([16, 5475])]
res shape: torch.Size([16, 1, 5475])
Average Loss: 1.9907235354185104
Epoch 38/50
features shape: torch.Size([16, 126, 4]), mask shape: torch.Size([16, 126]), time_to_event shape: torch.Size([16, 1]), event_indicator shape: torch.Size([16, 1]), time_to_events shape: torch.Size([16, 126]), event_indicators shape: torch.Size([16, 126]), sequence lengths shape: torch.Size([16, 1])
x shape: torch.Size([16, 126, 4])
mask shape: torch.Size([16, 126])
lstm_output shape: torch.Size([16, 126, 62])
fc_output shape: torch.Size([16, 126, 31])
context shape: torch.Size([16, 31])
attention_weights shape: torch.Size([16, 126, 1])
x shape after cause_specific_fc: torch.Size([16, 31])
pmf_preds shape: [torch.Size([16, 5475])]
res shape: torch.Size([16, 1, 5475])
Average Loss: 1.9587038550525904
Epoch 39/50
features shape: torch.Size([16, 126, 4]), mask shape: torch.Size([16, 126]), time_to_event shape: torch.Size([16, 1]), event_indicator shape: torch.Size([16, 1]), time_to_events shape: torch.Size([16, 126]), event_indicators shape: torch.Size([16, 126]), sequence lengths shape: torch.Size([16, 1])
x shape: torch.Size([16, 126, 4])
mask shape: torch.Size([16, 126])
lstm_output shape: torch.Size([16, 126, 62])
fc_output shape: torch.Size([16, 126, 31])
context shape: torch.Size([16, 31])
attention_weights shape: torch.Size([16, 126, 1])
x shape after cause_specific_fc: torch.Size([16, 31])
pmf_preds shape: [torch.Size([16, 5475])]
res shape: torch.Size([16, 1, 5475])
Average Loss: 1.9917220808565617
Patience Counter: 1
Epoch 40/50
features shape: torch.Size([16, 126, 4]), mask shape: torch.Size([16, 126]), time_to_event shape: torch.Size([16, 1]), event_indicator shape: torch.Size([16, 1]), time_to_events shape: torch.Size([16, 126]), event_indicators shape: torch.Size([16, 126]), sequence lengths shape: torch.Size([16, 1])
x shape: torch.Size([16, 126, 4])
mask shape: torch.Size([16, 126])
lstm_output shape: torch.Size([16, 126, 62])
fc_output shape: torch.Size([16, 126, 31])
context shape: torch.Size([16, 31])
attention_weights shape: torch.Size([16, 126, 1])
x shape after cause_specific_fc: torch.Size([16, 31])
pmf_preds shape: [torch.Size([16, 5475])]
res shape: torch.Size([16, 1, 5475])
Average Loss: 1.9892150163650513
Patience Counter: 2
Epoch 41/50
features shape: torch.Size([16, 126, 4]), mask shape: torch.Size([16, 126]), time_to_event shape: torch.Size([16, 1]), event_indicator shape: torch.Size([16, 1]), time_to_events shape: torch.Size([16, 126]), event_indicators shape: torch.Size([16, 126]), sequence lengths shape: torch.Size([16, 1])
x shape: torch.Size([16, 126, 4])
mask shape: torch.Size([16, 126])
lstm_output shape: torch.Size([16, 126, 62])
fc_output shape: torch.Size([16, 126, 31])
context shape: torch.Size([16, 31])
attention_weights shape: torch.Size([16, 126, 1])
x shape after cause_specific_fc: torch.Size([16, 31])
pmf_preds shape: [torch.Size([16, 5475])]
res shape: torch.Size([16, 1, 5475])
Average Loss: 1.972893189638853
Patience Counter: 3
Epoch 42/50
features shape: torch.Size([16, 126, 4]), mask shape: torch.Size([16, 126]), time_to_event shape: torch.Size([16, 1]), event_indicator shape: torch.Size([16, 1]), time_to_events shape: torch.Size([16, 126]), event_indicators shape: torch.Size([16, 126]), sequence lengths shape: torch.Size([16, 1])
x shape: torch.Size([16, 126, 4])
mask shape: torch.Size([16, 126])
lstm_output shape: torch.Size([16, 126, 62])
fc_output shape: torch.Size([16, 126, 31])
context shape: torch.Size([16, 31])
attention_weights shape: torch.Size([16, 126, 1])
x shape after cause_specific_fc: torch.Size([16, 31])
pmf_preds shape: [torch.Size([16, 5475])]
res shape: torch.Size([16, 1, 5475])
Average Loss: 1.967214159667492
Patience Counter: 4
Epoch 43/50
features shape: torch.Size([16, 126, 4]), mask shape: torch.Size([16, 126]), time_to_event shape: torch.Size([16, 1]), event_indicator shape: torch.Size([16, 1]), time_to_events shape: torch.Size([16, 126]), event_indicators shape: torch.Size([16, 126]), sequence lengths shape: torch.Size([16, 1])
x shape: torch.Size([16, 126, 4])
mask shape: torch.Size([16, 126])
lstm_output shape: torch.Size([16, 126, 62])
fc_output shape: torch.Size([16, 126, 31])
context shape: torch.Size([16, 31])
attention_weights shape: torch.Size([16, 126, 1])
x shape after cause_specific_fc: torch.Size([16, 31])
pmf_preds shape: [torch.Size([16, 5475])]
res shape: torch.Size([16, 1, 5475])
Average Loss: 1.9381525069475174
Epoch 44/50
features shape: torch.Size([16, 126, 4]), mask shape: torch.Size([16, 126]), time_to_event shape: torch.Size([16, 1]), event_indicator shape: torch.Size([16, 1]), time_to_events shape: torch.Size([16, 126]), event_indicators shape: torch.Size([16, 126]), sequence lengths shape: torch.Size([16, 1])
x shape: torch.Size([16, 126, 4])
mask shape: torch.Size([16, 126])
lstm_output shape: torch.Size([16, 126, 62])
fc_output shape: torch.Size([16, 126, 31])
context shape: torch.Size([16, 31])
attention_weights shape: torch.Size([16, 126, 1])
x shape after cause_specific_fc: torch.Size([16, 31])
pmf_preds shape: [torch.Size([16, 5475])]
res shape: torch.Size([16, 1, 5475])
Average Loss: 1.9588959105312824
Patience Counter: 1
Epoch 45/50
features shape: torch.Size([16, 126, 4]), mask shape: torch.Size([16, 126]), time_to_event shape: torch.Size([16, 1]), event_indicator shape: torch.Size([16, 1]), time_to_events shape: torch.Size([16, 126]), event_indicators shape: torch.Size([16, 126]), sequence lengths shape: torch.Size([16, 1])
x shape: torch.Size([16, 126, 4])
mask shape: torch.Size([16, 126])
lstm_output shape: torch.Size([16, 126, 62])
fc_output shape: torch.Size([16, 126, 31])
context shape: torch.Size([16, 31])
attention_weights shape: torch.Size([16, 126, 1])
x shape after cause_specific_fc: torch.Size([16, 31])
pmf_preds shape: [torch.Size([16, 5475])]
res shape: torch.Size([16, 1, 5475])
Average Loss: 1.9610411673784256
Patience Counter: 2
Epoch 46/50
features shape: torch.Size([16, 126, 4]), mask shape: torch.Size([16, 126]), time_to_event shape: torch.Size([16, 1]), event_indicator shape: torch.Size([16, 1]), time_to_events shape: torch.Size([16, 126]), event_indicators shape: torch.Size([16, 126]), sequence lengths shape: torch.Size([16, 1])
x shape: torch.Size([16, 126, 4])
mask shape: torch.Size([16, 126])
lstm_output shape: torch.Size([16, 126, 62])
fc_output shape: torch.Size([16, 126, 31])
context shape: torch.Size([16, 31])
attention_weights shape: torch.Size([16, 126, 1])
x shape after cause_specific_fc: torch.Size([16, 31])
pmf_preds shape: [torch.Size([16, 5475])]
res shape: torch.Size([16, 1, 5475])
Average Loss: 1.9662551172077656
Patience Counter: 3
Epoch 47/50
features shape: torch.Size([16, 126, 4]), mask shape: torch.Size([16, 126]), time_to_event shape: torch.Size([16, 1]), event_indicator shape: torch.Size([16, 1]), time_to_events shape: torch.Size([16, 126]), event_indicators shape: torch.Size([16, 126]), sequence lengths shape: torch.Size([16, 1])
x shape: torch.Size([16, 126, 4])
mask shape: torch.Size([16, 126])
lstm_output shape: torch.Size([16, 126, 62])
fc_output shape: torch.Size([16, 126, 31])
context shape: torch.Size([16, 31])
attention_weights shape: torch.Size([16, 126, 1])
x shape after cause_specific_fc: torch.Size([16, 31])
pmf_preds shape: [torch.Size([16, 5475])]
res shape: torch.Size([16, 1, 5475])
Average Loss: 1.9401866737753153
Patience Counter: 4
Epoch 48/50
features shape: torch.Size([16, 126, 4]), mask shape: torch.Size([16, 126]), time_to_event shape: torch.Size([16, 1]), event_indicator shape: torch.Size([16, 1]), time_to_events shape: torch.Size([16, 126]), event_indicators shape: torch.Size([16, 126]), sequence lengths shape: torch.Size([16, 1])
x shape: torch.Size([16, 126, 4])
mask shape: torch.Size([16, 126])
lstm_output shape: torch.Size([16, 126, 62])
fc_output shape: torch.Size([16, 126, 31])
context shape: torch.Size([16, 31])
attention_weights shape: torch.Size([16, 126, 1])
x shape after cause_specific_fc: torch.Size([16, 31])
pmf_preds shape: [torch.Size([16, 5475])]
res shape: torch.Size([16, 1, 5475])
Average Loss: 1.9263449050486088
Epoch 49/50
features shape: torch.Size([16, 126, 4]), mask shape: torch.Size([16, 126]), time_to_event shape: torch.Size([16, 1]), event_indicator shape: torch.Size([16, 1]), time_to_events shape: torch.Size([16, 126]), event_indicators shape: torch.Size([16, 126]), sequence lengths shape: torch.Size([16, 1])
x shape: torch.Size([16, 126, 4])
mask shape: torch.Size([16, 126])
lstm_output shape: torch.Size([16, 126, 62])
fc_output shape: torch.Size([16, 126, 31])
context shape: torch.Size([16, 31])
attention_weights shape: torch.Size([16, 126, 1])
x shape after cause_specific_fc: torch.Size([16, 31])
pmf_preds shape: [torch.Size([16, 5475])]
res shape: torch.Size([16, 1, 5475])
Average Loss: 1.9452521838247776
Patience Counter: 1
Epoch 50/50
features shape: torch.Size([16, 126, 4]), mask shape: torch.Size([16, 126]), time_to_event shape: torch.Size([16, 1]), event_indicator shape: torch.Size([16, 1]), time_to_events shape: torch.Size([16, 126]), event_indicators shape: torch.Size([16, 126]), sequence lengths shape: torch.Size([16, 1])
x shape: torch.Size([16, 126, 4])
mask shape: torch.Size([16, 126])
lstm_output shape: torch.Size([16, 126, 62])
fc_output shape: torch.Size([16, 126, 31])
context shape: torch.Size([16, 31])
attention_weights shape: torch.Size([16, 126, 1])
x shape after cause_specific_fc: torch.Size([16, 31])
pmf_preds shape: [torch.Size([16, 5475])]
res shape: torch.Size([16, 1, 5475])
Average Loss: 1.921180333942175
features shape: torch.Size([16, 126, 4]), mask shape: torch.Size([16, 126]), T shape: torch.Size([16, 1]), E shape: torch.Size([16, 1]) cif shape: (16, 5475)
Processing subject 0 with time 1487 and event False cif at t_j: [0.5067237]
all_E shape: (500,) first 10 values: [False  True False False False  True  True False False False]
all_R shape: (500,) first 10 values: [0.5067237  0.26351386 0.4738465  0.2725059  0.44920877 0.26315174
 0.5819898  0.54349416 0.5662536  0.50254303]
all_T shape: (500,) first 10 values: [1487    0 1145    2 1002    0 2160 1790 1976 1430]
Global test C-index (scikit-survival): 0.035 number of concordant pairs: 2396
Global test C-index: 0.035
/home/minhn2/uiuc-kidney-failure/pkgs/experiments/dynamic_deephit.py:256: FutureWarning: You are using `torch.load` with `weights_only=False` (the current default value), which uses the default pickle module implicitly. It is possible to construct malicious pickle data which will execute arbitrary code during unpickling (See https://github.com/pytorch/pytorch/blob/main/SECURITY.md#untrusted-models for more details). In a future release, the default value for `weights_only` will be flipped to `True`. This limits the functions that could be executed during unpickling. Arbitrary objects will no longer be allowed to be loaded via this mode unless they are explicitly allowlisted by the user via `torch.serialization.add_safe_globals`. We recommend you start setting `weights_only=True` for any use case where you don't have full control of the loaded file. Please open an issue on GitHub for any issues related to this experimental feature.
  saved_model = torch.load(saved_path, map_location=device)
features shape: torch.Size([16, 126, 4]), mask shape: torch.Size([16, 126]), T shape: torch.Size([16, 1]), E shape: torch.Size([16, 1]) cif shape: (16, 5475)
Processing subject 0 with time 1487 and event False cif at t_j: [0.16677177]
all_E shape: (500,) first 10 values: [False  True False False False  True  True False False False]
all_R shape: (500,) first 10 values: [0.16677177 0.8371665  0.20319933 0.14428052 0.15576369 0.84020174
 0.28060707 0.26603124 0.25878567 0.29715618]
all_T shape: (500,) first 10 values: [1487    0 1145    2 1002    0 2160 1790 1976 1430]
Global test C-index (scikit-survival): 0.726 number of concordant pairs: 49897
Global test C-index: 0.726
Saved model C-index: 0.7260, Current trial C-index: 0.0349
Saved model is better, keeping it
[I 2026-08-27 00:49:41,813] Trial 3 finished with value: 0.034864094057388974 and parameters: {'num_layer': 1, 'hidden_dim_0': 31, 'learning_rate': 6.825517615442507e-05, 'drop_out_rate': 0.1391874323482441, 'llh_loss': 0.811477825415239}. Best is trial 0 with value: 0.7260491240323613.
Using GPU: cuda:7 (utilization=0%, free_mem=11032MiB)
Running trial 4 for ExperimentScenario.FOUR_FEATURES on device cuda:7
Train data path /home/minhn2/uiuc-kidney-failure/generated_data/rep99/four_features_train_data.csv
Test data path /home/minhn2/uiuc-kidney-failure/generated_data/rep99/four_features_test_data.csv
Number of patients: test 345 and train 500
Number of records: test 3667 and train 5806
Epoch 1/50
features shape: torch.Size([16, 126, 4]), mask shape: torch.Size([16, 126]), time_to_event shape: torch.Size([16, 1]), event_indicator shape: torch.Size([16, 1]), time_to_events shape: torch.Size([16, 126]), event_indicators shape: torch.Size([16, 126]), sequence lengths shape: torch.Size([16, 1])
x shape: torch.Size([16, 126, 4])
mask shape: torch.Size([16, 126])
lstm_output shape: torch.Size([16, 126, 84])
fc_output shape: torch.Size([16, 126, 42])
context shape: torch.Size([16, 42])
attention_weights shape: torch.Size([16, 126, 1])
x shape after cause_specific_fc: torch.Size([16, 42])
pmf_preds shape: [torch.Size([16, 5475])]
res shape: torch.Size([16, 1, 5475])
Average Loss: 2.61764544993639
Epoch 2/50
features shape: torch.Size([16, 126, 4]), mask shape: torch.Size([16, 126]), time_to_event shape: torch.Size([16, 1]), event_indicator shape: torch.Size([16, 1]), time_to_events shape: torch.Size([16, 126]), event_indicators shape: torch.Size([16, 126]), sequence lengths shape: torch.Size([16, 1])
x shape: torch.Size([16, 126, 4])
mask shape: torch.Size([16, 126])
lstm_output shape: torch.Size([16, 126, 84])
fc_output shape: torch.Size([16, 126, 42])
context shape: torch.Size([16, 42])
attention_weights shape: torch.Size([16, 126, 1])
x shape after cause_specific_fc: torch.Size([16, 42])
pmf_preds shape: [torch.Size([16, 5475])]
res shape: torch.Size([16, 1, 5475])
Average Loss: 2.5939249135553837
Epoch 3/50
features shape: torch.Size([16, 126, 4]), mask shape: torch.Size([16, 126]), time_to_event shape: torch.Size([16, 1]), event_indicator shape: torch.Size([16, 1]), time_to_events shape: torch.Size([16, 126]), event_indicators shape: torch.Size([16, 126]), sequence lengths shape: torch.Size([16, 1])
x shape: torch.Size([16, 126, 4])
mask shape: torch.Size([16, 126])
lstm_output shape: torch.Size([16, 126, 84])
fc_output shape: torch.Size([16, 126, 42])
context shape: torch.Size([16, 42])
attention_weights shape: torch.Size([16, 126, 1])
x shape after cause_specific_fc: torch.Size([16, 42])
pmf_preds shape: [torch.Size([16, 5475])]
res shape: torch.Size([16, 1, 5475])
Average Loss: 2.636328764259815
Patience Counter: 1
Epoch 4/50
features shape: torch.Size([16, 126, 4]), mask shape: torch.Size([16, 126]), time_to_event shape: torch.Size([16, 1]), event_indicator shape: torch.Size([16, 1]), time_to_events shape: torch.Size([16, 126]), event_indicators shape: torch.Size([16, 126]), sequence lengths shape: torch.Size([16, 1])
x shape: torch.Size([16, 126, 4])
mask shape: torch.Size([16, 126])
lstm_output shape: torch.Size([16, 126, 84])
fc_output shape: torch.Size([16, 126, 42])
context shape: torch.Size([16, 42])
attention_weights shape: torch.Size([16, 126, 1])
x shape after cause_specific_fc: torch.Size([16, 42])
pmf_preds shape: [torch.Size([16, 5475])]
res shape: torch.Size([16, 1, 5475])
Average Loss: 2.5518459863960743
Epoch 5/50
features shape: torch.Size([16, 126, 4]), mask shape: torch.Size([16, 126]), time_to_event shape: torch.Size([16, 1]), event_indicator shape: torch.Size([16, 1]), time_to_events shape: torch.Size([16, 126]), event_indicators shape: torch.Size([16, 126]), sequence lengths shape: torch.Size([16, 1])
x shape: torch.Size([16, 126, 4])
mask shape: torch.Size([16, 126])
lstm_output shape: torch.Size([16, 126, 84])
fc_output shape: torch.Size([16, 126, 42])
context shape: torch.Size([16, 42])
attention_weights shape: torch.Size([16, 126, 1])
x shape after cause_specific_fc: torch.Size([16, 42])
pmf_preds shape: [torch.Size([16, 5475])]
res shape: torch.Size([16, 1, 5475])
Average Loss: 2.6079131457954645
Patience Counter: 1
Epoch 6/50
features shape: torch.Size([16, 126, 4]), mask shape: torch.Size([16, 126]), time_to_event shape: torch.Size([16, 1]), event_indicator shape: torch.Size([16, 1]), time_to_events shape: torch.Size([16, 126]), event_indicators shape: torch.Size([16, 126]), sequence lengths shape: torch.Size([16, 1])
x shape: torch.Size([16, 126, 4])
mask shape: torch.Size([16, 126])
lstm_output shape: torch.Size([16, 126, 84])
fc_output shape: torch.Size([16, 126, 42])
context shape: torch.Size([16, 42])
attention_weights shape: torch.Size([16, 126, 1])
x shape after cause_specific_fc: torch.Size([16, 42])
pmf_preds shape: [torch.Size([16, 5475])]
res shape: torch.Size([16, 1, 5475])
Average Loss: 2.544380338396877
Epoch 7/50
features shape: torch.Size([16, 126, 4]), mask shape: torch.Size([16, 126]), time_to_event shape: torch.Size([16, 1]), event_indicator shape: torch.Size([16, 1]), time_to_events shape: torch.Size([16, 126]), event_indicators shape: torch.Size([16, 126]), sequence lengths shape: torch.Size([16, 1])
x shape: torch.Size([16, 126, 4])
mask shape: torch.Size([16, 126])
lstm_output shape: torch.Size([16, 126, 84])
fc_output shape: torch.Size([16, 126, 42])
context shape: torch.Size([16, 42])
attention_weights shape: torch.Size([16, 126, 1])
x shape after cause_specific_fc: torch.Size([16, 42])
pmf_preds shape: [torch.Size([16, 5475])]
res shape: torch.Size([16, 1, 5475])
Average Loss: 2.5806110836565495
Patience Counter: 1
Epoch 8/50
features shape: torch.Size([16, 126, 4]), mask shape: torch.Size([16, 126]), time_to_event shape: torch.Size([16, 1]), event_indicator shape: torch.Size([16, 1]), time_to_events shape: torch.Size([16, 126]), event_indicators shape: torch.Size([16, 126]), sequence lengths shape: torch.Size([16, 1])
x shape: torch.Size([16, 126, 4])
mask shape: torch.Size([16, 126])
lstm_output shape: torch.Size([16, 126, 84])
fc_output shape: torch.Size([16, 126, 42])
context shape: torch.Size([16, 42])
attention_weights shape: torch.Size([16, 126, 1])
x shape after cause_specific_fc: torch.Size([16, 42])
pmf_preds shape: [torch.Size([16, 5475])]
res shape: torch.Size([16, 1, 5475])
Average Loss: 2.578740179538727
Patience Counter: 2
Epoch 9/50
features shape: torch.Size([16, 126, 4]), mask shape: torch.Size([16, 126]), time_to_event shape: torch.Size([16, 1]), event_indicator shape: torch.Size([16, 1]), time_to_events shape: torch.Size([16, 126]), event_indicators shape: torch.Size([16, 126]), sequence lengths shape: torch.Size([16, 1])
x shape: torch.Size([16, 126, 4])
mask shape: torch.Size([16, 126])
lstm_output shape: torch.Size([16, 126, 84])
fc_output shape: torch.Size([16, 126, 42])
context shape: torch.Size([16, 42])
attention_weights shape: torch.Size([16, 126, 1])
x shape after cause_specific_fc: torch.Size([16, 42])
pmf_preds shape: [torch.Size([16, 5475])]
res shape: torch.Size([16, 1, 5475])
Average Loss: 2.599099338054657
Patience Counter: 3
Epoch 10/50
features shape: torch.Size([16, 126, 4]), mask shape: torch.Size([16, 126]), time_to_event shape: torch.Size([16, 1]), event_indicator shape: torch.Size([16, 1]), time_to_events shape: torch.Size([16, 126]), event_indicators shape: torch.Size([16, 126]), sequence lengths shape: torch.Size([16, 1])
x shape: torch.Size([16, 126, 4])
mask shape: torch.Size([16, 126])
lstm_output shape: torch.Size([16, 126, 84])
fc_output shape: torch.Size([16, 126, 42])
context shape: torch.Size([16, 42])
attention_weights shape: torch.Size([16, 126, 1])
x shape after cause_specific_fc: torch.Size([16, 42])
pmf_preds shape: [torch.Size([16, 5475])]
res shape: torch.Size([16, 1, 5475])
Average Loss: 2.6174779497087
Patience Counter: 4
Epoch 11/50
features shape: torch.Size([16, 126, 4]), mask shape: torch.Size([16, 126]), time_to_event shape: torch.Size([16, 1]), event_indicator shape: torch.Size([16, 1]), time_to_events shape: torch.Size([16, 126]), event_indicators shape: torch.Size([16, 126]), sequence lengths shape: torch.Size([16, 1])
x shape: torch.Size([16, 126, 4])
mask shape: torch.Size([16, 126])
lstm_output shape: torch.Size([16, 126, 84])
fc_output shape: torch.Size([16, 126, 42])
context shape: torch.Size([16, 42])
attention_weights shape: torch.Size([16, 126, 1])
x shape after cause_specific_fc: torch.Size([16, 42])
pmf_preds shape: [torch.Size([16, 5475])]
res shape: torch.Size([16, 1, 5475])
Average Loss: 2.6130347922444344
Patience Counter: 5
Early stopping triggered
features shape: torch.Size([16, 126, 4]), mask shape: torch.Size([16, 126]), T shape: torch.Size([16, 1]), E shape: torch.Size([16, 1]) cif shape: (16, 5475)
Processing subject 0 with time 1487 and event False cif at t_j: [0.2707157]
all_E shape: (500,) first 10 values: [False  True False False False  True  True False False False]
all_R shape: (500,) first 10 values: [2.7071571e-01 2.4228744e-04 2.0799915e-01 6.3434418e-04 1.8195157e-01
 2.4221369e-04 3.9350241e-01 3.2533914e-01 3.5981467e-01 2.6009637e-01]
all_T shape: (500,) first 10 values: [1487    0 1145    2 1002    0 2160 1790 1976 1430]
Global test C-index (scikit-survival): 0.039 number of concordant pairs: 2645
Global test C-index: 0.039
/home/minhn2/uiuc-kidney-failure/pkgs/experiments/dynamic_deephit.py:256: FutureWarning: You are using `torch.load` with `weights_only=False` (the current default value), which uses the default pickle module implicitly. It is possible to construct malicious pickle data which will execute arbitrary code during unpickling (See https://github.com/pytorch/pytorch/blob/main/SECURITY.md#untrusted-models for more details). In a future release, the default value for `weights_only` will be flipped to `True`. This limits the functions that could be executed during unpickling. Arbitrary objects will no longer be allowed to be loaded via this mode unless they are explicitly allowlisted by the user via `torch.serialization.add_safe_globals`. We recommend you start setting `weights_only=True` for any use case where you don't have full control of the loaded file. Please open an issue on GitHub for any issues related to this experimental feature.
  saved_model = torch.load(saved_path, map_location=device)
features shape: torch.Size([16, 126, 4]), mask shape: torch.Size([16, 126]), T shape: torch.Size([16, 1]), E shape: torch.Size([16, 1]) cif shape: (16, 5475)
Processing subject 0 with time 1487 and event False cif at t_j: [0.16677177]
all_E shape: (500,) first 10 values: [False  True False False False  True  True False False False]
all_R shape: (500,) first 10 values: [0.16677177 0.8371665  0.20319933 0.14428052 0.15576369 0.84020174
 0.28060707 0.26603124 0.25878567 0.29715618]
all_T shape: (500,) first 10 values: [1487    0 1145    2 1002    0 2160 1790 1976 1430]
Global test C-index (scikit-survival): 0.726 number of concordant pairs: 49897
Global test C-index: 0.726
Saved model C-index: 0.7260, Current trial C-index: 0.0386
Saved model is better, keeping it
[I 2026-08-27 00:50:26,760] Trial 4 finished with value: 0.03860369012281008 and parameters: {'num_layer': 2, 'hidden_dim_0': 42, 'hidden_dim_1': 42, 'learning_rate': 4.0675485950297884e-05, 'drop_out_rate': 0.4654250662942859, 'llh_loss': 0.473458793015901}. Best is trial 0 with value: 0.7260491240323613.
Using GPU: cuda:6 (utilization=0%, free_mem=11030MiB)
Running trial 5 for ExperimentScenario.FOUR_FEATURES on device cuda:6
Train data path /home/minhn2/uiuc-kidney-failure/generated_data/rep99/four_features_train_data.csv
Test data path /home/minhn2/uiuc-kidney-failure/generated_data/rep99/four_features_test_data.csv
Number of patients: test 345 and train 500
Number of records: test 3667 and train 5806
Epoch 1/50
features shape: torch.Size([16, 126, 4]), mask shape: torch.Size([16, 126]), time_to_event shape: torch.Size([16, 1]), event_indicator shape: torch.Size([16, 1]), time_to_events shape: torch.Size([16, 126]), event_indicators shape: torch.Size([16, 126]), sequence lengths shape: torch.Size([16, 1])
x shape: torch.Size([16, 126, 4])
mask shape: torch.Size([16, 126])
lstm_output shape: torch.Size([16, 126, 70])
fc_output shape: torch.Size([16, 126, 35])
context shape: torch.Size([16, 35])
attention_weights shape: torch.Size([16, 126, 1])
x shape after cause_specific_fc: torch.Size([16, 35])
pmf_preds shape: [torch.Size([16, 5475])]
res shape: torch.Size([16, 1, 5475])
Average Loss: 3.832732781767845
Epoch 2/50
features shape: torch.Size([16, 126, 4]), mask shape: torch.Size([16, 126]), time_to_event shape: torch.Size([16, 1]), event_indicator shape: torch.Size([16, 1]), time_to_events shape: torch.Size([16, 126]), event_indicators shape: torch.Size([16, 126]), sequence lengths shape: torch.Size([16, 1])
x shape: torch.Size([16, 126, 4])
mask shape: torch.Size([16, 126])
lstm_output shape: torch.Size([16, 126, 70])
fc_output shape: torch.Size([16, 126, 35])
context shape: torch.Size([16, 35])
attention_weights shape: torch.Size([16, 126, 1])
x shape after cause_specific_fc: torch.Size([16, 35])
pmf_preds shape: [torch.Size([16, 5475])]
res shape: torch.Size([16, 1, 5475])
Average Loss: 3.13797415420413
Epoch 3/50
features shape: torch.Size([16, 126, 4]), mask shape: torch.Size([16, 126]), time_to_event shape: torch.Size([16, 1]), event_indicator shape: torch.Size([16, 1]), time_to_events shape: torch.Size([16, 126]), event_indicators shape: torch.Size([16, 126]), sequence lengths shape: torch.Size([16, 1])
x shape: torch.Size([16, 126, 4])
mask shape: torch.Size([16, 126])
lstm_output shape: torch.Size([16, 126, 70])
fc_output shape: torch.Size([16, 126, 35])
context shape: torch.Size([16, 35])
attention_weights shape: torch.Size([16, 126, 1])
x shape after cause_specific_fc: torch.Size([16, 35])
pmf_preds shape: [torch.Size([16, 5475])]
res shape: torch.Size([16, 1, 5475])
Average Loss: 2.369099698960781
Epoch 4/50
features shape: torch.Size([16, 126, 4]), mask shape: torch.Size([16, 126]), time_to_event shape: torch.Size([16, 1]), event_indicator shape: torch.Size([16, 1]), time_to_events shape: torch.Size([16, 126]), event_indicators shape: torch.Size([16, 126]), sequence lengths shape: torch.Size([16, 1])
x shape: torch.Size([16, 126, 4])
mask shape: torch.Size([16, 126])
lstm_output shape: torch.Size([16, 126, 70])
fc_output shape: torch.Size([16, 126, 35])
context shape: torch.Size([16, 35])
attention_weights shape: torch.Size([16, 126, 1])
x shape after cause_specific_fc: torch.Size([16, 35])
pmf_preds shape: [torch.Size([16, 5475])]
res shape: torch.Size([16, 1, 5475])
Average Loss: 2.1118923611938953
Epoch 5/50
features shape: torch.Size([16, 126, 4]), mask shape: torch.Size([16, 126]), time_to_event shape: torch.Size([16, 1]), event_indicator shape: torch.Size([16, 1]), time_to_events shape: torch.Size([16, 126]), event_indicators shape: torch.Size([16, 126]), sequence lengths shape: torch.Size([16, 1])
x shape: torch.Size([16, 126, 4])
mask shape: torch.Size([16, 126])
lstm_output shape: torch.Size([16, 126, 70])
fc_output shape: torch.Size([16, 126, 35])
context shape: torch.Size([16, 35])
attention_weights shape: torch.Size([16, 126, 1])
x shape after cause_specific_fc: torch.Size([16, 35])
pmf_preds shape: [torch.Size([16, 5475])]
res shape: torch.Size([16, 1, 5475])
Average Loss: 2.039379619061947
Epoch 6/50
features shape: torch.Size([16, 126, 4]), mask shape: torch.Size([16, 126]), time_to_event shape: torch.Size([16, 1]), event_indicator shape: torch.Size([16, 1]), time_to_events shape: torch.Size([16, 126]), event_indicators shape: torch.Size([16, 126]), sequence lengths shape: torch.Size([16, 1])
x shape: torch.Size([16, 126, 4])
mask shape: torch.Size([16, 126])
lstm_output shape: torch.Size([16, 126, 70])
fc_output shape: torch.Size([16, 126, 35])
context shape: torch.Size([16, 35])
attention_weights shape: torch.Size([16, 126, 1])
x shape after cause_specific_fc: torch.Size([16, 35])
pmf_preds shape: [torch.Size([16, 5475])]
res shape: torch.Size([16, 1, 5475])
Average Loss: 1.9626015312969685
Epoch 7/50
features shape: torch.Size([16, 126, 4]), mask shape: torch.Size([16, 126]), time_to_event shape: torch.Size([16, 1]), event_indicator shape: torch.Size([16, 1]), time_to_events shape: torch.Size([16, 126]), event_indicators shape: torch.Size([16, 126]), sequence lengths shape: torch.Size([16, 1])
x shape: torch.Size([16, 126, 4])
mask shape: torch.Size([16, 126])
lstm_output shape: torch.Size([16, 126, 70])
fc_output shape: torch.Size([16, 126, 35])
context shape: torch.Size([16, 35])
attention_weights shape: torch.Size([16, 126, 1])
x shape after cause_specific_fc: torch.Size([16, 35])
pmf_preds shape: [torch.Size([16, 5475])]
res shape: torch.Size([16, 1, 5475])
Average Loss: 1.904745563864708
Epoch 8/50
features shape: torch.Size([16, 126, 4]), mask shape: torch.Size([16, 126]), time_to_event shape: torch.Size([16, 1]), event_indicator shape: torch.Size([16, 1]), time_to_events shape: torch.Size([16, 126]), event_indicators shape: torch.Size([16, 126]), sequence lengths shape: torch.Size([16, 1])
x shape: torch.Size([16, 126, 4])
mask shape: torch.Size([16, 126])
lstm_output shape: torch.Size([16, 126, 70])
fc_output shape: torch.Size([16, 126, 35])
context shape: torch.Size([16, 35])
attention_weights shape: torch.Size([16, 126, 1])
x shape after cause_specific_fc: torch.Size([16, 35])
pmf_preds shape: [torch.Size([16, 5475])]
res shape: torch.Size([16, 1, 5475])
Average Loss: 1.8563331924378872
Epoch 9/50
features shape: torch.Size([16, 126, 4]), mask shape: torch.Size([16, 126]), time_to_event shape: torch.Size([16, 1]), event_indicator shape: torch.Size([16, 1]), time_to_events shape: torch.Size([16, 126]), event_indicators shape: torch.Size([16, 126]), sequence lengths shape: torch.Size([16, 1])
x shape: torch.Size([16, 126, 4])
mask shape: torch.Size([16, 126])
lstm_output shape: torch.Size([16, 126, 70])
fc_output shape: torch.Size([16, 126, 35])
context shape: torch.Size([16, 35])
attention_weights shape: torch.Size([16, 126, 1])
x shape after cause_specific_fc: torch.Size([16, 35])
pmf_preds shape: [torch.Size([16, 5475])]
res shape: torch.Size([16, 1, 5475])
Average Loss: 1.812407422810793
Epoch 10/50
features shape: torch.Size([16, 126, 4]), mask shape: torch.Size([16, 126]), time_to_event shape: torch.Size([16, 1]), event_indicator shape: torch.Size([16, 1]), time_to_events shape: torch.Size([16, 126]), event_indicators shape: torch.Size([16, 126]), sequence lengths shape: torch.Size([16, 1])
x shape: torch.Size([16, 126, 4])
mask shape: torch.Size([16, 126])
lstm_output shape: torch.Size([16, 126, 70])
fc_output shape: torch.Size([16, 126, 35])
context shape: torch.Size([16, 35])
attention_weights shape: torch.Size([16, 126, 1])
x shape after cause_specific_fc: torch.Size([16, 35])
pmf_preds shape: [torch.Size([16, 5475])]
res shape: torch.Size([16, 1, 5475])
Average Loss: 1.7799923345446587
Epoch 11/50
features shape: torch.Size([16, 126, 4]), mask shape: torch.Size([16, 126]), time_to_event shape: torch.Size([16, 1]), event_indicator shape: torch.Size([16, 1]), time_to_events shape: torch.Size([16, 126]), event_indicators shape: torch.Size([16, 126]), sequence lengths shape: torch.Size([16, 1])
x shape: torch.Size([16, 126, 4])
mask shape: torch.Size([16, 126])
lstm_output shape: torch.Size([16, 126, 70])
fc_output shape: torch.Size([16, 126, 35])
context shape: torch.Size([16, 35])
attention_weights shape: torch.Size([16, 126, 1])
x shape after cause_specific_fc: torch.Size([16, 35])
pmf_preds shape: [torch.Size([16, 5475])]
res shape: torch.Size([16, 1, 5475])
Average Loss: 1.7595334723591805
Epoch 12/50
features shape: torch.Size([16, 126, 4]), mask shape: torch.Size([16, 126]), time_to_event shape: torch.Size([16, 1]), event_indicator shape: torch.Size([16, 1]), time_to_events shape: torch.Size([16, 126]), event_indicators shape: torch.Size([16, 126]), sequence lengths shape: torch.Size([16, 1])
x shape: torch.Size([16, 126, 4])
mask shape: torch.Size([16, 126])
lstm_output shape: torch.Size([16, 126, 70])
fc_output shape: torch.Size([16, 126, 35])
context shape: torch.Size([16, 35])
attention_weights shape: torch.Size([16, 126, 1])
x shape after cause_specific_fc: torch.Size([16, 35])
pmf_preds shape: [torch.Size([16, 5475])]
res shape: torch.Size([16, 1, 5475])
Average Loss: 1.7424706984311342
Epoch 13/50
features shape: torch.Size([16, 126, 4]), mask shape: torch.Size([16, 126]), time_to_event shape: torch.Size([16, 1]), event_indicator shape: torch.Size([16, 1]), time_to_events shape: torch.Size([16, 126]), event_indicators shape: torch.Size([16, 126]), sequence lengths shape: torch.Size([16, 1])
x shape: torch.Size([16, 126, 4])
mask shape: torch.Size([16, 126])
lstm_output shape: torch.Size([16, 126, 70])
fc_output shape: torch.Size([16, 126, 35])
context shape: torch.Size([16, 35])
attention_weights shape: torch.Size([16, 126, 1])
x shape after cause_specific_fc: torch.Size([16, 35])
pmf_preds shape: [torch.Size([16, 5475])]
res shape: torch.Size([16, 1, 5475])
Average Loss: 1.7069839872419834
Epoch 14/50
features shape: torch.Size([16, 126, 4]), mask shape: torch.Size([16, 126]), time_to_event shape: torch.Size([16, 1]), event_indicator shape: torch.Size([16, 1]), time_to_events shape: torch.Size([16, 126]), event_indicators shape: torch.Size([16, 126]), sequence lengths shape: torch.Size([16, 1])
x shape: torch.Size([16, 126, 4])
mask shape: torch.Size([16, 126])
lstm_output shape: torch.Size([16, 126, 70])
fc_output shape: torch.Size([16, 126, 35])
context shape: torch.Size([16, 35])
attention_weights shape: torch.Size([16, 126, 1])
x shape after cause_specific_fc: torch.Size([16, 35])
pmf_preds shape: [torch.Size([16, 5475])]
res shape: torch.Size([16, 1, 5475])
Average Loss: 1.7031120769679546
Epoch 15/50
features shape: torch.Size([16, 126, 4]), mask shape: torch.Size([16, 126]), time_to_event shape: torch.Size([16, 1]), event_indicator shape: torch.Size([16, 1]), time_to_events shape: torch.Size([16, 126]), event_indicators shape: torch.Size([16, 126]), sequence lengths shape: torch.Size([16, 1])
x shape: torch.Size([16, 126, 4])
mask shape: torch.Size([16, 126])
lstm_output shape: torch.Size([16, 126, 70])
fc_output shape: torch.Size([16, 126, 35])
context shape: torch.Size([16, 35])
attention_weights shape: torch.Size([16, 126, 1])
x shape after cause_specific_fc: torch.Size([16, 35])
pmf_preds shape: [torch.Size([16, 5475])]
res shape: torch.Size([16, 1, 5475])
Average Loss: 1.6895431969314814
Epoch 16/50
features shape: torch.Size([16, 126, 4]), mask shape: torch.Size([16, 126]), time_to_event shape: torch.Size([16, 1]), event_indicator shape: torch.Size([16, 1]), time_to_events shape: torch.Size([16, 126]), event_indicators shape: torch.Size([16, 126]), sequence lengths shape: torch.Size([16, 1])
x shape: torch.Size([16, 126, 4])
mask shape: torch.Size([16, 126])
lstm_output shape: torch.Size([16, 126, 70])
fc_output shape: torch.Size([16, 126, 35])
context shape: torch.Size([16, 35])
attention_weights shape: torch.Size([16, 126, 1])
x shape after cause_specific_fc: torch.Size([16, 35])
pmf_preds shape: [torch.Size([16, 5475])]
res shape: torch.Size([16, 1, 5475])
Average Loss: 1.6752648428082466
Epoch 17/50
features shape: torch.Size([16, 126, 4]), mask shape: torch.Size([16, 126]), time_to_event shape: torch.Size([16, 1]), event_indicator shape: torch.Size([16, 1]), time_to_events shape: torch.Size([16, 126]), event_indicators shape: torch.Size([16, 126]), sequence lengths shape: torch.Size([16, 1])
x shape: torch.Size([16, 126, 4])
mask shape: torch.Size([16, 126])
lstm_output shape: torch.Size([16, 126, 70])
fc_output shape: torch.Size([16, 126, 35])
context shape: torch.Size([16, 35])
attention_weights shape: torch.Size([16, 126, 1])
x shape after cause_specific_fc: torch.Size([16, 35])
pmf_preds shape: [torch.Size([16, 5475])]
res shape: torch.Size([16, 1, 5475])
Average Loss: 1.657218910753727
Epoch 18/50
features shape: torch.Size([16, 126, 4]), mask shape: torch.Size([16, 126]), time_to_event shape: torch.Size([16, 1]), event_indicator shape: torch.Size([16, 1]), time_to_events shape: torch.Size([16, 126]), event_indicators shape: torch.Size([16, 126]), sequence lengths shape: torch.Size([16, 1])
x shape: torch.Size([16, 126, 4])
mask shape: torch.Size([16, 126])
lstm_output shape: torch.Size([16, 126, 70])
fc_output shape: torch.Size([16, 126, 35])
context shape: torch.Size([16, 35])
attention_weights shape: torch.Size([16, 126, 1])
x shape after cause_specific_fc: torch.Size([16, 35])
pmf_preds shape: [torch.Size([16, 5475])]
res shape: torch.Size([16, 1, 5475])
Average Loss: 1.6594624016433954
Patience Counter: 1
Epoch 19/50
features shape: torch.Size([16, 126, 4]), mask shape: torch.Size([16, 126]), time_to_event shape: torch.Size([16, 1]), event_indicator shape: torch.Size([16, 1]), time_to_events shape: torch.Size([16, 126]), event_indicators shape: torch.Size([16, 126]), sequence lengths shape: torch.Size([16, 1])
x shape: torch.Size([16, 126, 4])
mask shape: torch.Size([16, 126])
lstm_output shape: torch.Size([16, 126, 70])
fc_output shape: torch.Size([16, 126, 35])
context shape: torch.Size([16, 35])
attention_weights shape: torch.Size([16, 126, 1])
x shape after cause_specific_fc: torch.Size([16, 35])
pmf_preds shape: [torch.Size([16, 5475])]
res shape: torch.Size([16, 1, 5475])
Average Loss: 1.6107100863009691
Epoch 20/50
features shape: torch.Size([16, 126, 4]), mask shape: torch.Size([16, 126]), time_to_event shape: torch.Size([16, 1]), event_indicator shape: torch.Size([16, 1]), time_to_events shape: torch.Size([16, 126]), event_indicators shape: torch.Size([16, 126]), sequence lengths shape: torch.Size([16, 1])
x shape: torch.Size([16, 126, 4])
mask shape: torch.Size([16, 126])
lstm_output shape: torch.Size([16, 126, 70])
fc_output shape: torch.Size([16, 126, 35])
context shape: torch.Size([16, 35])
attention_weights shape: torch.Size([16, 126, 1])
x shape after cause_specific_fc: torch.Size([16, 35])
pmf_preds shape: [torch.Size([16, 5475])]
res shape: torch.Size([16, 1, 5475])
Average Loss: 1.6397732999175787
Patience Counter: 1
Epoch 21/50
features shape: torch.Size([16, 126, 4]), mask shape: torch.Size([16, 126]), time_to_event shape: torch.Size([16, 1]), event_indicator shape: torch.Size([16, 1]), time_to_events shape: torch.Size([16, 126]), event_indicators shape: torch.Size([16, 126]), sequence lengths shape: torch.Size([16, 1])
x shape: torch.Size([16, 126, 4])
mask shape: torch.Size([16, 126])
lstm_output shape: torch.Size([16, 126, 70])
fc_output shape: torch.Size([16, 126, 35])
context shape: torch.Size([16, 35])
attention_weights shape: torch.Size([16, 126, 1])
x shape after cause_specific_fc: torch.Size([16, 35])
pmf_preds shape: [torch.Size([16, 5475])]
res shape: torch.Size([16, 1, 5475])
Average Loss: 1.5950872423127294
Epoch 22/50
features shape: torch.Size([16, 126, 4]), mask shape: torch.Size([16, 126]), time_to_event shape: torch.Size([16, 1]), event_indicator shape: torch.Size([16, 1]), time_to_events shape: torch.Size([16, 126]), event_indicators shape: torch.Size([16, 126]), sequence lengths shape: torch.Size([16, 1])
x shape: torch.Size([16, 126, 4])
mask shape: torch.Size([16, 126])
lstm_output shape: torch.Size([16, 126, 70])
fc_output shape: torch.Size([16, 126, 35])
context shape: torch.Size([16, 35])
attention_weights shape: torch.Size([16, 126, 1])
x shape after cause_specific_fc: torch.Size([16, 35])
pmf_preds shape: [torch.Size([16, 5475])]
res shape: torch.Size([16, 1, 5475])
Average Loss: 1.6136079858988523
Patience Counter: 1
Epoch 23/50
features shape: torch.Size([16, 126, 4]), mask shape: torch.Size([16, 126]), time_to_event shape: torch.Size([16, 1]), event_indicator shape: torch.Size([16, 1]), time_to_events shape: torch.Size([16, 126]), event_indicators shape: torch.Size([16, 126]), sequence lengths shape: torch.Size([16, 1])
x shape: torch.Size([16, 126, 4])
mask shape: torch.Size([16, 126])
lstm_output shape: torch.Size([16, 126, 70])
fc_output shape: torch.Size([16, 126, 35])
context shape: torch.Size([16, 35])
attention_weights shape: torch.Size([16, 126, 1])
x shape after cause_specific_fc: torch.Size([16, 35])
pmf_preds shape: [torch.Size([16, 5475])]
res shape: torch.Size([16, 1, 5475])
Average Loss: 1.6047172918915749
Patience Counter: 2
Epoch 24/50
features shape: torch.Size([16, 126, 4]), mask shape: torch.Size([16, 126]), time_to_event shape: torch.Size([16, 1]), event_indicator shape: torch.Size([16, 1]), time_to_events shape: torch.Size([16, 126]), event_indicators shape: torch.Size([16, 126]), sequence lengths shape: torch.Size([16, 1])
x shape: torch.Size([16, 126, 4])
mask shape: torch.Size([16, 126])
lstm_output shape: torch.Size([16, 126, 70])
fc_output shape: torch.Size([16, 126, 35])
context shape: torch.Size([16, 35])
attention_weights shape: torch.Size([16, 126, 1])
x shape after cause_specific_fc: torch.Size([16, 35])
pmf_preds shape: [torch.Size([16, 5475])]
res shape: torch.Size([16, 1, 5475])
Average Loss: 1.5812410842627287
Epoch 25/50
features shape: torch.Size([16, 126, 4]), mask shape: torch.Size([16, 126]), time_to_event shape: torch.Size([16, 1]), event_indicator shape: torch.Size([16, 1]), time_to_events shape: torch.Size([16, 126]), event_indicators shape: torch.Size([16, 126]), sequence lengths shape: torch.Size([16, 1])
x shape: torch.Size([16, 126, 4])
mask shape: torch.Size([16, 126])
lstm_output shape: torch.Size([16, 126, 70])
fc_output shape: torch.Size([16, 126, 35])
context shape: torch.Size([16, 35])
attention_weights shape: torch.Size([16, 126, 1])
x shape after cause_specific_fc: torch.Size([16, 35])
pmf_preds shape: [torch.Size([16, 5475])]
res shape: torch.Size([16, 1, 5475])
Average Loss: 1.5963872242718935
Patience Counter: 1
Epoch 26/50
features shape: torch.Size([16, 126, 4]), mask shape: torch.Size([16, 126]), time_to_event shape: torch.Size([16, 1]), event_indicator shape: torch.Size([16, 1]), time_to_events shape: torch.Size([16, 126]), event_indicators shape: torch.Size([16, 126]), sequence lengths shape: torch.Size([16, 1])
x shape: torch.Size([16, 126, 4])
mask shape: torch.Size([16, 126])
lstm_output shape: torch.Size([16, 126, 70])
fc_output shape: torch.Size([16, 126, 35])
context shape: torch.Size([16, 35])
attention_weights shape: torch.Size([16, 126, 1])
x shape after cause_specific_fc: torch.Size([16, 35])
pmf_preds shape: [torch.Size([16, 5475])]
res shape: torch.Size([16, 1, 5475])
Average Loss: 1.5761627051979303
Epoch 27/50
features shape: torch.Size([16, 126, 4]), mask shape: torch.Size([16, 126]), time_to_event shape: torch.Size([16, 1]), event_indicator shape: torch.Size([16, 1]), time_to_events shape: torch.Size([16, 126]), event_indicators shape: torch.Size([16, 126]), sequence lengths shape: torch.Size([16, 1])
x shape: torch.Size([16, 126, 4])
mask shape: torch.Size([16, 126])
lstm_output shape: torch.Size([16, 126, 70])
fc_output shape: torch.Size([16, 126, 35])
context shape: torch.Size([16, 35])
attention_weights shape: torch.Size([16, 126, 1])
x shape after cause_specific_fc: torch.Size([16, 35])
pmf_preds shape: [torch.Size([16, 5475])]
res shape: torch.Size([16, 1, 5475])
Average Loss: 1.578442757949233
Patience Counter: 1
Epoch 28/50
features shape: torch.Size([16, 126, 4]), mask shape: torch.Size([16, 126]), time_to_event shape: torch.Size([16, 1]), event_indicator shape: torch.Size([16, 1]), time_to_events shape: torch.Size([16, 126]), event_indicators shape: torch.Size([16, 126]), sequence lengths shape: torch.Size([16, 1])
x shape: torch.Size([16, 126, 4])
mask shape: torch.Size([16, 126])
lstm_output shape: torch.Size([16, 126, 70])
fc_output shape: torch.Size([16, 126, 35])
context shape: torch.Size([16, 35])
attention_weights shape: torch.Size([16, 126, 1])
x shape after cause_specific_fc: torch.Size([16, 35])
pmf_preds shape: [torch.Size([16, 5475])]
res shape: torch.Size([16, 1, 5475])
Average Loss: 1.5625763777643442
Epoch 29/50
features shape: torch.Size([16, 126, 4]), mask shape: torch.Size([16, 126]), time_to_event shape: torch.Size([16, 1]), event_indicator shape: torch.Size([16, 1]), time_to_events shape: torch.Size([16, 126]), event_indicators shape: torch.Size([16, 126]), sequence lengths shape: torch.Size([16, 1])
x shape: torch.Size([16, 126, 4])
mask shape: torch.Size([16, 126])
lstm_output shape: torch.Size([16, 126, 70])
fc_output shape: torch.Size([16, 126, 35])
context shape: torch.Size([16, 35])
attention_weights shape: torch.Size([16, 126, 1])
x shape after cause_specific_fc: torch.Size([16, 35])
pmf_preds shape: [torch.Size([16, 5475])]
res shape: torch.Size([16, 1, 5475])
Average Loss: 1.5688295550644398
Patience Counter: 1
Epoch 30/50
features shape: torch.Size([16, 126, 4]), mask shape: torch.Size([16, 126]), time_to_event shape: torch.Size([16, 1]), event_indicator shape: torch.Size([16, 1]), time_to_events shape: torch.Size([16, 126]), event_indicators shape: torch.Size([16, 126]), sequence lengths shape: torch.Size([16, 1])
x shape: torch.Size([16, 126, 4])
mask shape: torch.Size([16, 126])
lstm_output shape: torch.Size([16, 126, 70])
fc_output shape: torch.Size([16, 126, 35])
context shape: torch.Size([16, 35])
attention_weights shape: torch.Size([16, 126, 1])
x shape after cause_specific_fc: torch.Size([16, 35])
pmf_preds shape: [torch.Size([16, 5475])]
res shape: torch.Size([16, 1, 5475])
Average Loss: 1.5553291030228138
Epoch 31/50
features shape: torch.Size([16, 126, 4]), mask shape: torch.Size([16, 126]), time_to_event shape: torch.Size([16, 1]), event_indicator shape: torch.Size([16, 1]), time_to_events shape: torch.Size([16, 126]), event_indicators shape: torch.Size([16, 126]), sequence lengths shape: torch.Size([16, 1])
x shape: torch.Size([16, 126, 4])
mask shape: torch.Size([16, 126])
lstm_output shape: torch.Size([16, 126, 70])
fc_output shape: torch.Size([16, 126, 35])
context shape: torch.Size([16, 35])
attention_weights shape: torch.Size([16, 126, 1])
x shape after cause_specific_fc: torch.Size([16, 35])
pmf_preds shape: [torch.Size([16, 5475])]
res shape: torch.Size([16, 1, 5475])
Average Loss: 1.5275277346372604
Epoch 32/50
features shape: torch.Size([16, 126, 4]), mask shape: torch.Size([16, 126]), time_to_event shape: torch.Size([16, 1]), event_indicator shape: torch.Size([16, 1]), time_to_events shape: torch.Size([16, 126]), event_indicators shape: torch.Size([16, 126]), sequence lengths shape: torch.Size([16, 1])
x shape: torch.Size([16, 126, 4])
mask shape: torch.Size([16, 126])
lstm_output shape: torch.Size([16, 126, 70])
fc_output shape: torch.Size([16, 126, 35])
context shape: torch.Size([16, 35])
attention_weights shape: torch.Size([16, 126, 1])
x shape after cause_specific_fc: torch.Size([16, 35])
pmf_preds shape: [torch.Size([16, 5475])]
res shape: torch.Size([16, 1, 5475])
Average Loss: 1.5525280181318521
Patience Counter: 1
Epoch 33/50
features shape: torch.Size([16, 126, 4]), mask shape: torch.Size([16, 126]), time_to_event shape: torch.Size([16, 1]), event_indicator shape: torch.Size([16, 1]), time_to_events shape: torch.Size([16, 126]), event_indicators shape: torch.Size([16, 126]), sequence lengths shape: torch.Size([16, 1])
x shape: torch.Size([16, 126, 4])
mask shape: torch.Size([16, 126])
lstm_output shape: torch.Size([16, 126, 70])
fc_output shape: torch.Size([16, 126, 35])
context shape: torch.Size([16, 35])
attention_weights shape: torch.Size([16, 126, 1])
x shape after cause_specific_fc: torch.Size([16, 35])
pmf_preds shape: [torch.Size([16, 5475])]
res shape: torch.Size([16, 1, 5475])
Average Loss: 1.5946318451315165
Patience Counter: 2
Epoch 34/50
features shape: torch.Size([16, 126, 4]), mask shape: torch.Size([16, 126]), time_to_event shape: torch.Size([16, 1]), event_indicator shape: torch.Size([16, 1]), time_to_events shape: torch.Size([16, 126]), event_indicators shape: torch.Size([16, 126]), sequence lengths shape: torch.Size([16, 1])
x shape: torch.Size([16, 126, 4])
mask shape: torch.Size([16, 126])
lstm_output shape: torch.Size([16, 126, 70])
fc_output shape: torch.Size([16, 126, 35])
context shape: torch.Size([16, 35])
attention_weights shape: torch.Size([16, 126, 1])
x shape after cause_specific_fc: torch.Size([16, 35])
pmf_preds shape: [torch.Size([16, 5475])]
res shape: torch.Size([16, 1, 5475])
Average Loss: 1.5675841607153416
Patience Counter: 3
Epoch 35/50
features shape: torch.Size([16, 126, 4]), mask shape: torch.Size([16, 126]), time_to_event shape: torch.Size([16, 1]), event_indicator shape: torch.Size([16, 1]), time_to_events shape: torch.Size([16, 126]), event_indicators shape: torch.Size([16, 126]), sequence lengths shape: torch.Size([16, 1])
x shape: torch.Size([16, 126, 4])
mask shape: torch.Size([16, 126])
lstm_output shape: torch.Size([16, 126, 70])
fc_output shape: torch.Size([16, 126, 35])
context shape: torch.Size([16, 35])
attention_weights shape: torch.Size([16, 126, 1])
x shape after cause_specific_fc: torch.Size([16, 35])
pmf_preds shape: [torch.Size([16, 5475])]
res shape: torch.Size([16, 1, 5475])
Average Loss: 1.5372998286038637
Patience Counter: 4
Epoch 36/50
features shape: torch.Size([16, 126, 4]), mask shape: torch.Size([16, 126]), time_to_event shape: torch.Size([16, 1]), event_indicator shape: torch.Size([16, 1]), time_to_events shape: torch.Size([16, 126]), event_indicators shape: torch.Size([16, 126]), sequence lengths shape: torch.Size([16, 1])
x shape: torch.Size([16, 126, 4])
mask shape: torch.Size([16, 126])
lstm_output shape: torch.Size([16, 126, 70])
fc_output shape: torch.Size([16, 126, 35])
context shape: torch.Size([16, 35])
attention_weights shape: torch.Size([16, 126, 1])
x shape after cause_specific_fc: torch.Size([16, 35])
pmf_preds shape: [torch.Size([16, 5475])]
res shape: torch.Size([16, 1, 5475])
Average Loss: 1.5347472466528416
Patience Counter: 5
Early stopping triggered
features shape: torch.Size([16, 126, 4]), mask shape: torch.Size([16, 126]), T shape: torch.Size([16, 1]), E shape: torch.Size([16, 1]) cif shape: (16, 5475)
Processing subject 0 with time 1487 and event False cif at t_j: [0.25973514]
all_E shape: (500,) first 10 values: [False  True False False False  True  True False False False]
all_R shape: (500,) first 10 values: [0.25973514 0.71522385 0.24770749 0.1531715  0.2188382  0.71429133
 0.35478896 0.32291853 0.34554374 0.31134334]
all_T shape: (500,) first 10 values: [1487    0 1145    2 1002    0 2160 1790 1976 1430]
Global test C-index (scikit-survival): 0.669 number of concordant pairs: 45950
Global test C-index: 0.669
/home/minhn2/uiuc-kidney-failure/pkgs/experiments/dynamic_deephit.py:256: FutureWarning: You are using `torch.load` with `weights_only=False` (the current default value), which uses the default pickle module implicitly. It is possible to construct malicious pickle data which will execute arbitrary code during unpickling (See https://github.com/pytorch/pytorch/blob/main/SECURITY.md#untrusted-models for more details). In a future release, the default value for `weights_only` will be flipped to `True`. This limits the functions that could be executed during unpickling. Arbitrary objects will no longer be allowed to be loaded via this mode unless they are explicitly allowlisted by the user via `torch.serialization.add_safe_globals`. We recommend you start setting `weights_only=True` for any use case where you don't have full control of the loaded file. Please open an issue on GitHub for any issues related to this experimental feature.
  saved_model = torch.load(saved_path, map_location=device)
features shape: torch.Size([16, 126, 4]), mask shape: torch.Size([16, 126]), T shape: torch.Size([16, 1]), E shape: torch.Size([16, 1]) cif shape: (16, 5475)
Processing subject 0 with time 1487 and event False cif at t_j: [0.16677177]
all_E shape: (500,) first 10 values: [False  True False False False  True  True False False False]
all_R shape: (500,) first 10 values: [0.16677177 0.8371665  0.20319933 0.14428052 0.15576369 0.84020174
 0.28060707 0.26603124 0.25878567 0.29715618]
all_T shape: (500,) first 10 values: [1487    0 1145    2 1002    0 2160 1790 1976 1430]
Global test C-index (scikit-survival): 0.726 number of concordant pairs: 49897
Global test C-index: 0.726
Saved model C-index: 0.7260, Current trial C-index: 0.6686
Saved model is better, keeping it
[I 2026-08-27 00:52:37,142] Trial 5 finished with value: 0.6686164949653687 and parameters: {'num_layer': 1, 'hidden_dim_0': 35, 'learning_rate': 0.0007147543622615513, 'drop_out_rate': 0.3370587250959213, 'llh_loss': 0.8585322192290773}. Best is trial 0 with value: 0.7260491240323613.
Using GPU: cuda:1 (utilization=0%, free_mem=11026MiB)
Running trial 6 for ExperimentScenario.FOUR_FEATURES on device cuda:1
Train data path /home/minhn2/uiuc-kidney-failure/generated_data/rep99/four_features_train_data.csv
Test data path /home/minhn2/uiuc-kidney-failure/generated_data/rep99/four_features_test_data.csv
Number of patients: test 345 and train 500
Number of records: test 3667 and train 5806
Epoch 1/50
features shape: torch.Size([16, 126, 4]), mask shape: torch.Size([16, 126]), time_to_event shape: torch.Size([16, 1]), event_indicator shape: torch.Size([16, 1]), time_to_events shape: torch.Size([16, 126]), event_indicators shape: torch.Size([16, 126]), sequence lengths shape: torch.Size([16, 1])
x shape: torch.Size([16, 126, 4])
mask shape: torch.Size([16, 126])
lstm_output shape: torch.Size([16, 126, 130])
fc_output shape: torch.Size([16, 126, 65])
context shape: torch.Size([16, 65])
attention_weights shape: torch.Size([16, 126, 1])
x shape after cause_specific_fc: torch.Size([16, 65])
pmf_preds shape: [torch.Size([16, 5475])]
res shape: torch.Size([16, 1, 5475])
Average Loss: 1.9355436470359564
Epoch 2/50
features shape: torch.Size([16, 126, 4]), mask shape: torch.Size([16, 126]), time_to_event shape: torch.Size([16, 1]), event_indicator shape: torch.Size([16, 1]), time_to_events shape: torch.Size([16, 126]), event_indicators shape: torch.Size([16, 126]), sequence lengths shape: torch.Size([16, 1])
x shape: torch.Size([16, 126, 4])
mask shape: torch.Size([16, 126])
lstm_output shape: torch.Size([16, 126, 130])
fc_output shape: torch.Size([16, 126, 65])
context shape: torch.Size([16, 65])
attention_weights shape: torch.Size([16, 126, 1])
x shape after cause_specific_fc: torch.Size([16, 65])
pmf_preds shape: [torch.Size([16, 5475])]
res shape: torch.Size([16, 1, 5475])
Average Loss: 1.5036302134394646
Epoch 3/50
features shape: torch.Size([16, 126, 4]), mask shape: torch.Size([16, 126]), time_to_event shape: torch.Size([16, 1]), event_indicator shape: torch.Size([16, 1]), time_to_events shape: torch.Size([16, 126]), event_indicators shape: torch.Size([16, 126]), sequence lengths shape: torch.Size([16, 1])
x shape: torch.Size([16, 126, 4])
mask shape: torch.Size([16, 126])
lstm_output shape: torch.Size([16, 126, 130])
fc_output shape: torch.Size([16, 126, 65])
context shape: torch.Size([16, 65])
attention_weights shape: torch.Size([16, 126, 1])
x shape after cause_specific_fc: torch.Size([16, 65])
pmf_preds shape: [torch.Size([16, 5475])]
res shape: torch.Size([16, 1, 5475])
Average Loss: 1.389481883496046
Epoch 4/50
features shape: torch.Size([16, 126, 4]), mask shape: torch.Size([16, 126]), time_to_event shape: torch.Size([16, 1]), event_indicator shape: torch.Size([16, 1]), time_to_events shape: torch.Size([16, 126]), event_indicators shape: torch.Size([16, 126]), sequence lengths shape: torch.Size([16, 1])
x shape: torch.Size([16, 126, 4])
mask shape: torch.Size([16, 126])
lstm_output shape: torch.Size([16, 126, 130])
fc_output shape: torch.Size([16, 126, 65])
context shape: torch.Size([16, 65])
attention_weights shape: torch.Size([16, 126, 1])
x shape after cause_specific_fc: torch.Size([16, 65])
pmf_preds shape: [torch.Size([16, 5475])]
res shape: torch.Size([16, 1, 5475])
Average Loss: 1.3392556868493557
Epoch 5/50
features shape: torch.Size([16, 126, 4]), mask shape: torch.Size([16, 126]), time_to_event shape: torch.Size([16, 1]), event_indicator shape: torch.Size([16, 1]), time_to_events shape: torch.Size([16, 126]), event_indicators shape: torch.Size([16, 126]), sequence lengths shape: torch.Size([16, 1])
x shape: torch.Size([16, 126, 4])
mask shape: torch.Size([16, 126])
lstm_output shape: torch.Size([16, 126, 130])
fc_output shape: torch.Size([16, 126, 65])
context shape: torch.Size([16, 65])
attention_weights shape: torch.Size([16, 126, 1])
x shape after cause_specific_fc: torch.Size([16, 65])
pmf_preds shape: [torch.Size([16, 5475])]
res shape: torch.Size([16, 1, 5475])
Average Loss: 1.3099996075034142
Epoch 6/50
features shape: torch.Size([16, 126, 4]), mask shape: torch.Size([16, 126]), time_to_event shape: torch.Size([16, 1]), event_indicator shape: torch.Size([16, 1]), time_to_events shape: torch.Size([16, 126]), event_indicators shape: torch.Size([16, 126]), sequence lengths shape: torch.Size([16, 1])
x shape: torch.Size([16, 126, 4])
mask shape: torch.Size([16, 126])
lstm_output shape: torch.Size([16, 126, 130])
fc_output shape: torch.Size([16, 126, 65])
context shape: torch.Size([16, 65])
attention_weights shape: torch.Size([16, 126, 1])
x shape after cause_specific_fc: torch.Size([16, 65])
pmf_preds shape: [torch.Size([16, 5475])]
res shape: torch.Size([16, 1, 5475])
Average Loss: 1.3265505991876125
Patience Counter: 1
Epoch 7/50
features shape: torch.Size([16, 126, 4]), mask shape: torch.Size([16, 126]), time_to_event shape: torch.Size([16, 1]), event_indicator shape: torch.Size([16, 1]), time_to_events shape: torch.Size([16, 126]), event_indicators shape: torch.Size([16, 126]), sequence lengths shape: torch.Size([16, 1])
x shape: torch.Size([16, 126, 4])
mask shape: torch.Size([16, 126])
lstm_output shape: torch.Size([16, 126, 130])
fc_output shape: torch.Size([16, 126, 65])
context shape: torch.Size([16, 65])
attention_weights shape: torch.Size([16, 126, 1])
x shape after cause_specific_fc: torch.Size([16, 65])
pmf_preds shape: [torch.Size([16, 5475])]
res shape: torch.Size([16, 1, 5475])
Average Loss: 1.3265966847538948
Patience Counter: 2
Epoch 8/50
features shape: torch.Size([16, 126, 4]), mask shape: torch.Size([16, 126]), time_to_event shape: torch.Size([16, 1]), event_indicator shape: torch.Size([16, 1]), time_to_events shape: torch.Size([16, 126]), event_indicators shape: torch.Size([16, 126]), sequence lengths shape: torch.Size([16, 1])
x shape: torch.Size([16, 126, 4])
mask shape: torch.Size([16, 126])
lstm_output shape: torch.Size([16, 126, 130])
fc_output shape: torch.Size([16, 126, 65])
context shape: torch.Size([16, 65])
attention_weights shape: torch.Size([16, 126, 1])
x shape after cause_specific_fc: torch.Size([16, 65])
pmf_preds shape: [torch.Size([16, 5475])]
res shape: torch.Size([16, 1, 5475])
Average Loss: 1.3083917926996946
Epoch 9/50
features shape: torch.Size([16, 126, 4]), mask shape: torch.Size([16, 126]), time_to_event shape: torch.Size([16, 1]), event_indicator shape: torch.Size([16, 1]), time_to_events shape: torch.Size([16, 126]), event_indicators shape: torch.Size([16, 126]), sequence lengths shape: torch.Size([16, 1])
x shape: torch.Size([16, 126, 4])
mask shape: torch.Size([16, 126])
lstm_output shape: torch.Size([16, 126, 130])
fc_output shape: torch.Size([16, 126, 65])
context shape: torch.Size([16, 65])
attention_weights shape: torch.Size([16, 126, 1])
x shape after cause_specific_fc: torch.Size([16, 65])
pmf_preds shape: [torch.Size([16, 5475])]
res shape: torch.Size([16, 1, 5475])
Average Loss: 1.2682829778641462
Epoch 10/50
features shape: torch.Size([16, 126, 4]), mask shape: torch.Size([16, 126]), time_to_event shape: torch.Size([16, 1]), event_indicator shape: torch.Size([16, 1]), time_to_events shape: torch.Size([16, 126]), event_indicators shape: torch.Size([16, 126]), sequence lengths shape: torch.Size([16, 1])
x shape: torch.Size([16, 126, 4])
mask shape: torch.Size([16, 126])
lstm_output shape: torch.Size([16, 126, 130])
fc_output shape: torch.Size([16, 126, 65])
context shape: torch.Size([16, 65])
attention_weights shape: torch.Size([16, 126, 1])
x shape after cause_specific_fc: torch.Size([16, 65])
pmf_preds shape: [torch.Size([16, 5475])]
res shape: torch.Size([16, 1, 5475])
Average Loss: 1.2658614702522755
Epoch 11/50
features shape: torch.Size([16, 126, 4]), mask shape: torch.Size([16, 126]), time_to_event shape: torch.Size([16, 1]), event_indicator shape: torch.Size([16, 1]), time_to_events shape: torch.Size([16, 126]), event_indicators shape: torch.Size([16, 126]), sequence lengths shape: torch.Size([16, 1])
x shape: torch.Size([16, 126, 4])
mask shape: torch.Size([16, 126])
lstm_output shape: torch.Size([16, 126, 130])
fc_output shape: torch.Size([16, 126, 65])
context shape: torch.Size([16, 65])
attention_weights shape: torch.Size([16, 126, 1])
x shape after cause_specific_fc: torch.Size([16, 65])
pmf_preds shape: [torch.Size([16, 5475])]
res shape: torch.Size([16, 1, 5475])
Average Loss: 1.2930091954767704
Patience Counter: 1
Epoch 12/50
features shape: torch.Size([16, 126, 4]), mask shape: torch.Size([16, 126]), time_to_event shape: torch.Size([16, 1]), event_indicator shape: torch.Size([16, 1]), time_to_events shape: torch.Size([16, 126]), event_indicators shape: torch.Size([16, 126]), sequence lengths shape: torch.Size([16, 1])
x shape: torch.Size([16, 126, 4])
mask shape: torch.Size([16, 126])
lstm_output shape: torch.Size([16, 126, 130])
fc_output shape: torch.Size([16, 126, 65])
context shape: torch.Size([16, 65])
attention_weights shape: torch.Size([16, 126, 1])
x shape after cause_specific_fc: torch.Size([16, 65])
pmf_preds shape: [torch.Size([16, 5475])]
res shape: torch.Size([16, 1, 5475])
Average Loss: 1.2754063475877047
Patience Counter: 2
Epoch 13/50
features shape: torch.Size([16, 126, 4]), mask shape: torch.Size([16, 126]), time_to_event shape: torch.Size([16, 1]), event_indicator shape: torch.Size([16, 1]), time_to_events shape: torch.Size([16, 126]), event_indicators shape: torch.Size([16, 126]), sequence lengths shape: torch.Size([16, 1])
x shape: torch.Size([16, 126, 4])
mask shape: torch.Size([16, 126])
lstm_output shape: torch.Size([16, 126, 130])
fc_output shape: torch.Size([16, 126, 65])
context shape: torch.Size([16, 65])
attention_weights shape: torch.Size([16, 126, 1])
x shape after cause_specific_fc: torch.Size([16, 65])
pmf_preds shape: [torch.Size([16, 5475])]
res shape: torch.Size([16, 1, 5475])
Average Loss: 1.2802456393837929
Patience Counter: 3
Epoch 14/50
features shape: torch.Size([16, 126, 4]), mask shape: torch.Size([16, 126]), time_to_event shape: torch.Size([16, 1]), event_indicator shape: torch.Size([16, 1]), time_to_events shape: torch.Size([16, 126]), event_indicators shape: torch.Size([16, 126]), sequence lengths shape: torch.Size([16, 1])
x shape: torch.Size([16, 126, 4])
mask shape: torch.Size([16, 126])
lstm_output shape: torch.Size([16, 126, 130])
fc_output shape: torch.Size([16, 126, 65])
context shape: torch.Size([16, 65])
attention_weights shape: torch.Size([16, 126, 1])
x shape after cause_specific_fc: torch.Size([16, 65])
pmf_preds shape: [torch.Size([16, 5475])]
res shape: torch.Size([16, 1, 5475])
Average Loss: 1.3149130307137966
Patience Counter: 4
Epoch 15/50
features shape: torch.Size([16, 126, 4]), mask shape: torch.Size([16, 126]), time_to_event shape: torch.Size([16, 1]), event_indicator shape: torch.Size([16, 1]), time_to_events shape: torch.Size([16, 126]), event_indicators shape: torch.Size([16, 126]), sequence lengths shape: torch.Size([16, 1])
x shape: torch.Size([16, 126, 4])
mask shape: torch.Size([16, 126])
lstm_output shape: torch.Size([16, 126, 130])
fc_output shape: torch.Size([16, 126, 65])
context shape: torch.Size([16, 65])
attention_weights shape: torch.Size([16, 126, 1])
x shape after cause_specific_fc: torch.Size([16, 65])
pmf_preds shape: [torch.Size([16, 5475])]
res shape: torch.Size([16, 1, 5475])
Average Loss: 1.2520811092108488
Epoch 16/50
features shape: torch.Size([16, 126, 4]), mask shape: torch.Size([16, 126]), time_to_event shape: torch.Size([16, 1]), event_indicator shape: torch.Size([16, 1]), time_to_events shape: torch.Size([16, 126]), event_indicators shape: torch.Size([16, 126]), sequence lengths shape: torch.Size([16, 1])
x shape: torch.Size([16, 126, 4])
mask shape: torch.Size([16, 126])
lstm_output shape: torch.Size([16, 126, 130])
fc_output shape: torch.Size([16, 126, 65])
context shape: torch.Size([16, 65])
attention_weights shape: torch.Size([16, 126, 1])
x shape after cause_specific_fc: torch.Size([16, 65])
pmf_preds shape: [torch.Size([16, 5475])]
res shape: torch.Size([16, 1, 5475])
Average Loss: 1.2934531178325415
Patience Counter: 1
Epoch 17/50
features shape: torch.Size([16, 126, 4]), mask shape: torch.Size([16, 126]), time_to_event shape: torch.Size([16, 1]), event_indicator shape: torch.Size([16, 1]), time_to_events shape: torch.Size([16, 126]), event_indicators shape: torch.Size([16, 126]), sequence lengths shape: torch.Size([16, 1])
x shape: torch.Size([16, 126, 4])
mask shape: torch.Size([16, 126])
lstm_output shape: torch.Size([16, 126, 130])
fc_output shape: torch.Size([16, 126, 65])
context shape: torch.Size([16, 65])
attention_weights shape: torch.Size([16, 126, 1])
x shape after cause_specific_fc: torch.Size([16, 65])
pmf_preds shape: [torch.Size([16, 5475])]
res shape: torch.Size([16, 1, 5475])
Average Loss: 1.274480551481247
Patience Counter: 2
Epoch 18/50
features shape: torch.Size([16, 126, 4]), mask shape: torch.Size([16, 126]), time_to_event shape: torch.Size([16, 1]), event_indicator shape: torch.Size([16, 1]), time_to_events shape: torch.Size([16, 126]), event_indicators shape: torch.Size([16, 126]), sequence lengths shape: torch.Size([16, 1])
x shape: torch.Size([16, 126, 4])
mask shape: torch.Size([16, 126])
lstm_output shape: torch.Size([16, 126, 130])
fc_output shape: torch.Size([16, 126, 65])
context shape: torch.Size([16, 65])
attention_weights shape: torch.Size([16, 126, 1])
x shape after cause_specific_fc: torch.Size([16, 65])
pmf_preds shape: [torch.Size([16, 5475])]
res shape: torch.Size([16, 1, 5475])
Average Loss: 1.2449240125715733
Epoch 19/50
features shape: torch.Size([16, 126, 4]), mask shape: torch.Size([16, 126]), time_to_event shape: torch.Size([16, 1]), event_indicator shape: torch.Size([16, 1]), time_to_events shape: torch.Size([16, 126]), event_indicators shape: torch.Size([16, 126]), sequence lengths shape: torch.Size([16, 1])
x shape: torch.Size([16, 126, 4])
mask shape: torch.Size([16, 126])
lstm_output shape: torch.Size([16, 126, 130])
fc_output shape: torch.Size([16, 126, 65])
context shape: torch.Size([16, 65])
attention_weights shape: torch.Size([16, 126, 1])
x shape after cause_specific_fc: torch.Size([16, 65])
pmf_preds shape: [torch.Size([16, 5475])]
res shape: torch.Size([16, 1, 5475])
Average Loss: 1.2486272100359201
Patience Counter: 1
Epoch 20/50
features shape: torch.Size([16, 126, 4]), mask shape: torch.Size([16, 126]), time_to_event shape: torch.Size([16, 1]), event_indicator shape: torch.Size([16, 1]), time_to_events shape: torch.Size([16, 126]), event_indicators shape: torch.Size([16, 126]), sequence lengths shape: torch.Size([16, 1])
x shape: torch.Size([16, 126, 4])
mask shape: torch.Size([16, 126])
lstm_output shape: torch.Size([16, 126, 130])
fc_output shape: torch.Size([16, 126, 65])
context shape: torch.Size([16, 65])
attention_weights shape: torch.Size([16, 126, 1])
x shape after cause_specific_fc: torch.Size([16, 65])
pmf_preds shape: [torch.Size([16, 5475])]
res shape: torch.Size([16, 1, 5475])
Average Loss: 1.2386872936040163
Epoch 21/50
features shape: torch.Size([16, 126, 4]), mask shape: torch.Size([16, 126]), time_to_event shape: torch.Size([16, 1]), event_indicator shape: torch.Size([16, 1]), time_to_events shape: torch.Size([16, 126]), event_indicators shape: torch.Size([16, 126]), sequence lengths shape: torch.Size([16, 1])
x shape: torch.Size([16, 126, 4])
mask shape: torch.Size([16, 126])
lstm_output shape: torch.Size([16, 126, 130])
fc_output shape: torch.Size([16, 126, 65])
context shape: torch.Size([16, 65])
attention_weights shape: torch.Size([16, 126, 1])
x shape after cause_specific_fc: torch.Size([16, 65])
pmf_preds shape: [torch.Size([16, 5475])]
res shape: torch.Size([16, 1, 5475])
Average Loss: 1.2343402281403542
Epoch 22/50
features shape: torch.Size([16, 126, 4]), mask shape: torch.Size([16, 126]), time_to_event shape: torch.Size([16, 1]), event_indicator shape: torch.Size([16, 1]), time_to_events shape: torch.Size([16, 126]), event_indicators shape: torch.Size([16, 126]), sequence lengths shape: torch.Size([16, 1])
x shape: torch.Size([16, 126, 4])
mask shape: torch.Size([16, 126])
lstm_output shape: torch.Size([16, 126, 130])
fc_output shape: torch.Size([16, 126, 65])
context shape: torch.Size([16, 65])
attention_weights shape: torch.Size([16, 126, 1])
x shape after cause_specific_fc: torch.Size([16, 65])
pmf_preds shape: [torch.Size([16, 5475])]
res shape: torch.Size([16, 1, 5475])
Average Loss: 1.2379027977585793
Patience Counter: 1
Epoch 23/50
features shape: torch.Size([16, 126, 4]), mask shape: torch.Size([16, 126]), time_to_event shape: torch.Size([16, 1]), event_indicator shape: torch.Size([16, 1]), time_to_events shape: torch.Size([16, 126]), event_indicators shape: torch.Size([16, 126]), sequence lengths shape: torch.Size([16, 1])
x shape: torch.Size([16, 126, 4])
mask shape: torch.Size([16, 126])
lstm_output shape: torch.Size([16, 126, 130])
fc_output shape: torch.Size([16, 126, 65])
context shape: torch.Size([16, 65])
attention_weights shape: torch.Size([16, 126, 1])
x shape after cause_specific_fc: torch.Size([16, 65])
pmf_preds shape: [torch.Size([16, 5475])]
res shape: torch.Size([16, 1, 5475])
Average Loss: 1.2832151632755995
Patience Counter: 2
Epoch 24/50
features shape: torch.Size([16, 126, 4]), mask shape: torch.Size([16, 126]), time_to_event shape: torch.Size([16, 1]), event_indicator shape: torch.Size([16, 1]), time_to_events shape: torch.Size([16, 126]), event_indicators shape: torch.Size([16, 126]), sequence lengths shape: torch.Size([16, 1])
x shape: torch.Size([16, 126, 4])
mask shape: torch.Size([16, 126])
lstm_output shape: torch.Size([16, 126, 130])
fc_output shape: torch.Size([16, 126, 65])
context shape: torch.Size([16, 65])
attention_weights shape: torch.Size([16, 126, 1])
x shape after cause_specific_fc: torch.Size([16, 65])
pmf_preds shape: [torch.Size([16, 5475])]
res shape: torch.Size([16, 1, 5475])
Average Loss: 1.2540809530764818
Patience Counter: 3
Epoch 25/50
features shape: torch.Size([16, 126, 4]), mask shape: torch.Size([16, 126]), time_to_event shape: torch.Size([16, 1]), event_indicator shape: torch.Size([16, 1]), time_to_events shape: torch.Size([16, 126]), event_indicators shape: torch.Size([16, 126]), sequence lengths shape: torch.Size([16, 1])
x shape: torch.Size([16, 126, 4])
mask shape: torch.Size([16, 126])
lstm_output shape: torch.Size([16, 126, 130])
fc_output shape: torch.Size([16, 126, 65])
context shape: torch.Size([16, 65])
attention_weights shape: torch.Size([16, 126, 1])
x shape after cause_specific_fc: torch.Size([16, 65])
pmf_preds shape: [torch.Size([16, 5475])]
res shape: torch.Size([16, 1, 5475])
Average Loss: 1.2607508022338152
Patience Counter: 4
Epoch 26/50
features shape: torch.Size([16, 126, 4]), mask shape: torch.Size([16, 126]), time_to_event shape: torch.Size([16, 1]), event_indicator shape: torch.Size([16, 1]), time_to_events shape: torch.Size([16, 126]), event_indicators shape: torch.Size([16, 126]), sequence lengths shape: torch.Size([16, 1])
x shape: torch.Size([16, 126, 4])
mask shape: torch.Size([16, 126])
lstm_output shape: torch.Size([16, 126, 130])
fc_output shape: torch.Size([16, 126, 65])
context shape: torch.Size([16, 65])
attention_weights shape: torch.Size([16, 126, 1])
x shape after cause_specific_fc: torch.Size([16, 65])
pmf_preds shape: [torch.Size([16, 5475])]
res shape: torch.Size([16, 1, 5475])
Average Loss: 1.237659502774477
Patience Counter: 5
Early stopping triggered
features shape: torch.Size([16, 126, 4]), mask shape: torch.Size([16, 126]), T shape: torch.Size([16, 1]), E shape: torch.Size([16, 1]) cif shape: (16, 5475)
Processing subject 0 with time 1487 and event False cif at t_j: [0.29805338]
all_E shape: (500,) first 10 values: [False  True False False False  True  True False False False]
all_R shape: (500,) first 10 values: [0.29805338 0.7842295  0.27441308 0.10036495 0.2335179  0.7816638
 0.3848549  0.3329092  0.41006014 0.28454417]
all_T shape: (500,) first 10 values: [1487    0 1145    2 1002    0 2160 1790 1976 1430]
Global test C-index (scikit-survival): 0.666 number of concordant pairs: 45764
Global test C-index: 0.666
/home/minhn2/uiuc-kidney-failure/pkgs/experiments/dynamic_deephit.py:256: FutureWarning: You are using `torch.load` with `weights_only=False` (the current default value), which uses the default pickle module implicitly. It is possible to construct malicious pickle data which will execute arbitrary code during unpickling (See https://github.com/pytorch/pytorch/blob/main/SECURITY.md#untrusted-models for more details). In a future release, the default value for `weights_only` will be flipped to `True`. This limits the functions that could be executed during unpickling. Arbitrary objects will no longer be allowed to be loaded via this mode unless they are explicitly allowlisted by the user via `torch.serialization.add_safe_globals`. We recommend you start setting `weights_only=True` for any use case where you don't have full control of the loaded file. Please open an issue on GitHub for any issues related to this experimental feature.
  saved_model = torch.load(saved_path, map_location=device)
features shape: torch.Size([16, 126, 4]), mask shape: torch.Size([16, 126]), T shape: torch.Size([16, 1]), E shape: torch.Size([16, 1]) cif shape: (16, 5475)
Processing subject 0 with time 1487 and event False cif at t_j: [0.16677177]
all_E shape: (500,) first 10 values: [False  True False False False  True  True False False False]
all_R shape: (500,) first 10 values: [0.16677177 0.8371665  0.20319933 0.14428052 0.15576369 0.84020174
 0.28060707 0.26603124 0.25878567 0.29715618]
all_T shape: (500,) first 10 values: [1487    0 1145    2 1002    0 2160 1790 1976 1430]
Global test C-index (scikit-survival): 0.726 number of concordant pairs: 49897
Global test C-index: 0.726
Saved model C-index: 0.7260, Current trial C-index: 0.6659
Saved model is better, keeping it
[I 2026-08-27 00:54:08,519] Trial 6 finished with value: 0.6659100168791107 and parameters: {'num_layer': 1, 'hidden_dim_0': 65, 'learning_rate': 0.0035216453370240522, 'drop_out_rate': 0.37816820668173556, 'llh_loss': 0.4082481825187484}. Best is trial 0 with value: 0.7260491240323613.
Using GPU: cuda:3 (utilization=0%, free_mem=10790MiB)
Running trial 7 for ExperimentScenario.FOUR_FEATURES on device cuda:3
Train data path /home/minhn2/uiuc-kidney-failure/generated_data/rep99/four_features_train_data.csv
Test data path /home/minhn2/uiuc-kidney-failure/generated_data/rep99/four_features_test_data.csv
Number of patients: test 345 and train 500
Number of records: test 3667 and train 5806
Epoch 1/50
features shape: torch.Size([16, 126, 4]), mask shape: torch.Size([16, 126]), time_to_event shape: torch.Size([16, 1]), event_indicator shape: torch.Size([16, 1]), time_to_events shape: torch.Size([16, 126]), event_indicators shape: torch.Size([16, 126]), sequence lengths shape: torch.Size([16, 1])
x shape: torch.Size([16, 126, 4])
mask shape: torch.Size([16, 126])
lstm_output shape: torch.Size([16, 126, 184])
fc_output shape: torch.Size([16, 126, 92])
context shape: torch.Size([16, 92])
attention_weights shape: torch.Size([16, 126, 1])
x shape after cause_specific_fc: torch.Size([16, 111])
pmf_preds shape: [torch.Size([16, 5475])]
res shape: torch.Size([16, 1, 5475])
Average Loss: 2.984844658523798
Epoch 2/50
features shape: torch.Size([16, 126, 4]), mask shape: torch.Size([16, 126]), time_to_event shape: torch.Size([16, 1]), event_indicator shape: torch.Size([16, 1]), time_to_events shape: torch.Size([16, 126]), event_indicators shape: torch.Size([16, 126]), sequence lengths shape: torch.Size([16, 1])
x shape: torch.Size([16, 126, 4])
mask shape: torch.Size([16, 126])
lstm_output shape: torch.Size([16, 126, 184])
fc_output shape: torch.Size([16, 126, 92])
context shape: torch.Size([16, 92])
attention_weights shape: torch.Size([16, 126, 1])
x shape after cause_specific_fc: torch.Size([16, 111])
pmf_preds shape: [torch.Size([16, 5475])]
res shape: torch.Size([16, 1, 5475])
Average Loss: 3.0134330727159977
Patience Counter: 1
Epoch 3/50
features shape: torch.Size([16, 126, 4]), mask shape: torch.Size([16, 126]), time_to_event shape: torch.Size([16, 1]), event_indicator shape: torch.Size([16, 1]), time_to_events shape: torch.Size([16, 126]), event_indicators shape: torch.Size([16, 126]), sequence lengths shape: torch.Size([16, 1])
x shape: torch.Size([16, 126, 4])
mask shape: torch.Size([16, 126])
lstm_output shape: torch.Size([16, 126, 184])
fc_output shape: torch.Size([16, 126, 92])
context shape: torch.Size([16, 92])
attention_weights shape: torch.Size([16, 126, 1])
x shape after cause_specific_fc: torch.Size([16, 111])
pmf_preds shape: [torch.Size([16, 5475])]
res shape: torch.Size([16, 1, 5475])
Average Loss: 2.9857242926955223
Patience Counter: 2
Epoch 4/50
features shape: torch.Size([16, 126, 4]), mask shape: torch.Size([16, 126]), time_to_event shape: torch.Size([16, 1]), event_indicator shape: torch.Size([16, 1]), time_to_events shape: torch.Size([16, 126]), event_indicators shape: torch.Size([16, 126]), sequence lengths shape: torch.Size([16, 1])
x shape: torch.Size([16, 126, 4])
mask shape: torch.Size([16, 126])
lstm_output shape: torch.Size([16, 126, 184])
fc_output shape: torch.Size([16, 126, 92])
context shape: torch.Size([16, 92])
attention_weights shape: torch.Size([16, 126, 1])
x shape after cause_specific_fc: torch.Size([16, 111])
pmf_preds shape: [torch.Size([16, 5475])]
res shape: torch.Size([16, 1, 5475])
Average Loss: 2.9772173687815666
Epoch 5/50
features shape: torch.Size([16, 126, 4]), mask shape: torch.Size([16, 126]), time_to_event shape: torch.Size([16, 1]), event_indicator shape: torch.Size([16, 1]), time_to_events shape: torch.Size([16, 126]), event_indicators shape: torch.Size([16, 126]), sequence lengths shape: torch.Size([16, 1])
x shape: torch.Size([16, 126, 4])
mask shape: torch.Size([16, 126])
lstm_output shape: torch.Size([16, 126, 184])
fc_output shape: torch.Size([16, 126, 92])
context shape: torch.Size([16, 92])
attention_weights shape: torch.Size([16, 126, 1])
x shape after cause_specific_fc: torch.Size([16, 111])
pmf_preds shape: [torch.Size([16, 5475])]
res shape: torch.Size([16, 1, 5475])
Average Loss: 2.9905470982193947
Patience Counter: 1
Epoch 6/50
features shape: torch.Size([16, 126, 4]), mask shape: torch.Size([16, 126]), time_to_event shape: torch.Size([16, 1]), event_indicator shape: torch.Size([16, 1]), time_to_events shape: torch.Size([16, 126]), event_indicators shape: torch.Size([16, 126]), sequence lengths shape: torch.Size([16, 1])
x shape: torch.Size([16, 126, 4])
mask shape: torch.Size([16, 126])
lstm_output shape: torch.Size([16, 126, 184])
fc_output shape: torch.Size([16, 126, 92])
context shape: torch.Size([16, 92])
attention_weights shape: torch.Size([16, 126, 1])
x shape after cause_specific_fc: torch.Size([16, 111])
pmf_preds shape: [torch.Size([16, 5475])]
res shape: torch.Size([16, 1, 5475])
Average Loss: 3.031670931726694
Patience Counter: 2
Epoch 7/50
features shape: torch.Size([16, 126, 4]), mask shape: torch.Size([16, 126]), time_to_event shape: torch.Size([16, 1]), event_indicator shape: torch.Size([16, 1]), time_to_events shape: torch.Size([16, 126]), event_indicators shape: torch.Size([16, 126]), sequence lengths shape: torch.Size([16, 1])
x shape: torch.Size([16, 126, 4])
mask shape: torch.Size([16, 126])
lstm_output shape: torch.Size([16, 126, 184])
fc_output shape: torch.Size([16, 126, 92])
context shape: torch.Size([16, 92])
attention_weights shape: torch.Size([16, 126, 1])
x shape after cause_specific_fc: torch.Size([16, 111])
pmf_preds shape: [torch.Size([16, 5475])]
res shape: torch.Size([16, 1, 5475])
Average Loss: 2.9427394792437553
Epoch 8/50
features shape: torch.Size([16, 126, 4]), mask shape: torch.Size([16, 126]), time_to_event shape: torch.Size([16, 1]), event_indicator shape: torch.Size([16, 1]), time_to_events shape: torch.Size([16, 126]), event_indicators shape: torch.Size([16, 126]), sequence lengths shape: torch.Size([16, 1])
x shape: torch.Size([16, 126, 4])
mask shape: torch.Size([16, 126])
lstm_output shape: torch.Size([16, 126, 184])
fc_output shape: torch.Size([16, 126, 92])
context shape: torch.Size([16, 92])
attention_weights shape: torch.Size([16, 126, 1])
x shape after cause_specific_fc: torch.Size([16, 111])
pmf_preds shape: [torch.Size([16, 5475])]
res shape: torch.Size([16, 1, 5475])
Average Loss: 2.9710418805480003
Patience Counter: 1
Epoch 9/50
features shape: torch.Size([16, 126, 4]), mask shape: torch.Size([16, 126]), time_to_event shape: torch.Size([16, 1]), event_indicator shape: torch.Size([16, 1]), time_to_events shape: torch.Size([16, 126]), event_indicators shape: torch.Size([16, 126]), sequence lengths shape: torch.Size([16, 1])
x shape: torch.Size([16, 126, 4])
mask shape: torch.Size([16, 126])
lstm_output shape: torch.Size([16, 126, 184])
fc_output shape: torch.Size([16, 126, 92])
context shape: torch.Size([16, 92])
attention_weights shape: torch.Size([16, 126, 1])
x shape after cause_specific_fc: torch.Size([16, 111])
pmf_preds shape: [torch.Size([16, 5475])]
res shape: torch.Size([16, 1, 5475])
Average Loss: 2.967500824481249
Patience Counter: 2
Epoch 10/50
features shape: torch.Size([16, 126, 4]), mask shape: torch.Size([16, 126]), time_to_event shape: torch.Size([16, 1]), event_indicator shape: torch.Size([16, 1]), time_to_events shape: torch.Size([16, 126]), event_indicators shape: torch.Size([16, 126]), sequence lengths shape: torch.Size([16, 1])
x shape: torch.Size([16, 126, 4])
mask shape: torch.Size([16, 126])
lstm_output shape: torch.Size([16, 126, 184])
fc_output shape: torch.Size([16, 126, 92])
context shape: torch.Size([16, 92])
attention_weights shape: torch.Size([16, 126, 1])
x shape after cause_specific_fc: torch.Size([16, 111])
pmf_preds shape: [torch.Size([16, 5475])]
res shape: torch.Size([16, 1, 5475])
Average Loss: 2.9922984652221203
Patience Counter: 3
Epoch 11/50
features shape: torch.Size([16, 126, 4]), mask shape: torch.Size([16, 126]), time_to_event shape: torch.Size([16, 1]), event_indicator shape: torch.Size([16, 1]), time_to_events shape: torch.Size([16, 126]), event_indicators shape: torch.Size([16, 126]), sequence lengths shape: torch.Size([16, 1])
x shape: torch.Size([16, 126, 4])
mask shape: torch.Size([16, 126])
lstm_output shape: torch.Size([16, 126, 184])
fc_output shape: torch.Size([16, 126, 92])
context shape: torch.Size([16, 92])
attention_weights shape: torch.Size([16, 126, 1])
x shape after cause_specific_fc: torch.Size([16, 111])
pmf_preds shape: [torch.Size([16, 5475])]
res shape: torch.Size([16, 1, 5475])
Average Loss: 2.963330626487732
Patience Counter: 4
Epoch 12/50
features shape: torch.Size([16, 126, 4]), mask shape: torch.Size([16, 126]), time_to_event shape: torch.Size([16, 1]), event_indicator shape: torch.Size([16, 1]), time_to_events shape: torch.Size([16, 126]), event_indicators shape: torch.Size([16, 126]), sequence lengths shape: torch.Size([16, 1])
x shape: torch.Size([16, 126, 4])
mask shape: torch.Size([16, 126])
lstm_output shape: torch.Size([16, 126, 184])
fc_output shape: torch.Size([16, 126, 92])
context shape: torch.Size([16, 92])
attention_weights shape: torch.Size([16, 126, 1])
x shape after cause_specific_fc: torch.Size([16, 111])
pmf_preds shape: [torch.Size([16, 5475])]
res shape: torch.Size([16, 1, 5475])
Average Loss: 2.9602599814534187
Patience Counter: 5
Early stopping triggered
features shape: torch.Size([16, 126, 4]), mask shape: torch.Size([16, 126]), T shape: torch.Size([16, 1]), E shape: torch.Size([16, 1]) cif shape: (16, 5475)
Processing subject 0 with time 1487 and event False cif at t_j: [0.271674]
all_E shape: (500,) first 10 values: [False  True False False False  True  True False False False]
all_R shape: (500,) first 10 values: [2.7167401e-01 2.0382454e-04 2.0908365e-01 5.9857726e-04 1.8287100e-01
 2.0362070e-04 3.9418587e-01 3.2679632e-01 3.6066779e-01 2.6134384e-01]
all_T shape: (500,) first 10 values: [1487    0 1145    2 1002    0 2160 1790 1976 1430]
Global test C-index (scikit-survival): 0.036 number of concordant pairs: 2403
Global test C-index: 0.035
/home/minhn2/uiuc-kidney-failure/pkgs/experiments/dynamic_deephit.py:256: FutureWarning: You are using `torch.load` with `weights_only=False` (the current default value), which uses the default pickle module implicitly. It is possible to construct malicious pickle data which will execute arbitrary code during unpickling (See https://github.com/pytorch/pytorch/blob/main/SECURITY.md#untrusted-models for more details). In a future release, the default value for `weights_only` will be flipped to `True`. This limits the functions that could be executed during unpickling. Arbitrary objects will no longer be allowed to be loaded via this mode unless they are explicitly allowlisted by the user via `torch.serialization.add_safe_globals`. We recommend you start setting `weights_only=True` for any use case where you don't have full control of the loaded file. Please open an issue on GitHub for any issues related to this experimental feature.
  saved_model = torch.load(saved_path, map_location=device)
features shape: torch.Size([16, 126, 4]), mask shape: torch.Size([16, 126]), T shape: torch.Size([16, 1]), E shape: torch.Size([16, 1]) cif shape: (16, 5475)
Processing subject 0 with time 1487 and event False cif at t_j: [0.16677177]
all_E shape: (500,) first 10 values: [False  True False False False  True  True False False False]
all_R shape: (500,) first 10 values: [0.16677177 0.8371665  0.20319933 0.14428052 0.15576369 0.84020174
 0.28060707 0.26603124 0.25878567 0.29715618]
all_T shape: (500,) first 10 values: [1487    0 1145    2 1002    0 2160 1790 1976 1430]
Global test C-index (scikit-survival): 0.726 number of concordant pairs: 49897
Global test C-index: 0.726
Saved model C-index: 0.7260, Current trial C-index: 0.0353
Saved model is better, keeping it
[I 2026-08-27 00:54:52,865] Trial 7 finished with value: 0.03534427565333799 and parameters: {'num_layer': 4, 'hidden_dim_0': 92, 'hidden_dim_1': 45, 'hidden_dim_2': 115, 'hidden_dim_3': 111, 'learning_rate': 1.3009286026451185e-05, 'drop_out_rate': 0.16359778173428907, 'llh_loss': 0.5743805645535214}. Best is trial 0 with value: 0.7260491240323613.
Using GPU: cuda:6 (utilization=0%, free_mem=10788MiB)
Running trial 8 for ExperimentScenario.FOUR_FEATURES on device cuda:6
Train data path /home/minhn2/uiuc-kidney-failure/generated_data/rep99/four_features_train_data.csv
Test data path /home/minhn2/uiuc-kidney-failure/generated_data/rep99/four_features_test_data.csv
Number of patients: test 345 and train 500
Number of records: test 3667 and train 5806
Epoch 1/50
features shape: torch.Size([16, 126, 4]), mask shape: torch.Size([16, 126]), time_to_event shape: torch.Size([16, 1]), event_indicator shape: torch.Size([16, 1]), time_to_events shape: torch.Size([16, 126]), event_indicators shape: torch.Size([16, 126]), sequence lengths shape: torch.Size([16, 1])
x shape: torch.Size([16, 126, 4])
mask shape: torch.Size([16, 126])
lstm_output shape: torch.Size([16, 126, 188])
fc_output shape: torch.Size([16, 126, 94])
context shape: torch.Size([16, 94])
attention_weights shape: torch.Size([16, 126, 1])
x shape after cause_specific_fc: torch.Size([16, 67])
pmf_preds shape: [torch.Size([16, 5475])]
res shape: torch.Size([16, 1, 5475])
Average Loss: 2.794140674173832
Epoch 2/50
features shape: torch.Size([16, 126, 4]), mask shape: torch.Size([16, 126]), time_to_event shape: torch.Size([16, 1]), event_indicator shape: torch.Size([16, 1]), time_to_events shape: torch.Size([16, 126]), event_indicators shape: torch.Size([16, 126]), sequence lengths shape: torch.Size([16, 1])
x shape: torch.Size([16, 126, 4])
mask shape: torch.Size([16, 126])
lstm_output shape: torch.Size([16, 126, 188])
fc_output shape: torch.Size([16, 126, 94])
context shape: torch.Size([16, 94])
attention_weights shape: torch.Size([16, 126, 1])
x shape after cause_specific_fc: torch.Size([16, 67])
pmf_preds shape: [torch.Size([16, 5475])]
res shape: torch.Size([16, 1, 5475])
Average Loss: 2.145095583051443
Epoch 3/50
features shape: torch.Size([16, 126, 4]), mask shape: torch.Size([16, 126]), time_to_event shape: torch.Size([16, 1]), event_indicator shape: torch.Size([16, 1]), time_to_events shape: torch.Size([16, 126]), event_indicators shape: torch.Size([16, 126]), sequence lengths shape: torch.Size([16, 1])
x shape: torch.Size([16, 126, 4])
mask shape: torch.Size([16, 126])
lstm_output shape: torch.Size([16, 126, 188])
fc_output shape: torch.Size([16, 126, 94])
context shape: torch.Size([16, 94])
attention_weights shape: torch.Size([16, 126, 1])
x shape after cause_specific_fc: torch.Size([16, 67])
pmf_preds shape: [torch.Size([16, 5475])]
res shape: torch.Size([16, 1, 5475])
Average Loss: 1.8785771559923887
Epoch 4/50
features shape: torch.Size([16, 126, 4]), mask shape: torch.Size([16, 126]), time_to_event shape: torch.Size([16, 1]), event_indicator shape: torch.Size([16, 1]), time_to_events shape: torch.Size([16, 126]), event_indicators shape: torch.Size([16, 126]), sequence lengths shape: torch.Size([16, 1])
x shape: torch.Size([16, 126, 4])
mask shape: torch.Size([16, 126])
lstm_output shape: torch.Size([16, 126, 188])
fc_output shape: torch.Size([16, 126, 94])
context shape: torch.Size([16, 94])
attention_weights shape: torch.Size([16, 126, 1])
x shape after cause_specific_fc: torch.Size([16, 67])
pmf_preds shape: [torch.Size([16, 5475])]
res shape: torch.Size([16, 1, 5475])
Average Loss: 1.66030602902174
Epoch 5/50
features shape: torch.Size([16, 126, 4]), mask shape: torch.Size([16, 126]), time_to_event shape: torch.Size([16, 1]), event_indicator shape: torch.Size([16, 1]), time_to_events shape: torch.Size([16, 126]), event_indicators shape: torch.Size([16, 126]), sequence lengths shape: torch.Size([16, 1])
x shape: torch.Size([16, 126, 4])
mask shape: torch.Size([16, 126])
lstm_output shape: torch.Size([16, 126, 188])
fc_output shape: torch.Size([16, 126, 94])
context shape: torch.Size([16, 94])
attention_weights shape: torch.Size([16, 126, 1])
x shape after cause_specific_fc: torch.Size([16, 67])
pmf_preds shape: [torch.Size([16, 5475])]
res shape: torch.Size([16, 1, 5475])
Average Loss: 1.6131617743521929
Epoch 6/50
features shape: torch.Size([16, 126, 4]), mask shape: torch.Size([16, 126]), time_to_event shape: torch.Size([16, 1]), event_indicator shape: torch.Size([16, 1]), time_to_events shape: torch.Size([16, 126]), event_indicators shape: torch.Size([16, 126]), sequence lengths shape: torch.Size([16, 1])
x shape: torch.Size([16, 126, 4])
mask shape: torch.Size([16, 126])
lstm_output shape: torch.Size([16, 126, 188])
fc_output shape: torch.Size([16, 126, 94])
context shape: torch.Size([16, 94])
attention_weights shape: torch.Size([16, 126, 1])
x shape after cause_specific_fc: torch.Size([16, 67])
pmf_preds shape: [torch.Size([16, 5475])]
res shape: torch.Size([16, 1, 5475])
Average Loss: 1.5704096220433712
Epoch 7/50
features shape: torch.Size([16, 126, 4]), mask shape: torch.Size([16, 126]), time_to_event shape: torch.Size([16, 1]), event_indicator shape: torch.Size([16, 1]), time_to_events shape: torch.Size([16, 126]), event_indicators shape: torch.Size([16, 126]), sequence lengths shape: torch.Size([16, 1])
x shape: torch.Size([16, 126, 4])
mask shape: torch.Size([16, 126])
lstm_output shape: torch.Size([16, 126, 188])
fc_output shape: torch.Size([16, 126, 94])
context shape: torch.Size([16, 94])
attention_weights shape: torch.Size([16, 126, 1])
x shape after cause_specific_fc: torch.Size([16, 67])
pmf_preds shape: [torch.Size([16, 5475])]
res shape: torch.Size([16, 1, 5475])
Average Loss: 1.563847666606307
Epoch 8/50
features shape: torch.Size([16, 126, 4]), mask shape: torch.Size([16, 126]), time_to_event shape: torch.Size([16, 1]), event_indicator shape: torch.Size([16, 1]), time_to_events shape: torch.Size([16, 126]), event_indicators shape: torch.Size([16, 126]), sequence lengths shape: torch.Size([16, 1])
x shape: torch.Size([16, 126, 4])
mask shape: torch.Size([16, 126])
lstm_output shape: torch.Size([16, 126, 188])
fc_output shape: torch.Size([16, 126, 94])
context shape: torch.Size([16, 94])
attention_weights shape: torch.Size([16, 126, 1])
x shape after cause_specific_fc: torch.Size([16, 67])
pmf_preds shape: [torch.Size([16, 5475])]
res shape: torch.Size([16, 1, 5475])
Average Loss: 1.4814350679516792
Epoch 9/50
features shape: torch.Size([16, 126, 4]), mask shape: torch.Size([16, 126]), time_to_event shape: torch.Size([16, 1]), event_indicator shape: torch.Size([16, 1]), time_to_events shape: torch.Size([16, 126]), event_indicators shape: torch.Size([16, 126]), sequence lengths shape: torch.Size([16, 1])
x shape: torch.Size([16, 126, 4])
mask shape: torch.Size([16, 126])
lstm_output shape: torch.Size([16, 126, 188])
fc_output shape: torch.Size([16, 126, 94])
context shape: torch.Size([16, 94])
attention_weights shape: torch.Size([16, 126, 1])
x shape after cause_specific_fc: torch.Size([16, 67])
pmf_preds shape: [torch.Size([16, 5475])]
res shape: torch.Size([16, 1, 5475])
Average Loss: 1.4791849292814732
Epoch 10/50
features shape: torch.Size([16, 126, 4]), mask shape: torch.Size([16, 126]), time_to_event shape: torch.Size([16, 1]), event_indicator shape: torch.Size([16, 1]), time_to_events shape: torch.Size([16, 126]), event_indicators shape: torch.Size([16, 126]), sequence lengths shape: torch.Size([16, 1])
x shape: torch.Size([16, 126, 4])
mask shape: torch.Size([16, 126])
lstm_output shape: torch.Size([16, 126, 188])
fc_output shape: torch.Size([16, 126, 94])
context shape: torch.Size([16, 94])
attention_weights shape: torch.Size([16, 126, 1])
x shape after cause_specific_fc: torch.Size([16, 67])
pmf_preds shape: [torch.Size([16, 5475])]
res shape: torch.Size([16, 1, 5475])
Average Loss: 1.4579031895846128
Epoch 11/50
features shape: torch.Size([16, 126, 4]), mask shape: torch.Size([16, 126]), time_to_event shape: torch.Size([16, 1]), event_indicator shape: torch.Size([16, 1]), time_to_events shape: torch.Size([16, 126]), event_indicators shape: torch.Size([16, 126]), sequence lengths shape: torch.Size([16, 1])
x shape: torch.Size([16, 126, 4])
mask shape: torch.Size([16, 126])
lstm_output shape: torch.Size([16, 126, 188])
fc_output shape: torch.Size([16, 126, 94])
context shape: torch.Size([16, 94])
attention_weights shape: torch.Size([16, 126, 1])
x shape after cause_specific_fc: torch.Size([16, 67])
pmf_preds shape: [torch.Size([16, 5475])]
res shape: torch.Size([16, 1, 5475])
Average Loss: 1.4698442574590445
Patience Counter: 1
Epoch 12/50
features shape: torch.Size([16, 126, 4]), mask shape: torch.Size([16, 126]), time_to_event shape: torch.Size([16, 1]), event_indicator shape: torch.Size([16, 1]), time_to_events shape: torch.Size([16, 126]), event_indicators shape: torch.Size([16, 126]), sequence lengths shape: torch.Size([16, 1])
x shape: torch.Size([16, 126, 4])
mask shape: torch.Size([16, 126])
lstm_output shape: torch.Size([16, 126, 188])
fc_output shape: torch.Size([16, 126, 94])
context shape: torch.Size([16, 94])
attention_weights shape: torch.Size([16, 126, 1])
x shape after cause_specific_fc: torch.Size([16, 67])
pmf_preds shape: [torch.Size([16, 5475])]
res shape: torch.Size([16, 1, 5475])
Average Loss: 1.4420542791485786
Epoch 13/50
features shape: torch.Size([16, 126, 4]), mask shape: torch.Size([16, 126]), time_to_event shape: torch.Size([16, 1]), event_indicator shape: torch.Size([16, 1]), time_to_events shape: torch.Size([16, 126]), event_indicators shape: torch.Size([16, 126]), sequence lengths shape: torch.Size([16, 1])
x shape: torch.Size([16, 126, 4])
mask shape: torch.Size([16, 126])
lstm_output shape: torch.Size([16, 126, 188])
fc_output shape: torch.Size([16, 126, 94])
context shape: torch.Size([16, 94])
attention_weights shape: torch.Size([16, 126, 1])
x shape after cause_specific_fc: torch.Size([16, 67])
pmf_preds shape: [torch.Size([16, 5475])]
res shape: torch.Size([16, 1, 5475])
Average Loss: 1.4486109260469675
Patience Counter: 1
Epoch 14/50
features shape: torch.Size([16, 126, 4]), mask shape: torch.Size([16, 126]), time_to_event shape: torch.Size([16, 1]), event_indicator shape: torch.Size([16, 1]), time_to_events shape: torch.Size([16, 126]), event_indicators shape: torch.Size([16, 126]), sequence lengths shape: torch.Size([16, 1])
x shape: torch.Size([16, 126, 4])
mask shape: torch.Size([16, 126])
lstm_output shape: torch.Size([16, 126, 188])
fc_output shape: torch.Size([16, 126, 94])
context shape: torch.Size([16, 94])
attention_weights shape: torch.Size([16, 126, 1])
x shape after cause_specific_fc: torch.Size([16, 67])
pmf_preds shape: [torch.Size([16, 5475])]
res shape: torch.Size([16, 1, 5475])
Average Loss: 1.4359967317432165
Epoch 15/50
features shape: torch.Size([16, 126, 4]), mask shape: torch.Size([16, 126]), time_to_event shape: torch.Size([16, 1]), event_indicator shape: torch.Size([16, 1]), time_to_events shape: torch.Size([16, 126]), event_indicators shape: torch.Size([16, 126]), sequence lengths shape: torch.Size([16, 1])
x shape: torch.Size([16, 126, 4])
mask shape: torch.Size([16, 126])
lstm_output shape: torch.Size([16, 126, 188])
fc_output shape: torch.Size([16, 126, 94])
context shape: torch.Size([16, 94])
attention_weights shape: torch.Size([16, 126, 1])
x shape after cause_specific_fc: torch.Size([16, 67])
pmf_preds shape: [torch.Size([16, 5475])]
res shape: torch.Size([16, 1, 5475])
Average Loss: 1.4315617438405752
Epoch 16/50
features shape: torch.Size([16, 126, 4]), mask shape: torch.Size([16, 126]), time_to_event shape: torch.Size([16, 1]), event_indicator shape: torch.Size([16, 1]), time_to_events shape: torch.Size([16, 126]), event_indicators shape: torch.Size([16, 126]), sequence lengths shape: torch.Size([16, 1])
x shape: torch.Size([16, 126, 4])
mask shape: torch.Size([16, 126])
lstm_output shape: torch.Size([16, 126, 188])
fc_output shape: torch.Size([16, 126, 94])
context shape: torch.Size([16, 94])
attention_weights shape: torch.Size([16, 126, 1])
x shape after cause_specific_fc: torch.Size([16, 67])
pmf_preds shape: [torch.Size([16, 5475])]
res shape: torch.Size([16, 1, 5475])
Average Loss: 1.4181205444037914
Epoch 17/50
features shape: torch.Size([16, 126, 4]), mask shape: torch.Size([16, 126]), time_to_event shape: torch.Size([16, 1]), event_indicator shape: torch.Size([16, 1]), time_to_events shape: torch.Size([16, 126]), event_indicators shape: torch.Size([16, 126]), sequence lengths shape: torch.Size([16, 1])
x shape: torch.Size([16, 126, 4])
mask shape: torch.Size([16, 126])
lstm_output shape: torch.Size([16, 126, 188])
fc_output shape: torch.Size([16, 126, 94])
context shape: torch.Size([16, 94])
attention_weights shape: torch.Size([16, 126, 1])
x shape after cause_specific_fc: torch.Size([16, 67])
pmf_preds shape: [torch.Size([16, 5475])]
res shape: torch.Size([16, 1, 5475])
Average Loss: 1.423043742775917
Patience Counter: 1
Epoch 18/50
features shape: torch.Size([16, 126, 4]), mask shape: torch.Size([16, 126]), time_to_event shape: torch.Size([16, 1]), event_indicator shape: torch.Size([16, 1]), time_to_events shape: torch.Size([16, 126]), event_indicators shape: torch.Size([16, 126]), sequence lengths shape: torch.Size([16, 1])
x shape: torch.Size([16, 126, 4])
mask shape: torch.Size([16, 126])
lstm_output shape: torch.Size([16, 126, 188])
fc_output shape: torch.Size([16, 126, 94])
context shape: torch.Size([16, 94])
attention_weights shape: torch.Size([16, 126, 1])
x shape after cause_specific_fc: torch.Size([16, 67])
pmf_preds shape: [torch.Size([16, 5475])]
res shape: torch.Size([16, 1, 5475])
Average Loss: 1.4534031674265862
Patience Counter: 2
Epoch 19/50
features shape: torch.Size([16, 126, 4]), mask shape: torch.Size([16, 126]), time_to_event shape: torch.Size([16, 1]), event_indicator shape: torch.Size([16, 1]), time_to_events shape: torch.Size([16, 126]), event_indicators shape: torch.Size([16, 126]), sequence lengths shape: torch.Size([16, 1])
x shape: torch.Size([16, 126, 4])
mask shape: torch.Size([16, 126])
lstm_output shape: torch.Size([16, 126, 188])
fc_output shape: torch.Size([16, 126, 94])
context shape: torch.Size([16, 94])
attention_weights shape: torch.Size([16, 126, 1])
x shape after cause_specific_fc: torch.Size([16, 67])
pmf_preds shape: [torch.Size([16, 5475])]
res shape: torch.Size([16, 1, 5475])
Average Loss: 1.3954078704118729
Epoch 20/50
features shape: torch.Size([16, 126, 4]), mask shape: torch.Size([16, 126]), time_to_event shape: torch.Size([16, 1]), event_indicator shape: torch.Size([16, 1]), time_to_events shape: torch.Size([16, 126]), event_indicators shape: torch.Size([16, 126]), sequence lengths shape: torch.Size([16, 1])
x shape: torch.Size([16, 126, 4])
mask shape: torch.Size([16, 126])
lstm_output shape: torch.Size([16, 126, 188])
fc_output shape: torch.Size([16, 126, 94])
context shape: torch.Size([16, 94])
attention_weights shape: torch.Size([16, 126, 1])
x shape after cause_specific_fc: torch.Size([16, 67])
pmf_preds shape: [torch.Size([16, 5475])]
res shape: torch.Size([16, 1, 5475])
Average Loss: 1.395904740318656
Patience Counter: 1
Epoch 21/50
features shape: torch.Size([16, 126, 4]), mask shape: torch.Size([16, 126]), time_to_event shape: torch.Size([16, 1]), event_indicator shape: torch.Size([16, 1]), time_to_events shape: torch.Size([16, 126]), event_indicators shape: torch.Size([16, 126]), sequence lengths shape: torch.Size([16, 1])
x shape: torch.Size([16, 126, 4])
mask shape: torch.Size([16, 126])
lstm_output shape: torch.Size([16, 126, 188])
fc_output shape: torch.Size([16, 126, 94])
context shape: torch.Size([16, 94])
attention_weights shape: torch.Size([16, 126, 1])
x shape after cause_specific_fc: torch.Size([16, 67])
pmf_preds shape: [torch.Size([16, 5475])]
res shape: torch.Size([16, 1, 5475])
Average Loss: 1.38834367133677
Epoch 22/50
features shape: torch.Size([16, 126, 4]), mask shape: torch.Size([16, 126]), time_to_event shape: torch.Size([16, 1]), event_indicator shape: torch.Size([16, 1]), time_to_events shape: torch.Size([16, 126]), event_indicators shape: torch.Size([16, 126]), sequence lengths shape: torch.Size([16, 1])
x shape: torch.Size([16, 126, 4])
mask shape: torch.Size([16, 126])
lstm_output shape: torch.Size([16, 126, 188])
fc_output shape: torch.Size([16, 126, 94])
context shape: torch.Size([16, 94])
attention_weights shape: torch.Size([16, 126, 1])
x shape after cause_specific_fc: torch.Size([16, 67])
pmf_preds shape: [torch.Size([16, 5475])]
res shape: torch.Size([16, 1, 5475])
Average Loss: 1.4096961505711079
Patience Counter: 1
Epoch 23/50
features shape: torch.Size([16, 126, 4]), mask shape: torch.Size([16, 126]), time_to_event shape: torch.Size([16, 1]), event_indicator shape: torch.Size([16, 1]), time_to_events shape: torch.Size([16, 126]), event_indicators shape: torch.Size([16, 126]), sequence lengths shape: torch.Size([16, 1])
x shape: torch.Size([16, 126, 4])
mask shape: torch.Size([16, 126])
lstm_output shape: torch.Size([16, 126, 188])
fc_output shape: torch.Size([16, 126, 94])
context shape: torch.Size([16, 94])
attention_weights shape: torch.Size([16, 126, 1])
x shape after cause_specific_fc: torch.Size([16, 67])
pmf_preds shape: [torch.Size([16, 5475])]
res shape: torch.Size([16, 1, 5475])
Average Loss: 1.3698960915207863
Epoch 24/50
features shape: torch.Size([16, 126, 4]), mask shape: torch.Size([16, 126]), time_to_event shape: torch.Size([16, 1]), event_indicator shape: torch.Size([16, 1]), time_to_events shape: torch.Size([16, 126]), event_indicators shape: torch.Size([16, 126]), sequence lengths shape: torch.Size([16, 1])
x shape: torch.Size([16, 126, 4])
mask shape: torch.Size([16, 126])
lstm_output shape: torch.Size([16, 126, 188])
fc_output shape: torch.Size([16, 126, 94])
context shape: torch.Size([16, 94])
attention_weights shape: torch.Size([16, 126, 1])
x shape after cause_specific_fc: torch.Size([16, 67])
pmf_preds shape: [torch.Size([16, 5475])]
res shape: torch.Size([16, 1, 5475])
Average Loss: 1.3639947660267353
Epoch 25/50
features shape: torch.Size([16, 126, 4]), mask shape: torch.Size([16, 126]), time_to_event shape: torch.Size([16, 1]), event_indicator shape: torch.Size([16, 1]), time_to_events shape: torch.Size([16, 126]), event_indicators shape: torch.Size([16, 126]), sequence lengths shape: torch.Size([16, 1])
x shape: torch.Size([16, 126, 4])
mask shape: torch.Size([16, 126])
lstm_output shape: torch.Size([16, 126, 188])
fc_output shape: torch.Size([16, 126, 94])
context shape: torch.Size([16, 94])
attention_weights shape: torch.Size([16, 126, 1])
x shape after cause_specific_fc: torch.Size([16, 67])
pmf_preds shape: [torch.Size([16, 5475])]
res shape: torch.Size([16, 1, 5475])
Average Loss: 1.3399057984352112
Epoch 26/50
features shape: torch.Size([16, 126, 4]), mask shape: torch.Size([16, 126]), time_to_event shape: torch.Size([16, 1]), event_indicator shape: torch.Size([16, 1]), time_to_events shape: torch.Size([16, 126]), event_indicators shape: torch.Size([16, 126]), sequence lengths shape: torch.Size([16, 1])
x shape: torch.Size([16, 126, 4])
mask shape: torch.Size([16, 126])
lstm_output shape: torch.Size([16, 126, 188])
fc_output shape: torch.Size([16, 126, 94])
context shape: torch.Size([16, 94])
attention_weights shape: torch.Size([16, 126, 1])
x shape after cause_specific_fc: torch.Size([16, 67])
pmf_preds shape: [torch.Size([16, 5475])]
res shape: torch.Size([16, 1, 5475])
Average Loss: 1.3761449977755547
Patience Counter: 1
Epoch 27/50
features shape: torch.Size([16, 126, 4]), mask shape: torch.Size([16, 126]), time_to_event shape: torch.Size([16, 1]), event_indicator shape: torch.Size([16, 1]), time_to_events shape: torch.Size([16, 126]), event_indicators shape: torch.Size([16, 126]), sequence lengths shape: torch.Size([16, 1])
x shape: torch.Size([16, 126, 4])
mask shape: torch.Size([16, 126])
lstm_output shape: torch.Size([16, 126, 188])
fc_output shape: torch.Size([16, 126, 94])
context shape: torch.Size([16, 94])
attention_weights shape: torch.Size([16, 126, 1])
x shape after cause_specific_fc: torch.Size([16, 67])
pmf_preds shape: [torch.Size([16, 5475])]
res shape: torch.Size([16, 1, 5475])
Average Loss: 1.3797107506543398
Patience Counter: 2
Epoch 28/50
features shape: torch.Size([16, 126, 4]), mask shape: torch.Size([16, 126]), time_to_event shape: torch.Size([16, 1]), event_indicator shape: torch.Size([16, 1]), time_to_events shape: torch.Size([16, 126]), event_indicators shape: torch.Size([16, 126]), sequence lengths shape: torch.Size([16, 1])
x shape: torch.Size([16, 126, 4])
mask shape: torch.Size([16, 126])
lstm_output shape: torch.Size([16, 126, 188])
fc_output shape: torch.Size([16, 126, 94])
context shape: torch.Size([16, 94])
attention_weights shape: torch.Size([16, 126, 1])
x shape after cause_specific_fc: torch.Size([16, 67])
pmf_preds shape: [torch.Size([16, 5475])]
res shape: torch.Size([16, 1, 5475])
Average Loss: 1.3543097618967295
Patience Counter: 3
Epoch 29/50
features shape: torch.Size([16, 126, 4]), mask shape: torch.Size([16, 126]), time_to_event shape: torch.Size([16, 1]), event_indicator shape: torch.Size([16, 1]), time_to_events shape: torch.Size([16, 126]), event_indicators shape: torch.Size([16, 126]), sequence lengths shape: torch.Size([16, 1])
x shape: torch.Size([16, 126, 4])
mask shape: torch.Size([16, 126])
lstm_output shape: torch.Size([16, 126, 188])
fc_output shape: torch.Size([16, 126, 94])
context shape: torch.Size([16, 94])
attention_weights shape: torch.Size([16, 126, 1])
x shape after cause_specific_fc: torch.Size([16, 67])
pmf_preds shape: [torch.Size([16, 5475])]
res shape: torch.Size([16, 1, 5475])
Average Loss: 1.3836833126842976
Patience Counter: 4
Epoch 30/50
features shape: torch.Size([16, 126, 4]), mask shape: torch.Size([16, 126]), time_to_event shape: torch.Size([16, 1]), event_indicator shape: torch.Size([16, 1]), time_to_events shape: torch.Size([16, 126]), event_indicators shape: torch.Size([16, 126]), sequence lengths shape: torch.Size([16, 1])
x shape: torch.Size([16, 126, 4])
mask shape: torch.Size([16, 126])
lstm_output shape: torch.Size([16, 126, 188])
fc_output shape: torch.Size([16, 126, 94])
context shape: torch.Size([16, 94])
attention_weights shape: torch.Size([16, 126, 1])
x shape after cause_specific_fc: torch.Size([16, 67])
pmf_preds shape: [torch.Size([16, 5475])]
res shape: torch.Size([16, 1, 5475])
Average Loss: 1.3812579102814198
Patience Counter: 5
Early stopping triggered
features shape: torch.Size([16, 126, 4]), mask shape: torch.Size([16, 126]), T shape: torch.Size([16, 1]), E shape: torch.Size([16, 1]) cif shape: (16, 5475)
Processing subject 0 with time 1487 and event False cif at t_j: [0.17569199]
all_E shape: (500,) first 10 values: [False  True False False False  True  True False False False]
all_R shape: (500,) first 10 values: [0.17569199 0.88761085 0.16246097 0.06235646 0.14360654 0.89553815
 0.25127324 0.22570024 0.24815238 0.34972182]
all_T shape: (500,) first 10 values: [1487    0 1145    2 1002    0 2160 1790 1976 1430]
Global test C-index (scikit-survival): 0.722 number of concordant pairs: 49626
Global test C-index: 0.722
/home/minhn2/uiuc-kidney-failure/pkgs/experiments/dynamic_deephit.py:256: FutureWarning: You are using `torch.load` with `weights_only=False` (the current default value), which uses the default pickle module implicitly. It is possible to construct malicious pickle data which will execute arbitrary code during unpickling (See https://github.com/pytorch/pytorch/blob/main/SECURITY.md#untrusted-models for more details). In a future release, the default value for `weights_only` will be flipped to `True`. This limits the functions that could be executed during unpickling. Arbitrary objects will no longer be allowed to be loaded via this mode unless they are explicitly allowlisted by the user via `torch.serialization.add_safe_globals`. We recommend you start setting `weights_only=True` for any use case where you don't have full control of the loaded file. Please open an issue on GitHub for any issues related to this experimental feature.
  saved_model = torch.load(saved_path, map_location=device)
features shape: torch.Size([16, 126, 4]), mask shape: torch.Size([16, 126]), T shape: torch.Size([16, 1]), E shape: torch.Size([16, 1]) cif shape: (16, 5475)
Processing subject 0 with time 1487 and event False cif at t_j: [0.16677177]
all_E shape: (500,) first 10 values: [False  True False False False  True  True False False False]
all_R shape: (500,) first 10 values: [0.16677177 0.8371665  0.20319933 0.14428052 0.15576369 0.84020174
 0.28060707 0.26603124 0.25878567 0.29715618]
all_T shape: (500,) first 10 values: [1487    0 1145    2 1002    0 2160 1790 1976 1430]
Global test C-index (scikit-survival): 0.726 number of concordant pairs: 49897
Global test C-index: 0.726
Saved model C-index: 0.7260, Current trial C-index: 0.7221
Saved model is better, keeping it
[I 2026-08-27 00:56:44,024] Trial 8 finished with value: 0.7221058145625983 and parameters: {'num_layer': 4, 'hidden_dim_0': 94, 'hidden_dim_1': 104, 'hidden_dim_2': 89, 'hidden_dim_3': 67, 'learning_rate': 0.0007339228477168554, 'drop_out_rate': 0.35226818688275474, 'llh_loss': 0.538074720270517}. Best is trial 0 with value: 0.7260491240323613.
Using GPU: cuda:7 (utilization=0%, free_mem=10786MiB)
Running trial 9 for ExperimentScenario.FOUR_FEATURES on device cuda:7
Train data path /home/minhn2/uiuc-kidney-failure/generated_data/rep99/four_features_train_data.csv
Test data path /home/minhn2/uiuc-kidney-failure/generated_data/rep99/four_features_test_data.csv
Number of patients: test 345 and train 500
Number of records: test 3667 and train 5806
Epoch 1/50
features shape: torch.Size([16, 126, 4]), mask shape: torch.Size([16, 126]), time_to_event shape: torch.Size([16, 1]), event_indicator shape: torch.Size([16, 1]), time_to_events shape: torch.Size([16, 126]), event_indicators shape: torch.Size([16, 126]), sequence lengths shape: torch.Size([16, 1])
x shape: torch.Size([16, 126, 4])
mask shape: torch.Size([16, 126])
lstm_output shape: torch.Size([16, 126, 46])
fc_output shape: torch.Size([16, 126, 23])
context shape: torch.Size([16, 23])
attention_weights shape: torch.Size([16, 126, 1])
x shape after cause_specific_fc: torch.Size([16, 95])
pmf_preds shape: [torch.Size([16, 5475])]
res shape: torch.Size([16, 1, 5475])
Average Loss: 1.4215541053563356
Epoch 2/50
features shape: torch.Size([16, 126, 4]), mask shape: torch.Size([16, 126]), time_to_event shape: torch.Size([16, 1]), event_indicator shape: torch.Size([16, 1]), time_to_events shape: torch.Size([16, 126]), event_indicators shape: torch.Size([16, 126]), sequence lengths shape: torch.Size([16, 1])
x shape: torch.Size([16, 126, 4])
mask shape: torch.Size([16, 126])
lstm_output shape: torch.Size([16, 126, 46])
fc_output shape: torch.Size([16, 126, 23])
context shape: torch.Size([16, 23])
attention_weights shape: torch.Size([16, 126, 1])
x shape after cause_specific_fc: torch.Size([16, 95])
pmf_preds shape: [torch.Size([16, 5475])]
res shape: torch.Size([16, 1, 5475])
Average Loss: 1.4553741700947285
Patience Counter: 1
Epoch 3/50
features shape: torch.Size([16, 126, 4]), mask shape: torch.Size([16, 126]), time_to_event shape: torch.Size([16, 1]), event_indicator shape: torch.Size([16, 1]), time_to_events shape: torch.Size([16, 126]), event_indicators shape: torch.Size([16, 126]), sequence lengths shape: torch.Size([16, 1])
x shape: torch.Size([16, 126, 4])
mask shape: torch.Size([16, 126])
lstm_output shape: torch.Size([16, 126, 46])
fc_output shape: torch.Size([16, 126, 23])
context shape: torch.Size([16, 23])
attention_weights shape: torch.Size([16, 126, 1])
x shape after cause_specific_fc: torch.Size([16, 95])
pmf_preds shape: [torch.Size([16, 5475])]
res shape: torch.Size([16, 1, 5475])
Average Loss: 1.4552251808345318
Patience Counter: 2
Epoch 4/50
features shape: torch.Size([16, 126, 4]), mask shape: torch.Size([16, 126]), time_to_event shape: torch.Size([16, 1]), event_indicator shape: torch.Size([16, 1]), time_to_events shape: torch.Size([16, 126]), event_indicators shape: torch.Size([16, 126]), sequence lengths shape: torch.Size([16, 1])
x shape: torch.Size([16, 126, 4])
mask shape: torch.Size([16, 126])
lstm_output shape: torch.Size([16, 126, 46])
fc_output shape: torch.Size([16, 126, 23])
context shape: torch.Size([16, 23])
attention_weights shape: torch.Size([16, 126, 1])
x shape after cause_specific_fc: torch.Size([16, 95])
pmf_preds shape: [torch.Size([16, 5475])]
res shape: torch.Size([16, 1, 5475])
Average Loss: 1.4614665284752846
Patience Counter: 3
Epoch 5/50
features shape: torch.Size([16, 126, 4]), mask shape: torch.Size([16, 126]), time_to_event shape: torch.Size([16, 1]), event_indicator shape: torch.Size([16, 1]), time_to_events shape: torch.Size([16, 126]), event_indicators shape: torch.Size([16, 126]), sequence lengths shape: torch.Size([16, 1])
x shape: torch.Size([16, 126, 4])
mask shape: torch.Size([16, 126])
lstm_output shape: torch.Size([16, 126, 46])
fc_output shape: torch.Size([16, 126, 23])
context shape: torch.Size([16, 23])
attention_weights shape: torch.Size([16, 126, 1])
x shape after cause_specific_fc: torch.Size([16, 95])
pmf_preds shape: [torch.Size([16, 5475])]
res shape: torch.Size([16, 1, 5475])
Average Loss: 1.4542078077793121
Patience Counter: 4
Epoch 6/50
features shape: torch.Size([16, 126, 4]), mask shape: torch.Size([16, 126]), time_to_event shape: torch.Size([16, 1]), event_indicator shape: torch.Size([16, 1]), time_to_events shape: torch.Size([16, 126]), event_indicators shape: torch.Size([16, 126]), sequence lengths shape: torch.Size([16, 1])
x shape: torch.Size([16, 126, 4])
mask shape: torch.Size([16, 126])
lstm_output shape: torch.Size([16, 126, 46])
fc_output shape: torch.Size([16, 126, 23])
context shape: torch.Size([16, 23])
attention_weights shape: torch.Size([16, 126, 1])
x shape after cause_specific_fc: torch.Size([16, 95])
pmf_preds shape: [torch.Size([16, 5475])]
res shape: torch.Size([16, 1, 5475])
Average Loss: 1.4605075009167194
Patience Counter: 5
Early stopping triggered
features shape: torch.Size([16, 126, 4]), mask shape: torch.Size([16, 126]), T shape: torch.Size([16, 1]), E shape: torch.Size([16, 1]) cif shape: (16, 5475)
Processing subject 0 with time 1487 and event False cif at t_j: [0.2715685]
all_E shape: (500,) first 10 values: [False  True False False False  True  True False False False]
all_R shape: (500,) first 10 values: [2.7156851e-01 1.9755521e-04 2.0929468e-01 5.6665583e-04 1.8324220e-01
 1.9794896e-04 3.9377630e-01 3.2665625e-01 3.6035702e-01 2.6109317e-01]
all_T shape: (500,) first 10 values: [1487    0 1145    2 1002    0 2160 1790 1976 1430]
Global test C-index (scikit-survival): 0.022 number of concordant pairs: 1486
Global test C-index: 0.022
/home/minhn2/uiuc-kidney-failure/pkgs/experiments/dynamic_deephit.py:256: FutureWarning: You are using `torch.load` with `weights_only=False` (the current default value), which uses the default pickle module implicitly. It is possible to construct malicious pickle data which will execute arbitrary code during unpickling (See https://github.com/pytorch/pytorch/blob/main/SECURITY.md#untrusted-models for more details). In a future release, the default value for `weights_only` will be flipped to `True`. This limits the functions that could be executed during unpickling. Arbitrary objects will no longer be allowed to be loaded via this mode unless they are explicitly allowlisted by the user via `torch.serialization.add_safe_globals`. We recommend you start setting `weights_only=True` for any use case where you don't have full control of the loaded file. Please open an issue on GitHub for any issues related to this experimental feature.
  saved_model = torch.load(saved_path, map_location=device)
features shape: torch.Size([16, 126, 4]), mask shape: torch.Size([16, 126]), T shape: torch.Size([16, 1]), E shape: torch.Size([16, 1]) cif shape: (16, 5475)
Processing subject 0 with time 1487 and event False cif at t_j: [0.16677177]
all_E shape: (500,) first 10 values: [False  True False False False  True  True False False False]
all_R shape: (500,) first 10 values: [0.16677177 0.8371665  0.20319933 0.14428052 0.15576369 0.84020174
 0.28060707 0.26603124 0.25878567 0.29715618]
all_T shape: (500,) first 10 values: [1487    0 1145    2 1002    0 2160 1790 1976 1430]
Global test C-index (scikit-survival): 0.726 number of concordant pairs: 49897
Global test C-index: 0.726
Saved model C-index: 0.7260, Current trial C-index: 0.0222
Saved model is better, keeping it
[I 2026-08-27 00:57:07,785] Trial 9 finished with value: 0.022212036552005123 and parameters: {'num_layer': 3, 'hidden_dim_0': 23, 'hidden_dim_1': 115, 'hidden_dim_2': 95, 'learning_rate': 1.4906794003953155e-05, 'drop_out_rate': 0.48243503611278005, 'llh_loss': 0.13272843732792936}. Best is trial 0 with value: 0.7260491240323613.
Number of finished trials:  10
Best trial:
Best hyperparameters: {'num_layer': 3, 'hidden_dim_0': 58, 'hidden_dim_1': 81, 'hidden_dim_2': 85, 'learning_rate': 0.00046498199413223747, 'drop_out_rate': 0.10479236535042787, 'llh_loss': 0.5257525553926384}
model summary:
DynamicDeepHit(
  (lstm): LSTM(4, 58, num_layers=2, batch_first=True, dropout=0.10479236535042787, bidirectional=True)
  (fc): Sequential(
    (0): Linear(in_features=116, out_features=58, bias=True)
    (1): Tanh()
  )
  (attention): Sequential(
    (0): Linear(in_features=58, out_features=58, bias=True)
    (1): Tanh()
    (2): Linear(in_features=58, out_features=1, bias=True)
  )
  (cause_specific_fc): Sequential(
    (0): Linear(in_features=58, out_features=81, bias=True)
    (1): ReLU()
    (2): Dropout(p=0.10479236535042787, inplace=False)
    (3): Linear(in_features=81, out_features=85, bias=True)
    (4): ReLU()
    (5): Dropout(p=0.10479236535042787, inplace=False)
  )
  (risk_heads): ModuleList(
    (0): Sequential(
      (0): Linear(in_features=85, out_features=5475, bias=True)
    )
  )
)
features shape: torch.Size([16, 103, 4]), mask shape: torch.Size([16, 103]), T shape: torch.Size([16, 1]), E shape: torch.Size([16, 1]) cif shape: (16, 5475)
Processing subject 0 with time 21 and event False cif at t_j: [0.09409703]
all_E shape: (345,) first 10 values: [False  True  True  True  True  True False  True False  True]
all_R shape: (345,) first 10 values: [0.09409703 0.51036423 0.8299203  0.67204    0.11572032 0.8041666
 0.16221309 0.73102266 0.51975596 0.7179123 ]
all_T shape: (345,) first 10 values: [  21    0    0    0  804    0 1346    0 3415    0]
Global test C-index (scikit-survival): 0.665 number of concordant pairs: 26785
Global test C-index: 0.665
Event rate: 250/345 (72.46%)
Starting simple C-index calculation...
Pairs evaluated: 39615, Concordant: 26465
Simple C-index implementation: 0.668
f_time_to_events shape: 3667
f_risk_scores shape: 3667
f_event_indicators shape: 3667
✗ dynamic_deephit/four_features failed:
Traceback (most recent call last):
  File "/home/minhn2/uiuc-kidney-failure/pkgs/scripts/run_stage2_new_scenarios.py", line 56, in main
    fn(scenario)
  File "/home/minhn2/uiuc-kidney-failure/pkgs/experiments/dynamic_deephit.py", line 500, in run
    auc(model, test_dataset, df, device)
  File "/home/minhn2/uiuc-kidney-failure/pkgs/experiments/dynamic_deephit.py", line 344, in auc
    _, avg_auc = cumulative_dynamic_auc(y_train, y_test, f_risk_scores, times)
                 ^^^^^^^^^^^^^^^^^^^^^^^^^^^^^^^^^^^^^^^^^^^^^^^^^^^^^^^^^^^^^
  File "/home/minhn2/miniconda3/envs/minhn2/lib/python3.12/site-packages/sksurv/metrics.py", line 459, in cumulative_dynamic_auc
    ipcw = cens.predict_ipcw(survival_test)
           ^^^^^^^^^^^^^^^^^^^^^^^^^^^^^^^^
  File "/home/minhn2/miniconda3/envs/minhn2/lib/python3.12/site-packages/sksurv/nonparametric.py", line 583, in predict_ipcw
    raise ValueError("censoring survival function is zero at one or more time points")
ValueError: censoring survival function is zero at one or more time points
==================== Running dynamic_deephit/eight_features ====================
Using GPU: cuda:5 (utilization=0%, free_mem=10778MiB)
Train data path /home/minhn2/uiuc-kidney-failure/generated_data/rep99/eight_features_train_data.csv
Test data path /home/minhn2/uiuc-kidney-failure/generated_data/rep99/eight_features_test_data.csv
Number of patients: test 243 and train 400
Number of records: test 1100 and train 1856
Running Optuna hyperparameter optimization
[I 2026-08-27 00:57:09,204] A new study created in memory with name: no-name-9d76d405-bdfb-4f23-ba8a-49936ccdbb05
Using GPU: cuda:5 (utilization=0%, free_mem=10778MiB)
Running trial 0 for ExperimentScenario.EIGHT_FEATURES on device cuda:5
Train data path /home/minhn2/uiuc-kidney-failure/generated_data/rep99/eight_features_train_data.csv
Test data path /home/minhn2/uiuc-kidney-failure/generated_data/rep99/eight_features_test_data.csv
Number of patients: test 243 and train 400
Number of records: test 1100 and train 1856
Epoch 1/50
features shape: torch.Size([16, 87, 8]), mask shape: torch.Size([16, 87]), time_to_event shape: torch.Size([16, 1]), event_indicator shape: torch.Size([16, 1]), time_to_events shape: torch.Size([16, 87]), event_indicators shape: torch.Size([16, 87]), sequence lengths shape: torch.Size([16, 1])
x shape: torch.Size([16, 87, 8])
mask shape: torch.Size([16, 87])
lstm_output shape: torch.Size([16, 87, 130])
fc_output shape: torch.Size([16, 87, 65])
context shape: torch.Size([16, 65])
attention_weights shape: torch.Size([16, 87, 1])
x shape after cause_specific_fc: torch.Size([16, 99])
pmf_preds shape: [torch.Size([16, 5475])]
res shape: torch.Size([16, 1, 5475])
Average Loss: 3.7771373558044434
Epoch 2/50
features shape: torch.Size([16, 87, 8]), mask shape: torch.Size([16, 87]), time_to_event shape: torch.Size([16, 1]), event_indicator shape: torch.Size([16, 1]), time_to_events shape: torch.Size([16, 87]), event_indicators shape: torch.Size([16, 87]), sequence lengths shape: torch.Size([16, 1])
x shape: torch.Size([16, 87, 8])
mask shape: torch.Size([16, 87])
lstm_output shape: torch.Size([16, 87, 130])
fc_output shape: torch.Size([16, 87, 65])
context shape: torch.Size([16, 65])
attention_weights shape: torch.Size([16, 87, 1])
x shape after cause_specific_fc: torch.Size([16, 99])
pmf_preds shape: [torch.Size([16, 5475])]
res shape: torch.Size([16, 1, 5475])
Average Loss: 3.7292544555664064
Epoch 3/50
features shape: torch.Size([16, 87, 8]), mask shape: torch.Size([16, 87]), time_to_event shape: torch.Size([16, 1]), event_indicator shape: torch.Size([16, 1]), time_to_events shape: torch.Size([16, 87]), event_indicators shape: torch.Size([16, 87]), sequence lengths shape: torch.Size([16, 1])
x shape: torch.Size([16, 87, 8])
mask shape: torch.Size([16, 87])
lstm_output shape: torch.Size([16, 87, 130])
fc_output shape: torch.Size([16, 87, 65])
context shape: torch.Size([16, 65])
attention_weights shape: torch.Size([16, 87, 1])
x shape after cause_specific_fc: torch.Size([16, 99])
pmf_preds shape: [torch.Size([16, 5475])]
res shape: torch.Size([16, 1, 5475])
Average Loss: 3.499913463592529
Epoch 4/50
features shape: torch.Size([16, 87, 8]), mask shape: torch.Size([16, 87]), time_to_event shape: torch.Size([16, 1]), event_indicator shape: torch.Size([16, 1]), time_to_events shape: torch.Size([16, 87]), event_indicators shape: torch.Size([16, 87]), sequence lengths shape: torch.Size([16, 1])
x shape: torch.Size([16, 87, 8])
mask shape: torch.Size([16, 87])
lstm_output shape: torch.Size([16, 87, 130])
fc_output shape: torch.Size([16, 87, 65])
context shape: torch.Size([16, 65])
attention_weights shape: torch.Size([16, 87, 1])
x shape after cause_specific_fc: torch.Size([16, 99])
pmf_preds shape: [torch.Size([16, 5475])]
res shape: torch.Size([16, 1, 5475])
Average Loss: 2.3284758281707765
Epoch 5/50
features shape: torch.Size([16, 87, 8]), mask shape: torch.Size([16, 87]), time_to_event shape: torch.Size([16, 1]), event_indicator shape: torch.Size([16, 1]), time_to_events shape: torch.Size([16, 87]), event_indicators shape: torch.Size([16, 87]), sequence lengths shape: torch.Size([16, 1])
x shape: torch.Size([16, 87, 8])
mask shape: torch.Size([16, 87])
lstm_output shape: torch.Size([16, 87, 130])
fc_output shape: torch.Size([16, 87, 65])
context shape: torch.Size([16, 65])
attention_weights shape: torch.Size([16, 87, 1])
x shape after cause_specific_fc: torch.Size([16, 99])
pmf_preds shape: [torch.Size([16, 5475])]
res shape: torch.Size([16, 1, 5475])
Average Loss: 2.1081896018981934
Epoch 6/50
features shape: torch.Size([16, 87, 8]), mask shape: torch.Size([16, 87]), time_to_event shape: torch.Size([16, 1]), event_indicator shape: torch.Size([16, 1]), time_to_events shape: torch.Size([16, 87]), event_indicators shape: torch.Size([16, 87]), sequence lengths shape: torch.Size([16, 1])
x shape: torch.Size([16, 87, 8])
mask shape: torch.Size([16, 87])
lstm_output shape: torch.Size([16, 87, 130])
fc_output shape: torch.Size([16, 87, 65])
context shape: torch.Size([16, 65])
attention_weights shape: torch.Size([16, 87, 1])
x shape after cause_specific_fc: torch.Size([16, 99])
pmf_preds shape: [torch.Size([16, 5475])]
res shape: torch.Size([16, 1, 5475])
Average Loss: 1.9627523803710938
Epoch 7/50
features shape: torch.Size([16, 87, 8]), mask shape: torch.Size([16, 87]), time_to_event shape: torch.Size([16, 1]), event_indicator shape: torch.Size([16, 1]), time_to_events shape: torch.Size([16, 87]), event_indicators shape: torch.Size([16, 87]), sequence lengths shape: torch.Size([16, 1])
x shape: torch.Size([16, 87, 8])
mask shape: torch.Size([16, 87])
lstm_output shape: torch.Size([16, 87, 130])
fc_output shape: torch.Size([16, 87, 65])
context shape: torch.Size([16, 65])
attention_weights shape: torch.Size([16, 87, 1])
x shape after cause_specific_fc: torch.Size([16, 99])
pmf_preds shape: [torch.Size([16, 5475])]
res shape: torch.Size([16, 1, 5475])
Average Loss: 1.8941370630264283
Epoch 8/50
features shape: torch.Size([16, 87, 8]), mask shape: torch.Size([16, 87]), time_to_event shape: torch.Size([16, 1]), event_indicator shape: torch.Size([16, 1]), time_to_events shape: torch.Size([16, 87]), event_indicators shape: torch.Size([16, 87]), sequence lengths shape: torch.Size([16, 1])
x shape: torch.Size([16, 87, 8])
mask shape: torch.Size([16, 87])
lstm_output shape: torch.Size([16, 87, 130])
fc_output shape: torch.Size([16, 87, 65])
context shape: torch.Size([16, 65])
attention_weights shape: torch.Size([16, 87, 1])
x shape after cause_specific_fc: torch.Size([16, 99])
pmf_preds shape: [torch.Size([16, 5475])]
res shape: torch.Size([16, 1, 5475])
Average Loss: 1.8479480934143067
Epoch 9/50
features shape: torch.Size([16, 87, 8]), mask shape: torch.Size([16, 87]), time_to_event shape: torch.Size([16, 1]), event_indicator shape: torch.Size([16, 1]), time_to_events shape: torch.Size([16, 87]), event_indicators shape: torch.Size([16, 87]), sequence lengths shape: torch.Size([16, 1])
x shape: torch.Size([16, 87, 8])
mask shape: torch.Size([16, 87])
lstm_output shape: torch.Size([16, 87, 130])
fc_output shape: torch.Size([16, 87, 65])
context shape: torch.Size([16, 65])
attention_weights shape: torch.Size([16, 87, 1])
x shape after cause_specific_fc: torch.Size([16, 99])
pmf_preds shape: [torch.Size([16, 5475])]
res shape: torch.Size([16, 1, 5475])
Average Loss: 1.8210061550140382
Epoch 10/50
features shape: torch.Size([16, 87, 8]), mask shape: torch.Size([16, 87]), time_to_event shape: torch.Size([16, 1]), event_indicator shape: torch.Size([16, 1]), time_to_events shape: torch.Size([16, 87]), event_indicators shape: torch.Size([16, 87]), sequence lengths shape: torch.Size([16, 1])
x shape: torch.Size([16, 87, 8])
mask shape: torch.Size([16, 87])
lstm_output shape: torch.Size([16, 87, 130])
fc_output shape: torch.Size([16, 87, 65])
context shape: torch.Size([16, 65])
attention_weights shape: torch.Size([16, 87, 1])
x shape after cause_specific_fc: torch.Size([16, 99])
pmf_preds shape: [torch.Size([16, 5475])]
res shape: torch.Size([16, 1, 5475])
Average Loss: 1.758273458480835
Epoch 11/50
features shape: torch.Size([16, 87, 8]), mask shape: torch.Size([16, 87]), time_to_event shape: torch.Size([16, 1]), event_indicator shape: torch.Size([16, 1]), time_to_events shape: torch.Size([16, 87]), event_indicators shape: torch.Size([16, 87]), sequence lengths shape: torch.Size([16, 1])
x shape: torch.Size([16, 87, 8])
mask shape: torch.Size([16, 87])
lstm_output shape: torch.Size([16, 87, 130])
fc_output shape: torch.Size([16, 87, 65])
context shape: torch.Size([16, 65])
attention_weights shape: torch.Size([16, 87, 1])
x shape after cause_specific_fc: torch.Size([16, 99])
pmf_preds shape: [torch.Size([16, 5475])]
res shape: torch.Size([16, 1, 5475])
Average Loss: 1.68299334526062
Epoch 12/50
features shape: torch.Size([16, 87, 8]), mask shape: torch.Size([16, 87]), time_to_event shape: torch.Size([16, 1]), event_indicator shape: torch.Size([16, 1]), time_to_events shape: torch.Size([16, 87]), event_indicators shape: torch.Size([16, 87]), sequence lengths shape: torch.Size([16, 1])
x shape: torch.Size([16, 87, 8])
mask shape: torch.Size([16, 87])
lstm_output shape: torch.Size([16, 87, 130])
fc_output shape: torch.Size([16, 87, 65])
context shape: torch.Size([16, 65])
attention_weights shape: torch.Size([16, 87, 1])
x shape after cause_specific_fc: torch.Size([16, 99])
pmf_preds shape: [torch.Size([16, 5475])]
res shape: torch.Size([16, 1, 5475])
Average Loss: 1.6086008644104004
Epoch 13/50
features shape: torch.Size([16, 87, 8]), mask shape: torch.Size([16, 87]), time_to_event shape: torch.Size([16, 1]), event_indicator shape: torch.Size([16, 1]), time_to_events shape: torch.Size([16, 87]), event_indicators shape: torch.Size([16, 87]), sequence lengths shape: torch.Size([16, 1])
x shape: torch.Size([16, 87, 8])
mask shape: torch.Size([16, 87])
lstm_output shape: torch.Size([16, 87, 130])
fc_output shape: torch.Size([16, 87, 65])
context shape: torch.Size([16, 65])
attention_weights shape: torch.Size([16, 87, 1])
x shape after cause_specific_fc: torch.Size([16, 99])
pmf_preds shape: [torch.Size([16, 5475])]
res shape: torch.Size([16, 1, 5475])
Average Loss: 1.496536247730255
Epoch 14/50
features shape: torch.Size([16, 87, 8]), mask shape: torch.Size([16, 87]), time_to_event shape: torch.Size([16, 1]), event_indicator shape: torch.Size([16, 1]), time_to_events shape: torch.Size([16, 87]), event_indicators shape: torch.Size([16, 87]), sequence lengths shape: torch.Size([16, 1])
x shape: torch.Size([16, 87, 8])
mask shape: torch.Size([16, 87])
lstm_output shape: torch.Size([16, 87, 130])
fc_output shape: torch.Size([16, 87, 65])
context shape: torch.Size([16, 65])
attention_weights shape: torch.Size([16, 87, 1])
x shape after cause_specific_fc: torch.Size([16, 99])
pmf_preds shape: [torch.Size([16, 5475])]
res shape: torch.Size([16, 1, 5475])
Average Loss: 1.4907562971115111
Epoch 15/50
features shape: torch.Size([16, 87, 8]), mask shape: torch.Size([16, 87]), time_to_event shape: torch.Size([16, 1]), event_indicator shape: torch.Size([16, 1]), time_to_events shape: torch.Size([16, 87]), event_indicators shape: torch.Size([16, 87]), sequence lengths shape: torch.Size([16, 1])
x shape: torch.Size([16, 87, 8])
mask shape: torch.Size([16, 87])
lstm_output shape: torch.Size([16, 87, 130])
fc_output shape: torch.Size([16, 87, 65])
context shape: torch.Size([16, 65])
attention_weights shape: torch.Size([16, 87, 1])
x shape after cause_specific_fc: torch.Size([16, 99])
pmf_preds shape: [torch.Size([16, 5475])]
res shape: torch.Size([16, 1, 5475])
Average Loss: 1.42035151720047
Epoch 16/50
features shape: torch.Size([16, 87, 8]), mask shape: torch.Size([16, 87]), time_to_event shape: torch.Size([16, 1]), event_indicator shape: torch.Size([16, 1]), time_to_events shape: torch.Size([16, 87]), event_indicators shape: torch.Size([16, 87]), sequence lengths shape: torch.Size([16, 1])
x shape: torch.Size([16, 87, 8])
mask shape: torch.Size([16, 87])
lstm_output shape: torch.Size([16, 87, 130])
fc_output shape: torch.Size([16, 87, 65])
context shape: torch.Size([16, 65])
attention_weights shape: torch.Size([16, 87, 1])
x shape after cause_specific_fc: torch.Size([16, 99])
pmf_preds shape: [torch.Size([16, 5475])]
res shape: torch.Size([16, 1, 5475])
Average Loss: 1.4725592756271362
Patience Counter: 1
Epoch 17/50
features shape: torch.Size([16, 87, 8]), mask shape: torch.Size([16, 87]), time_to_event shape: torch.Size([16, 1]), event_indicator shape: torch.Size([16, 1]), time_to_events shape: torch.Size([16, 87]), event_indicators shape: torch.Size([16, 87]), sequence lengths shape: torch.Size([16, 1])
x shape: torch.Size([16, 87, 8])
mask shape: torch.Size([16, 87])
lstm_output shape: torch.Size([16, 87, 130])
fc_output shape: torch.Size([16, 87, 65])
context shape: torch.Size([16, 65])
attention_weights shape: torch.Size([16, 87, 1])
x shape after cause_specific_fc: torch.Size([16, 99])
pmf_preds shape: [torch.Size([16, 5475])]
res shape: torch.Size([16, 1, 5475])
Average Loss: 1.4430956888198851
Patience Counter: 2
Epoch 18/50
features shape: torch.Size([16, 87, 8]), mask shape: torch.Size([16, 87]), time_to_event shape: torch.Size([16, 1]), event_indicator shape: torch.Size([16, 1]), time_to_events shape: torch.Size([16, 87]), event_indicators shape: torch.Size([16, 87]), sequence lengths shape: torch.Size([16, 1])
x shape: torch.Size([16, 87, 8])
mask shape: torch.Size([16, 87])
lstm_output shape: torch.Size([16, 87, 130])
fc_output shape: torch.Size([16, 87, 65])
context shape: torch.Size([16, 65])
attention_weights shape: torch.Size([16, 87, 1])
x shape after cause_specific_fc: torch.Size([16, 99])
pmf_preds shape: [torch.Size([16, 5475])]
res shape: torch.Size([16, 1, 5475])
Average Loss: 1.4238929271697998
Patience Counter: 3
Epoch 19/50
features shape: torch.Size([16, 87, 8]), mask shape: torch.Size([16, 87]), time_to_event shape: torch.Size([16, 1]), event_indicator shape: torch.Size([16, 1]), time_to_events shape: torch.Size([16, 87]), event_indicators shape: torch.Size([16, 87]), sequence lengths shape: torch.Size([16, 1])
x shape: torch.Size([16, 87, 8])
mask shape: torch.Size([16, 87])
lstm_output shape: torch.Size([16, 87, 130])
fc_output shape: torch.Size([16, 87, 65])
context shape: torch.Size([16, 65])
attention_weights shape: torch.Size([16, 87, 1])
x shape after cause_specific_fc: torch.Size([16, 99])
pmf_preds shape: [torch.Size([16, 5475])]
res shape: torch.Size([16, 1, 5475])
Average Loss: 1.4168446016311647
Epoch 20/50
features shape: torch.Size([16, 87, 8]), mask shape: torch.Size([16, 87]), time_to_event shape: torch.Size([16, 1]), event_indicator shape: torch.Size([16, 1]), time_to_events shape: torch.Size([16, 87]), event_indicators shape: torch.Size([16, 87]), sequence lengths shape: torch.Size([16, 1])
x shape: torch.Size([16, 87, 8])
mask shape: torch.Size([16, 87])
lstm_output shape: torch.Size([16, 87, 130])
fc_output shape: torch.Size([16, 87, 65])
context shape: torch.Size([16, 65])
attention_weights shape: torch.Size([16, 87, 1])
x shape after cause_specific_fc: torch.Size([16, 99])
pmf_preds shape: [torch.Size([16, 5475])]
res shape: torch.Size([16, 1, 5475])
Average Loss: 1.3721143841743468
Epoch 21/50
features shape: torch.Size([16, 87, 8]), mask shape: torch.Size([16, 87]), time_to_event shape: torch.Size([16, 1]), event_indicator shape: torch.Size([16, 1]), time_to_events shape: torch.Size([16, 87]), event_indicators shape: torch.Size([16, 87]), sequence lengths shape: torch.Size([16, 1])
x shape: torch.Size([16, 87, 8])
mask shape: torch.Size([16, 87])
lstm_output shape: torch.Size([16, 87, 130])
fc_output shape: torch.Size([16, 87, 65])
context shape: torch.Size([16, 65])
attention_weights shape: torch.Size([16, 87, 1])
x shape after cause_specific_fc: torch.Size([16, 99])
pmf_preds shape: [torch.Size([16, 5475])]
res shape: torch.Size([16, 1, 5475])
Average Loss: 1.379946403503418
Patience Counter: 1
Epoch 22/50
features shape: torch.Size([16, 87, 8]), mask shape: torch.Size([16, 87]), time_to_event shape: torch.Size([16, 1]), event_indicator shape: torch.Size([16, 1]), time_to_events shape: torch.Size([16, 87]), event_indicators shape: torch.Size([16, 87]), sequence lengths shape: torch.Size([16, 1])
x shape: torch.Size([16, 87, 8])
mask shape: torch.Size([16, 87])
lstm_output shape: torch.Size([16, 87, 130])
fc_output shape: torch.Size([16, 87, 65])
context shape: torch.Size([16, 65])
attention_weights shape: torch.Size([16, 87, 1])
x shape after cause_specific_fc: torch.Size([16, 99])
pmf_preds shape: [torch.Size([16, 5475])]
res shape: torch.Size([16, 1, 5475])
Average Loss: 1.3288750123977662
Epoch 23/50
features shape: torch.Size([16, 87, 8]), mask shape: torch.Size([16, 87]), time_to_event shape: torch.Size([16, 1]), event_indicator shape: torch.Size([16, 1]), time_to_events shape: torch.Size([16, 87]), event_indicators shape: torch.Size([16, 87]), sequence lengths shape: torch.Size([16, 1])
x shape: torch.Size([16, 87, 8])
mask shape: torch.Size([16, 87])
lstm_output shape: torch.Size([16, 87, 130])
fc_output shape: torch.Size([16, 87, 65])
context shape: torch.Size([16, 65])
attention_weights shape: torch.Size([16, 87, 1])
x shape after cause_specific_fc: torch.Size([16, 99])
pmf_preds shape: [torch.Size([16, 5475])]
res shape: torch.Size([16, 1, 5475])
Average Loss: 1.3966143083572389
Patience Counter: 1
Epoch 24/50
features shape: torch.Size([16, 87, 8]), mask shape: torch.Size([16, 87]), time_to_event shape: torch.Size([16, 1]), event_indicator shape: torch.Size([16, 1]), time_to_events shape: torch.Size([16, 87]), event_indicators shape: torch.Size([16, 87]), sequence lengths shape: torch.Size([16, 1])
x shape: torch.Size([16, 87, 8])
mask shape: torch.Size([16, 87])
lstm_output shape: torch.Size([16, 87, 130])
fc_output shape: torch.Size([16, 87, 65])
context shape: torch.Size([16, 65])
attention_weights shape: torch.Size([16, 87, 1])
x shape after cause_specific_fc: torch.Size([16, 99])
pmf_preds shape: [torch.Size([16, 5475])]
res shape: torch.Size([16, 1, 5475])
Average Loss: 1.3635401964187621
Patience Counter: 2
Epoch 25/50
features shape: torch.Size([16, 87, 8]), mask shape: torch.Size([16, 87]), time_to_event shape: torch.Size([16, 1]), event_indicator shape: torch.Size([16, 1]), time_to_events shape: torch.Size([16, 87]), event_indicators shape: torch.Size([16, 87]), sequence lengths shape: torch.Size([16, 1])
x shape: torch.Size([16, 87, 8])
mask shape: torch.Size([16, 87])
lstm_output shape: torch.Size([16, 87, 130])
fc_output shape: torch.Size([16, 87, 65])
context shape: torch.Size([16, 65])
attention_weights shape: torch.Size([16, 87, 1])
x shape after cause_specific_fc: torch.Size([16, 99])
pmf_preds shape: [torch.Size([16, 5475])]
res shape: torch.Size([16, 1, 5475])
Average Loss: 1.3183792066574096
Epoch 26/50
features shape: torch.Size([16, 87, 8]), mask shape: torch.Size([16, 87]), time_to_event shape: torch.Size([16, 1]), event_indicator shape: torch.Size([16, 1]), time_to_events shape: torch.Size([16, 87]), event_indicators shape: torch.Size([16, 87]), sequence lengths shape: torch.Size([16, 1])
x shape: torch.Size([16, 87, 8])
mask shape: torch.Size([16, 87])
lstm_output shape: torch.Size([16, 87, 130])
fc_output shape: torch.Size([16, 87, 65])
context shape: torch.Size([16, 65])
attention_weights shape: torch.Size([16, 87, 1])
x shape after cause_specific_fc: torch.Size([16, 99])
pmf_preds shape: [torch.Size([16, 5475])]
res shape: torch.Size([16, 1, 5475])
Average Loss: 1.3277913665771484
Patience Counter: 1
Epoch 27/50
features shape: torch.Size([16, 87, 8]), mask shape: torch.Size([16, 87]), time_to_event shape: torch.Size([16, 1]), event_indicator shape: torch.Size([16, 1]), time_to_events shape: torch.Size([16, 87]), event_indicators shape: torch.Size([16, 87]), sequence lengths shape: torch.Size([16, 1])
x shape: torch.Size([16, 87, 8])
mask shape: torch.Size([16, 87])
lstm_output shape: torch.Size([16, 87, 130])
fc_output shape: torch.Size([16, 87, 65])
context shape: torch.Size([16, 65])
attention_weights shape: torch.Size([16, 87, 1])
x shape after cause_specific_fc: torch.Size([16, 99])
pmf_preds shape: [torch.Size([16, 5475])]
res shape: torch.Size([16, 1, 5475])
Average Loss: 1.3564613246917725
Patience Counter: 2
Epoch 28/50
features shape: torch.Size([16, 87, 8]), mask shape: torch.Size([16, 87]), time_to_event shape: torch.Size([16, 1]), event_indicator shape: torch.Size([16, 1]), time_to_events shape: torch.Size([16, 87]), event_indicators shape: torch.Size([16, 87]), sequence lengths shape: torch.Size([16, 1])
x shape: torch.Size([16, 87, 8])
mask shape: torch.Size([16, 87])
lstm_output shape: torch.Size([16, 87, 130])
fc_output shape: torch.Size([16, 87, 65])
context shape: torch.Size([16, 65])
attention_weights shape: torch.Size([16, 87, 1])
x shape after cause_specific_fc: torch.Size([16, 99])
pmf_preds shape: [torch.Size([16, 5475])]
res shape: torch.Size([16, 1, 5475])
Average Loss: 1.3214624536037445
Patience Counter: 3
Epoch 29/50
features shape: torch.Size([16, 87, 8]), mask shape: torch.Size([16, 87]), time_to_event shape: torch.Size([16, 1]), event_indicator shape: torch.Size([16, 1]), time_to_events shape: torch.Size([16, 87]), event_indicators shape: torch.Size([16, 87]), sequence lengths shape: torch.Size([16, 1])
x shape: torch.Size([16, 87, 8])
mask shape: torch.Size([16, 87])
lstm_output shape: torch.Size([16, 87, 130])
fc_output shape: torch.Size([16, 87, 65])
context shape: torch.Size([16, 65])
attention_weights shape: torch.Size([16, 87, 1])
x shape after cause_specific_fc: torch.Size([16, 99])
pmf_preds shape: [torch.Size([16, 5475])]
res shape: torch.Size([16, 1, 5475])
Average Loss: 1.3136787390708924
Epoch 30/50
features shape: torch.Size([16, 87, 8]), mask shape: torch.Size([16, 87]), time_to_event shape: torch.Size([16, 1]), event_indicator shape: torch.Size([16, 1]), time_to_events shape: torch.Size([16, 87]), event_indicators shape: torch.Size([16, 87]), sequence lengths shape: torch.Size([16, 1])
x shape: torch.Size([16, 87, 8])
mask shape: torch.Size([16, 87])
lstm_output shape: torch.Size([16, 87, 130])
fc_output shape: torch.Size([16, 87, 65])
context shape: torch.Size([16, 65])
attention_weights shape: torch.Size([16, 87, 1])
x shape after cause_specific_fc: torch.Size([16, 99])
pmf_preds shape: [torch.Size([16, 5475])]
res shape: torch.Size([16, 1, 5475])
Average Loss: 1.3053581762313842
Epoch 31/50
features shape: torch.Size([16, 87, 8]), mask shape: torch.Size([16, 87]), time_to_event shape: torch.Size([16, 1]), event_indicator shape: torch.Size([16, 1]), time_to_events shape: torch.Size([16, 87]), event_indicators shape: torch.Size([16, 87]), sequence lengths shape: torch.Size([16, 1])
x shape: torch.Size([16, 87, 8])
mask shape: torch.Size([16, 87])
lstm_output shape: torch.Size([16, 87, 130])
fc_output shape: torch.Size([16, 87, 65])
context shape: torch.Size([16, 65])
attention_weights shape: torch.Size([16, 87, 1])
x shape after cause_specific_fc: torch.Size([16, 99])
pmf_preds shape: [torch.Size([16, 5475])]
res shape: torch.Size([16, 1, 5475])
Average Loss: 1.305323452949524
Epoch 32/50
features shape: torch.Size([16, 87, 8]), mask shape: torch.Size([16, 87]), time_to_event shape: torch.Size([16, 1]), event_indicator shape: torch.Size([16, 1]), time_to_events shape: torch.Size([16, 87]), event_indicators shape: torch.Size([16, 87]), sequence lengths shape: torch.Size([16, 1])
x shape: torch.Size([16, 87, 8])
mask shape: torch.Size([16, 87])
lstm_output shape: torch.Size([16, 87, 130])
fc_output shape: torch.Size([16, 87, 65])
context shape: torch.Size([16, 65])
attention_weights shape: torch.Size([16, 87, 1])
x shape after cause_specific_fc: torch.Size([16, 99])
pmf_preds shape: [torch.Size([16, 5475])]
res shape: torch.Size([16, 1, 5475])
Average Loss: 1.2916242218017577
Epoch 33/50
features shape: torch.Size([16, 87, 8]), mask shape: torch.Size([16, 87]), time_to_event shape: torch.Size([16, 1]), event_indicator shape: torch.Size([16, 1]), time_to_events shape: torch.Size([16, 87]), event_indicators shape: torch.Size([16, 87]), sequence lengths shape: torch.Size([16, 1])
x shape: torch.Size([16, 87, 8])
mask shape: torch.Size([16, 87])
lstm_output shape: torch.Size([16, 87, 130])
fc_output shape: torch.Size([16, 87, 65])
context shape: torch.Size([16, 65])
attention_weights shape: torch.Size([16, 87, 1])
x shape after cause_specific_fc: torch.Size([16, 99])
pmf_preds shape: [torch.Size([16, 5475])]
res shape: torch.Size([16, 1, 5475])
Average Loss: 1.267704014778137
Epoch 34/50
features shape: torch.Size([16, 87, 8]), mask shape: torch.Size([16, 87]), time_to_event shape: torch.Size([16, 1]), event_indicator shape: torch.Size([16, 1]), time_to_events shape: torch.Size([16, 87]), event_indicators shape: torch.Size([16, 87]), sequence lengths shape: torch.Size([16, 1])
x shape: torch.Size([16, 87, 8])
mask shape: torch.Size([16, 87])
lstm_output shape: torch.Size([16, 87, 130])
fc_output shape: torch.Size([16, 87, 65])
context shape: torch.Size([16, 65])
attention_weights shape: torch.Size([16, 87, 1])
x shape after cause_specific_fc: torch.Size([16, 99])
pmf_preds shape: [torch.Size([16, 5475])]
res shape: torch.Size([16, 1, 5475])
Average Loss: 1.3222935485839844
Patience Counter: 1
Epoch 35/50
features shape: torch.Size([16, 87, 8]), mask shape: torch.Size([16, 87]), time_to_event shape: torch.Size([16, 1]), event_indicator shape: torch.Size([16, 1]), time_to_events shape: torch.Size([16, 87]), event_indicators shape: torch.Size([16, 87]), sequence lengths shape: torch.Size([16, 1])
x shape: torch.Size([16, 87, 8])
mask shape: torch.Size([16, 87])
lstm_output shape: torch.Size([16, 87, 130])
fc_output shape: torch.Size([16, 87, 65])
context shape: torch.Size([16, 65])
attention_weights shape: torch.Size([16, 87, 1])
x shape after cause_specific_fc: torch.Size([16, 99])
pmf_preds shape: [torch.Size([16, 5475])]
res shape: torch.Size([16, 1, 5475])
Average Loss: 1.2899390625953675
Patience Counter: 2
Epoch 36/50
features shape: torch.Size([16, 87, 8]), mask shape: torch.Size([16, 87]), time_to_event shape: torch.Size([16, 1]), event_indicator shape: torch.Size([16, 1]), time_to_events shape: torch.Size([16, 87]), event_indicators shape: torch.Size([16, 87]), sequence lengths shape: torch.Size([16, 1])
x shape: torch.Size([16, 87, 8])
mask shape: torch.Size([16, 87])
lstm_output shape: torch.Size([16, 87, 130])
fc_output shape: torch.Size([16, 87, 65])
context shape: torch.Size([16, 65])
attention_weights shape: torch.Size([16, 87, 1])
x shape after cause_specific_fc: torch.Size([16, 99])
pmf_preds shape: [torch.Size([16, 5475])]
res shape: torch.Size([16, 1, 5475])
Average Loss: 1.2740534734725952
Patience Counter: 3
Epoch 37/50
features shape: torch.Size([16, 87, 8]), mask shape: torch.Size([16, 87]), time_to_event shape: torch.Size([16, 1]), event_indicator shape: torch.Size([16, 1]), time_to_events shape: torch.Size([16, 87]), event_indicators shape: torch.Size([16, 87]), sequence lengths shape: torch.Size([16, 1])
x shape: torch.Size([16, 87, 8])
mask shape: torch.Size([16, 87])
lstm_output shape: torch.Size([16, 87, 130])
fc_output shape: torch.Size([16, 87, 65])
context shape: torch.Size([16, 65])
attention_weights shape: torch.Size([16, 87, 1])
x shape after cause_specific_fc: torch.Size([16, 99])
pmf_preds shape: [torch.Size([16, 5475])]
res shape: torch.Size([16, 1, 5475])
Average Loss: 1.3159969997406007
Patience Counter: 4
Epoch 38/50
features shape: torch.Size([16, 87, 8]), mask shape: torch.Size([16, 87]), time_to_event shape: torch.Size([16, 1]), event_indicator shape: torch.Size([16, 1]), time_to_events shape: torch.Size([16, 87]), event_indicators shape: torch.Size([16, 87]), sequence lengths shape: torch.Size([16, 1])
x shape: torch.Size([16, 87, 8])
mask shape: torch.Size([16, 87])
lstm_output shape: torch.Size([16, 87, 130])
fc_output shape: torch.Size([16, 87, 65])
context shape: torch.Size([16, 65])
attention_weights shape: torch.Size([16, 87, 1])
x shape after cause_specific_fc: torch.Size([16, 99])
pmf_preds shape: [torch.Size([16, 5475])]
res shape: torch.Size([16, 1, 5475])
Average Loss: 1.2584401392936706
Epoch 39/50
features shape: torch.Size([16, 87, 8]), mask shape: torch.Size([16, 87]), time_to_event shape: torch.Size([16, 1]), event_indicator shape: torch.Size([16, 1]), time_to_events shape: torch.Size([16, 87]), event_indicators shape: torch.Size([16, 87]), sequence lengths shape: torch.Size([16, 1])
x shape: torch.Size([16, 87, 8])
mask shape: torch.Size([16, 87])
lstm_output shape: torch.Size([16, 87, 130])
fc_output shape: torch.Size([16, 87, 65])
context shape: torch.Size([16, 65])
attention_weights shape: torch.Size([16, 87, 1])
x shape after cause_specific_fc: torch.Size([16, 99])
pmf_preds shape: [torch.Size([16, 5475])]
res shape: torch.Size([16, 1, 5475])
Average Loss: 1.2826126146316528
Patience Counter: 1
Epoch 40/50
features shape: torch.Size([16, 87, 8]), mask shape: torch.Size([16, 87]), time_to_event shape: torch.Size([16, 1]), event_indicator shape: torch.Size([16, 1]), time_to_events shape: torch.Size([16, 87]), event_indicators shape: torch.Size([16, 87]), sequence lengths shape: torch.Size([16, 1])
x shape: torch.Size([16, 87, 8])
mask shape: torch.Size([16, 87])
lstm_output shape: torch.Size([16, 87, 130])
fc_output shape: torch.Size([16, 87, 65])
context shape: torch.Size([16, 65])
attention_weights shape: torch.Size([16, 87, 1])
x shape after cause_specific_fc: torch.Size([16, 99])
pmf_preds shape: [torch.Size([16, 5475])]
res shape: torch.Size([16, 1, 5475])
Average Loss: 1.285980441570282
Patience Counter: 2
Epoch 41/50
features shape: torch.Size([16, 87, 8]), mask shape: torch.Size([16, 87]), time_to_event shape: torch.Size([16, 1]), event_indicator shape: torch.Size([16, 1]), time_to_events shape: torch.Size([16, 87]), event_indicators shape: torch.Size([16, 87]), sequence lengths shape: torch.Size([16, 1])
x shape: torch.Size([16, 87, 8])
mask shape: torch.Size([16, 87])
lstm_output shape: torch.Size([16, 87, 130])
fc_output shape: torch.Size([16, 87, 65])
context shape: torch.Size([16, 65])
attention_weights shape: torch.Size([16, 87, 1])
x shape after cause_specific_fc: torch.Size([16, 99])
pmf_preds shape: [torch.Size([16, 5475])]
res shape: torch.Size([16, 1, 5475])
Average Loss: 1.2494414973258972
Epoch 42/50
features shape: torch.Size([16, 87, 8]), mask shape: torch.Size([16, 87]), time_to_event shape: torch.Size([16, 1]), event_indicator shape: torch.Size([16, 1]), time_to_events shape: torch.Size([16, 87]), event_indicators shape: torch.Size([16, 87]), sequence lengths shape: torch.Size([16, 1])
x shape: torch.Size([16, 87, 8])
mask shape: torch.Size([16, 87])
lstm_output shape: torch.Size([16, 87, 130])
fc_output shape: torch.Size([16, 87, 65])
context shape: torch.Size([16, 65])
attention_weights shape: torch.Size([16, 87, 1])
x shape after cause_specific_fc: torch.Size([16, 99])
pmf_preds shape: [torch.Size([16, 5475])]
res shape: torch.Size([16, 1, 5475])
Average Loss: 1.2954748368263245
Patience Counter: 1
Epoch 43/50
features shape: torch.Size([16, 87, 8]), mask shape: torch.Size([16, 87]), time_to_event shape: torch.Size([16, 1]), event_indicator shape: torch.Size([16, 1]), time_to_events shape: torch.Size([16, 87]), event_indicators shape: torch.Size([16, 87]), sequence lengths shape: torch.Size([16, 1])
x shape: torch.Size([16, 87, 8])
mask shape: torch.Size([16, 87])
lstm_output shape: torch.Size([16, 87, 130])
fc_output shape: torch.Size([16, 87, 65])
context shape: torch.Size([16, 65])
attention_weights shape: torch.Size([16, 87, 1])
x shape after cause_specific_fc: torch.Size([16, 99])
pmf_preds shape: [torch.Size([16, 5475])]
res shape: torch.Size([16, 1, 5475])
Average Loss: 1.2995288014411925
Patience Counter: 2
Epoch 44/50
features shape: torch.Size([16, 87, 8]), mask shape: torch.Size([16, 87]), time_to_event shape: torch.Size([16, 1]), event_indicator shape: torch.Size([16, 1]), time_to_events shape: torch.Size([16, 87]), event_indicators shape: torch.Size([16, 87]), sequence lengths shape: torch.Size([16, 1])
x shape: torch.Size([16, 87, 8])
mask shape: torch.Size([16, 87])
lstm_output shape: torch.Size([16, 87, 130])
fc_output shape: torch.Size([16, 87, 65])
context shape: torch.Size([16, 65])
attention_weights shape: torch.Size([16, 87, 1])
x shape after cause_specific_fc: torch.Size([16, 99])
pmf_preds shape: [torch.Size([16, 5475])]
res shape: torch.Size([16, 1, 5475])
Average Loss: 1.2625145626068115
Patience Counter: 3
Epoch 45/50
features shape: torch.Size([16, 87, 8]), mask shape: torch.Size([16, 87]), time_to_event shape: torch.Size([16, 1]), event_indicator shape: torch.Size([16, 1]), time_to_events shape: torch.Size([16, 87]), event_indicators shape: torch.Size([16, 87]), sequence lengths shape: torch.Size([16, 1])
x shape: torch.Size([16, 87, 8])
mask shape: torch.Size([16, 87])
lstm_output shape: torch.Size([16, 87, 130])
fc_output shape: torch.Size([16, 87, 65])
context shape: torch.Size([16, 65])
attention_weights shape: torch.Size([16, 87, 1])
x shape after cause_specific_fc: torch.Size([16, 99])
pmf_preds shape: [torch.Size([16, 5475])]
res shape: torch.Size([16, 1, 5475])
Average Loss: 1.2510396909713746
Patience Counter: 4
Epoch 46/50
features shape: torch.Size([16, 87, 8]), mask shape: torch.Size([16, 87]), time_to_event shape: torch.Size([16, 1]), event_indicator shape: torch.Size([16, 1]), time_to_events shape: torch.Size([16, 87]), event_indicators shape: torch.Size([16, 87]), sequence lengths shape: torch.Size([16, 1])
x shape: torch.Size([16, 87, 8])
mask shape: torch.Size([16, 87])
lstm_output shape: torch.Size([16, 87, 130])
fc_output shape: torch.Size([16, 87, 65])
context shape: torch.Size([16, 65])
attention_weights shape: torch.Size([16, 87, 1])
x shape after cause_specific_fc: torch.Size([16, 99])
pmf_preds shape: [torch.Size([16, 5475])]
res shape: torch.Size([16, 1, 5475])
Average Loss: 1.265863027572632
Patience Counter: 5
Early stopping triggered
features shape: torch.Size([16, 87, 8]), mask shape: torch.Size([16, 87]), T shape: torch.Size([16, 1]), E shape: torch.Size([16, 1]) cif shape: (16, 5475)
Processing subject 0 with time 1157 and event False cif at t_j: [0.5256677]
all_E shape: (400,) first 10 values: [False  True False  True  True  True False  True  True False]
all_R shape: (400,) first 10 values: [0.5256677  0.9200641  0.51856714 0.89048165 0.15845294 0.8975005
 0.4166698  0.8509658  0.75352854 0.67725235]
all_T shape: (400,) first 10 values: [1157    0 1140    0    0    0    0 2652 2335    0]
Global test C-index (scikit-survival): 0.725 number of concordant pairs: 31888
Global test C-index: 0.725
No existing model, saving current model
[I 2026-08-27 00:58:42,524] Trial 0 finished with value: 0.7246284597554878 and parameters: {'num_layer': 4, 'hidden_dim_0': 65, 'hidden_dim_1': 102, 'hidden_dim_2': 48, 'hidden_dim_3': 99, 'learning_rate': 0.00024037883117852067, 'drop_out_rate': 0.4423171318019198, 'llh_loss': 0.6306855900680355}. Best is trial 0 with value: 0.7246284597554878.
Using GPU: cuda:4 (utilization=0%, free_mem=10766MiB)
Running trial 1 for ExperimentScenario.EIGHT_FEATURES on device cuda:4
Train data path /home/minhn2/uiuc-kidney-failure/generated_data/rep99/eight_features_train_data.csv
Test data path /home/minhn2/uiuc-kidney-failure/generated_data/rep99/eight_features_test_data.csv
Number of patients: test 243 and train 400
Number of records: test 1100 and train 1856
Epoch 1/50
features shape: torch.Size([16, 87, 8]), mask shape: torch.Size([16, 87]), time_to_event shape: torch.Size([16, 1]), event_indicator shape: torch.Size([16, 1]), time_to_events shape: torch.Size([16, 87]), event_indicators shape: torch.Size([16, 87]), sequence lengths shape: torch.Size([16, 1])
x shape: torch.Size([16, 87, 8])
mask shape: torch.Size([16, 87])
lstm_output shape: torch.Size([16, 87, 240])
fc_output shape: torch.Size([16, 87, 120])
context shape: torch.Size([16, 120])
attention_weights shape: torch.Size([16, 87, 1])
x shape after cause_specific_fc: torch.Size([16, 77])
pmf_preds shape: [torch.Size([16, 5475])]
res shape: torch.Size([16, 1, 5475])
Average Loss: 3.240074858665466
Epoch 2/50
features shape: torch.Size([16, 87, 8]), mask shape: torch.Size([16, 87]), time_to_event shape: torch.Size([16, 1]), event_indicator shape: torch.Size([16, 1]), time_to_events shape: torch.Size([16, 87]), event_indicators shape: torch.Size([16, 87]), sequence lengths shape: torch.Size([16, 1])
x shape: torch.Size([16, 87, 8])
mask shape: torch.Size([16, 87])
lstm_output shape: torch.Size([16, 87, 240])
fc_output shape: torch.Size([16, 87, 120])
context shape: torch.Size([16, 120])
attention_weights shape: torch.Size([16, 87, 1])
x shape after cause_specific_fc: torch.Size([16, 77])
pmf_preds shape: [torch.Size([16, 5475])]
res shape: torch.Size([16, 1, 5475])
Average Loss: 2.5957516479492186
Epoch 3/50
features shape: torch.Size([16, 87, 8]), mask shape: torch.Size([16, 87]), time_to_event shape: torch.Size([16, 1]), event_indicator shape: torch.Size([16, 1]), time_to_events shape: torch.Size([16, 87]), event_indicators shape: torch.Size([16, 87]), sequence lengths shape: torch.Size([16, 1])
x shape: torch.Size([16, 87, 8])
mask shape: torch.Size([16, 87])
lstm_output shape: torch.Size([16, 87, 240])
fc_output shape: torch.Size([16, 87, 120])
context shape: torch.Size([16, 120])
attention_weights shape: torch.Size([16, 87, 1])
x shape after cause_specific_fc: torch.Size([16, 77])
pmf_preds shape: [torch.Size([16, 5475])]
res shape: torch.Size([16, 1, 5475])
Average Loss: 2.28984179019928
Epoch 4/50
features shape: torch.Size([16, 87, 8]), mask shape: torch.Size([16, 87]), time_to_event shape: torch.Size([16, 1]), event_indicator shape: torch.Size([16, 1]), time_to_events shape: torch.Size([16, 87]), event_indicators shape: torch.Size([16, 87]), sequence lengths shape: torch.Size([16, 1])
x shape: torch.Size([16, 87, 8])
mask shape: torch.Size([16, 87])
lstm_output shape: torch.Size([16, 87, 240])
fc_output shape: torch.Size([16, 87, 120])
context shape: torch.Size([16, 120])
attention_weights shape: torch.Size([16, 87, 1])
x shape after cause_specific_fc: torch.Size([16, 77])
pmf_preds shape: [torch.Size([16, 5475])]
res shape: torch.Size([16, 1, 5475])
Average Loss: 1.8544994068145753
Epoch 5/50
features shape: torch.Size([16, 87, 8]), mask shape: torch.Size([16, 87]), time_to_event shape: torch.Size([16, 1]), event_indicator shape: torch.Size([16, 1]), time_to_events shape: torch.Size([16, 87]), event_indicators shape: torch.Size([16, 87]), sequence lengths shape: torch.Size([16, 1])
x shape: torch.Size([16, 87, 8])
mask shape: torch.Size([16, 87])
lstm_output shape: torch.Size([16, 87, 240])
fc_output shape: torch.Size([16, 87, 120])
context shape: torch.Size([16, 120])
attention_weights shape: torch.Size([16, 87, 1])
x shape after cause_specific_fc: torch.Size([16, 77])
pmf_preds shape: [torch.Size([16, 5475])]
res shape: torch.Size([16, 1, 5475])
Average Loss: 1.7858919262886048
Epoch 6/50
features shape: torch.Size([16, 87, 8]), mask shape: torch.Size([16, 87]), time_to_event shape: torch.Size([16, 1]), event_indicator shape: torch.Size([16, 1]), time_to_events shape: torch.Size([16, 87]), event_indicators shape: torch.Size([16, 87]), sequence lengths shape: torch.Size([16, 1])
x shape: torch.Size([16, 87, 8])
mask shape: torch.Size([16, 87])
lstm_output shape: torch.Size([16, 87, 240])
fc_output shape: torch.Size([16, 87, 120])
context shape: torch.Size([16, 120])
attention_weights shape: torch.Size([16, 87, 1])
x shape after cause_specific_fc: torch.Size([16, 77])
pmf_preds shape: [torch.Size([16, 5475])]
res shape: torch.Size([16, 1, 5475])
Average Loss: 1.693807988166809
Epoch 7/50
features shape: torch.Size([16, 87, 8]), mask shape: torch.Size([16, 87]), time_to_event shape: torch.Size([16, 1]), event_indicator shape: torch.Size([16, 1]), time_to_events shape: torch.Size([16, 87]), event_indicators shape: torch.Size([16, 87]), sequence lengths shape: torch.Size([16, 1])
x shape: torch.Size([16, 87, 8])
mask shape: torch.Size([16, 87])
lstm_output shape: torch.Size([16, 87, 240])
fc_output shape: torch.Size([16, 87, 120])
context shape: torch.Size([16, 120])
attention_weights shape: torch.Size([16, 87, 1])
x shape after cause_specific_fc: torch.Size([16, 77])
pmf_preds shape: [torch.Size([16, 5475])]
res shape: torch.Size([16, 1, 5475])
Average Loss: 1.6384667420387269
Epoch 8/50
features shape: torch.Size([16, 87, 8]), mask shape: torch.Size([16, 87]), time_to_event shape: torch.Size([16, 1]), event_indicator shape: torch.Size([16, 1]), time_to_events shape: torch.Size([16, 87]), event_indicators shape: torch.Size([16, 87]), sequence lengths shape: torch.Size([16, 1])
x shape: torch.Size([16, 87, 8])
mask shape: torch.Size([16, 87])
lstm_output shape: torch.Size([16, 87, 240])
fc_output shape: torch.Size([16, 87, 120])
context shape: torch.Size([16, 120])
attention_weights shape: torch.Size([16, 87, 1])
x shape after cause_specific_fc: torch.Size([16, 77])
pmf_preds shape: [torch.Size([16, 5475])]
res shape: torch.Size([16, 1, 5475])
Average Loss: 1.6787981796264648
Patience Counter: 1
Epoch 9/50
features shape: torch.Size([16, 87, 8]), mask shape: torch.Size([16, 87]), time_to_event shape: torch.Size([16, 1]), event_indicator shape: torch.Size([16, 1]), time_to_events shape: torch.Size([16, 87]), event_indicators shape: torch.Size([16, 87]), sequence lengths shape: torch.Size([16, 1])
x shape: torch.Size([16, 87, 8])
mask shape: torch.Size([16, 87])
lstm_output shape: torch.Size([16, 87, 240])
fc_output shape: torch.Size([16, 87, 120])
context shape: torch.Size([16, 120])
attention_weights shape: torch.Size([16, 87, 1])
x shape after cause_specific_fc: torch.Size([16, 77])
pmf_preds shape: [torch.Size([16, 5475])]
res shape: torch.Size([16, 1, 5475])
Average Loss: 1.5205550956726075
Epoch 10/50
features shape: torch.Size([16, 87, 8]), mask shape: torch.Size([16, 87]), time_to_event shape: torch.Size([16, 1]), event_indicator shape: torch.Size([16, 1]), time_to_events shape: torch.Size([16, 87]), event_indicators shape: torch.Size([16, 87]), sequence lengths shape: torch.Size([16, 1])
x shape: torch.Size([16, 87, 8])
mask shape: torch.Size([16, 87])
lstm_output shape: torch.Size([16, 87, 240])
fc_output shape: torch.Size([16, 87, 120])
context shape: torch.Size([16, 120])
attention_weights shape: torch.Size([16, 87, 1])
x shape after cause_specific_fc: torch.Size([16, 77])
pmf_preds shape: [torch.Size([16, 5475])]
res shape: torch.Size([16, 1, 5475])
Average Loss: 1.5272704648971558
Patience Counter: 1
Epoch 11/50
features shape: torch.Size([16, 87, 8]), mask shape: torch.Size([16, 87]), time_to_event shape: torch.Size([16, 1]), event_indicator shape: torch.Size([16, 1]), time_to_events shape: torch.Size([16, 87]), event_indicators shape: torch.Size([16, 87]), sequence lengths shape: torch.Size([16, 1])
x shape: torch.Size([16, 87, 8])
mask shape: torch.Size([16, 87])
lstm_output shape: torch.Size([16, 87, 240])
fc_output shape: torch.Size([16, 87, 120])
context shape: torch.Size([16, 120])
attention_weights shape: torch.Size([16, 87, 1])
x shape after cause_specific_fc: torch.Size([16, 77])
pmf_preds shape: [torch.Size([16, 5475])]
res shape: torch.Size([16, 1, 5475])
Average Loss: 1.5266301703453065
Patience Counter: 2
Epoch 12/50
features shape: torch.Size([16, 87, 8]), mask shape: torch.Size([16, 87]), time_to_event shape: torch.Size([16, 1]), event_indicator shape: torch.Size([16, 1]), time_to_events shape: torch.Size([16, 87]), event_indicators shape: torch.Size([16, 87]), sequence lengths shape: torch.Size([16, 1])
x shape: torch.Size([16, 87, 8])
mask shape: torch.Size([16, 87])
lstm_output shape: torch.Size([16, 87, 240])
fc_output shape: torch.Size([16, 87, 120])
context shape: torch.Size([16, 120])
attention_weights shape: torch.Size([16, 87, 1])
x shape after cause_specific_fc: torch.Size([16, 77])
pmf_preds shape: [torch.Size([16, 5475])]
res shape: torch.Size([16, 1, 5475])
Average Loss: 1.494507977962494
Epoch 13/50
features shape: torch.Size([16, 87, 8]), mask shape: torch.Size([16, 87]), time_to_event shape: torch.Size([16, 1]), event_indicator shape: torch.Size([16, 1]), time_to_events shape: torch.Size([16, 87]), event_indicators shape: torch.Size([16, 87]), sequence lengths shape: torch.Size([16, 1])
x shape: torch.Size([16, 87, 8])
mask shape: torch.Size([16, 87])
lstm_output shape: torch.Size([16, 87, 240])
fc_output shape: torch.Size([16, 87, 120])
context shape: torch.Size([16, 120])
attention_weights shape: torch.Size([16, 87, 1])
x shape after cause_specific_fc: torch.Size([16, 77])
pmf_preds shape: [torch.Size([16, 5475])]
res shape: torch.Size([16, 1, 5475])
Average Loss: 1.5218907237052917
Patience Counter: 1
Epoch 14/50
features shape: torch.Size([16, 87, 8]), mask shape: torch.Size([16, 87]), time_to_event shape: torch.Size([16, 1]), event_indicator shape: torch.Size([16, 1]), time_to_events shape: torch.Size([16, 87]), event_indicators shape: torch.Size([16, 87]), sequence lengths shape: torch.Size([16, 1])
x shape: torch.Size([16, 87, 8])
mask shape: torch.Size([16, 87])
lstm_output shape: torch.Size([16, 87, 240])
fc_output shape: torch.Size([16, 87, 120])
context shape: torch.Size([16, 120])
attention_weights shape: torch.Size([16, 87, 1])
x shape after cause_specific_fc: torch.Size([16, 77])
pmf_preds shape: [torch.Size([16, 5475])]
res shape: torch.Size([16, 1, 5475])
Average Loss: 1.4288004517555237
Epoch 15/50
features shape: torch.Size([16, 87, 8]), mask shape: torch.Size([16, 87]), time_to_event shape: torch.Size([16, 1]), event_indicator shape: torch.Size([16, 1]), time_to_events shape: torch.Size([16, 87]), event_indicators shape: torch.Size([16, 87]), sequence lengths shape: torch.Size([16, 1])
x shape: torch.Size([16, 87, 8])
mask shape: torch.Size([16, 87])
lstm_output shape: torch.Size([16, 87, 240])
fc_output shape: torch.Size([16, 87, 120])
context shape: torch.Size([16, 120])
attention_weights shape: torch.Size([16, 87, 1])
x shape after cause_specific_fc: torch.Size([16, 77])
pmf_preds shape: [torch.Size([16, 5475])]
res shape: torch.Size([16, 1, 5475])
Average Loss: 1.4110206031799317
Epoch 16/50
features shape: torch.Size([16, 87, 8]), mask shape: torch.Size([16, 87]), time_to_event shape: torch.Size([16, 1]), event_indicator shape: torch.Size([16, 1]), time_to_events shape: torch.Size([16, 87]), event_indicators shape: torch.Size([16, 87]), sequence lengths shape: torch.Size([16, 1])
x shape: torch.Size([16, 87, 8])
mask shape: torch.Size([16, 87])
lstm_output shape: torch.Size([16, 87, 240])
fc_output shape: torch.Size([16, 87, 120])
context shape: torch.Size([16, 120])
attention_weights shape: torch.Size([16, 87, 1])
x shape after cause_specific_fc: torch.Size([16, 77])
pmf_preds shape: [torch.Size([16, 5475])]
res shape: torch.Size([16, 1, 5475])
Average Loss: 1.4401484656333923
Patience Counter: 1
Epoch 17/50
features shape: torch.Size([16, 87, 8]), mask shape: torch.Size([16, 87]), time_to_event shape: torch.Size([16, 1]), event_indicator shape: torch.Size([16, 1]), time_to_events shape: torch.Size([16, 87]), event_indicators shape: torch.Size([16, 87]), sequence lengths shape: torch.Size([16, 1])
x shape: torch.Size([16, 87, 8])
mask shape: torch.Size([16, 87])
lstm_output shape: torch.Size([16, 87, 240])
fc_output shape: torch.Size([16, 87, 120])
context shape: torch.Size([16, 120])
attention_weights shape: torch.Size([16, 87, 1])
x shape after cause_specific_fc: torch.Size([16, 77])
pmf_preds shape: [torch.Size([16, 5475])]
res shape: torch.Size([16, 1, 5475])
Average Loss: 1.3975051522254944
Epoch 18/50
features shape: torch.Size([16, 87, 8]), mask shape: torch.Size([16, 87]), time_to_event shape: torch.Size([16, 1]), event_indicator shape: torch.Size([16, 1]), time_to_events shape: torch.Size([16, 87]), event_indicators shape: torch.Size([16, 87]), sequence lengths shape: torch.Size([16, 1])
x shape: torch.Size([16, 87, 8])
mask shape: torch.Size([16, 87])
lstm_output shape: torch.Size([16, 87, 240])
fc_output shape: torch.Size([16, 87, 120])
context shape: torch.Size([16, 120])
attention_weights shape: torch.Size([16, 87, 1])
x shape after cause_specific_fc: torch.Size([16, 77])
pmf_preds shape: [torch.Size([16, 5475])]
res shape: torch.Size([16, 1, 5475])
Average Loss: 1.3879563117027283
Epoch 19/50
features shape: torch.Size([16, 87, 8]), mask shape: torch.Size([16, 87]), time_to_event shape: torch.Size([16, 1]), event_indicator shape: torch.Size([16, 1]), time_to_events shape: torch.Size([16, 87]), event_indicators shape: torch.Size([16, 87]), sequence lengths shape: torch.Size([16, 1])
x shape: torch.Size([16, 87, 8])
mask shape: torch.Size([16, 87])
lstm_output shape: torch.Size([16, 87, 240])
fc_output shape: torch.Size([16, 87, 120])
context shape: torch.Size([16, 120])
attention_weights shape: torch.Size([16, 87, 1])
x shape after cause_specific_fc: torch.Size([16, 77])
pmf_preds shape: [torch.Size([16, 5475])]
res shape: torch.Size([16, 1, 5475])
Average Loss: 1.3617982625961305
Epoch 20/50
features shape: torch.Size([16, 87, 8]), mask shape: torch.Size([16, 87]), time_to_event shape: torch.Size([16, 1]), event_indicator shape: torch.Size([16, 1]), time_to_events shape: torch.Size([16, 87]), event_indicators shape: torch.Size([16, 87]), sequence lengths shape: torch.Size([16, 1])
x shape: torch.Size([16, 87, 8])
mask shape: torch.Size([16, 87])
lstm_output shape: torch.Size([16, 87, 240])
fc_output shape: torch.Size([16, 87, 120])
context shape: torch.Size([16, 120])
attention_weights shape: torch.Size([16, 87, 1])
x shape after cause_specific_fc: torch.Size([16, 77])
pmf_preds shape: [torch.Size([16, 5475])]
res shape: torch.Size([16, 1, 5475])
Average Loss: 1.37721839427948
Patience Counter: 1
Epoch 21/50
features shape: torch.Size([16, 87, 8]), mask shape: torch.Size([16, 87]), time_to_event shape: torch.Size([16, 1]), event_indicator shape: torch.Size([16, 1]), time_to_events shape: torch.Size([16, 87]), event_indicators shape: torch.Size([16, 87]), sequence lengths shape: torch.Size([16, 1])
x shape: torch.Size([16, 87, 8])
mask shape: torch.Size([16, 87])
lstm_output shape: torch.Size([16, 87, 240])
fc_output shape: torch.Size([16, 87, 120])
context shape: torch.Size([16, 120])
attention_weights shape: torch.Size([16, 87, 1])
x shape after cause_specific_fc: torch.Size([16, 77])
pmf_preds shape: [torch.Size([16, 5475])]
res shape: torch.Size([16, 1, 5475])
Average Loss: 1.3901768136024475
Patience Counter: 2
Epoch 22/50
features shape: torch.Size([16, 87, 8]), mask shape: torch.Size([16, 87]), time_to_event shape: torch.Size([16, 1]), event_indicator shape: torch.Size([16, 1]), time_to_events shape: torch.Size([16, 87]), event_indicators shape: torch.Size([16, 87]), sequence lengths shape: torch.Size([16, 1])
x shape: torch.Size([16, 87, 8])
mask shape: torch.Size([16, 87])
lstm_output shape: torch.Size([16, 87, 240])
fc_output shape: torch.Size([16, 87, 120])
context shape: torch.Size([16, 120])
attention_weights shape: torch.Size([16, 87, 1])
x shape after cause_specific_fc: torch.Size([16, 77])
pmf_preds shape: [torch.Size([16, 5475])]
res shape: torch.Size([16, 1, 5475])
Average Loss: 1.370298855304718
Patience Counter: 3
Epoch 23/50
features shape: torch.Size([16, 87, 8]), mask shape: torch.Size([16, 87]), time_to_event shape: torch.Size([16, 1]), event_indicator shape: torch.Size([16, 1]), time_to_events shape: torch.Size([16, 87]), event_indicators shape: torch.Size([16, 87]), sequence lengths shape: torch.Size([16, 1])
x shape: torch.Size([16, 87, 8])
mask shape: torch.Size([16, 87])
lstm_output shape: torch.Size([16, 87, 240])
fc_output shape: torch.Size([16, 87, 120])
context shape: torch.Size([16, 120])
attention_weights shape: torch.Size([16, 87, 1])
x shape after cause_specific_fc: torch.Size([16, 77])
pmf_preds shape: [torch.Size([16, 5475])]
res shape: torch.Size([16, 1, 5475])
Average Loss: 1.380369324684143
Patience Counter: 4
Epoch 24/50
features shape: torch.Size([16, 87, 8]), mask shape: torch.Size([16, 87]), time_to_event shape: torch.Size([16, 1]), event_indicator shape: torch.Size([16, 1]), time_to_events shape: torch.Size([16, 87]), event_indicators shape: torch.Size([16, 87]), sequence lengths shape: torch.Size([16, 1])
x shape: torch.Size([16, 87, 8])
mask shape: torch.Size([16, 87])
lstm_output shape: torch.Size([16, 87, 240])
fc_output shape: torch.Size([16, 87, 120])
context shape: torch.Size([16, 120])
attention_weights shape: torch.Size([16, 87, 1])
x shape after cause_specific_fc: torch.Size([16, 77])
pmf_preds shape: [torch.Size([16, 5475])]
res shape: torch.Size([16, 1, 5475])
Average Loss: 1.360964026451111
Epoch 25/50
features shape: torch.Size([16, 87, 8]), mask shape: torch.Size([16, 87]), time_to_event shape: torch.Size([16, 1]), event_indicator shape: torch.Size([16, 1]), time_to_events shape: torch.Size([16, 87]), event_indicators shape: torch.Size([16, 87]), sequence lengths shape: torch.Size([16, 1])
x shape: torch.Size([16, 87, 8])
mask shape: torch.Size([16, 87])
lstm_output shape: torch.Size([16, 87, 240])
fc_output shape: torch.Size([16, 87, 120])
context shape: torch.Size([16, 120])
attention_weights shape: torch.Size([16, 87, 1])
x shape after cause_specific_fc: torch.Size([16, 77])
pmf_preds shape: [torch.Size([16, 5475])]
res shape: torch.Size([16, 1, 5475])
Average Loss: 1.3508650183677673
Epoch 26/50
features shape: torch.Size([16, 87, 8]), mask shape: torch.Size([16, 87]), time_to_event shape: torch.Size([16, 1]), event_indicator shape: torch.Size([16, 1]), time_to_events shape: torch.Size([16, 87]), event_indicators shape: torch.Size([16, 87]), sequence lengths shape: torch.Size([16, 1])
x shape: torch.Size([16, 87, 8])
mask shape: torch.Size([16, 87])
lstm_output shape: torch.Size([16, 87, 240])
fc_output shape: torch.Size([16, 87, 120])
context shape: torch.Size([16, 120])
attention_weights shape: torch.Size([16, 87, 1])
x shape after cause_specific_fc: torch.Size([16, 77])
pmf_preds shape: [torch.Size([16, 5475])]
res shape: torch.Size([16, 1, 5475])
Average Loss: 1.3748793745040893
Patience Counter: 1
Epoch 27/50
features shape: torch.Size([16, 87, 8]), mask shape: torch.Size([16, 87]), time_to_event shape: torch.Size([16, 1]), event_indicator shape: torch.Size([16, 1]), time_to_events shape: torch.Size([16, 87]), event_indicators shape: torch.Size([16, 87]), sequence lengths shape: torch.Size([16, 1])
x shape: torch.Size([16, 87, 8])
mask shape: torch.Size([16, 87])
lstm_output shape: torch.Size([16, 87, 240])
fc_output shape: torch.Size([16, 87, 120])
context shape: torch.Size([16, 120])
attention_weights shape: torch.Size([16, 87, 1])
x shape after cause_specific_fc: torch.Size([16, 77])
pmf_preds shape: [torch.Size([16, 5475])]
res shape: torch.Size([16, 1, 5475])
Average Loss: 1.3590753030776979
Patience Counter: 2
Epoch 28/50
features shape: torch.Size([16, 87, 8]), mask shape: torch.Size([16, 87]), time_to_event shape: torch.Size([16, 1]), event_indicator shape: torch.Size([16, 1]), time_to_events shape: torch.Size([16, 87]), event_indicators shape: torch.Size([16, 87]), sequence lengths shape: torch.Size([16, 1])
x shape: torch.Size([16, 87, 8])
mask shape: torch.Size([16, 87])
lstm_output shape: torch.Size([16, 87, 240])
fc_output shape: torch.Size([16, 87, 120])
context shape: torch.Size([16, 120])
attention_weights shape: torch.Size([16, 87, 1])
x shape after cause_specific_fc: torch.Size([16, 77])
pmf_preds shape: [torch.Size([16, 5475])]
res shape: torch.Size([16, 1, 5475])
Average Loss: 1.336018078327179
Epoch 29/50
features shape: torch.Size([16, 87, 8]), mask shape: torch.Size([16, 87]), time_to_event shape: torch.Size([16, 1]), event_indicator shape: torch.Size([16, 1]), time_to_events shape: torch.Size([16, 87]), event_indicators shape: torch.Size([16, 87]), sequence lengths shape: torch.Size([16, 1])
x shape: torch.Size([16, 87, 8])
mask shape: torch.Size([16, 87])
lstm_output shape: torch.Size([16, 87, 240])
fc_output shape: torch.Size([16, 87, 120])
context shape: torch.Size([16, 120])
attention_weights shape: torch.Size([16, 87, 1])
x shape after cause_specific_fc: torch.Size([16, 77])
pmf_preds shape: [torch.Size([16, 5475])]
res shape: torch.Size([16, 1, 5475])
Average Loss: 1.3410551285743713
Patience Counter: 1
Epoch 30/50
features shape: torch.Size([16, 87, 8]), mask shape: torch.Size([16, 87]), time_to_event shape: torch.Size([16, 1]), event_indicator shape: torch.Size([16, 1]), time_to_events shape: torch.Size([16, 87]), event_indicators shape: torch.Size([16, 87]), sequence lengths shape: torch.Size([16, 1])
x shape: torch.Size([16, 87, 8])
mask shape: torch.Size([16, 87])
lstm_output shape: torch.Size([16, 87, 240])
fc_output shape: torch.Size([16, 87, 120])
context shape: torch.Size([16, 120])
attention_weights shape: torch.Size([16, 87, 1])
x shape after cause_specific_fc: torch.Size([16, 77])
pmf_preds shape: [torch.Size([16, 5475])]
res shape: torch.Size([16, 1, 5475])
Average Loss: 1.3373318815231323
Patience Counter: 2
Epoch 31/50
features shape: torch.Size([16, 87, 8]), mask shape: torch.Size([16, 87]), time_to_event shape: torch.Size([16, 1]), event_indicator shape: torch.Size([16, 1]), time_to_events shape: torch.Size([16, 87]), event_indicators shape: torch.Size([16, 87]), sequence lengths shape: torch.Size([16, 1])
x shape: torch.Size([16, 87, 8])
mask shape: torch.Size([16, 87])
lstm_output shape: torch.Size([16, 87, 240])
fc_output shape: torch.Size([16, 87, 120])
context shape: torch.Size([16, 120])
attention_weights shape: torch.Size([16, 87, 1])
x shape after cause_specific_fc: torch.Size([16, 77])
pmf_preds shape: [torch.Size([16, 5475])]
res shape: torch.Size([16, 1, 5475])
Average Loss: 1.3711363387107849
Patience Counter: 3
Epoch 32/50
features shape: torch.Size([16, 87, 8]), mask shape: torch.Size([16, 87]), time_to_event shape: torch.Size([16, 1]), event_indicator shape: torch.Size([16, 1]), time_to_events shape: torch.Size([16, 87]), event_indicators shape: torch.Size([16, 87]), sequence lengths shape: torch.Size([16, 1])
x shape: torch.Size([16, 87, 8])
mask shape: torch.Size([16, 87])
lstm_output shape: torch.Size([16, 87, 240])
fc_output shape: torch.Size([16, 87, 120])
context shape: torch.Size([16, 120])
attention_weights shape: torch.Size([16, 87, 1])
x shape after cause_specific_fc: torch.Size([16, 77])
pmf_preds shape: [torch.Size([16, 5475])]
res shape: torch.Size([16, 1, 5475])
Average Loss: 1.389156460762024
Patience Counter: 4
Epoch 33/50
features shape: torch.Size([16, 87, 8]), mask shape: torch.Size([16, 87]), time_to_event shape: torch.Size([16, 1]), event_indicator shape: torch.Size([16, 1]), time_to_events shape: torch.Size([16, 87]), event_indicators shape: torch.Size([16, 87]), sequence lengths shape: torch.Size([16, 1])
x shape: torch.Size([16, 87, 8])
mask shape: torch.Size([16, 87])
lstm_output shape: torch.Size([16, 87, 240])
fc_output shape: torch.Size([16, 87, 120])
context shape: torch.Size([16, 120])
attention_weights shape: torch.Size([16, 87, 1])
x shape after cause_specific_fc: torch.Size([16, 77])
pmf_preds shape: [torch.Size([16, 5475])]
res shape: torch.Size([16, 1, 5475])
Average Loss: 1.3394568681716919
Patience Counter: 5
Early stopping triggered
features shape: torch.Size([16, 87, 8]), mask shape: torch.Size([16, 87]), T shape: torch.Size([16, 1]), E shape: torch.Size([16, 1]) cif shape: (16, 5475)
Processing subject 0 with time 1157 and event False cif at t_j: [0.56066066]
all_E shape: (400,) first 10 values: [False  True False  True  True  True False  True  True False]
all_R shape: (400,) first 10 values: [0.56066066 0.6875267  0.5606414  0.69175124 0.13868114 0.66459745
 0.16860488 0.84930056 0.79943055 0.41140476]
all_T shape: (400,) first 10 values: [1157    0 1140    0    0    0    0 2652 2335    0]
Global test C-index (scikit-survival): 0.589 number of concordant pairs: 25811
Global test C-index: 0.589
/home/minhn2/uiuc-kidney-failure/pkgs/experiments/dynamic_deephit.py:256: FutureWarning: You are using `torch.load` with `weights_only=False` (the current default value), which uses the default pickle module implicitly. It is possible to construct malicious pickle data which will execute arbitrary code during unpickling (See https://github.com/pytorch/pytorch/blob/main/SECURITY.md#untrusted-models for more details). In a future release, the default value for `weights_only` will be flipped to `True`. This limits the functions that could be executed during unpickling. Arbitrary objects will no longer be allowed to be loaded via this mode unless they are explicitly allowlisted by the user via `torch.serialization.add_safe_globals`. We recommend you start setting `weights_only=True` for any use case where you don't have full control of the loaded file. Please open an issue on GitHub for any issues related to this experimental feature.
  saved_model = torch.load(saved_path, map_location=device)
features shape: torch.Size([16, 87, 8]), mask shape: torch.Size([16, 87]), T shape: torch.Size([16, 1]), E shape: torch.Size([16, 1]) cif shape: (16, 5475)
Processing subject 0 with time 1157 and event False cif at t_j: [0.5256677]
all_E shape: (400,) first 10 values: [False  True False  True  True  True False  True  True False]
all_R shape: (400,) first 10 values: [0.5256677  0.9200641  0.51856714 0.89048165 0.15845294 0.8975005
 0.4166698  0.8509658  0.75352854 0.67725235]
all_T shape: (400,) first 10 values: [1157    0 1140    0    0    0    0 2652 2335    0]
Global test C-index (scikit-survival): 0.725 number of concordant pairs: 31888
Global test C-index: 0.725
Saved model C-index: 0.7246, Current trial C-index: 0.5889
Saved model is better, keeping it
[I 2026-08-27 00:59:50,422] Trial 1 finished with value: 0.5888969685951916 and parameters: {'num_layer': 3, 'hidden_dim_0': 120, 'hidden_dim_1': 119, 'hidden_dim_2': 77, 'learning_rate': 0.005727796829748119, 'drop_out_rate': 0.4512738788809071, 'llh_loss': 0.8589927573179147}. Best is trial 0 with value: 0.7246284597554878.
Using GPU: cuda:7 (utilization=0%, free_mem=10994MiB)
Running trial 2 for ExperimentScenario.EIGHT_FEATURES on device cuda:7
Train data path /home/minhn2/uiuc-kidney-failure/generated_data/rep99/eight_features_train_data.csv
Test data path /home/minhn2/uiuc-kidney-failure/generated_data/rep99/eight_features_test_data.csv
Number of patients: test 243 and train 400
Number of records: test 1100 and train 1856
Epoch 1/50
features shape: torch.Size([16, 87, 8]), mask shape: torch.Size([16, 87]), time_to_event shape: torch.Size([16, 1]), event_indicator shape: torch.Size([16, 1]), time_to_events shape: torch.Size([16, 87]), event_indicators shape: torch.Size([16, 87]), sequence lengths shape: torch.Size([16, 1])
x shape: torch.Size([16, 87, 8])
mask shape: torch.Size([16, 87])
lstm_output shape: torch.Size([16, 87, 170])
fc_output shape: torch.Size([16, 87, 85])
context shape: torch.Size([16, 85])
attention_weights shape: torch.Size([16, 87, 1])
x shape after cause_specific_fc: torch.Size([16, 127])
pmf_preds shape: [torch.Size([16, 5475])]
res shape: torch.Size([16, 1, 5475])
Average Loss: 3.5281780529022218
Epoch 2/50
features shape: torch.Size([16, 87, 8]), mask shape: torch.Size([16, 87]), time_to_event shape: torch.Size([16, 1]), event_indicator shape: torch.Size([16, 1]), time_to_events shape: torch.Size([16, 87]), event_indicators shape: torch.Size([16, 87]), sequence lengths shape: torch.Size([16, 1])
x shape: torch.Size([16, 87, 8])
mask shape: torch.Size([16, 87])
lstm_output shape: torch.Size([16, 87, 170])
fc_output shape: torch.Size([16, 87, 85])
context shape: torch.Size([16, 85])
attention_weights shape: torch.Size([16, 87, 1])
x shape after cause_specific_fc: torch.Size([16, 127])
pmf_preds shape: [torch.Size([16, 5475])]
res shape: torch.Size([16, 1, 5475])
Average Loss: 3.3324112033843996
Epoch 3/50
features shape: torch.Size([16, 87, 8]), mask shape: torch.Size([16, 87]), time_to_event shape: torch.Size([16, 1]), event_indicator shape: torch.Size([16, 1]), time_to_events shape: torch.Size([16, 87]), event_indicators shape: torch.Size([16, 87]), sequence lengths shape: torch.Size([16, 1])
x shape: torch.Size([16, 87, 8])
mask shape: torch.Size([16, 87])
lstm_output shape: torch.Size([16, 87, 170])
fc_output shape: torch.Size([16, 87, 85])
context shape: torch.Size([16, 85])
attention_weights shape: torch.Size([16, 87, 1])
x shape after cause_specific_fc: torch.Size([16, 127])
pmf_preds shape: [torch.Size([16, 5475])]
res shape: torch.Size([16, 1, 5475])
Average Loss: 2.2360870361328127
Epoch 4/50
features shape: torch.Size([16, 87, 8]), mask shape: torch.Size([16, 87]), time_to_event shape: torch.Size([16, 1]), event_indicator shape: torch.Size([16, 1]), time_to_events shape: torch.Size([16, 87]), event_indicators shape: torch.Size([16, 87]), sequence lengths shape: torch.Size([16, 1])
x shape: torch.Size([16, 87, 8])
mask shape: torch.Size([16, 87])
lstm_output shape: torch.Size([16, 87, 170])
fc_output shape: torch.Size([16, 87, 85])
context shape: torch.Size([16, 85])
attention_weights shape: torch.Size([16, 87, 1])
x shape after cause_specific_fc: torch.Size([16, 127])
pmf_preds shape: [torch.Size([16, 5475])]
res shape: torch.Size([16, 1, 5475])
Average Loss: 1.5800956201553344
Epoch 5/50
features shape: torch.Size([16, 87, 8]), mask shape: torch.Size([16, 87]), time_to_event shape: torch.Size([16, 1]), event_indicator shape: torch.Size([16, 1]), time_to_events shape: torch.Size([16, 87]), event_indicators shape: torch.Size([16, 87]), sequence lengths shape: torch.Size([16, 1])
x shape: torch.Size([16, 87, 8])
mask shape: torch.Size([16, 87])
lstm_output shape: torch.Size([16, 87, 170])
fc_output shape: torch.Size([16, 87, 85])
context shape: torch.Size([16, 85])
attention_weights shape: torch.Size([16, 87, 1])
x shape after cause_specific_fc: torch.Size([16, 127])
pmf_preds shape: [torch.Size([16, 5475])]
res shape: torch.Size([16, 1, 5475])
Average Loss: 1.5405176639556886
Epoch 6/50
features shape: torch.Size([16, 87, 8]), mask shape: torch.Size([16, 87]), time_to_event shape: torch.Size([16, 1]), event_indicator shape: torch.Size([16, 1]), time_to_events shape: torch.Size([16, 87]), event_indicators shape: torch.Size([16, 87]), sequence lengths shape: torch.Size([16, 1])
x shape: torch.Size([16, 87, 8])
mask shape: torch.Size([16, 87])
lstm_output shape: torch.Size([16, 87, 170])
fc_output shape: torch.Size([16, 87, 85])
context shape: torch.Size([16, 85])
attention_weights shape: torch.Size([16, 87, 1])
x shape after cause_specific_fc: torch.Size([16, 127])
pmf_preds shape: [torch.Size([16, 5475])]
res shape: torch.Size([16, 1, 5475])
Average Loss: 1.4764566898345948
Epoch 7/50
features shape: torch.Size([16, 87, 8]), mask shape: torch.Size([16, 87]), time_to_event shape: torch.Size([16, 1]), event_indicator shape: torch.Size([16, 1]), time_to_events shape: torch.Size([16, 87]), event_indicators shape: torch.Size([16, 87]), sequence lengths shape: torch.Size([16, 1])
x shape: torch.Size([16, 87, 8])
mask shape: torch.Size([16, 87])
lstm_output shape: torch.Size([16, 87, 170])
fc_output shape: torch.Size([16, 87, 85])
context shape: torch.Size([16, 85])
attention_weights shape: torch.Size([16, 87, 1])
x shape after cause_specific_fc: torch.Size([16, 127])
pmf_preds shape: [torch.Size([16, 5475])]
res shape: torch.Size([16, 1, 5475])
Average Loss: 1.4326094269752503
Epoch 8/50
features shape: torch.Size([16, 87, 8]), mask shape: torch.Size([16, 87]), time_to_event shape: torch.Size([16, 1]), event_indicator shape: torch.Size([16, 1]), time_to_events shape: torch.Size([16, 87]), event_indicators shape: torch.Size([16, 87]), sequence lengths shape: torch.Size([16, 1])
x shape: torch.Size([16, 87, 8])
mask shape: torch.Size([16, 87])
lstm_output shape: torch.Size([16, 87, 170])
fc_output shape: torch.Size([16, 87, 85])
context shape: torch.Size([16, 85])
attention_weights shape: torch.Size([16, 87, 1])
x shape after cause_specific_fc: torch.Size([16, 127])
pmf_preds shape: [torch.Size([16, 5475])]
res shape: torch.Size([16, 1, 5475])
Average Loss: 1.4052184677124024
Epoch 9/50
features shape: torch.Size([16, 87, 8]), mask shape: torch.Size([16, 87]), time_to_event shape: torch.Size([16, 1]), event_indicator shape: torch.Size([16, 1]), time_to_events shape: torch.Size([16, 87]), event_indicators shape: torch.Size([16, 87]), sequence lengths shape: torch.Size([16, 1])
x shape: torch.Size([16, 87, 8])
mask shape: torch.Size([16, 87])
lstm_output shape: torch.Size([16, 87, 170])
fc_output shape: torch.Size([16, 87, 85])
context shape: torch.Size([16, 85])
attention_weights shape: torch.Size([16, 87, 1])
x shape after cause_specific_fc: torch.Size([16, 127])
pmf_preds shape: [torch.Size([16, 5475])]
res shape: torch.Size([16, 1, 5475])
Average Loss: 1.3603673076629639
Epoch 10/50
features shape: torch.Size([16, 87, 8]), mask shape: torch.Size([16, 87]), time_to_event shape: torch.Size([16, 1]), event_indicator shape: torch.Size([16, 1]), time_to_events shape: torch.Size([16, 87]), event_indicators shape: torch.Size([16, 87]), sequence lengths shape: torch.Size([16, 1])
x shape: torch.Size([16, 87, 8])
mask shape: torch.Size([16, 87])
lstm_output shape: torch.Size([16, 87, 170])
fc_output shape: torch.Size([16, 87, 85])
context shape: torch.Size([16, 85])
attention_weights shape: torch.Size([16, 87, 1])
x shape after cause_specific_fc: torch.Size([16, 127])
pmf_preds shape: [torch.Size([16, 5475])]
res shape: torch.Size([16, 1, 5475])
Average Loss: 1.3392993903160095
Epoch 11/50
features shape: torch.Size([16, 87, 8]), mask shape: torch.Size([16, 87]), time_to_event shape: torch.Size([16, 1]), event_indicator shape: torch.Size([16, 1]), time_to_events shape: torch.Size([16, 87]), event_indicators shape: torch.Size([16, 87]), sequence lengths shape: torch.Size([16, 1])
x shape: torch.Size([16, 87, 8])
mask shape: torch.Size([16, 87])
lstm_output shape: torch.Size([16, 87, 170])
fc_output shape: torch.Size([16, 87, 85])
context shape: torch.Size([16, 85])
attention_weights shape: torch.Size([16, 87, 1])
x shape after cause_specific_fc: torch.Size([16, 127])
pmf_preds shape: [torch.Size([16, 5475])]
res shape: torch.Size([16, 1, 5475])
Average Loss: 1.3005830717086793
Epoch 12/50
features shape: torch.Size([16, 87, 8]), mask shape: torch.Size([16, 87]), time_to_event shape: torch.Size([16, 1]), event_indicator shape: torch.Size([16, 1]), time_to_events shape: torch.Size([16, 87]), event_indicators shape: torch.Size([16, 87]), sequence lengths shape: torch.Size([16, 1])
x shape: torch.Size([16, 87, 8])
mask shape: torch.Size([16, 87])
lstm_output shape: torch.Size([16, 87, 170])
fc_output shape: torch.Size([16, 87, 85])
context shape: torch.Size([16, 85])
attention_weights shape: torch.Size([16, 87, 1])
x shape after cause_specific_fc: torch.Size([16, 127])
pmf_preds shape: [torch.Size([16, 5475])]
res shape: torch.Size([16, 1, 5475])
Average Loss: 1.2720886063575745
Epoch 13/50
features shape: torch.Size([16, 87, 8]), mask shape: torch.Size([16, 87]), time_to_event shape: torch.Size([16, 1]), event_indicator shape: torch.Size([16, 1]), time_to_events shape: torch.Size([16, 87]), event_indicators shape: torch.Size([16, 87]), sequence lengths shape: torch.Size([16, 1])
x shape: torch.Size([16, 87, 8])
mask shape: torch.Size([16, 87])
lstm_output shape: torch.Size([16, 87, 170])
fc_output shape: torch.Size([16, 87, 85])
context shape: torch.Size([16, 85])
attention_weights shape: torch.Size([16, 87, 1])
x shape after cause_specific_fc: torch.Size([16, 127])
pmf_preds shape: [torch.Size([16, 5475])]
res shape: torch.Size([16, 1, 5475])
Average Loss: 1.2569706678390502
Epoch 14/50
features shape: torch.Size([16, 87, 8]), mask shape: torch.Size([16, 87]), time_to_event shape: torch.Size([16, 1]), event_indicator shape: torch.Size([16, 1]), time_to_events shape: torch.Size([16, 87]), event_indicators shape: torch.Size([16, 87]), sequence lengths shape: torch.Size([16, 1])
x shape: torch.Size([16, 87, 8])
mask shape: torch.Size([16, 87])
lstm_output shape: torch.Size([16, 87, 170])
fc_output shape: torch.Size([16, 87, 85])
context shape: torch.Size([16, 85])
attention_weights shape: torch.Size([16, 87, 1])
x shape after cause_specific_fc: torch.Size([16, 127])
pmf_preds shape: [torch.Size([16, 5475])]
res shape: torch.Size([16, 1, 5475])
Average Loss: 1.2415316438674926
Epoch 15/50
features shape: torch.Size([16, 87, 8]), mask shape: torch.Size([16, 87]), time_to_event shape: torch.Size([16, 1]), event_indicator shape: torch.Size([16, 1]), time_to_events shape: torch.Size([16, 87]), event_indicators shape: torch.Size([16, 87]), sequence lengths shape: torch.Size([16, 1])
x shape: torch.Size([16, 87, 8])
mask shape: torch.Size([16, 87])
lstm_output shape: torch.Size([16, 87, 170])
fc_output shape: torch.Size([16, 87, 85])
context shape: torch.Size([16, 85])
attention_weights shape: torch.Size([16, 87, 1])
x shape after cause_specific_fc: torch.Size([16, 127])
pmf_preds shape: [torch.Size([16, 5475])]
res shape: torch.Size([16, 1, 5475])
Average Loss: 1.2284894895553589
Epoch 16/50
features shape: torch.Size([16, 87, 8]), mask shape: torch.Size([16, 87]), time_to_event shape: torch.Size([16, 1]), event_indicator shape: torch.Size([16, 1]), time_to_events shape: torch.Size([16, 87]), event_indicators shape: torch.Size([16, 87]), sequence lengths shape: torch.Size([16, 1])
x shape: torch.Size([16, 87, 8])
mask shape: torch.Size([16, 87])
lstm_output shape: torch.Size([16, 87, 170])
fc_output shape: torch.Size([16, 87, 85])
context shape: torch.Size([16, 85])
attention_weights shape: torch.Size([16, 87, 1])
x shape after cause_specific_fc: torch.Size([16, 127])
pmf_preds shape: [torch.Size([16, 5475])]
res shape: torch.Size([16, 1, 5475])
Average Loss: 1.2305239152908325
Patience Counter: 1
Epoch 17/50
features shape: torch.Size([16, 87, 8]), mask shape: torch.Size([16, 87]), time_to_event shape: torch.Size([16, 1]), event_indicator shape: torch.Size([16, 1]), time_to_events shape: torch.Size([16, 87]), event_indicators shape: torch.Size([16, 87]), sequence lengths shape: torch.Size([16, 1])
x shape: torch.Size([16, 87, 8])
mask shape: torch.Size([16, 87])
lstm_output shape: torch.Size([16, 87, 170])
fc_output shape: torch.Size([16, 87, 85])
context shape: torch.Size([16, 85])
attention_weights shape: torch.Size([16, 87, 1])
x shape after cause_specific_fc: torch.Size([16, 127])
pmf_preds shape: [torch.Size([16, 5475])]
res shape: torch.Size([16, 1, 5475])
Average Loss: 1.2204424452781677
Epoch 18/50
features shape: torch.Size([16, 87, 8]), mask shape: torch.Size([16, 87]), time_to_event shape: torch.Size([16, 1]), event_indicator shape: torch.Size([16, 1]), time_to_events shape: torch.Size([16, 87]), event_indicators shape: torch.Size([16, 87]), sequence lengths shape: torch.Size([16, 1])
x shape: torch.Size([16, 87, 8])
mask shape: torch.Size([16, 87])
lstm_output shape: torch.Size([16, 87, 170])
fc_output shape: torch.Size([16, 87, 85])
context shape: torch.Size([16, 85])
attention_weights shape: torch.Size([16, 87, 1])
x shape after cause_specific_fc: torch.Size([16, 127])
pmf_preds shape: [torch.Size([16, 5475])]
res shape: torch.Size([16, 1, 5475])
Average Loss: 1.2215459513664246
Patience Counter: 1
Epoch 19/50
features shape: torch.Size([16, 87, 8]), mask shape: torch.Size([16, 87]), time_to_event shape: torch.Size([16, 1]), event_indicator shape: torch.Size([16, 1]), time_to_events shape: torch.Size([16, 87]), event_indicators shape: torch.Size([16, 87]), sequence lengths shape: torch.Size([16, 1])
x shape: torch.Size([16, 87, 8])
mask shape: torch.Size([16, 87])
lstm_output shape: torch.Size([16, 87, 170])
fc_output shape: torch.Size([16, 87, 85])
context shape: torch.Size([16, 85])
attention_weights shape: torch.Size([16, 87, 1])
x shape after cause_specific_fc: torch.Size([16, 127])
pmf_preds shape: [torch.Size([16, 5475])]
res shape: torch.Size([16, 1, 5475])
Average Loss: 1.2070746564865111
Epoch 20/50
features shape: torch.Size([16, 87, 8]), mask shape: torch.Size([16, 87]), time_to_event shape: torch.Size([16, 1]), event_indicator shape: torch.Size([16, 1]), time_to_events shape: torch.Size([16, 87]), event_indicators shape: torch.Size([16, 87]), sequence lengths shape: torch.Size([16, 1])
x shape: torch.Size([16, 87, 8])
mask shape: torch.Size([16, 87])
lstm_output shape: torch.Size([16, 87, 170])
fc_output shape: torch.Size([16, 87, 85])
context shape: torch.Size([16, 85])
attention_weights shape: torch.Size([16, 87, 1])
x shape after cause_specific_fc: torch.Size([16, 127])
pmf_preds shape: [torch.Size([16, 5475])]
res shape: torch.Size([16, 1, 5475])
Average Loss: 1.2052892923355103
Epoch 21/50
features shape: torch.Size([16, 87, 8]), mask shape: torch.Size([16, 87]), time_to_event shape: torch.Size([16, 1]), event_indicator shape: torch.Size([16, 1]), time_to_events shape: torch.Size([16, 87]), event_indicators shape: torch.Size([16, 87]), sequence lengths shape: torch.Size([16, 1])
x shape: torch.Size([16, 87, 8])
mask shape: torch.Size([16, 87])
lstm_output shape: torch.Size([16, 87, 170])
fc_output shape: torch.Size([16, 87, 85])
context shape: torch.Size([16, 85])
attention_weights shape: torch.Size([16, 87, 1])
x shape after cause_specific_fc: torch.Size([16, 127])
pmf_preds shape: [torch.Size([16, 5475])]
res shape: torch.Size([16, 1, 5475])
Average Loss: 1.2201862239837646
Patience Counter: 1
Epoch 22/50
features shape: torch.Size([16, 87, 8]), mask shape: torch.Size([16, 87]), time_to_event shape: torch.Size([16, 1]), event_indicator shape: torch.Size([16, 1]), time_to_events shape: torch.Size([16, 87]), event_indicators shape: torch.Size([16, 87]), sequence lengths shape: torch.Size([16, 1])
x shape: torch.Size([16, 87, 8])
mask shape: torch.Size([16, 87])
lstm_output shape: torch.Size([16, 87, 170])
fc_output shape: torch.Size([16, 87, 85])
context shape: torch.Size([16, 85])
attention_weights shape: torch.Size([16, 87, 1])
x shape after cause_specific_fc: torch.Size([16, 127])
pmf_preds shape: [torch.Size([16, 5475])]
res shape: torch.Size([16, 1, 5475])
Average Loss: 1.1966266322135926
Epoch 23/50
features shape: torch.Size([16, 87, 8]), mask shape: torch.Size([16, 87]), time_to_event shape: torch.Size([16, 1]), event_indicator shape: torch.Size([16, 1]), time_to_events shape: torch.Size([16, 87]), event_indicators shape: torch.Size([16, 87]), sequence lengths shape: torch.Size([16, 1])
x shape: torch.Size([16, 87, 8])
mask shape: torch.Size([16, 87])
lstm_output shape: torch.Size([16, 87, 170])
fc_output shape: torch.Size([16, 87, 85])
context shape: torch.Size([16, 85])
attention_weights shape: torch.Size([16, 87, 1])
x shape after cause_specific_fc: torch.Size([16, 127])
pmf_preds shape: [torch.Size([16, 5475])]
res shape: torch.Size([16, 1, 5475])
Average Loss: 1.200994918346405
Patience Counter: 1
Epoch 24/50
features shape: torch.Size([16, 87, 8]), mask shape: torch.Size([16, 87]), time_to_event shape: torch.Size([16, 1]), event_indicator shape: torch.Size([16, 1]), time_to_events shape: torch.Size([16, 87]), event_indicators shape: torch.Size([16, 87]), sequence lengths shape: torch.Size([16, 1])
x shape: torch.Size([16, 87, 8])
mask shape: torch.Size([16, 87])
lstm_output shape: torch.Size([16, 87, 170])
fc_output shape: torch.Size([16, 87, 85])
context shape: torch.Size([16, 85])
attention_weights shape: torch.Size([16, 87, 1])
x shape after cause_specific_fc: torch.Size([16, 127])
pmf_preds shape: [torch.Size([16, 5475])]
res shape: torch.Size([16, 1, 5475])
Average Loss: 1.194642388820648
Epoch 25/50
features shape: torch.Size([16, 87, 8]), mask shape: torch.Size([16, 87]), time_to_event shape: torch.Size([16, 1]), event_indicator shape: torch.Size([16, 1]), time_to_events shape: torch.Size([16, 87]), event_indicators shape: torch.Size([16, 87]), sequence lengths shape: torch.Size([16, 1])
x shape: torch.Size([16, 87, 8])
mask shape: torch.Size([16, 87])
lstm_output shape: torch.Size([16, 87, 170])
fc_output shape: torch.Size([16, 87, 85])
context shape: torch.Size([16, 85])
attention_weights shape: torch.Size([16, 87, 1])
x shape after cause_specific_fc: torch.Size([16, 127])
pmf_preds shape: [torch.Size([16, 5475])]
res shape: torch.Size([16, 1, 5475])
Average Loss: 1.1944704818725587
Epoch 26/50
features shape: torch.Size([16, 87, 8]), mask shape: torch.Size([16, 87]), time_to_event shape: torch.Size([16, 1]), event_indicator shape: torch.Size([16, 1]), time_to_events shape: torch.Size([16, 87]), event_indicators shape: torch.Size([16, 87]), sequence lengths shape: torch.Size([16, 1])
x shape: torch.Size([16, 87, 8])
mask shape: torch.Size([16, 87])
lstm_output shape: torch.Size([16, 87, 170])
fc_output shape: torch.Size([16, 87, 85])
context shape: torch.Size([16, 85])
attention_weights shape: torch.Size([16, 87, 1])
x shape after cause_specific_fc: torch.Size([16, 127])
pmf_preds shape: [torch.Size([16, 5475])]
res shape: torch.Size([16, 1, 5475])
Average Loss: 1.195167188644409
Patience Counter: 1
Epoch 27/50
features shape: torch.Size([16, 87, 8]), mask shape: torch.Size([16, 87]), time_to_event shape: torch.Size([16, 1]), event_indicator shape: torch.Size([16, 1]), time_to_events shape: torch.Size([16, 87]), event_indicators shape: torch.Size([16, 87]), sequence lengths shape: torch.Size([16, 1])
x shape: torch.Size([16, 87, 8])
mask shape: torch.Size([16, 87])
lstm_output shape: torch.Size([16, 87, 170])
fc_output shape: torch.Size([16, 87, 85])
context shape: torch.Size([16, 85])
attention_weights shape: torch.Size([16, 87, 1])
x shape after cause_specific_fc: torch.Size([16, 127])
pmf_preds shape: [torch.Size([16, 5475])]
res shape: torch.Size([16, 1, 5475])
Average Loss: 1.1855927920341491
Epoch 28/50
features shape: torch.Size([16, 87, 8]), mask shape: torch.Size([16, 87]), time_to_event shape: torch.Size([16, 1]), event_indicator shape: torch.Size([16, 1]), time_to_events shape: torch.Size([16, 87]), event_indicators shape: torch.Size([16, 87]), sequence lengths shape: torch.Size([16, 1])
x shape: torch.Size([16, 87, 8])
mask shape: torch.Size([16, 87])
lstm_output shape: torch.Size([16, 87, 170])
fc_output shape: torch.Size([16, 87, 85])
context shape: torch.Size([16, 85])
attention_weights shape: torch.Size([16, 87, 1])
x shape after cause_specific_fc: torch.Size([16, 127])
pmf_preds shape: [torch.Size([16, 5475])]
res shape: torch.Size([16, 1, 5475])
Average Loss: 1.1846283507347106
Epoch 29/50
features shape: torch.Size([16, 87, 8]), mask shape: torch.Size([16, 87]), time_to_event shape: torch.Size([16, 1]), event_indicator shape: torch.Size([16, 1]), time_to_events shape: torch.Size([16, 87]), event_indicators shape: torch.Size([16, 87]), sequence lengths shape: torch.Size([16, 1])
x shape: torch.Size([16, 87, 8])
mask shape: torch.Size([16, 87])
lstm_output shape: torch.Size([16, 87, 170])
fc_output shape: torch.Size([16, 87, 85])
context shape: torch.Size([16, 85])
attention_weights shape: torch.Size([16, 87, 1])
x shape after cause_specific_fc: torch.Size([16, 127])
pmf_preds shape: [torch.Size([16, 5475])]
res shape: torch.Size([16, 1, 5475])
Average Loss: 1.1829192352294922
Epoch 30/50
features shape: torch.Size([16, 87, 8]), mask shape: torch.Size([16, 87]), time_to_event shape: torch.Size([16, 1]), event_indicator shape: torch.Size([16, 1]), time_to_events shape: torch.Size([16, 87]), event_indicators shape: torch.Size([16, 87]), sequence lengths shape: torch.Size([16, 1])
x shape: torch.Size([16, 87, 8])
mask shape: torch.Size([16, 87])
lstm_output shape: torch.Size([16, 87, 170])
fc_output shape: torch.Size([16, 87, 85])
context shape: torch.Size([16, 85])
attention_weights shape: torch.Size([16, 87, 1])
x shape after cause_specific_fc: torch.Size([16, 127])
pmf_preds shape: [torch.Size([16, 5475])]
res shape: torch.Size([16, 1, 5475])
Average Loss: 1.1783415174484253
Epoch 31/50
features shape: torch.Size([16, 87, 8]), mask shape: torch.Size([16, 87]), time_to_event shape: torch.Size([16, 1]), event_indicator shape: torch.Size([16, 1]), time_to_events shape: torch.Size([16, 87]), event_indicators shape: torch.Size([16, 87]), sequence lengths shape: torch.Size([16, 1])
x shape: torch.Size([16, 87, 8])
mask shape: torch.Size([16, 87])
lstm_output shape: torch.Size([16, 87, 170])
fc_output shape: torch.Size([16, 87, 85])
context shape: torch.Size([16, 85])
attention_weights shape: torch.Size([16, 87, 1])
x shape after cause_specific_fc: torch.Size([16, 127])
pmf_preds shape: [torch.Size([16, 5475])]
res shape: torch.Size([16, 1, 5475])
Average Loss: 1.178242154121399
Epoch 32/50
features shape: torch.Size([16, 87, 8]), mask shape: torch.Size([16, 87]), time_to_event shape: torch.Size([16, 1]), event_indicator shape: torch.Size([16, 1]), time_to_events shape: torch.Size([16, 87]), event_indicators shape: torch.Size([16, 87]), sequence lengths shape: torch.Size([16, 1])
x shape: torch.Size([16, 87, 8])
mask shape: torch.Size([16, 87])
lstm_output shape: torch.Size([16, 87, 170])
fc_output shape: torch.Size([16, 87, 85])
context shape: torch.Size([16, 85])
attention_weights shape: torch.Size([16, 87, 1])
x shape after cause_specific_fc: torch.Size([16, 127])
pmf_preds shape: [torch.Size([16, 5475])]
res shape: torch.Size([16, 1, 5475])
Average Loss: 1.1786912393569946
Patience Counter: 1
Epoch 33/50
features shape: torch.Size([16, 87, 8]), mask shape: torch.Size([16, 87]), time_to_event shape: torch.Size([16, 1]), event_indicator shape: torch.Size([16, 1]), time_to_events shape: torch.Size([16, 87]), event_indicators shape: torch.Size([16, 87]), sequence lengths shape: torch.Size([16, 1])
x shape: torch.Size([16, 87, 8])
mask shape: torch.Size([16, 87])
lstm_output shape: torch.Size([16, 87, 170])
fc_output shape: torch.Size([16, 87, 85])
context shape: torch.Size([16, 85])
attention_weights shape: torch.Size([16, 87, 1])
x shape after cause_specific_fc: torch.Size([16, 127])
pmf_preds shape: [torch.Size([16, 5475])]
res shape: torch.Size([16, 1, 5475])
Average Loss: 1.1537410092353821
Epoch 34/50
features shape: torch.Size([16, 87, 8]), mask shape: torch.Size([16, 87]), time_to_event shape: torch.Size([16, 1]), event_indicator shape: torch.Size([16, 1]), time_to_events shape: torch.Size([16, 87]), event_indicators shape: torch.Size([16, 87]), sequence lengths shape: torch.Size([16, 1])
x shape: torch.Size([16, 87, 8])
mask shape: torch.Size([16, 87])
lstm_output shape: torch.Size([16, 87, 170])
fc_output shape: torch.Size([16, 87, 85])
context shape: torch.Size([16, 85])
attention_weights shape: torch.Size([16, 87, 1])
x shape after cause_specific_fc: torch.Size([16, 127])
pmf_preds shape: [torch.Size([16, 5475])]
res shape: torch.Size([16, 1, 5475])
Average Loss: 1.155649037361145
Patience Counter: 1
Epoch 35/50
features shape: torch.Size([16, 87, 8]), mask shape: torch.Size([16, 87]), time_to_event shape: torch.Size([16, 1]), event_indicator shape: torch.Size([16, 1]), time_to_events shape: torch.Size([16, 87]), event_indicators shape: torch.Size([16, 87]), sequence lengths shape: torch.Size([16, 1])
x shape: torch.Size([16, 87, 8])
mask shape: torch.Size([16, 87])
lstm_output shape: torch.Size([16, 87, 170])
fc_output shape: torch.Size([16, 87, 85])
context shape: torch.Size([16, 85])
attention_weights shape: torch.Size([16, 87, 1])
x shape after cause_specific_fc: torch.Size([16, 127])
pmf_preds shape: [torch.Size([16, 5475])]
res shape: torch.Size([16, 1, 5475])
Average Loss: 1.1615910744667053
Patience Counter: 2
Epoch 36/50
features shape: torch.Size([16, 87, 8]), mask shape: torch.Size([16, 87]), time_to_event shape: torch.Size([16, 1]), event_indicator shape: torch.Size([16, 1]), time_to_events shape: torch.Size([16, 87]), event_indicators shape: torch.Size([16, 87]), sequence lengths shape: torch.Size([16, 1])
x shape: torch.Size([16, 87, 8])
mask shape: torch.Size([16, 87])
lstm_output shape: torch.Size([16, 87, 170])
fc_output shape: torch.Size([16, 87, 85])
context shape: torch.Size([16, 85])
attention_weights shape: torch.Size([16, 87, 1])
x shape after cause_specific_fc: torch.Size([16, 127])
pmf_preds shape: [torch.Size([16, 5475])]
res shape: torch.Size([16, 1, 5475])
Average Loss: 1.1552022981643677
Patience Counter: 3
Epoch 37/50
features shape: torch.Size([16, 87, 8]), mask shape: torch.Size([16, 87]), time_to_event shape: torch.Size([16, 1]), event_indicator shape: torch.Size([16, 1]), time_to_events shape: torch.Size([16, 87]), event_indicators shape: torch.Size([16, 87]), sequence lengths shape: torch.Size([16, 1])
x shape: torch.Size([16, 87, 8])
mask shape: torch.Size([16, 87])
lstm_output shape: torch.Size([16, 87, 170])
fc_output shape: torch.Size([16, 87, 85])
context shape: torch.Size([16, 85])
attention_weights shape: torch.Size([16, 87, 1])
x shape after cause_specific_fc: torch.Size([16, 127])
pmf_preds shape: [torch.Size([16, 5475])]
res shape: torch.Size([16, 1, 5475])
Average Loss: 1.1694187116622925
Patience Counter: 4
Epoch 38/50
features shape: torch.Size([16, 87, 8]), mask shape: torch.Size([16, 87]), time_to_event shape: torch.Size([16, 1]), event_indicator shape: torch.Size([16, 1]), time_to_events shape: torch.Size([16, 87]), event_indicators shape: torch.Size([16, 87]), sequence lengths shape: torch.Size([16, 1])
x shape: torch.Size([16, 87, 8])
mask shape: torch.Size([16, 87])
lstm_output shape: torch.Size([16, 87, 170])
fc_output shape: torch.Size([16, 87, 85])
context shape: torch.Size([16, 85])
attention_weights shape: torch.Size([16, 87, 1])
x shape after cause_specific_fc: torch.Size([16, 127])
pmf_preds shape: [torch.Size([16, 5475])]
res shape: torch.Size([16, 1, 5475])
Average Loss: 1.1489728951454163
Epoch 39/50
features shape: torch.Size([16, 87, 8]), mask shape: torch.Size([16, 87]), time_to_event shape: torch.Size([16, 1]), event_indicator shape: torch.Size([16, 1]), time_to_events shape: torch.Size([16, 87]), event_indicators shape: torch.Size([16, 87]), sequence lengths shape: torch.Size([16, 1])
x shape: torch.Size([16, 87, 8])
mask shape: torch.Size([16, 87])
lstm_output shape: torch.Size([16, 87, 170])
fc_output shape: torch.Size([16, 87, 85])
context shape: torch.Size([16, 85])
attention_weights shape: torch.Size([16, 87, 1])
x shape after cause_specific_fc: torch.Size([16, 127])
pmf_preds shape: [torch.Size([16, 5475])]
res shape: torch.Size([16, 1, 5475])
Average Loss: 1.1448698449134826
Epoch 40/50
features shape: torch.Size([16, 87, 8]), mask shape: torch.Size([16, 87]), time_to_event shape: torch.Size([16, 1]), event_indicator shape: torch.Size([16, 1]), time_to_events shape: torch.Size([16, 87]), event_indicators shape: torch.Size([16, 87]), sequence lengths shape: torch.Size([16, 1])
x shape: torch.Size([16, 87, 8])
mask shape: torch.Size([16, 87])
lstm_output shape: torch.Size([16, 87, 170])
fc_output shape: torch.Size([16, 87, 85])
context shape: torch.Size([16, 85])
attention_weights shape: torch.Size([16, 87, 1])
x shape after cause_specific_fc: torch.Size([16, 127])
pmf_preds shape: [torch.Size([16, 5475])]
res shape: torch.Size([16, 1, 5475])
Average Loss: 1.126055085659027
Epoch 41/50
features shape: torch.Size([16, 87, 8]), mask shape: torch.Size([16, 87]), time_to_event shape: torch.Size([16, 1]), event_indicator shape: torch.Size([16, 1]), time_to_events shape: torch.Size([16, 87]), event_indicators shape: torch.Size([16, 87]), sequence lengths shape: torch.Size([16, 1])
x shape: torch.Size([16, 87, 8])
mask shape: torch.Size([16, 87])
lstm_output shape: torch.Size([16, 87, 170])
fc_output shape: torch.Size([16, 87, 85])
context shape: torch.Size([16, 85])
attention_weights shape: torch.Size([16, 87, 1])
x shape after cause_specific_fc: torch.Size([16, 127])
pmf_preds shape: [torch.Size([16, 5475])]
res shape: torch.Size([16, 1, 5475])
Average Loss: 1.1344181942939757
Patience Counter: 1
Epoch 42/50
features shape: torch.Size([16, 87, 8]), mask shape: torch.Size([16, 87]), time_to_event shape: torch.Size([16, 1]), event_indicator shape: torch.Size([16, 1]), time_to_events shape: torch.Size([16, 87]), event_indicators shape: torch.Size([16, 87]), sequence lengths shape: torch.Size([16, 1])
x shape: torch.Size([16, 87, 8])
mask shape: torch.Size([16, 87])
lstm_output shape: torch.Size([16, 87, 170])
fc_output shape: torch.Size([16, 87, 85])
context shape: torch.Size([16, 85])
attention_weights shape: torch.Size([16, 87, 1])
x shape after cause_specific_fc: torch.Size([16, 127])
pmf_preds shape: [torch.Size([16, 5475])]
res shape: torch.Size([16, 1, 5475])
Average Loss: 1.140836308002472
Patience Counter: 2
Epoch 43/50
features shape: torch.Size([16, 87, 8]), mask shape: torch.Size([16, 87]), time_to_event shape: torch.Size([16, 1]), event_indicator shape: torch.Size([16, 1]), time_to_events shape: torch.Size([16, 87]), event_indicators shape: torch.Size([16, 87]), sequence lengths shape: torch.Size([16, 1])
x shape: torch.Size([16, 87, 8])
mask shape: torch.Size([16, 87])
lstm_output shape: torch.Size([16, 87, 170])
fc_output shape: torch.Size([16, 87, 85])
context shape: torch.Size([16, 85])
attention_weights shape: torch.Size([16, 87, 1])
x shape after cause_specific_fc: torch.Size([16, 127])
pmf_preds shape: [torch.Size([16, 5475])]
res shape: torch.Size([16, 1, 5475])
Average Loss: 1.127650465965271
Patience Counter: 3
Epoch 44/50
features shape: torch.Size([16, 87, 8]), mask shape: torch.Size([16, 87]), time_to_event shape: torch.Size([16, 1]), event_indicator shape: torch.Size([16, 1]), time_to_events shape: torch.Size([16, 87]), event_indicators shape: torch.Size([16, 87]), sequence lengths shape: torch.Size([16, 1])
x shape: torch.Size([16, 87, 8])
mask shape: torch.Size([16, 87])
lstm_output shape: torch.Size([16, 87, 170])
fc_output shape: torch.Size([16, 87, 85])
context shape: torch.Size([16, 85])
attention_weights shape: torch.Size([16, 87, 1])
x shape after cause_specific_fc: torch.Size([16, 127])
pmf_preds shape: [torch.Size([16, 5475])]
res shape: torch.Size([16, 1, 5475])
Average Loss: 1.1202055406570435
Epoch 45/50
features shape: torch.Size([16, 87, 8]), mask shape: torch.Size([16, 87]), time_to_event shape: torch.Size([16, 1]), event_indicator shape: torch.Size([16, 1]), time_to_events shape: torch.Size([16, 87]), event_indicators shape: torch.Size([16, 87]), sequence lengths shape: torch.Size([16, 1])
x shape: torch.Size([16, 87, 8])
mask shape: torch.Size([16, 87])
lstm_output shape: torch.Size([16, 87, 170])
fc_output shape: torch.Size([16, 87, 85])
context shape: torch.Size([16, 85])
attention_weights shape: torch.Size([16, 87, 1])
x shape after cause_specific_fc: torch.Size([16, 127])
pmf_preds shape: [torch.Size([16, 5475])]
res shape: torch.Size([16, 1, 5475])
Average Loss: 1.1143893527984619
Epoch 46/50
features shape: torch.Size([16, 87, 8]), mask shape: torch.Size([16, 87]), time_to_event shape: torch.Size([16, 1]), event_indicator shape: torch.Size([16, 1]), time_to_events shape: torch.Size([16, 87]), event_indicators shape: torch.Size([16, 87]), sequence lengths shape: torch.Size([16, 1])
x shape: torch.Size([16, 87, 8])
mask shape: torch.Size([16, 87])
lstm_output shape: torch.Size([16, 87, 170])
fc_output shape: torch.Size([16, 87, 85])
context shape: torch.Size([16, 85])
attention_weights shape: torch.Size([16, 87, 1])
x shape after cause_specific_fc: torch.Size([16, 127])
pmf_preds shape: [torch.Size([16, 5475])]
res shape: torch.Size([16, 1, 5475])
Average Loss: 1.1161364316940308
Patience Counter: 1
Epoch 47/50
features shape: torch.Size([16, 87, 8]), mask shape: torch.Size([16, 87]), time_to_event shape: torch.Size([16, 1]), event_indicator shape: torch.Size([16, 1]), time_to_events shape: torch.Size([16, 87]), event_indicators shape: torch.Size([16, 87]), sequence lengths shape: torch.Size([16, 1])
x shape: torch.Size([16, 87, 8])
mask shape: torch.Size([16, 87])
lstm_output shape: torch.Size([16, 87, 170])
fc_output shape: torch.Size([16, 87, 85])
context shape: torch.Size([16, 85])
attention_weights shape: torch.Size([16, 87, 1])
x shape after cause_specific_fc: torch.Size([16, 127])
pmf_preds shape: [torch.Size([16, 5475])]
res shape: torch.Size([16, 1, 5475])
Average Loss: 1.113944799900055
Epoch 48/50
features shape: torch.Size([16, 87, 8]), mask shape: torch.Size([16, 87]), time_to_event shape: torch.Size([16, 1]), event_indicator shape: torch.Size([16, 1]), time_to_events shape: torch.Size([16, 87]), event_indicators shape: torch.Size([16, 87]), sequence lengths shape: torch.Size([16, 1])
x shape: torch.Size([16, 87, 8])
mask shape: torch.Size([16, 87])
lstm_output shape: torch.Size([16, 87, 170])
fc_output shape: torch.Size([16, 87, 85])
context shape: torch.Size([16, 85])
attention_weights shape: torch.Size([16, 87, 1])
x shape after cause_specific_fc: torch.Size([16, 127])
pmf_preds shape: [torch.Size([16, 5475])]
res shape: torch.Size([16, 1, 5475])
Average Loss: 1.100104308128357
Epoch 49/50
features shape: torch.Size([16, 87, 8]), mask shape: torch.Size([16, 87]), time_to_event shape: torch.Size([16, 1]), event_indicator shape: torch.Size([16, 1]), time_to_events shape: torch.Size([16, 87]), event_indicators shape: torch.Size([16, 87]), sequence lengths shape: torch.Size([16, 1])
x shape: torch.Size([16, 87, 8])
mask shape: torch.Size([16, 87])
lstm_output shape: torch.Size([16, 87, 170])
fc_output shape: torch.Size([16, 87, 85])
context shape: torch.Size([16, 85])
attention_weights shape: torch.Size([16, 87, 1])
x shape after cause_specific_fc: torch.Size([16, 127])
pmf_preds shape: [torch.Size([16, 5475])]
res shape: torch.Size([16, 1, 5475])
Average Loss: 1.095669915676117
Epoch 50/50
features shape: torch.Size([16, 87, 8]), mask shape: torch.Size([16, 87]), time_to_event shape: torch.Size([16, 1]), event_indicator shape: torch.Size([16, 1]), time_to_events shape: torch.Size([16, 87]), event_indicators shape: torch.Size([16, 87]), sequence lengths shape: torch.Size([16, 1])
x shape: torch.Size([16, 87, 8])
mask shape: torch.Size([16, 87])
lstm_output shape: torch.Size([16, 87, 170])
fc_output shape: torch.Size([16, 87, 85])
context shape: torch.Size([16, 85])
attention_weights shape: torch.Size([16, 87, 1])
x shape after cause_specific_fc: torch.Size([16, 127])
pmf_preds shape: [torch.Size([16, 5475])]
res shape: torch.Size([16, 1, 5475])
Average Loss: 1.1033972787857056
Patience Counter: 1
features shape: torch.Size([16, 87, 8]), mask shape: torch.Size([16, 87]), T shape: torch.Size([16, 1]), E shape: torch.Size([16, 1]) cif shape: (16, 5475)
Processing subject 0 with time 1157 and event False cif at t_j: [0.54824954]
all_E shape: (400,) first 10 values: [False  True False  True  True  True False  True  True False]
all_R shape: (400,) first 10 values: [0.54824954 0.8281479  0.5344335  0.77884525 0.35567462 0.79784596
 0.49899793 0.90940535 0.83421534 0.72775257]
all_T shape: (400,) first 10 values: [1157    0 1140    0    0    0    0 2652 2335    0]
Global test C-index (scikit-survival): 0.739 number of concordant pairs: 32541
Global test C-index: 0.739
/home/minhn2/uiuc-kidney-failure/pkgs/experiments/dynamic_deephit.py:256: FutureWarning: You are using `torch.load` with `weights_only=False` (the current default value), which uses the default pickle module implicitly. It is possible to construct malicious pickle data which will execute arbitrary code during unpickling (See https://github.com/pytorch/pytorch/blob/main/SECURITY.md#untrusted-models for more details). In a future release, the default value for `weights_only` will be flipped to `True`. This limits the functions that could be executed during unpickling. Arbitrary objects will no longer be allowed to be loaded via this mode unless they are explicitly allowlisted by the user via `torch.serialization.add_safe_globals`. We recommend you start setting `weights_only=True` for any use case where you don't have full control of the loaded file. Please open an issue on GitHub for any issues related to this experimental feature.
  saved_model = torch.load(saved_path, map_location=device)
features shape: torch.Size([16, 87, 8]), mask shape: torch.Size([16, 87]), T shape: torch.Size([16, 1]), E shape: torch.Size([16, 1]) cif shape: (16, 5475)
Processing subject 0 with time 1157 and event False cif at t_j: [0.5256677]
all_E shape: (400,) first 10 values: [False  True False  True  True  True False  True  True False]
all_R shape: (400,) first 10 values: [0.5256677  0.9200641  0.51856714 0.89048165 0.15845294 0.8975005
 0.4166698  0.8509658  0.75352854 0.67725235]
all_T shape: (400,) first 10 values: [1157    0 1140    0    0    0    0 2652 2335    0]
Global test C-index (scikit-survival): 0.725 number of concordant pairs: 31888
Global test C-index: 0.725
Saved model C-index: 0.7246, Current trial C-index: 0.7395
New model is better, saving current model
[I 2026-08-27 01:01:28,750] Trial 2 finished with value: 0.7394673453619961 and parameters: {'num_layer': 2, 'hidden_dim_0': 85, 'hidden_dim_1': 127, 'learning_rate': 0.0002309794370921612, 'drop_out_rate': 0.12779892996647602, 'llh_loss': 0.582677453675313}. Best is trial 2 with value: 0.7394673453619961.
Using GPU: cuda:1 (utilization=0%, free_mem=10984MiB)
Running trial 3 for ExperimentScenario.EIGHT_FEATURES on device cuda:1
Train data path /home/minhn2/uiuc-kidney-failure/generated_data/rep99/eight_features_train_data.csv
Test data path /home/minhn2/uiuc-kidney-failure/generated_data/rep99/eight_features_test_data.csv
Number of patients: test 243 and train 400
Number of records: test 1100 and train 1856
Epoch 1/50
features shape: torch.Size([16, 87, 8]), mask shape: torch.Size([16, 87]), time_to_event shape: torch.Size([16, 1]), event_indicator shape: torch.Size([16, 1]), time_to_events shape: torch.Size([16, 87]), event_indicators shape: torch.Size([16, 87]), sequence lengths shape: torch.Size([16, 1])
x shape: torch.Size([16, 87, 8])
mask shape: torch.Size([16, 87])
lstm_output shape: torch.Size([16, 87, 40])
fc_output shape: torch.Size([16, 87, 20])
context shape: torch.Size([16, 20])
attention_weights shape: torch.Size([16, 87, 1])
x shape after cause_specific_fc: torch.Size([16, 98])
pmf_preds shape: [torch.Size([16, 5475])]
res shape: torch.Size([16, 1, 5475])
Average Loss: 3.216536493301392
Epoch 2/50
features shape: torch.Size([16, 87, 8]), mask shape: torch.Size([16, 87]), time_to_event shape: torch.Size([16, 1]), event_indicator shape: torch.Size([16, 1]), time_to_events shape: torch.Size([16, 87]), event_indicators shape: torch.Size([16, 87]), sequence lengths shape: torch.Size([16, 1])
x shape: torch.Size([16, 87, 8])
mask shape: torch.Size([16, 87])
lstm_output shape: torch.Size([16, 87, 40])
fc_output shape: torch.Size([16, 87, 20])
context shape: torch.Size([16, 20])
attention_weights shape: torch.Size([16, 87, 1])
x shape after cause_specific_fc: torch.Size([16, 98])
pmf_preds shape: [torch.Size([16, 5475])]
res shape: torch.Size([16, 1, 5475])
Average Loss: 3.2160268878936766
Epoch 3/50
features shape: torch.Size([16, 87, 8]), mask shape: torch.Size([16, 87]), time_to_event shape: torch.Size([16, 1]), event_indicator shape: torch.Size([16, 1]), time_to_events shape: torch.Size([16, 87]), event_indicators shape: torch.Size([16, 87]), sequence lengths shape: torch.Size([16, 1])
x shape: torch.Size([16, 87, 8])
mask shape: torch.Size([16, 87])
lstm_output shape: torch.Size([16, 87, 40])
fc_output shape: torch.Size([16, 87, 20])
context shape: torch.Size([16, 20])
attention_weights shape: torch.Size([16, 87, 1])
x shape after cause_specific_fc: torch.Size([16, 98])
pmf_preds shape: [torch.Size([16, 5475])]
res shape: torch.Size([16, 1, 5475])
Average Loss: 3.2146730709075926
Epoch 4/50
features shape: torch.Size([16, 87, 8]), mask shape: torch.Size([16, 87]), time_to_event shape: torch.Size([16, 1]), event_indicator shape: torch.Size([16, 1]), time_to_events shape: torch.Size([16, 87]), event_indicators shape: torch.Size([16, 87]), sequence lengths shape: torch.Size([16, 1])
x shape: torch.Size([16, 87, 8])
mask shape: torch.Size([16, 87])
lstm_output shape: torch.Size([16, 87, 40])
fc_output shape: torch.Size([16, 87, 20])
context shape: torch.Size([16, 20])
attention_weights shape: torch.Size([16, 87, 1])
x shape after cause_specific_fc: torch.Size([16, 98])
pmf_preds shape: [torch.Size([16, 5475])]
res shape: torch.Size([16, 1, 5475])
Average Loss: 3.211685047149658
Epoch 5/50
features shape: torch.Size([16, 87, 8]), mask shape: torch.Size([16, 87]), time_to_event shape: torch.Size([16, 1]), event_indicator shape: torch.Size([16, 1]), time_to_events shape: torch.Size([16, 87]), event_indicators shape: torch.Size([16, 87]), sequence lengths shape: torch.Size([16, 1])
x shape: torch.Size([16, 87, 8])
mask shape: torch.Size([16, 87])
lstm_output shape: torch.Size([16, 87, 40])
fc_output shape: torch.Size([16, 87, 20])
context shape: torch.Size([16, 20])
attention_weights shape: torch.Size([16, 87, 1])
x shape after cause_specific_fc: torch.Size([16, 98])
pmf_preds shape: [torch.Size([16, 5475])]
res shape: torch.Size([16, 1, 5475])
Average Loss: 3.209937152862549
Epoch 6/50
features shape: torch.Size([16, 87, 8]), mask shape: torch.Size([16, 87]), time_to_event shape: torch.Size([16, 1]), event_indicator shape: torch.Size([16, 1]), time_to_events shape: torch.Size([16, 87]), event_indicators shape: torch.Size([16, 87]), sequence lengths shape: torch.Size([16, 1])
x shape: torch.Size([16, 87, 8])
mask shape: torch.Size([16, 87])
lstm_output shape: torch.Size([16, 87, 40])
fc_output shape: torch.Size([16, 87, 20])
context shape: torch.Size([16, 20])
attention_weights shape: torch.Size([16, 87, 1])
x shape after cause_specific_fc: torch.Size([16, 98])
pmf_preds shape: [torch.Size([16, 5475])]
res shape: torch.Size([16, 1, 5475])
Average Loss: 3.2076036071777345
Epoch 7/50
features shape: torch.Size([16, 87, 8]), mask shape: torch.Size([16, 87]), time_to_event shape: torch.Size([16, 1]), event_indicator shape: torch.Size([16, 1]), time_to_events shape: torch.Size([16, 87]), event_indicators shape: torch.Size([16, 87]), sequence lengths shape: torch.Size([16, 1])
x shape: torch.Size([16, 87, 8])
mask shape: torch.Size([16, 87])
lstm_output shape: torch.Size([16, 87, 40])
fc_output shape: torch.Size([16, 87, 20])
context shape: torch.Size([16, 20])
attention_weights shape: torch.Size([16, 87, 1])
x shape after cause_specific_fc: torch.Size([16, 98])
pmf_preds shape: [torch.Size([16, 5475])]
res shape: torch.Size([16, 1, 5475])
Average Loss: 3.2044657707214355
Epoch 8/50
features shape: torch.Size([16, 87, 8]), mask shape: torch.Size([16, 87]), time_to_event shape: torch.Size([16, 1]), event_indicator shape: torch.Size([16, 1]), time_to_events shape: torch.Size([16, 87]), event_indicators shape: torch.Size([16, 87]), sequence lengths shape: torch.Size([16, 1])
x shape: torch.Size([16, 87, 8])
mask shape: torch.Size([16, 87])
lstm_output shape: torch.Size([16, 87, 40])
fc_output shape: torch.Size([16, 87, 20])
context shape: torch.Size([16, 20])
attention_weights shape: torch.Size([16, 87, 1])
x shape after cause_specific_fc: torch.Size([16, 98])
pmf_preds shape: [torch.Size([16, 5475])]
res shape: torch.Size([16, 1, 5475])
Average Loss: 3.20312783241272
Epoch 9/50
features shape: torch.Size([16, 87, 8]), mask shape: torch.Size([16, 87]), time_to_event shape: torch.Size([16, 1]), event_indicator shape: torch.Size([16, 1]), time_to_events shape: torch.Size([16, 87]), event_indicators shape: torch.Size([16, 87]), sequence lengths shape: torch.Size([16, 1])
x shape: torch.Size([16, 87, 8])
mask shape: torch.Size([16, 87])
lstm_output shape: torch.Size([16, 87, 40])
fc_output shape: torch.Size([16, 87, 20])
context shape: torch.Size([16, 20])
attention_weights shape: torch.Size([16, 87, 1])
x shape after cause_specific_fc: torch.Size([16, 98])
pmf_preds shape: [torch.Size([16, 5475])]
res shape: torch.Size([16, 1, 5475])
Average Loss: 3.201750988960266
Epoch 10/50
features shape: torch.Size([16, 87, 8]), mask shape: torch.Size([16, 87]), time_to_event shape: torch.Size([16, 1]), event_indicator shape: torch.Size([16, 1]), time_to_events shape: torch.Size([16, 87]), event_indicators shape: torch.Size([16, 87]), sequence lengths shape: torch.Size([16, 1])
x shape: torch.Size([16, 87, 8])
mask shape: torch.Size([16, 87])
lstm_output shape: torch.Size([16, 87, 40])
fc_output shape: torch.Size([16, 87, 20])
context shape: torch.Size([16, 20])
attention_weights shape: torch.Size([16, 87, 1])
x shape after cause_specific_fc: torch.Size([16, 98])
pmf_preds shape: [torch.Size([16, 5475])]
res shape: torch.Size([16, 1, 5475])
Average Loss: 3.1988913917541506
Epoch 11/50
features shape: torch.Size([16, 87, 8]), mask shape: torch.Size([16, 87]), time_to_event shape: torch.Size([16, 1]), event_indicator shape: torch.Size([16, 1]), time_to_events shape: torch.Size([16, 87]), event_indicators shape: torch.Size([16, 87]), sequence lengths shape: torch.Size([16, 1])
x shape: torch.Size([16, 87, 8])
mask shape: torch.Size([16, 87])
lstm_output shape: torch.Size([16, 87, 40])
fc_output shape: torch.Size([16, 87, 20])
context shape: torch.Size([16, 20])
attention_weights shape: torch.Size([16, 87, 1])
x shape after cause_specific_fc: torch.Size([16, 98])
pmf_preds shape: [torch.Size([16, 5475])]
res shape: torch.Size([16, 1, 5475])
Average Loss: 3.1971307468414305
Epoch 12/50
features shape: torch.Size([16, 87, 8]), mask shape: torch.Size([16, 87]), time_to_event shape: torch.Size([16, 1]), event_indicator shape: torch.Size([16, 1]), time_to_events shape: torch.Size([16, 87]), event_indicators shape: torch.Size([16, 87]), sequence lengths shape: torch.Size([16, 1])
x shape: torch.Size([16, 87, 8])
mask shape: torch.Size([16, 87])
lstm_output shape: torch.Size([16, 87, 40])
fc_output shape: torch.Size([16, 87, 20])
context shape: torch.Size([16, 20])
attention_weights shape: torch.Size([16, 87, 1])
x shape after cause_specific_fc: torch.Size([16, 98])
pmf_preds shape: [torch.Size([16, 5475])]
res shape: torch.Size([16, 1, 5475])
Average Loss: 3.195854024887085
Epoch 13/50
features shape: torch.Size([16, 87, 8]), mask shape: torch.Size([16, 87]), time_to_event shape: torch.Size([16, 1]), event_indicator shape: torch.Size([16, 1]), time_to_events shape: torch.Size([16, 87]), event_indicators shape: torch.Size([16, 87]), sequence lengths shape: torch.Size([16, 1])
x shape: torch.Size([16, 87, 8])
mask shape: torch.Size([16, 87])
lstm_output shape: torch.Size([16, 87, 40])
fc_output shape: torch.Size([16, 87, 20])
context shape: torch.Size([16, 20])
attention_weights shape: torch.Size([16, 87, 1])
x shape after cause_specific_fc: torch.Size([16, 98])
pmf_preds shape: [torch.Size([16, 5475])]
res shape: torch.Size([16, 1, 5475])
Average Loss: 3.192304267883301
Epoch 14/50
features shape: torch.Size([16, 87, 8]), mask shape: torch.Size([16, 87]), time_to_event shape: torch.Size([16, 1]), event_indicator shape: torch.Size([16, 1]), time_to_events shape: torch.Size([16, 87]), event_indicators shape: torch.Size([16, 87]), sequence lengths shape: torch.Size([16, 1])
x shape: torch.Size([16, 87, 8])
mask shape: torch.Size([16, 87])
lstm_output shape: torch.Size([16, 87, 40])
fc_output shape: torch.Size([16, 87, 20])
context shape: torch.Size([16, 20])
attention_weights shape: torch.Size([16, 87, 1])
x shape after cause_specific_fc: torch.Size([16, 98])
pmf_preds shape: [torch.Size([16, 5475])]
res shape: torch.Size([16, 1, 5475])
Average Loss: 3.190592956542969
Epoch 15/50
features shape: torch.Size([16, 87, 8]), mask shape: torch.Size([16, 87]), time_to_event shape: torch.Size([16, 1]), event_indicator shape: torch.Size([16, 1]), time_to_events shape: torch.Size([16, 87]), event_indicators shape: torch.Size([16, 87]), sequence lengths shape: torch.Size([16, 1])
x shape: torch.Size([16, 87, 8])
mask shape: torch.Size([16, 87])
lstm_output shape: torch.Size([16, 87, 40])
fc_output shape: torch.Size([16, 87, 20])
context shape: torch.Size([16, 20])
attention_weights shape: torch.Size([16, 87, 1])
x shape after cause_specific_fc: torch.Size([16, 98])
pmf_preds shape: [torch.Size([16, 5475])]
res shape: torch.Size([16, 1, 5475])
Average Loss: 3.1885311794281006
Epoch 16/50
features shape: torch.Size([16, 87, 8]), mask shape: torch.Size([16, 87]), time_to_event shape: torch.Size([16, 1]), event_indicator shape: torch.Size([16, 1]), time_to_events shape: torch.Size([16, 87]), event_indicators shape: torch.Size([16, 87]), sequence lengths shape: torch.Size([16, 1])
x shape: torch.Size([16, 87, 8])
mask shape: torch.Size([16, 87])
lstm_output shape: torch.Size([16, 87, 40])
fc_output shape: torch.Size([16, 87, 20])
context shape: torch.Size([16, 20])
attention_weights shape: torch.Size([16, 87, 1])
x shape after cause_specific_fc: torch.Size([16, 98])
pmf_preds shape: [torch.Size([16, 5475])]
res shape: torch.Size([16, 1, 5475])
Average Loss: 3.185752305984497
Epoch 17/50
features shape: torch.Size([16, 87, 8]), mask shape: torch.Size([16, 87]), time_to_event shape: torch.Size([16, 1]), event_indicator shape: torch.Size([16, 1]), time_to_events shape: torch.Size([16, 87]), event_indicators shape: torch.Size([16, 87]), sequence lengths shape: torch.Size([16, 1])
x shape: torch.Size([16, 87, 8])
mask shape: torch.Size([16, 87])
lstm_output shape: torch.Size([16, 87, 40])
fc_output shape: torch.Size([16, 87, 20])
context shape: torch.Size([16, 20])
attention_weights shape: torch.Size([16, 87, 1])
x shape after cause_specific_fc: torch.Size([16, 98])
pmf_preds shape: [torch.Size([16, 5475])]
res shape: torch.Size([16, 1, 5475])
Average Loss: 3.1837698364257814
Epoch 18/50
features shape: torch.Size([16, 87, 8]), mask shape: torch.Size([16, 87]), time_to_event shape: torch.Size([16, 1]), event_indicator shape: torch.Size([16, 1]), time_to_events shape: torch.Size([16, 87]), event_indicators shape: torch.Size([16, 87]), sequence lengths shape: torch.Size([16, 1])
x shape: torch.Size([16, 87, 8])
mask shape: torch.Size([16, 87])
lstm_output shape: torch.Size([16, 87, 40])
fc_output shape: torch.Size([16, 87, 20])
context shape: torch.Size([16, 20])
attention_weights shape: torch.Size([16, 87, 1])
x shape after cause_specific_fc: torch.Size([16, 98])
pmf_preds shape: [torch.Size([16, 5475])]
res shape: torch.Size([16, 1, 5475])
Average Loss: 3.180513801574707
Epoch 19/50
features shape: torch.Size([16, 87, 8]), mask shape: torch.Size([16, 87]), time_to_event shape: torch.Size([16, 1]), event_indicator shape: torch.Size([16, 1]), time_to_events shape: torch.Size([16, 87]), event_indicators shape: torch.Size([16, 87]), sequence lengths shape: torch.Size([16, 1])
x shape: torch.Size([16, 87, 8])
mask shape: torch.Size([16, 87])
lstm_output shape: torch.Size([16, 87, 40])
fc_output shape: torch.Size([16, 87, 20])
context shape: torch.Size([16, 20])
attention_weights shape: torch.Size([16, 87, 1])
x shape after cause_specific_fc: torch.Size([16, 98])
pmf_preds shape: [torch.Size([16, 5475])]
res shape: torch.Size([16, 1, 5475])
Average Loss: 3.1785384750366212
Epoch 20/50
features shape: torch.Size([16, 87, 8]), mask shape: torch.Size([16, 87]), time_to_event shape: torch.Size([16, 1]), event_indicator shape: torch.Size([16, 1]), time_to_events shape: torch.Size([16, 87]), event_indicators shape: torch.Size([16, 87]), sequence lengths shape: torch.Size([16, 1])
x shape: torch.Size([16, 87, 8])
mask shape: torch.Size([16, 87])
lstm_output shape: torch.Size([16, 87, 40])
fc_output shape: torch.Size([16, 87, 20])
context shape: torch.Size([16, 20])
attention_weights shape: torch.Size([16, 87, 1])
x shape after cause_specific_fc: torch.Size([16, 98])
pmf_preds shape: [torch.Size([16, 5475])]
res shape: torch.Size([16, 1, 5475])
Average Loss: 3.1785595655441283
Patience Counter: 1
Epoch 21/50
features shape: torch.Size([16, 87, 8]), mask shape: torch.Size([16, 87]), time_to_event shape: torch.Size([16, 1]), event_indicator shape: torch.Size([16, 1]), time_to_events shape: torch.Size([16, 87]), event_indicators shape: torch.Size([16, 87]), sequence lengths shape: torch.Size([16, 1])
x shape: torch.Size([16, 87, 8])
mask shape: torch.Size([16, 87])
lstm_output shape: torch.Size([16, 87, 40])
fc_output shape: torch.Size([16, 87, 20])
context shape: torch.Size([16, 20])
attention_weights shape: torch.Size([16, 87, 1])
x shape after cause_specific_fc: torch.Size([16, 98])
pmf_preds shape: [torch.Size([16, 5475])]
res shape: torch.Size([16, 1, 5475])
Average Loss: 3.1724800777435305
Epoch 22/50
features shape: torch.Size([16, 87, 8]), mask shape: torch.Size([16, 87]), time_to_event shape: torch.Size([16, 1]), event_indicator shape: torch.Size([16, 1]), time_to_events shape: torch.Size([16, 87]), event_indicators shape: torch.Size([16, 87]), sequence lengths shape: torch.Size([16, 1])
x shape: torch.Size([16, 87, 8])
mask shape: torch.Size([16, 87])
lstm_output shape: torch.Size([16, 87, 40])
fc_output shape: torch.Size([16, 87, 20])
context shape: torch.Size([16, 20])
attention_weights shape: torch.Size([16, 87, 1])
x shape after cause_specific_fc: torch.Size([16, 98])
pmf_preds shape: [torch.Size([16, 5475])]
res shape: torch.Size([16, 1, 5475])
Average Loss: 3.171233491897583
Epoch 23/50
features shape: torch.Size([16, 87, 8]), mask shape: torch.Size([16, 87]), time_to_event shape: torch.Size([16, 1]), event_indicator shape: torch.Size([16, 1]), time_to_events shape: torch.Size([16, 87]), event_indicators shape: torch.Size([16, 87]), sequence lengths shape: torch.Size([16, 1])
x shape: torch.Size([16, 87, 8])
mask shape: torch.Size([16, 87])
lstm_output shape: torch.Size([16, 87, 40])
fc_output shape: torch.Size([16, 87, 20])
context shape: torch.Size([16, 20])
attention_weights shape: torch.Size([16, 87, 1])
x shape after cause_specific_fc: torch.Size([16, 98])
pmf_preds shape: [torch.Size([16, 5475])]
res shape: torch.Size([16, 1, 5475])
Average Loss: 3.1680994510650633
Epoch 24/50
features shape: torch.Size([16, 87, 8]), mask shape: torch.Size([16, 87]), time_to_event shape: torch.Size([16, 1]), event_indicator shape: torch.Size([16, 1]), time_to_events shape: torch.Size([16, 87]), event_indicators shape: torch.Size([16, 87]), sequence lengths shape: torch.Size([16, 1])
x shape: torch.Size([16, 87, 8])
mask shape: torch.Size([16, 87])
lstm_output shape: torch.Size([16, 87, 40])
fc_output shape: torch.Size([16, 87, 20])
context shape: torch.Size([16, 20])
attention_weights shape: torch.Size([16, 87, 1])
x shape after cause_specific_fc: torch.Size([16, 98])
pmf_preds shape: [torch.Size([16, 5475])]
res shape: torch.Size([16, 1, 5475])
Average Loss: 3.1653561401367187
Epoch 25/50
features shape: torch.Size([16, 87, 8]), mask shape: torch.Size([16, 87]), time_to_event shape: torch.Size([16, 1]), event_indicator shape: torch.Size([16, 1]), time_to_events shape: torch.Size([16, 87]), event_indicators shape: torch.Size([16, 87]), sequence lengths shape: torch.Size([16, 1])
x shape: torch.Size([16, 87, 8])
mask shape: torch.Size([16, 87])
lstm_output shape: torch.Size([16, 87, 40])
fc_output shape: torch.Size([16, 87, 20])
context shape: torch.Size([16, 20])
attention_weights shape: torch.Size([16, 87, 1])
x shape after cause_specific_fc: torch.Size([16, 98])
pmf_preds shape: [torch.Size([16, 5475])]
res shape: torch.Size([16, 1, 5475])
Average Loss: 3.161703863143921
Epoch 26/50
features shape: torch.Size([16, 87, 8]), mask shape: torch.Size([16, 87]), time_to_event shape: torch.Size([16, 1]), event_indicator shape: torch.Size([16, 1]), time_to_events shape: torch.Size([16, 87]), event_indicators shape: torch.Size([16, 87]), sequence lengths shape: torch.Size([16, 1])
x shape: torch.Size([16, 87, 8])
mask shape: torch.Size([16, 87])
lstm_output shape: torch.Size([16, 87, 40])
fc_output shape: torch.Size([16, 87, 20])
context shape: torch.Size([16, 20])
attention_weights shape: torch.Size([16, 87, 1])
x shape after cause_specific_fc: torch.Size([16, 98])
pmf_preds shape: [torch.Size([16, 5475])]
res shape: torch.Size([16, 1, 5475])
Average Loss: 3.1581230640411375
Epoch 27/50
features shape: torch.Size([16, 87, 8]), mask shape: torch.Size([16, 87]), time_to_event shape: torch.Size([16, 1]), event_indicator shape: torch.Size([16, 1]), time_to_events shape: torch.Size([16, 87]), event_indicators shape: torch.Size([16, 87]), sequence lengths shape: torch.Size([16, 1])
x shape: torch.Size([16, 87, 8])
mask shape: torch.Size([16, 87])
lstm_output shape: torch.Size([16, 87, 40])
fc_output shape: torch.Size([16, 87, 20])
context shape: torch.Size([16, 20])
attention_weights shape: torch.Size([16, 87, 1])
x shape after cause_specific_fc: torch.Size([16, 98])
pmf_preds shape: [torch.Size([16, 5475])]
res shape: torch.Size([16, 1, 5475])
Average Loss: 3.156301622390747
Epoch 28/50
features shape: torch.Size([16, 87, 8]), mask shape: torch.Size([16, 87]), time_to_event shape: torch.Size([16, 1]), event_indicator shape: torch.Size([16, 1]), time_to_events shape: torch.Size([16, 87]), event_indicators shape: torch.Size([16, 87]), sequence lengths shape: torch.Size([16, 1])
x shape: torch.Size([16, 87, 8])
mask shape: torch.Size([16, 87])
lstm_output shape: torch.Size([16, 87, 40])
fc_output shape: torch.Size([16, 87, 20])
context shape: torch.Size([16, 20])
attention_weights shape: torch.Size([16, 87, 1])
x shape after cause_specific_fc: torch.Size([16, 98])
pmf_preds shape: [torch.Size([16, 5475])]
res shape: torch.Size([16, 1, 5475])
Average Loss: 3.1516274642944335
Epoch 29/50
features shape: torch.Size([16, 87, 8]), mask shape: torch.Size([16, 87]), time_to_event shape: torch.Size([16, 1]), event_indicator shape: torch.Size([16, 1]), time_to_events shape: torch.Size([16, 87]), event_indicators shape: torch.Size([16, 87]), sequence lengths shape: torch.Size([16, 1])
x shape: torch.Size([16, 87, 8])
mask shape: torch.Size([16, 87])
lstm_output shape: torch.Size([16, 87, 40])
fc_output shape: torch.Size([16, 87, 20])
context shape: torch.Size([16, 20])
attention_weights shape: torch.Size([16, 87, 1])
x shape after cause_specific_fc: torch.Size([16, 98])
pmf_preds shape: [torch.Size([16, 5475])]
res shape: torch.Size([16, 1, 5475])
Average Loss: 3.150308122634888
Epoch 30/50
features shape: torch.Size([16, 87, 8]), mask shape: torch.Size([16, 87]), time_to_event shape: torch.Size([16, 1]), event_indicator shape: torch.Size([16, 1]), time_to_events shape: torch.Size([16, 87]), event_indicators shape: torch.Size([16, 87]), sequence lengths shape: torch.Size([16, 1])
x shape: torch.Size([16, 87, 8])
mask shape: torch.Size([16, 87])
lstm_output shape: torch.Size([16, 87, 40])
fc_output shape: torch.Size([16, 87, 20])
context shape: torch.Size([16, 20])
attention_weights shape: torch.Size([16, 87, 1])
x shape after cause_specific_fc: torch.Size([16, 98])
pmf_preds shape: [torch.Size([16, 5475])]
res shape: torch.Size([16, 1, 5475])
Average Loss: 3.1475569009780884
Epoch 31/50
features shape: torch.Size([16, 87, 8]), mask shape: torch.Size([16, 87]), time_to_event shape: torch.Size([16, 1]), event_indicator shape: torch.Size([16, 1]), time_to_events shape: torch.Size([16, 87]), event_indicators shape: torch.Size([16, 87]), sequence lengths shape: torch.Size([16, 1])
x shape: torch.Size([16, 87, 8])
mask shape: torch.Size([16, 87])
lstm_output shape: torch.Size([16, 87, 40])
fc_output shape: torch.Size([16, 87, 20])
context shape: torch.Size([16, 20])
attention_weights shape: torch.Size([16, 87, 1])
x shape after cause_specific_fc: torch.Size([16, 98])
pmf_preds shape: [torch.Size([16, 5475])]
res shape: torch.Size([16, 1, 5475])
Average Loss: 3.1424819803237916
Epoch 32/50
features shape: torch.Size([16, 87, 8]), mask shape: torch.Size([16, 87]), time_to_event shape: torch.Size([16, 1]), event_indicator shape: torch.Size([16, 1]), time_to_events shape: torch.Size([16, 87]), event_indicators shape: torch.Size([16, 87]), sequence lengths shape: torch.Size([16, 1])
x shape: torch.Size([16, 87, 8])
mask shape: torch.Size([16, 87])
lstm_output shape: torch.Size([16, 87, 40])
fc_output shape: torch.Size([16, 87, 20])
context shape: torch.Size([16, 20])
attention_weights shape: torch.Size([16, 87, 1])
x shape after cause_specific_fc: torch.Size([16, 98])
pmf_preds shape: [torch.Size([16, 5475])]
res shape: torch.Size([16, 1, 5475])
Average Loss: 3.1408453750610352
Epoch 33/50
features shape: torch.Size([16, 87, 8]), mask shape: torch.Size([16, 87]), time_to_event shape: torch.Size([16, 1]), event_indicator shape: torch.Size([16, 1]), time_to_events shape: torch.Size([16, 87]), event_indicators shape: torch.Size([16, 87]), sequence lengths shape: torch.Size([16, 1])
x shape: torch.Size([16, 87, 8])
mask shape: torch.Size([16, 87])
lstm_output shape: torch.Size([16, 87, 40])
fc_output shape: torch.Size([16, 87, 20])
context shape: torch.Size([16, 20])
attention_weights shape: torch.Size([16, 87, 1])
x shape after cause_specific_fc: torch.Size([16, 98])
pmf_preds shape: [torch.Size([16, 5475])]
res shape: torch.Size([16, 1, 5475])
Average Loss: 3.1342716932296755
Epoch 34/50
features shape: torch.Size([16, 87, 8]), mask shape: torch.Size([16, 87]), time_to_event shape: torch.Size([16, 1]), event_indicator shape: torch.Size([16, 1]), time_to_events shape: torch.Size([16, 87]), event_indicators shape: torch.Size([16, 87]), sequence lengths shape: torch.Size([16, 1])
x shape: torch.Size([16, 87, 8])
mask shape: torch.Size([16, 87])
lstm_output shape: torch.Size([16, 87, 40])
fc_output shape: torch.Size([16, 87, 20])
context shape: torch.Size([16, 20])
attention_weights shape: torch.Size([16, 87, 1])
x shape after cause_specific_fc: torch.Size([16, 98])
pmf_preds shape: [torch.Size([16, 5475])]
res shape: torch.Size([16, 1, 5475])
Average Loss: 3.131444396972656
Epoch 35/50
features shape: torch.Size([16, 87, 8]), mask shape: torch.Size([16, 87]), time_to_event shape: torch.Size([16, 1]), event_indicator shape: torch.Size([16, 1]), time_to_events shape: torch.Size([16, 87]), event_indicators shape: torch.Size([16, 87]), sequence lengths shape: torch.Size([16, 1])
x shape: torch.Size([16, 87, 8])
mask shape: torch.Size([16, 87])
lstm_output shape: torch.Size([16, 87, 40])
fc_output shape: torch.Size([16, 87, 20])
context shape: torch.Size([16, 20])
attention_weights shape: torch.Size([16, 87, 1])
x shape after cause_specific_fc: torch.Size([16, 98])
pmf_preds shape: [torch.Size([16, 5475])]
res shape: torch.Size([16, 1, 5475])
Average Loss: 3.126577739715576
Epoch 36/50
features shape: torch.Size([16, 87, 8]), mask shape: torch.Size([16, 87]), time_to_event shape: torch.Size([16, 1]), event_indicator shape: torch.Size([16, 1]), time_to_events shape: torch.Size([16, 87]), event_indicators shape: torch.Size([16, 87]), sequence lengths shape: torch.Size([16, 1])
x shape: torch.Size([16, 87, 8])
mask shape: torch.Size([16, 87])
lstm_output shape: torch.Size([16, 87, 40])
fc_output shape: torch.Size([16, 87, 20])
context shape: torch.Size([16, 20])
attention_weights shape: torch.Size([16, 87, 1])
x shape after cause_specific_fc: torch.Size([16, 98])
pmf_preds shape: [torch.Size([16, 5475])]
res shape: torch.Size([16, 1, 5475])
Average Loss: 3.1225758266448973
Epoch 37/50
features shape: torch.Size([16, 87, 8]), mask shape: torch.Size([16, 87]), time_to_event shape: torch.Size([16, 1]), event_indicator shape: torch.Size([16, 1]), time_to_events shape: torch.Size([16, 87]), event_indicators shape: torch.Size([16, 87]), sequence lengths shape: torch.Size([16, 1])
x shape: torch.Size([16, 87, 8])
mask shape: torch.Size([16, 87])
lstm_output shape: torch.Size([16, 87, 40])
fc_output shape: torch.Size([16, 87, 20])
context shape: torch.Size([16, 20])
attention_weights shape: torch.Size([16, 87, 1])
x shape after cause_specific_fc: torch.Size([16, 98])
pmf_preds shape: [torch.Size([16, 5475])]
res shape: torch.Size([16, 1, 5475])
Average Loss: 3.116855192184448
Epoch 38/50
features shape: torch.Size([16, 87, 8]), mask shape: torch.Size([16, 87]), time_to_event shape: torch.Size([16, 1]), event_indicator shape: torch.Size([16, 1]), time_to_events shape: torch.Size([16, 87]), event_indicators shape: torch.Size([16, 87]), sequence lengths shape: torch.Size([16, 1])
x shape: torch.Size([16, 87, 8])
mask shape: torch.Size([16, 87])
lstm_output shape: torch.Size([16, 87, 40])
fc_output shape: torch.Size([16, 87, 20])
context shape: torch.Size([16, 20])
attention_weights shape: torch.Size([16, 87, 1])
x shape after cause_specific_fc: torch.Size([16, 98])
pmf_preds shape: [torch.Size([16, 5475])]
res shape: torch.Size([16, 1, 5475])
Average Loss: 3.1135741662979126
Epoch 39/50
features shape: torch.Size([16, 87, 8]), mask shape: torch.Size([16, 87]), time_to_event shape: torch.Size([16, 1]), event_indicator shape: torch.Size([16, 1]), time_to_events shape: torch.Size([16, 87]), event_indicators shape: torch.Size([16, 87]), sequence lengths shape: torch.Size([16, 1])
x shape: torch.Size([16, 87, 8])
mask shape: torch.Size([16, 87])
lstm_output shape: torch.Size([16, 87, 40])
fc_output shape: torch.Size([16, 87, 20])
context shape: torch.Size([16, 20])
attention_weights shape: torch.Size([16, 87, 1])
x shape after cause_specific_fc: torch.Size([16, 98])
pmf_preds shape: [torch.Size([16, 5475])]
res shape: torch.Size([16, 1, 5475])
Average Loss: 3.1064079332351686
Epoch 40/50
features shape: torch.Size([16, 87, 8]), mask shape: torch.Size([16, 87]), time_to_event shape: torch.Size([16, 1]), event_indicator shape: torch.Size([16, 1]), time_to_events shape: torch.Size([16, 87]), event_indicators shape: torch.Size([16, 87]), sequence lengths shape: torch.Size([16, 1])
x shape: torch.Size([16, 87, 8])
mask shape: torch.Size([16, 87])
lstm_output shape: torch.Size([16, 87, 40])
fc_output shape: torch.Size([16, 87, 20])
context shape: torch.Size([16, 20])
attention_weights shape: torch.Size([16, 87, 1])
x shape after cause_specific_fc: torch.Size([16, 98])
pmf_preds shape: [torch.Size([16, 5475])]
res shape: torch.Size([16, 1, 5475])
Average Loss: 3.101675271987915
Epoch 41/50
features shape: torch.Size([16, 87, 8]), mask shape: torch.Size([16, 87]), time_to_event shape: torch.Size([16, 1]), event_indicator shape: torch.Size([16, 1]), time_to_events shape: torch.Size([16, 87]), event_indicators shape: torch.Size([16, 87]), sequence lengths shape: torch.Size([16, 1])
x shape: torch.Size([16, 87, 8])
mask shape: torch.Size([16, 87])
lstm_output shape: torch.Size([16, 87, 40])
fc_output shape: torch.Size([16, 87, 20])
context shape: torch.Size([16, 20])
attention_weights shape: torch.Size([16, 87, 1])
x shape after cause_specific_fc: torch.Size([16, 98])
pmf_preds shape: [torch.Size([16, 5475])]
res shape: torch.Size([16, 1, 5475])
Average Loss: 3.095022506713867
Epoch 42/50
features shape: torch.Size([16, 87, 8]), mask shape: torch.Size([16, 87]), time_to_event shape: torch.Size([16, 1]), event_indicator shape: torch.Size([16, 1]), time_to_events shape: torch.Size([16, 87]), event_indicators shape: torch.Size([16, 87]), sequence lengths shape: torch.Size([16, 1])
x shape: torch.Size([16, 87, 8])
mask shape: torch.Size([16, 87])
lstm_output shape: torch.Size([16, 87, 40])
fc_output shape: torch.Size([16, 87, 20])
context shape: torch.Size([16, 20])
attention_weights shape: torch.Size([16, 87, 1])
x shape after cause_specific_fc: torch.Size([16, 98])
pmf_preds shape: [torch.Size([16, 5475])]
res shape: torch.Size([16, 1, 5475])
Average Loss: 3.0881603240966795
Epoch 43/50
features shape: torch.Size([16, 87, 8]), mask shape: torch.Size([16, 87]), time_to_event shape: torch.Size([16, 1]), event_indicator shape: torch.Size([16, 1]), time_to_events shape: torch.Size([16, 87]), event_indicators shape: torch.Size([16, 87]), sequence lengths shape: torch.Size([16, 1])
x shape: torch.Size([16, 87, 8])
mask shape: torch.Size([16, 87])
lstm_output shape: torch.Size([16, 87, 40])
fc_output shape: torch.Size([16, 87, 20])
context shape: torch.Size([16, 20])
attention_weights shape: torch.Size([16, 87, 1])
x shape after cause_specific_fc: torch.Size([16, 98])
pmf_preds shape: [torch.Size([16, 5475])]
res shape: torch.Size([16, 1, 5475])
Average Loss: 3.0818474674224854
Epoch 44/50
features shape: torch.Size([16, 87, 8]), mask shape: torch.Size([16, 87]), time_to_event shape: torch.Size([16, 1]), event_indicator shape: torch.Size([16, 1]), time_to_events shape: torch.Size([16, 87]), event_indicators shape: torch.Size([16, 87]), sequence lengths shape: torch.Size([16, 1])
x shape: torch.Size([16, 87, 8])
mask shape: torch.Size([16, 87])
lstm_output shape: torch.Size([16, 87, 40])
fc_output shape: torch.Size([16, 87, 20])
context shape: torch.Size([16, 20])
attention_weights shape: torch.Size([16, 87, 1])
x shape after cause_specific_fc: torch.Size([16, 98])
pmf_preds shape: [torch.Size([16, 5475])]
res shape: torch.Size([16, 1, 5475])
Average Loss: 3.0745420932769774
Epoch 45/50
features shape: torch.Size([16, 87, 8]), mask shape: torch.Size([16, 87]), time_to_event shape: torch.Size([16, 1]), event_indicator shape: torch.Size([16, 1]), time_to_events shape: torch.Size([16, 87]), event_indicators shape: torch.Size([16, 87]), sequence lengths shape: torch.Size([16, 1])
x shape: torch.Size([16, 87, 8])
mask shape: torch.Size([16, 87])
lstm_output shape: torch.Size([16, 87, 40])
fc_output shape: torch.Size([16, 87, 20])
context shape: torch.Size([16, 20])
attention_weights shape: torch.Size([16, 87, 1])
x shape after cause_specific_fc: torch.Size([16, 98])
pmf_preds shape: [torch.Size([16, 5475])]
res shape: torch.Size([16, 1, 5475])
Average Loss: 3.0681617069244385
Epoch 46/50
features shape: torch.Size([16, 87, 8]), mask shape: torch.Size([16, 87]), time_to_event shape: torch.Size([16, 1]), event_indicator shape: torch.Size([16, 1]), time_to_events shape: torch.Size([16, 87]), event_indicators shape: torch.Size([16, 87]), sequence lengths shape: torch.Size([16, 1])
x shape: torch.Size([16, 87, 8])
mask shape: torch.Size([16, 87])
lstm_output shape: torch.Size([16, 87, 40])
fc_output shape: torch.Size([16, 87, 20])
context shape: torch.Size([16, 20])
attention_weights shape: torch.Size([16, 87, 1])
x shape after cause_specific_fc: torch.Size([16, 98])
pmf_preds shape: [torch.Size([16, 5475])]
res shape: torch.Size([16, 1, 5475])
Average Loss: 3.0584987926483156
Epoch 47/50
features shape: torch.Size([16, 87, 8]), mask shape: torch.Size([16, 87]), time_to_event shape: torch.Size([16, 1]), event_indicator shape: torch.Size([16, 1]), time_to_events shape: torch.Size([16, 87]), event_indicators shape: torch.Size([16, 87]), sequence lengths shape: torch.Size([16, 1])
x shape: torch.Size([16, 87, 8])
mask shape: torch.Size([16, 87])
lstm_output shape: torch.Size([16, 87, 40])
fc_output shape: torch.Size([16, 87, 20])
context shape: torch.Size([16, 20])
attention_weights shape: torch.Size([16, 87, 1])
x shape after cause_specific_fc: torch.Size([16, 98])
pmf_preds shape: [torch.Size([16, 5475])]
res shape: torch.Size([16, 1, 5475])
Average Loss: 3.048108654022217
Epoch 48/50
features shape: torch.Size([16, 87, 8]), mask shape: torch.Size([16, 87]), time_to_event shape: torch.Size([16, 1]), event_indicator shape: torch.Size([16, 1]), time_to_events shape: torch.Size([16, 87]), event_indicators shape: torch.Size([16, 87]), sequence lengths shape: torch.Size([16, 1])
x shape: torch.Size([16, 87, 8])
mask shape: torch.Size([16, 87])
lstm_output shape: torch.Size([16, 87, 40])
fc_output shape: torch.Size([16, 87, 20])
context shape: torch.Size([16, 20])
attention_weights shape: torch.Size([16, 87, 1])
x shape after cause_specific_fc: torch.Size([16, 98])
pmf_preds shape: [torch.Size([16, 5475])]
res shape: torch.Size([16, 1, 5475])
Average Loss: 3.0420881271362306
Epoch 49/50
features shape: torch.Size([16, 87, 8]), mask shape: torch.Size([16, 87]), time_to_event shape: torch.Size([16, 1]), event_indicator shape: torch.Size([16, 1]), time_to_events shape: torch.Size([16, 87]), event_indicators shape: torch.Size([16, 87]), sequence lengths shape: torch.Size([16, 1])
x shape: torch.Size([16, 87, 8])
mask shape: torch.Size([16, 87])
lstm_output shape: torch.Size([16, 87, 40])
fc_output shape: torch.Size([16, 87, 20])
context shape: torch.Size([16, 20])
attention_weights shape: torch.Size([16, 87, 1])
x shape after cause_specific_fc: torch.Size([16, 98])
pmf_preds shape: [torch.Size([16, 5475])]
res shape: torch.Size([16, 1, 5475])
Average Loss: 3.031346530914307
Epoch 50/50
features shape: torch.Size([16, 87, 8]), mask shape: torch.Size([16, 87]), time_to_event shape: torch.Size([16, 1]), event_indicator shape: torch.Size([16, 1]), time_to_events shape: torch.Size([16, 87]), event_indicators shape: torch.Size([16, 87]), sequence lengths shape: torch.Size([16, 1])
x shape: torch.Size([16, 87, 8])
mask shape: torch.Size([16, 87])
lstm_output shape: torch.Size([16, 87, 40])
fc_output shape: torch.Size([16, 87, 20])
context shape: torch.Size([16, 20])
attention_weights shape: torch.Size([16, 87, 1])
x shape after cause_specific_fc: torch.Size([16, 98])
pmf_preds shape: [torch.Size([16, 5475])]
res shape: torch.Size([16, 1, 5475])
Average Loss: 3.0199083137512206
features shape: torch.Size([16, 87, 8]), mask shape: torch.Size([16, 87]), T shape: torch.Size([16, 1]), E shape: torch.Size([16, 1]) cif shape: (16, 5475)
Processing subject 0 with time 1157 and event False cif at t_j: [0.21327142]
all_E shape: (400,) first 10 values: [False  True False  True  True  True False  True  True False]
all_R shape: (400,) first 10 values: [0.21327142 0.00052558 0.21025015 0.00052564 0.00056298 0.00052701
 0.00053827 0.48586255 0.42891312 0.00053723]
all_T shape: (400,) first 10 values: [1157    0 1140    0    0    0    0 2652 2335    0]
Global test C-index (scikit-survival): 0.104 number of concordant pairs: 4565
Global test C-index: 0.104
/home/minhn2/uiuc-kidney-failure/pkgs/experiments/dynamic_deephit.py:256: FutureWarning: You are using `torch.load` with `weights_only=False` (the current default value), which uses the default pickle module implicitly. It is possible to construct malicious pickle data which will execute arbitrary code during unpickling (See https://github.com/pytorch/pytorch/blob/main/SECURITY.md#untrusted-models for more details). In a future release, the default value for `weights_only` will be flipped to `True`. This limits the functions that could be executed during unpickling. Arbitrary objects will no longer be allowed to be loaded via this mode unless they are explicitly allowlisted by the user via `torch.serialization.add_safe_globals`. We recommend you start setting `weights_only=True` for any use case where you don't have full control of the loaded file. Please open an issue on GitHub for any issues related to this experimental feature.
  saved_model = torch.load(saved_path, map_location=device)
features shape: torch.Size([16, 87, 8]), mask shape: torch.Size([16, 87]), T shape: torch.Size([16, 1]), E shape: torch.Size([16, 1]) cif shape: (16, 5475)
Processing subject 0 with time 1157 and event False cif at t_j: [0.54824954]
all_E shape: (400,) first 10 values: [False  True False  True  True  True False  True  True False]
all_R shape: (400,) first 10 values: [0.54824954 0.8281479  0.5344335  0.77884525 0.35567462 0.79784596
 0.49899793 0.90940535 0.83421534 0.72775257]
all_T shape: (400,) first 10 values: [1157    0 1140    0    0    0    0 2652 2335    0]
Global test C-index (scikit-survival): 0.739 number of concordant pairs: 32541
Global test C-index: 0.739
Saved model C-index: 0.7395, Current trial C-index: 0.1038
Saved model is better, keeping it
[I 2026-08-27 01:03:01,606] Trial 3 finished with value: 0.10381538881061673 and parameters: {'num_layer': 2, 'hidden_dim_0': 20, 'hidden_dim_1': 98, 'learning_rate': 1.2125778102623925e-05, 'drop_out_rate': 0.1881235645893785, 'llh_loss': 0.5189780048987375}. Best is trial 2 with value: 0.7394673453619961.
Using GPU: cuda:7 (utilization=0%, free_mem=10986MiB)
Running trial 4 for ExperimentScenario.EIGHT_FEATURES on device cuda:7
Train data path /home/minhn2/uiuc-kidney-failure/generated_data/rep99/eight_features_train_data.csv
Test data path /home/minhn2/uiuc-kidney-failure/generated_data/rep99/eight_features_test_data.csv
Number of patients: test 243 and train 400
Number of records: test 1100 and train 1856
Epoch 1/50
features shape: torch.Size([16, 87, 8]), mask shape: torch.Size([16, 87]), time_to_event shape: torch.Size([16, 1]), event_indicator shape: torch.Size([16, 1]), time_to_events shape: torch.Size([16, 87]), event_indicators shape: torch.Size([16, 87]), sequence lengths shape: torch.Size([16, 1])
x shape: torch.Size([16, 87, 8])
mask shape: torch.Size([16, 87])
lstm_output shape: torch.Size([16, 87, 178])
fc_output shape: torch.Size([16, 87, 89])
context shape: torch.Size([16, 89])
attention_weights shape: torch.Size([16, 87, 1])
x shape after cause_specific_fc: torch.Size([16, 89])
pmf_preds shape: [torch.Size([16, 5475])]
res shape: torch.Size([16, 1, 5475])
Average Loss: 1.7946231651306153
Epoch 2/50
features shape: torch.Size([16, 87, 8]), mask shape: torch.Size([16, 87]), time_to_event shape: torch.Size([16, 1]), event_indicator shape: torch.Size([16, 1]), time_to_events shape: torch.Size([16, 87]), event_indicators shape: torch.Size([16, 87]), sequence lengths shape: torch.Size([16, 1])
x shape: torch.Size([16, 87, 8])
mask shape: torch.Size([16, 87])
lstm_output shape: torch.Size([16, 87, 178])
fc_output shape: torch.Size([16, 87, 89])
context shape: torch.Size([16, 89])
attention_weights shape: torch.Size([16, 87, 1])
x shape after cause_specific_fc: torch.Size([16, 89])
pmf_preds shape: [torch.Size([16, 5475])]
res shape: torch.Size([16, 1, 5475])
Average Loss: 1.3074291348457336
Epoch 3/50
features shape: torch.Size([16, 87, 8]), mask shape: torch.Size([16, 87]), time_to_event shape: torch.Size([16, 1]), event_indicator shape: torch.Size([16, 1]), time_to_events shape: torch.Size([16, 87]), event_indicators shape: torch.Size([16, 87]), sequence lengths shape: torch.Size([16, 1])
x shape: torch.Size([16, 87, 8])
mask shape: torch.Size([16, 87])
lstm_output shape: torch.Size([16, 87, 178])
fc_output shape: torch.Size([16, 87, 89])
context shape: torch.Size([16, 89])
attention_weights shape: torch.Size([16, 87, 1])
x shape after cause_specific_fc: torch.Size([16, 89])
pmf_preds shape: [torch.Size([16, 5475])]
res shape: torch.Size([16, 1, 5475])
Average Loss: 1.2379023122787476
Epoch 4/50
features shape: torch.Size([16, 87, 8]), mask shape: torch.Size([16, 87]), time_to_event shape: torch.Size([16, 1]), event_indicator shape: torch.Size([16, 1]), time_to_events shape: torch.Size([16, 87]), event_indicators shape: torch.Size([16, 87]), sequence lengths shape: torch.Size([16, 1])
x shape: torch.Size([16, 87, 8])
mask shape: torch.Size([16, 87])
lstm_output shape: torch.Size([16, 87, 178])
fc_output shape: torch.Size([16, 87, 89])
context shape: torch.Size([16, 89])
attention_weights shape: torch.Size([16, 87, 1])
x shape after cause_specific_fc: torch.Size([16, 89])
pmf_preds shape: [torch.Size([16, 5475])]
res shape: torch.Size([16, 1, 5475])
Average Loss: 1.2252199411392213
Epoch 5/50
features shape: torch.Size([16, 87, 8]), mask shape: torch.Size([16, 87]), time_to_event shape: torch.Size([16, 1]), event_indicator shape: torch.Size([16, 1]), time_to_events shape: torch.Size([16, 87]), event_indicators shape: torch.Size([16, 87]), sequence lengths shape: torch.Size([16, 1])
x shape: torch.Size([16, 87, 8])
mask shape: torch.Size([16, 87])
lstm_output shape: torch.Size([16, 87, 178])
fc_output shape: torch.Size([16, 87, 89])
context shape: torch.Size([16, 89])
attention_weights shape: torch.Size([16, 87, 1])
x shape after cause_specific_fc: torch.Size([16, 89])
pmf_preds shape: [torch.Size([16, 5475])]
res shape: torch.Size([16, 1, 5475])
Average Loss: 1.217694218158722
Epoch 6/50
features shape: torch.Size([16, 87, 8]), mask shape: torch.Size([16, 87]), time_to_event shape: torch.Size([16, 1]), event_indicator shape: torch.Size([16, 1]), time_to_events shape: torch.Size([16, 87]), event_indicators shape: torch.Size([16, 87]), sequence lengths shape: torch.Size([16, 1])
x shape: torch.Size([16, 87, 8])
mask shape: torch.Size([16, 87])
lstm_output shape: torch.Size([16, 87, 178])
fc_output shape: torch.Size([16, 87, 89])
context shape: torch.Size([16, 89])
attention_weights shape: torch.Size([16, 87, 1])
x shape after cause_specific_fc: torch.Size([16, 89])
pmf_preds shape: [torch.Size([16, 5475])]
res shape: torch.Size([16, 1, 5475])
Average Loss: 1.2104689598083496
Epoch 7/50
features shape: torch.Size([16, 87, 8]), mask shape: torch.Size([16, 87]), time_to_event shape: torch.Size([16, 1]), event_indicator shape: torch.Size([16, 1]), time_to_events shape: torch.Size([16, 87]), event_indicators shape: torch.Size([16, 87]), sequence lengths shape: torch.Size([16, 1])
x shape: torch.Size([16, 87, 8])
mask shape: torch.Size([16, 87])
lstm_output shape: torch.Size([16, 87, 178])
fc_output shape: torch.Size([16, 87, 89])
context shape: torch.Size([16, 89])
attention_weights shape: torch.Size([16, 87, 1])
x shape after cause_specific_fc: torch.Size([16, 89])
pmf_preds shape: [torch.Size([16, 5475])]
res shape: torch.Size([16, 1, 5475])
Average Loss: 1.200938789844513
Epoch 8/50
features shape: torch.Size([16, 87, 8]), mask shape: torch.Size([16, 87]), time_to_event shape: torch.Size([16, 1]), event_indicator shape: torch.Size([16, 1]), time_to_events shape: torch.Size([16, 87]), event_indicators shape: torch.Size([16, 87]), sequence lengths shape: torch.Size([16, 1])
x shape: torch.Size([16, 87, 8])
mask shape: torch.Size([16, 87])
lstm_output shape: torch.Size([16, 87, 178])
fc_output shape: torch.Size([16, 87, 89])
context shape: torch.Size([16, 89])
attention_weights shape: torch.Size([16, 87, 1])
x shape after cause_specific_fc: torch.Size([16, 89])
pmf_preds shape: [torch.Size([16, 5475])]
res shape: torch.Size([16, 1, 5475])
Average Loss: 1.1840502166748046
Epoch 9/50
features shape: torch.Size([16, 87, 8]), mask shape: torch.Size([16, 87]), time_to_event shape: torch.Size([16, 1]), event_indicator shape: torch.Size([16, 1]), time_to_events shape: torch.Size([16, 87]), event_indicators shape: torch.Size([16, 87]), sequence lengths shape: torch.Size([16, 1])
x shape: torch.Size([16, 87, 8])
mask shape: torch.Size([16, 87])
lstm_output shape: torch.Size([16, 87, 178])
fc_output shape: torch.Size([16, 87, 89])
context shape: torch.Size([16, 89])
attention_weights shape: torch.Size([16, 87, 1])
x shape after cause_specific_fc: torch.Size([16, 89])
pmf_preds shape: [torch.Size([16, 5475])]
res shape: torch.Size([16, 1, 5475])
Average Loss: 1.1693426609039306
Epoch 10/50
features shape: torch.Size([16, 87, 8]), mask shape: torch.Size([16, 87]), time_to_event shape: torch.Size([16, 1]), event_indicator shape: torch.Size([16, 1]), time_to_events shape: torch.Size([16, 87]), event_indicators shape: torch.Size([16, 87]), sequence lengths shape: torch.Size([16, 1])
x shape: torch.Size([16, 87, 8])
mask shape: torch.Size([16, 87])
lstm_output shape: torch.Size([16, 87, 178])
fc_output shape: torch.Size([16, 87, 89])
context shape: torch.Size([16, 89])
attention_weights shape: torch.Size([16, 87, 1])
x shape after cause_specific_fc: torch.Size([16, 89])
pmf_preds shape: [torch.Size([16, 5475])]
res shape: torch.Size([16, 1, 5475])
Average Loss: 1.164164159297943
Epoch 11/50
features shape: torch.Size([16, 87, 8]), mask shape: torch.Size([16, 87]), time_to_event shape: torch.Size([16, 1]), event_indicator shape: torch.Size([16, 1]), time_to_events shape: torch.Size([16, 87]), event_indicators shape: torch.Size([16, 87]), sequence lengths shape: torch.Size([16, 1])
x shape: torch.Size([16, 87, 8])
mask shape: torch.Size([16, 87])
lstm_output shape: torch.Size([16, 87, 178])
fc_output shape: torch.Size([16, 87, 89])
context shape: torch.Size([16, 89])
attention_weights shape: torch.Size([16, 87, 1])
x shape after cause_specific_fc: torch.Size([16, 89])
pmf_preds shape: [torch.Size([16, 5475])]
res shape: torch.Size([16, 1, 5475])
Average Loss: 1.155736792087555
Epoch 12/50
features shape: torch.Size([16, 87, 8]), mask shape: torch.Size([16, 87]), time_to_event shape: torch.Size([16, 1]), event_indicator shape: torch.Size([16, 1]), time_to_events shape: torch.Size([16, 87]), event_indicators shape: torch.Size([16, 87]), sequence lengths shape: torch.Size([16, 1])
x shape: torch.Size([16, 87, 8])
mask shape: torch.Size([16, 87])
lstm_output shape: torch.Size([16, 87, 178])
fc_output shape: torch.Size([16, 87, 89])
context shape: torch.Size([16, 89])
attention_weights shape: torch.Size([16, 87, 1])
x shape after cause_specific_fc: torch.Size([16, 89])
pmf_preds shape: [torch.Size([16, 5475])]
res shape: torch.Size([16, 1, 5475])
Average Loss: 1.1513685584068298
Epoch 13/50
features shape: torch.Size([16, 87, 8]), mask shape: torch.Size([16, 87]), time_to_event shape: torch.Size([16, 1]), event_indicator shape: torch.Size([16, 1]), time_to_events shape: torch.Size([16, 87]), event_indicators shape: torch.Size([16, 87]), sequence lengths shape: torch.Size([16, 1])
x shape: torch.Size([16, 87, 8])
mask shape: torch.Size([16, 87])
lstm_output shape: torch.Size([16, 87, 178])
fc_output shape: torch.Size([16, 87, 89])
context shape: torch.Size([16, 89])
attention_weights shape: torch.Size([16, 87, 1])
x shape after cause_specific_fc: torch.Size([16, 89])
pmf_preds shape: [torch.Size([16, 5475])]
res shape: torch.Size([16, 1, 5475])
Average Loss: 1.145667073726654
Epoch 14/50
features shape: torch.Size([16, 87, 8]), mask shape: torch.Size([16, 87]), time_to_event shape: torch.Size([16, 1]), event_indicator shape: torch.Size([16, 1]), time_to_events shape: torch.Size([16, 87]), event_indicators shape: torch.Size([16, 87]), sequence lengths shape: torch.Size([16, 1])
x shape: torch.Size([16, 87, 8])
mask shape: torch.Size([16, 87])
lstm_output shape: torch.Size([16, 87, 178])
fc_output shape: torch.Size([16, 87, 89])
context shape: torch.Size([16, 89])
attention_weights shape: torch.Size([16, 87, 1])
x shape after cause_specific_fc: torch.Size([16, 89])
pmf_preds shape: [torch.Size([16, 5475])]
res shape: torch.Size([16, 1, 5475])
Average Loss: 1.1440031909942627
Epoch 15/50
features shape: torch.Size([16, 87, 8]), mask shape: torch.Size([16, 87]), time_to_event shape: torch.Size([16, 1]), event_indicator shape: torch.Size([16, 1]), time_to_events shape: torch.Size([16, 87]), event_indicators shape: torch.Size([16, 87]), sequence lengths shape: torch.Size([16, 1])
x shape: torch.Size([16, 87, 8])
mask shape: torch.Size([16, 87])
lstm_output shape: torch.Size([16, 87, 178])
fc_output shape: torch.Size([16, 87, 89])
context shape: torch.Size([16, 89])
attention_weights shape: torch.Size([16, 87, 1])
x shape after cause_specific_fc: torch.Size([16, 89])
pmf_preds shape: [torch.Size([16, 5475])]
res shape: torch.Size([16, 1, 5475])
Average Loss: 1.1436572432518006
Epoch 16/50
features shape: torch.Size([16, 87, 8]), mask shape: torch.Size([16, 87]), time_to_event shape: torch.Size([16, 1]), event_indicator shape: torch.Size([16, 1]), time_to_events shape: torch.Size([16, 87]), event_indicators shape: torch.Size([16, 87]), sequence lengths shape: torch.Size([16, 1])
x shape: torch.Size([16, 87, 8])
mask shape: torch.Size([16, 87])
lstm_output shape: torch.Size([16, 87, 178])
fc_output shape: torch.Size([16, 87, 89])
context shape: torch.Size([16, 89])
attention_weights shape: torch.Size([16, 87, 1])
x shape after cause_specific_fc: torch.Size([16, 89])
pmf_preds shape: [torch.Size([16, 5475])]
res shape: torch.Size([16, 1, 5475])
Average Loss: 1.1372196865081787
Epoch 17/50
features shape: torch.Size([16, 87, 8]), mask shape: torch.Size([16, 87]), time_to_event shape: torch.Size([16, 1]), event_indicator shape: torch.Size([16, 1]), time_to_events shape: torch.Size([16, 87]), event_indicators shape: torch.Size([16, 87]), sequence lengths shape: torch.Size([16, 1])
x shape: torch.Size([16, 87, 8])
mask shape: torch.Size([16, 87])
lstm_output shape: torch.Size([16, 87, 178])
fc_output shape: torch.Size([16, 87, 89])
context shape: torch.Size([16, 89])
attention_weights shape: torch.Size([16, 87, 1])
x shape after cause_specific_fc: torch.Size([16, 89])
pmf_preds shape: [torch.Size([16, 5475])]
res shape: torch.Size([16, 1, 5475])
Average Loss: 1.131837203502655
Epoch 18/50
features shape: torch.Size([16, 87, 8]), mask shape: torch.Size([16, 87]), time_to_event shape: torch.Size([16, 1]), event_indicator shape: torch.Size([16, 1]), time_to_events shape: torch.Size([16, 87]), event_indicators shape: torch.Size([16, 87]), sequence lengths shape: torch.Size([16, 1])
x shape: torch.Size([16, 87, 8])
mask shape: torch.Size([16, 87])
lstm_output shape: torch.Size([16, 87, 178])
fc_output shape: torch.Size([16, 87, 89])
context shape: torch.Size([16, 89])
attention_weights shape: torch.Size([16, 87, 1])
x shape after cause_specific_fc: torch.Size([16, 89])
pmf_preds shape: [torch.Size([16, 5475])]
res shape: torch.Size([16, 1, 5475])
Average Loss: 1.1291608476638795
Epoch 19/50
features shape: torch.Size([16, 87, 8]), mask shape: torch.Size([16, 87]), time_to_event shape: torch.Size([16, 1]), event_indicator shape: torch.Size([16, 1]), time_to_events shape: torch.Size([16, 87]), event_indicators shape: torch.Size([16, 87]), sequence lengths shape: torch.Size([16, 1])
x shape: torch.Size([16, 87, 8])
mask shape: torch.Size([16, 87])
lstm_output shape: torch.Size([16, 87, 178])
fc_output shape: torch.Size([16, 87, 89])
context shape: torch.Size([16, 89])
attention_weights shape: torch.Size([16, 87, 1])
x shape after cause_specific_fc: torch.Size([16, 89])
pmf_preds shape: [torch.Size([16, 5475])]
res shape: torch.Size([16, 1, 5475])
Average Loss: 1.1365819025039672
Patience Counter: 1
Epoch 20/50
features shape: torch.Size([16, 87, 8]), mask shape: torch.Size([16, 87]), time_to_event shape: torch.Size([16, 1]), event_indicator shape: torch.Size([16, 1]), time_to_events shape: torch.Size([16, 87]), event_indicators shape: torch.Size([16, 87]), sequence lengths shape: torch.Size([16, 1])
x shape: torch.Size([16, 87, 8])
mask shape: torch.Size([16, 87])
lstm_output shape: torch.Size([16, 87, 178])
fc_output shape: torch.Size([16, 87, 89])
context shape: torch.Size([16, 89])
attention_weights shape: torch.Size([16, 87, 1])
x shape after cause_specific_fc: torch.Size([16, 89])
pmf_preds shape: [torch.Size([16, 5475])]
res shape: torch.Size([16, 1, 5475])
Average Loss: 1.1254130959510804
Epoch 21/50
features shape: torch.Size([16, 87, 8]), mask shape: torch.Size([16, 87]), time_to_event shape: torch.Size([16, 1]), event_indicator shape: torch.Size([16, 1]), time_to_events shape: torch.Size([16, 87]), event_indicators shape: torch.Size([16, 87]), sequence lengths shape: torch.Size([16, 1])
x shape: torch.Size([16, 87, 8])
mask shape: torch.Size([16, 87])
lstm_output shape: torch.Size([16, 87, 178])
fc_output shape: torch.Size([16, 87, 89])
context shape: torch.Size([16, 89])
attention_weights shape: torch.Size([16, 87, 1])
x shape after cause_specific_fc: torch.Size([16, 89])
pmf_preds shape: [torch.Size([16, 5475])]
res shape: torch.Size([16, 1, 5475])
Average Loss: 1.1256018447875977
Patience Counter: 1
Epoch 22/50
features shape: torch.Size([16, 87, 8]), mask shape: torch.Size([16, 87]), time_to_event shape: torch.Size([16, 1]), event_indicator shape: torch.Size([16, 1]), time_to_events shape: torch.Size([16, 87]), event_indicators shape: torch.Size([16, 87]), sequence lengths shape: torch.Size([16, 1])
x shape: torch.Size([16, 87, 8])
mask shape: torch.Size([16, 87])
lstm_output shape: torch.Size([16, 87, 178])
fc_output shape: torch.Size([16, 87, 89])
context shape: torch.Size([16, 89])
attention_weights shape: torch.Size([16, 87, 1])
x shape after cause_specific_fc: torch.Size([16, 89])
pmf_preds shape: [torch.Size([16, 5475])]
res shape: torch.Size([16, 1, 5475])
Average Loss: 1.1214724230766295
Epoch 23/50
features shape: torch.Size([16, 87, 8]), mask shape: torch.Size([16, 87]), time_to_event shape: torch.Size([16, 1]), event_indicator shape: torch.Size([16, 1]), time_to_events shape: torch.Size([16, 87]), event_indicators shape: torch.Size([16, 87]), sequence lengths shape: torch.Size([16, 1])
x shape: torch.Size([16, 87, 8])
mask shape: torch.Size([16, 87])
lstm_output shape: torch.Size([16, 87, 178])
fc_output shape: torch.Size([16, 87, 89])
context shape: torch.Size([16, 89])
attention_weights shape: torch.Size([16, 87, 1])
x shape after cause_specific_fc: torch.Size([16, 89])
pmf_preds shape: [torch.Size([16, 5475])]
res shape: torch.Size([16, 1, 5475])
Average Loss: 1.1177445292472838
Epoch 24/50
features shape: torch.Size([16, 87, 8]), mask shape: torch.Size([16, 87]), time_to_event shape: torch.Size([16, 1]), event_indicator shape: torch.Size([16, 1]), time_to_events shape: torch.Size([16, 87]), event_indicators shape: torch.Size([16, 87]), sequence lengths shape: torch.Size([16, 1])
x shape: torch.Size([16, 87, 8])
mask shape: torch.Size([16, 87])
lstm_output shape: torch.Size([16, 87, 178])
fc_output shape: torch.Size([16, 87, 89])
context shape: torch.Size([16, 89])
attention_weights shape: torch.Size([16, 87, 1])
x shape after cause_specific_fc: torch.Size([16, 89])
pmf_preds shape: [torch.Size([16, 5475])]
res shape: torch.Size([16, 1, 5475])
Average Loss: 1.121120915412903
Patience Counter: 1
Epoch 25/50
features shape: torch.Size([16, 87, 8]), mask shape: torch.Size([16, 87]), time_to_event shape: torch.Size([16, 1]), event_indicator shape: torch.Size([16, 1]), time_to_events shape: torch.Size([16, 87]), event_indicators shape: torch.Size([16, 87]), sequence lengths shape: torch.Size([16, 1])
x shape: torch.Size([16, 87, 8])
mask shape: torch.Size([16, 87])
lstm_output shape: torch.Size([16, 87, 178])
fc_output shape: torch.Size([16, 87, 89])
context shape: torch.Size([16, 89])
attention_weights shape: torch.Size([16, 87, 1])
x shape after cause_specific_fc: torch.Size([16, 89])
pmf_preds shape: [torch.Size([16, 5475])]
res shape: torch.Size([16, 1, 5475])
Average Loss: 1.1117560982704162
Epoch 26/50
features shape: torch.Size([16, 87, 8]), mask shape: torch.Size([16, 87]), time_to_event shape: torch.Size([16, 1]), event_indicator shape: torch.Size([16, 1]), time_to_events shape: torch.Size([16, 87]), event_indicators shape: torch.Size([16, 87]), sequence lengths shape: torch.Size([16, 1])
x shape: torch.Size([16, 87, 8])
mask shape: torch.Size([16, 87])
lstm_output shape: torch.Size([16, 87, 178])
fc_output shape: torch.Size([16, 87, 89])
context shape: torch.Size([16, 89])
attention_weights shape: torch.Size([16, 87, 1])
x shape after cause_specific_fc: torch.Size([16, 89])
pmf_preds shape: [torch.Size([16, 5475])]
res shape: torch.Size([16, 1, 5475])
Average Loss: 1.1151608896255494
Patience Counter: 1
Epoch 27/50
features shape: torch.Size([16, 87, 8]), mask shape: torch.Size([16, 87]), time_to_event shape: torch.Size([16, 1]), event_indicator shape: torch.Size([16, 1]), time_to_events shape: torch.Size([16, 87]), event_indicators shape: torch.Size([16, 87]), sequence lengths shape: torch.Size([16, 1])
x shape: torch.Size([16, 87, 8])
mask shape: torch.Size([16, 87])
lstm_output shape: torch.Size([16, 87, 178])
fc_output shape: torch.Size([16, 87, 89])
context shape: torch.Size([16, 89])
attention_weights shape: torch.Size([16, 87, 1])
x shape after cause_specific_fc: torch.Size([16, 89])
pmf_preds shape: [torch.Size([16, 5475])]
res shape: torch.Size([16, 1, 5475])
Average Loss: 1.109911289215088
Epoch 28/50
features shape: torch.Size([16, 87, 8]), mask shape: torch.Size([16, 87]), time_to_event shape: torch.Size([16, 1]), event_indicator shape: torch.Size([16, 1]), time_to_events shape: torch.Size([16, 87]), event_indicators shape: torch.Size([16, 87]), sequence lengths shape: torch.Size([16, 1])
x shape: torch.Size([16, 87, 8])
mask shape: torch.Size([16, 87])
lstm_output shape: torch.Size([16, 87, 178])
fc_output shape: torch.Size([16, 87, 89])
context shape: torch.Size([16, 89])
attention_weights shape: torch.Size([16, 87, 1])
x shape after cause_specific_fc: torch.Size([16, 89])
pmf_preds shape: [torch.Size([16, 5475])]
res shape: torch.Size([16, 1, 5475])
Average Loss: 1.1027001070976257
Epoch 29/50
features shape: torch.Size([16, 87, 8]), mask shape: torch.Size([16, 87]), time_to_event shape: torch.Size([16, 1]), event_indicator shape: torch.Size([16, 1]), time_to_events shape: torch.Size([16, 87]), event_indicators shape: torch.Size([16, 87]), sequence lengths shape: torch.Size([16, 1])
x shape: torch.Size([16, 87, 8])
mask shape: torch.Size([16, 87])
lstm_output shape: torch.Size([16, 87, 178])
fc_output shape: torch.Size([16, 87, 89])
context shape: torch.Size([16, 89])
attention_weights shape: torch.Size([16, 87, 1])
x shape after cause_specific_fc: torch.Size([16, 89])
pmf_preds shape: [torch.Size([16, 5475])]
res shape: torch.Size([16, 1, 5475])
Average Loss: 1.1102852606773377
Patience Counter: 1
Epoch 30/50
features shape: torch.Size([16, 87, 8]), mask shape: torch.Size([16, 87]), time_to_event shape: torch.Size([16, 1]), event_indicator shape: torch.Size([16, 1]), time_to_events shape: torch.Size([16, 87]), event_indicators shape: torch.Size([16, 87]), sequence lengths shape: torch.Size([16, 1])
x shape: torch.Size([16, 87, 8])
mask shape: torch.Size([16, 87])
lstm_output shape: torch.Size([16, 87, 178])
fc_output shape: torch.Size([16, 87, 89])
context shape: torch.Size([16, 89])
attention_weights shape: torch.Size([16, 87, 1])
x shape after cause_specific_fc: torch.Size([16, 89])
pmf_preds shape: [torch.Size([16, 5475])]
res shape: torch.Size([16, 1, 5475])
Average Loss: 1.0985458850860597
Epoch 31/50
features shape: torch.Size([16, 87, 8]), mask shape: torch.Size([16, 87]), time_to_event shape: torch.Size([16, 1]), event_indicator shape: torch.Size([16, 1]), time_to_events shape: torch.Size([16, 87]), event_indicators shape: torch.Size([16, 87]), sequence lengths shape: torch.Size([16, 1])
x shape: torch.Size([16, 87, 8])
mask shape: torch.Size([16, 87])
lstm_output shape: torch.Size([16, 87, 178])
fc_output shape: torch.Size([16, 87, 89])
context shape: torch.Size([16, 89])
attention_weights shape: torch.Size([16, 87, 1])
x shape after cause_specific_fc: torch.Size([16, 89])
pmf_preds shape: [torch.Size([16, 5475])]
res shape: torch.Size([16, 1, 5475])
Average Loss: 1.1040626025199891
Patience Counter: 1
Epoch 32/50
features shape: torch.Size([16, 87, 8]), mask shape: torch.Size([16, 87]), time_to_event shape: torch.Size([16, 1]), event_indicator shape: torch.Size([16, 1]), time_to_events shape: torch.Size([16, 87]), event_indicators shape: torch.Size([16, 87]), sequence lengths shape: torch.Size([16, 1])
x shape: torch.Size([16, 87, 8])
mask shape: torch.Size([16, 87])
lstm_output shape: torch.Size([16, 87, 178])
fc_output shape: torch.Size([16, 87, 89])
context shape: torch.Size([16, 89])
attention_weights shape: torch.Size([16, 87, 1])
x shape after cause_specific_fc: torch.Size([16, 89])
pmf_preds shape: [torch.Size([16, 5475])]
res shape: torch.Size([16, 1, 5475])
Average Loss: 1.1021323418617248
Patience Counter: 2
Epoch 33/50
features shape: torch.Size([16, 87, 8]), mask shape: torch.Size([16, 87]), time_to_event shape: torch.Size([16, 1]), event_indicator shape: torch.Size([16, 1]), time_to_events shape: torch.Size([16, 87]), event_indicators shape: torch.Size([16, 87]), sequence lengths shape: torch.Size([16, 1])
x shape: torch.Size([16, 87, 8])
mask shape: torch.Size([16, 87])
lstm_output shape: torch.Size([16, 87, 178])
fc_output shape: torch.Size([16, 87, 89])
context shape: torch.Size([16, 89])
attention_weights shape: torch.Size([16, 87, 1])
x shape after cause_specific_fc: torch.Size([16, 89])
pmf_preds shape: [torch.Size([16, 5475])]
res shape: torch.Size([16, 1, 5475])
Average Loss: 1.092615475654602
Epoch 34/50
features shape: torch.Size([16, 87, 8]), mask shape: torch.Size([16, 87]), time_to_event shape: torch.Size([16, 1]), event_indicator shape: torch.Size([16, 1]), time_to_events shape: torch.Size([16, 87]), event_indicators shape: torch.Size([16, 87]), sequence lengths shape: torch.Size([16, 1])
x shape: torch.Size([16, 87, 8])
mask shape: torch.Size([16, 87])
lstm_output shape: torch.Size([16, 87, 178])
fc_output shape: torch.Size([16, 87, 89])
context shape: torch.Size([16, 89])
attention_weights shape: torch.Size([16, 87, 1])
x shape after cause_specific_fc: torch.Size([16, 89])
pmf_preds shape: [torch.Size([16, 5475])]
res shape: torch.Size([16, 1, 5475])
Average Loss: 1.096403124332428
Patience Counter: 1
Epoch 35/50
features shape: torch.Size([16, 87, 8]), mask shape: torch.Size([16, 87]), time_to_event shape: torch.Size([16, 1]), event_indicator shape: torch.Size([16, 1]), time_to_events shape: torch.Size([16, 87]), event_indicators shape: torch.Size([16, 87]), sequence lengths shape: torch.Size([16, 1])
x shape: torch.Size([16, 87, 8])
mask shape: torch.Size([16, 87])
lstm_output shape: torch.Size([16, 87, 178])
fc_output shape: torch.Size([16, 87, 89])
context shape: torch.Size([16, 89])
attention_weights shape: torch.Size([16, 87, 1])
x shape after cause_specific_fc: torch.Size([16, 89])
pmf_preds shape: [torch.Size([16, 5475])]
res shape: torch.Size([16, 1, 5475])
Average Loss: 1.0874695324897765
Epoch 36/50
features shape: torch.Size([16, 87, 8]), mask shape: torch.Size([16, 87]), time_to_event shape: torch.Size([16, 1]), event_indicator shape: torch.Size([16, 1]), time_to_events shape: torch.Size([16, 87]), event_indicators shape: torch.Size([16, 87]), sequence lengths shape: torch.Size([16, 1])
x shape: torch.Size([16, 87, 8])
mask shape: torch.Size([16, 87])
lstm_output shape: torch.Size([16, 87, 178])
fc_output shape: torch.Size([16, 87, 89])
context shape: torch.Size([16, 89])
attention_weights shape: torch.Size([16, 87, 1])
x shape after cause_specific_fc: torch.Size([16, 89])
pmf_preds shape: [torch.Size([16, 5475])]
res shape: torch.Size([16, 1, 5475])
Average Loss: 1.088307340145111
Patience Counter: 1
Epoch 37/50
features shape: torch.Size([16, 87, 8]), mask shape: torch.Size([16, 87]), time_to_event shape: torch.Size([16, 1]), event_indicator shape: torch.Size([16, 1]), time_to_events shape: torch.Size([16, 87]), event_indicators shape: torch.Size([16, 87]), sequence lengths shape: torch.Size([16, 1])
x shape: torch.Size([16, 87, 8])
mask shape: torch.Size([16, 87])
lstm_output shape: torch.Size([16, 87, 178])
fc_output shape: torch.Size([16, 87, 89])
context shape: torch.Size([16, 89])
attention_weights shape: torch.Size([16, 87, 1])
x shape after cause_specific_fc: torch.Size([16, 89])
pmf_preds shape: [torch.Size([16, 5475])]
res shape: torch.Size([16, 1, 5475])
Average Loss: 1.092482452392578
Patience Counter: 2
Epoch 38/50
features shape: torch.Size([16, 87, 8]), mask shape: torch.Size([16, 87]), time_to_event shape: torch.Size([16, 1]), event_indicator shape: torch.Size([16, 1]), time_to_events shape: torch.Size([16, 87]), event_indicators shape: torch.Size([16, 87]), sequence lengths shape: torch.Size([16, 1])
x shape: torch.Size([16, 87, 8])
mask shape: torch.Size([16, 87])
lstm_output shape: torch.Size([16, 87, 178])
fc_output shape: torch.Size([16, 87, 89])
context shape: torch.Size([16, 89])
attention_weights shape: torch.Size([16, 87, 1])
x shape after cause_specific_fc: torch.Size([16, 89])
pmf_preds shape: [torch.Size([16, 5475])]
res shape: torch.Size([16, 1, 5475])
Average Loss: 1.0843892455101014
Epoch 39/50
features shape: torch.Size([16, 87, 8]), mask shape: torch.Size([16, 87]), time_to_event shape: torch.Size([16, 1]), event_indicator shape: torch.Size([16, 1]), time_to_events shape: torch.Size([16, 87]), event_indicators shape: torch.Size([16, 87]), sequence lengths shape: torch.Size([16, 1])
x shape: torch.Size([16, 87, 8])
mask shape: torch.Size([16, 87])
lstm_output shape: torch.Size([16, 87, 178])
fc_output shape: torch.Size([16, 87, 89])
context shape: torch.Size([16, 89])
attention_weights shape: torch.Size([16, 87, 1])
x shape after cause_specific_fc: torch.Size([16, 89])
pmf_preds shape: [torch.Size([16, 5475])]
res shape: torch.Size([16, 1, 5475])
Average Loss: 1.0890232443809509
Patience Counter: 1
Epoch 40/50
features shape: torch.Size([16, 87, 8]), mask shape: torch.Size([16, 87]), time_to_event shape: torch.Size([16, 1]), event_indicator shape: torch.Size([16, 1]), time_to_events shape: torch.Size([16, 87]), event_indicators shape: torch.Size([16, 87]), sequence lengths shape: torch.Size([16, 1])
x shape: torch.Size([16, 87, 8])
mask shape: torch.Size([16, 87])
lstm_output shape: torch.Size([16, 87, 178])
fc_output shape: torch.Size([16, 87, 89])
context shape: torch.Size([16, 89])
attention_weights shape: torch.Size([16, 87, 1])
x shape after cause_specific_fc: torch.Size([16, 89])
pmf_preds shape: [torch.Size([16, 5475])]
res shape: torch.Size([16, 1, 5475])
Average Loss: 1.0799404382705688
Epoch 41/50
features shape: torch.Size([16, 87, 8]), mask shape: torch.Size([16, 87]), time_to_event shape: torch.Size([16, 1]), event_indicator shape: torch.Size([16, 1]), time_to_events shape: torch.Size([16, 87]), event_indicators shape: torch.Size([16, 87]), sequence lengths shape: torch.Size([16, 1])
x shape: torch.Size([16, 87, 8])
mask shape: torch.Size([16, 87])
lstm_output shape: torch.Size([16, 87, 178])
fc_output shape: torch.Size([16, 87, 89])
context shape: torch.Size([16, 89])
attention_weights shape: torch.Size([16, 87, 1])
x shape after cause_specific_fc: torch.Size([16, 89])
pmf_preds shape: [torch.Size([16, 5475])]
res shape: torch.Size([16, 1, 5475])
Average Loss: 1.0812369060516358
Patience Counter: 1
Epoch 42/50
features shape: torch.Size([16, 87, 8]), mask shape: torch.Size([16, 87]), time_to_event shape: torch.Size([16, 1]), event_indicator shape: torch.Size([16, 1]), time_to_events shape: torch.Size([16, 87]), event_indicators shape: torch.Size([16, 87]), sequence lengths shape: torch.Size([16, 1])
x shape: torch.Size([16, 87, 8])
mask shape: torch.Size([16, 87])
lstm_output shape: torch.Size([16, 87, 178])
fc_output shape: torch.Size([16, 87, 89])
context shape: torch.Size([16, 89])
attention_weights shape: torch.Size([16, 87, 1])
x shape after cause_specific_fc: torch.Size([16, 89])
pmf_preds shape: [torch.Size([16, 5475])]
res shape: torch.Size([16, 1, 5475])
Average Loss: 1.0768839025497436
Epoch 43/50
features shape: torch.Size([16, 87, 8]), mask shape: torch.Size([16, 87]), time_to_event shape: torch.Size([16, 1]), event_indicator shape: torch.Size([16, 1]), time_to_events shape: torch.Size([16, 87]), event_indicators shape: torch.Size([16, 87]), sequence lengths shape: torch.Size([16, 1])
x shape: torch.Size([16, 87, 8])
mask shape: torch.Size([16, 87])
lstm_output shape: torch.Size([16, 87, 178])
fc_output shape: torch.Size([16, 87, 89])
context shape: torch.Size([16, 89])
attention_weights shape: torch.Size([16, 87, 1])
x shape after cause_specific_fc: torch.Size([16, 89])
pmf_preds shape: [torch.Size([16, 5475])]
res shape: torch.Size([16, 1, 5475])
Average Loss: 1.0794891142845153
Patience Counter: 1
Epoch 44/50
features shape: torch.Size([16, 87, 8]), mask shape: torch.Size([16, 87]), time_to_event shape: torch.Size([16, 1]), event_indicator shape: torch.Size([16, 1]), time_to_events shape: torch.Size([16, 87]), event_indicators shape: torch.Size([16, 87]), sequence lengths shape: torch.Size([16, 1])
x shape: torch.Size([16, 87, 8])
mask shape: torch.Size([16, 87])
lstm_output shape: torch.Size([16, 87, 178])
fc_output shape: torch.Size([16, 87, 89])
context shape: torch.Size([16, 89])
attention_weights shape: torch.Size([16, 87, 1])
x shape after cause_specific_fc: torch.Size([16, 89])
pmf_preds shape: [torch.Size([16, 5475])]
res shape: torch.Size([16, 1, 5475])
Average Loss: 1.0707467937469481
Epoch 45/50
features shape: torch.Size([16, 87, 8]), mask shape: torch.Size([16, 87]), time_to_event shape: torch.Size([16, 1]), event_indicator shape: torch.Size([16, 1]), time_to_events shape: torch.Size([16, 87]), event_indicators shape: torch.Size([16, 87]), sequence lengths shape: torch.Size([16, 1])
x shape: torch.Size([16, 87, 8])
mask shape: torch.Size([16, 87])
lstm_output shape: torch.Size([16, 87, 178])
fc_output shape: torch.Size([16, 87, 89])
context shape: torch.Size([16, 89])
attention_weights shape: torch.Size([16, 87, 1])
x shape after cause_specific_fc: torch.Size([16, 89])
pmf_preds shape: [torch.Size([16, 5475])]
res shape: torch.Size([16, 1, 5475])
Average Loss: 1.0694365692138672
Epoch 46/50
features shape: torch.Size([16, 87, 8]), mask shape: torch.Size([16, 87]), time_to_event shape: torch.Size([16, 1]), event_indicator shape: torch.Size([16, 1]), time_to_events shape: torch.Size([16, 87]), event_indicators shape: torch.Size([16, 87]), sequence lengths shape: torch.Size([16, 1])
x shape: torch.Size([16, 87, 8])
mask shape: torch.Size([16, 87])
lstm_output shape: torch.Size([16, 87, 178])
fc_output shape: torch.Size([16, 87, 89])
context shape: torch.Size([16, 89])
attention_weights shape: torch.Size([16, 87, 1])
x shape after cause_specific_fc: torch.Size([16, 89])
pmf_preds shape: [torch.Size([16, 5475])]
res shape: torch.Size([16, 1, 5475])
Average Loss: 1.071758279800415
Patience Counter: 1
Epoch 47/50
features shape: torch.Size([16, 87, 8]), mask shape: torch.Size([16, 87]), time_to_event shape: torch.Size([16, 1]), event_indicator shape: torch.Size([16, 1]), time_to_events shape: torch.Size([16, 87]), event_indicators shape: torch.Size([16, 87]), sequence lengths shape: torch.Size([16, 1])
x shape: torch.Size([16, 87, 8])
mask shape: torch.Size([16, 87])
lstm_output shape: torch.Size([16, 87, 178])
fc_output shape: torch.Size([16, 87, 89])
context shape: torch.Size([16, 89])
attention_weights shape: torch.Size([16, 87, 1])
x shape after cause_specific_fc: torch.Size([16, 89])
pmf_preds shape: [torch.Size([16, 5475])]
res shape: torch.Size([16, 1, 5475])
Average Loss: 1.0623137164115906
Epoch 48/50
features shape: torch.Size([16, 87, 8]), mask shape: torch.Size([16, 87]), time_to_event shape: torch.Size([16, 1]), event_indicator shape: torch.Size([16, 1]), time_to_events shape: torch.Size([16, 87]), event_indicators shape: torch.Size([16, 87]), sequence lengths shape: torch.Size([16, 1])
x shape: torch.Size([16, 87, 8])
mask shape: torch.Size([16, 87])
lstm_output shape: torch.Size([16, 87, 178])
fc_output shape: torch.Size([16, 87, 89])
context shape: torch.Size([16, 89])
attention_weights shape: torch.Size([16, 87, 1])
x shape after cause_specific_fc: torch.Size([16, 89])
pmf_preds shape: [torch.Size([16, 5475])]
res shape: torch.Size([16, 1, 5475])
Average Loss: 1.0664463353157043
Patience Counter: 1
Epoch 49/50
features shape: torch.Size([16, 87, 8]), mask shape: torch.Size([16, 87]), time_to_event shape: torch.Size([16, 1]), event_indicator shape: torch.Size([16, 1]), time_to_events shape: torch.Size([16, 87]), event_indicators shape: torch.Size([16, 87]), sequence lengths shape: torch.Size([16, 1])
x shape: torch.Size([16, 87, 8])
mask shape: torch.Size([16, 87])
lstm_output shape: torch.Size([16, 87, 178])
fc_output shape: torch.Size([16, 87, 89])
context shape: torch.Size([16, 89])
attention_weights shape: torch.Size([16, 87, 1])
x shape after cause_specific_fc: torch.Size([16, 89])
pmf_preds shape: [torch.Size([16, 5475])]
res shape: torch.Size([16, 1, 5475])
Average Loss: 1.0646830677986145
Patience Counter: 2
Epoch 50/50
features shape: torch.Size([16, 87, 8]), mask shape: torch.Size([16, 87]), time_to_event shape: torch.Size([16, 1]), event_indicator shape: torch.Size([16, 1]), time_to_events shape: torch.Size([16, 87]), event_indicators shape: torch.Size([16, 87]), sequence lengths shape: torch.Size([16, 1])
x shape: torch.Size([16, 87, 8])
mask shape: torch.Size([16, 87])
lstm_output shape: torch.Size([16, 87, 178])
fc_output shape: torch.Size([16, 87, 89])
context shape: torch.Size([16, 89])
attention_weights shape: torch.Size([16, 87, 1])
x shape after cause_specific_fc: torch.Size([16, 89])
pmf_preds shape: [torch.Size([16, 5475])]
res shape: torch.Size([16, 1, 5475])
Average Loss: 1.0679915809631348
Patience Counter: 3
features shape: torch.Size([16, 87, 8]), mask shape: torch.Size([16, 87]), T shape: torch.Size([16, 1]), E shape: torch.Size([16, 1]) cif shape: (16, 5475)
Processing subject 0 with time 1157 and event False cif at t_j: [0.4295246]
all_E shape: (400,) first 10 values: [False  True False  True  True  True False  True  True False]
all_R shape: (400,) first 10 values: [0.4295246  0.8596882  0.4356821  0.85754484 0.19867215 0.8595469
 0.3967959  0.8430746  0.73742855 0.2777251 ]
all_T shape: (400,) first 10 values: [1157    0 1140    0    0    0    0 2652 2335    0]
Global test C-index (scikit-survival): 0.770 number of concordant pairs: 33874
Global test C-index: 0.770
/home/minhn2/uiuc-kidney-failure/pkgs/experiments/dynamic_deephit.py:256: FutureWarning: You are using `torch.load` with `weights_only=False` (the current default value), which uses the default pickle module implicitly. It is possible to construct malicious pickle data which will execute arbitrary code during unpickling (See https://github.com/pytorch/pytorch/blob/main/SECURITY.md#untrusted-models for more details). In a future release, the default value for `weights_only` will be flipped to `True`. This limits the functions that could be executed during unpickling. Arbitrary objects will no longer be allowed to be loaded via this mode unless they are explicitly allowlisted by the user via `torch.serialization.add_safe_globals`. We recommend you start setting `weights_only=True` for any use case where you don't have full control of the loaded file. Please open an issue on GitHub for any issues related to this experimental feature.
  saved_model = torch.load(saved_path, map_location=device)
features shape: torch.Size([16, 87, 8]), mask shape: torch.Size([16, 87]), T shape: torch.Size([16, 1]), E shape: torch.Size([16, 1]) cif shape: (16, 5475)
Processing subject 0 with time 1157 and event False cif at t_j: [0.54824954]
all_E shape: (400,) first 10 values: [False  True False  True  True  True False  True  True False]
all_R shape: (400,) first 10 values: [0.54824954 0.8281479  0.5344335  0.77884525 0.35567462 0.79784596
 0.49899793 0.90940535 0.83421534 0.72775257]
all_T shape: (400,) first 10 values: [1157    0 1140    0    0    0    0 2652 2335    0]
Global test C-index (scikit-survival): 0.739 number of concordant pairs: 32541
Global test C-index: 0.739
Saved model C-index: 0.7395, Current trial C-index: 0.7698
New model is better, saving current model
[I 2026-08-27 01:04:39,512] Trial 4 finished with value: 0.7697586692723719 and parameters: {'num_layer': 1, 'hidden_dim_0': 89, 'learning_rate': 0.0030660733900603316, 'drop_out_rate': 0.3464032746615424, 'llh_loss': 0.37325262653998326}. Best is trial 4 with value: 0.7697586692723719.
Using GPU: cuda:1 (utilization=0%, free_mem=10984MiB)
Running trial 5 for ExperimentScenario.EIGHT_FEATURES on device cuda:1
Train data path /home/minhn2/uiuc-kidney-failure/generated_data/rep99/eight_features_train_data.csv
Test data path /home/minhn2/uiuc-kidney-failure/generated_data/rep99/eight_features_test_data.csv
Number of patients: test 243 and train 400
Number of records: test 1100 and train 1856
Epoch 1/50
features shape: torch.Size([16, 87, 8]), mask shape: torch.Size([16, 87]), time_to_event shape: torch.Size([16, 1]), event_indicator shape: torch.Size([16, 1]), time_to_events shape: torch.Size([16, 87]), event_indicators shape: torch.Size([16, 87]), sequence lengths shape: torch.Size([16, 1])
x shape: torch.Size([16, 87, 8])
mask shape: torch.Size([16, 87])
lstm_output shape: torch.Size([16, 87, 136])
fc_output shape: torch.Size([16, 87, 68])
context shape: torch.Size([16, 68])
attention_weights shape: torch.Size([16, 87, 1])
x shape after cause_specific_fc: torch.Size([16, 102])
pmf_preds shape: [torch.Size([16, 5475])]
res shape: torch.Size([16, 1, 5475])
Average Loss: 4.839286422729492
Epoch 2/50
features shape: torch.Size([16, 87, 8]), mask shape: torch.Size([16, 87]), time_to_event shape: torch.Size([16, 1]), event_indicator shape: torch.Size([16, 1]), time_to_events shape: torch.Size([16, 87]), event_indicators shape: torch.Size([16, 87]), sequence lengths shape: torch.Size([16, 1])
x shape: torch.Size([16, 87, 8])
mask shape: torch.Size([16, 87])
lstm_output shape: torch.Size([16, 87, 136])
fc_output shape: torch.Size([16, 87, 68])
context shape: torch.Size([16, 68])
attention_weights shape: torch.Size([16, 87, 1])
x shape after cause_specific_fc: torch.Size([16, 102])
pmf_preds shape: [torch.Size([16, 5475])]
res shape: torch.Size([16, 1, 5475])
Average Loss: 4.831515855789185
Epoch 3/50
features shape: torch.Size([16, 87, 8]), mask shape: torch.Size([16, 87]), time_to_event shape: torch.Size([16, 1]), event_indicator shape: torch.Size([16, 1]), time_to_events shape: torch.Size([16, 87]), event_indicators shape: torch.Size([16, 87]), sequence lengths shape: torch.Size([16, 1])
x shape: torch.Size([16, 87, 8])
mask shape: torch.Size([16, 87])
lstm_output shape: torch.Size([16, 87, 136])
fc_output shape: torch.Size([16, 87, 68])
context shape: torch.Size([16, 68])
attention_weights shape: torch.Size([16, 87, 1])
x shape after cause_specific_fc: torch.Size([16, 102])
pmf_preds shape: [torch.Size([16, 5475])]
res shape: torch.Size([16, 1, 5475])
Average Loss: 4.828553886413574
Epoch 4/50
features shape: torch.Size([16, 87, 8]), mask shape: torch.Size([16, 87]), time_to_event shape: torch.Size([16, 1]), event_indicator shape: torch.Size([16, 1]), time_to_events shape: torch.Size([16, 87]), event_indicators shape: torch.Size([16, 87]), sequence lengths shape: torch.Size([16, 1])
x shape: torch.Size([16, 87, 8])
mask shape: torch.Size([16, 87])
lstm_output shape: torch.Size([16, 87, 136])
fc_output shape: torch.Size([16, 87, 68])
context shape: torch.Size([16, 68])
attention_weights shape: torch.Size([16, 87, 1])
x shape after cause_specific_fc: torch.Size([16, 102])
pmf_preds shape: [torch.Size([16, 5475])]
res shape: torch.Size([16, 1, 5475])
Average Loss: 4.825105152130127
Epoch 5/50
features shape: torch.Size([16, 87, 8]), mask shape: torch.Size([16, 87]), time_to_event shape: torch.Size([16, 1]), event_indicator shape: torch.Size([16, 1]), time_to_events shape: torch.Size([16, 87]), event_indicators shape: torch.Size([16, 87]), sequence lengths shape: torch.Size([16, 1])
x shape: torch.Size([16, 87, 8])
mask shape: torch.Size([16, 87])
lstm_output shape: torch.Size([16, 87, 136])
fc_output shape: torch.Size([16, 87, 68])
context shape: torch.Size([16, 68])
attention_weights shape: torch.Size([16, 87, 1])
x shape after cause_specific_fc: torch.Size([16, 102])
pmf_preds shape: [torch.Size([16, 5475])]
res shape: torch.Size([16, 1, 5475])
Average Loss: 4.818655834197998
Epoch 6/50
features shape: torch.Size([16, 87, 8]), mask shape: torch.Size([16, 87]), time_to_event shape: torch.Size([16, 1]), event_indicator shape: torch.Size([16, 1]), time_to_events shape: torch.Size([16, 87]), event_indicators shape: torch.Size([16, 87]), sequence lengths shape: torch.Size([16, 1])
x shape: torch.Size([16, 87, 8])
mask shape: torch.Size([16, 87])
lstm_output shape: torch.Size([16, 87, 136])
fc_output shape: torch.Size([16, 87, 68])
context shape: torch.Size([16, 68])
attention_weights shape: torch.Size([16, 87, 1])
x shape after cause_specific_fc: torch.Size([16, 102])
pmf_preds shape: [torch.Size([16, 5475])]
res shape: torch.Size([16, 1, 5475])
Average Loss: 4.818605298995972
Epoch 7/50
features shape: torch.Size([16, 87, 8]), mask shape: torch.Size([16, 87]), time_to_event shape: torch.Size([16, 1]), event_indicator shape: torch.Size([16, 1]), time_to_events shape: torch.Size([16, 87]), event_indicators shape: torch.Size([16, 87]), sequence lengths shape: torch.Size([16, 1])
x shape: torch.Size([16, 87, 8])
mask shape: torch.Size([16, 87])
lstm_output shape: torch.Size([16, 87, 136])
fc_output shape: torch.Size([16, 87, 68])
context shape: torch.Size([16, 68])
attention_weights shape: torch.Size([16, 87, 1])
x shape after cause_specific_fc: torch.Size([16, 102])
pmf_preds shape: [torch.Size([16, 5475])]
res shape: torch.Size([16, 1, 5475])
Average Loss: 4.808685922622681
Epoch 8/50
features shape: torch.Size([16, 87, 8]), mask shape: torch.Size([16, 87]), time_to_event shape: torch.Size([16, 1]), event_indicator shape: torch.Size([16, 1]), time_to_events shape: torch.Size([16, 87]), event_indicators shape: torch.Size([16, 87]), sequence lengths shape: torch.Size([16, 1])
x shape: torch.Size([16, 87, 8])
mask shape: torch.Size([16, 87])
lstm_output shape: torch.Size([16, 87, 136])
fc_output shape: torch.Size([16, 87, 68])
context shape: torch.Size([16, 68])
attention_weights shape: torch.Size([16, 87, 1])
x shape after cause_specific_fc: torch.Size([16, 102])
pmf_preds shape: [torch.Size([16, 5475])]
res shape: torch.Size([16, 1, 5475])
Average Loss: 4.8058854103088375
Epoch 9/50
features shape: torch.Size([16, 87, 8]), mask shape: torch.Size([16, 87]), time_to_event shape: torch.Size([16, 1]), event_indicator shape: torch.Size([16, 1]), time_to_events shape: torch.Size([16, 87]), event_indicators shape: torch.Size([16, 87]), sequence lengths shape: torch.Size([16, 1])
x shape: torch.Size([16, 87, 8])
mask shape: torch.Size([16, 87])
lstm_output shape: torch.Size([16, 87, 136])
fc_output shape: torch.Size([16, 87, 68])
context shape: torch.Size([16, 68])
attention_weights shape: torch.Size([16, 87, 1])
x shape after cause_specific_fc: torch.Size([16, 102])
pmf_preds shape: [torch.Size([16, 5475])]
res shape: torch.Size([16, 1, 5475])
Average Loss: 4.80145489692688
Epoch 10/50
features shape: torch.Size([16, 87, 8]), mask shape: torch.Size([16, 87]), time_to_event shape: torch.Size([16, 1]), event_indicator shape: torch.Size([16, 1]), time_to_events shape: torch.Size([16, 87]), event_indicators shape: torch.Size([16, 87]), sequence lengths shape: torch.Size([16, 1])
x shape: torch.Size([16, 87, 8])
mask shape: torch.Size([16, 87])
lstm_output shape: torch.Size([16, 87, 136])
fc_output shape: torch.Size([16, 87, 68])
context shape: torch.Size([16, 68])
attention_weights shape: torch.Size([16, 87, 1])
x shape after cause_specific_fc: torch.Size([16, 102])
pmf_preds shape: [torch.Size([16, 5475])]
res shape: torch.Size([16, 1, 5475])
Average Loss: 4.792133865356445
Epoch 11/50
features shape: torch.Size([16, 87, 8]), mask shape: torch.Size([16, 87]), time_to_event shape: torch.Size([16, 1]), event_indicator shape: torch.Size([16, 1]), time_to_events shape: torch.Size([16, 87]), event_indicators shape: torch.Size([16, 87]), sequence lengths shape: torch.Size([16, 1])
x shape: torch.Size([16, 87, 8])
mask shape: torch.Size([16, 87])
lstm_output shape: torch.Size([16, 87, 136])
fc_output shape: torch.Size([16, 87, 68])
context shape: torch.Size([16, 68])
attention_weights shape: torch.Size([16, 87, 1])
x shape after cause_specific_fc: torch.Size([16, 102])
pmf_preds shape: [torch.Size([16, 5475])]
res shape: torch.Size([16, 1, 5475])
Average Loss: 4.789568576812744
Epoch 12/50
features shape: torch.Size([16, 87, 8]), mask shape: torch.Size([16, 87]), time_to_event shape: torch.Size([16, 1]), event_indicator shape: torch.Size([16, 1]), time_to_events shape: torch.Size([16, 87]), event_indicators shape: torch.Size([16, 87]), sequence lengths shape: torch.Size([16, 1])
x shape: torch.Size([16, 87, 8])
mask shape: torch.Size([16, 87])
lstm_output shape: torch.Size([16, 87, 136])
fc_output shape: torch.Size([16, 87, 68])
context shape: torch.Size([16, 68])
attention_weights shape: torch.Size([16, 87, 1])
x shape after cause_specific_fc: torch.Size([16, 102])
pmf_preds shape: [torch.Size([16, 5475])]
res shape: torch.Size([16, 1, 5475])
Average Loss: 4.783915348052979
Epoch 13/50
features shape: torch.Size([16, 87, 8]), mask shape: torch.Size([16, 87]), time_to_event shape: torch.Size([16, 1]), event_indicator shape: torch.Size([16, 1]), time_to_events shape: torch.Size([16, 87]), event_indicators shape: torch.Size([16, 87]), sequence lengths shape: torch.Size([16, 1])
x shape: torch.Size([16, 87, 8])
mask shape: torch.Size([16, 87])
lstm_output shape: torch.Size([16, 87, 136])
fc_output shape: torch.Size([16, 87, 68])
context shape: torch.Size([16, 68])
attention_weights shape: torch.Size([16, 87, 1])
x shape after cause_specific_fc: torch.Size([16, 102])
pmf_preds shape: [torch.Size([16, 5475])]
res shape: torch.Size([16, 1, 5475])
Average Loss: 4.774425315856933
Epoch 14/50
features shape: torch.Size([16, 87, 8]), mask shape: torch.Size([16, 87]), time_to_event shape: torch.Size([16, 1]), event_indicator shape: torch.Size([16, 1]), time_to_events shape: torch.Size([16, 87]), event_indicators shape: torch.Size([16, 87]), sequence lengths shape: torch.Size([16, 1])
x shape: torch.Size([16, 87, 8])
mask shape: torch.Size([16, 87])
lstm_output shape: torch.Size([16, 87, 136])
fc_output shape: torch.Size([16, 87, 68])
context shape: torch.Size([16, 68])
attention_weights shape: torch.Size([16, 87, 1])
x shape after cause_specific_fc: torch.Size([16, 102])
pmf_preds shape: [torch.Size([16, 5475])]
res shape: torch.Size([16, 1, 5475])
Average Loss: 4.769976816177368
Epoch 15/50
features shape: torch.Size([16, 87, 8]), mask shape: torch.Size([16, 87]), time_to_event shape: torch.Size([16, 1]), event_indicator shape: torch.Size([16, 1]), time_to_events shape: torch.Size([16, 87]), event_indicators shape: torch.Size([16, 87]), sequence lengths shape: torch.Size([16, 1])
x shape: torch.Size([16, 87, 8])
mask shape: torch.Size([16, 87])
lstm_output shape: torch.Size([16, 87, 136])
fc_output shape: torch.Size([16, 87, 68])
context shape: torch.Size([16, 68])
attention_weights shape: torch.Size([16, 87, 1])
x shape after cause_specific_fc: torch.Size([16, 102])
pmf_preds shape: [torch.Size([16, 5475])]
res shape: torch.Size([16, 1, 5475])
Average Loss: 4.763268537521363
Epoch 16/50
features shape: torch.Size([16, 87, 8]), mask shape: torch.Size([16, 87]), time_to_event shape: torch.Size([16, 1]), event_indicator shape: torch.Size([16, 1]), time_to_events shape: torch.Size([16, 87]), event_indicators shape: torch.Size([16, 87]), sequence lengths shape: torch.Size([16, 1])
x shape: torch.Size([16, 87, 8])
mask shape: torch.Size([16, 87])
lstm_output shape: torch.Size([16, 87, 136])
fc_output shape: torch.Size([16, 87, 68])
context shape: torch.Size([16, 68])
attention_weights shape: torch.Size([16, 87, 1])
x shape after cause_specific_fc: torch.Size([16, 102])
pmf_preds shape: [torch.Size([16, 5475])]
res shape: torch.Size([16, 1, 5475])
Average Loss: 4.745840864181519
Epoch 17/50
features shape: torch.Size([16, 87, 8]), mask shape: torch.Size([16, 87]), time_to_event shape: torch.Size([16, 1]), event_indicator shape: torch.Size([16, 1]), time_to_events shape: torch.Size([16, 87]), event_indicators shape: torch.Size([16, 87]), sequence lengths shape: torch.Size([16, 1])
x shape: torch.Size([16, 87, 8])
mask shape: torch.Size([16, 87])
lstm_output shape: torch.Size([16, 87, 136])
fc_output shape: torch.Size([16, 87, 68])
context shape: torch.Size([16, 68])
attention_weights shape: torch.Size([16, 87, 1])
x shape after cause_specific_fc: torch.Size([16, 102])
pmf_preds shape: [torch.Size([16, 5475])]
res shape: torch.Size([16, 1, 5475])
Average Loss: 4.729716119766235
Epoch 18/50
features shape: torch.Size([16, 87, 8]), mask shape: torch.Size([16, 87]), time_to_event shape: torch.Size([16, 1]), event_indicator shape: torch.Size([16, 1]), time_to_events shape: torch.Size([16, 87]), event_indicators shape: torch.Size([16, 87]), sequence lengths shape: torch.Size([16, 1])
x shape: torch.Size([16, 87, 8])
mask shape: torch.Size([16, 87])
lstm_output shape: torch.Size([16, 87, 136])
fc_output shape: torch.Size([16, 87, 68])
context shape: torch.Size([16, 68])
attention_weights shape: torch.Size([16, 87, 1])
x shape after cause_specific_fc: torch.Size([16, 102])
pmf_preds shape: [torch.Size([16, 5475])]
res shape: torch.Size([16, 1, 5475])
Average Loss: 4.695837163925171
Epoch 19/50
features shape: torch.Size([16, 87, 8]), mask shape: torch.Size([16, 87]), time_to_event shape: torch.Size([16, 1]), event_indicator shape: torch.Size([16, 1]), time_to_events shape: torch.Size([16, 87]), event_indicators shape: torch.Size([16, 87]), sequence lengths shape: torch.Size([16, 1])
x shape: torch.Size([16, 87, 8])
mask shape: torch.Size([16, 87])
lstm_output shape: torch.Size([16, 87, 136])
fc_output shape: torch.Size([16, 87, 68])
context shape: torch.Size([16, 68])
attention_weights shape: torch.Size([16, 87, 1])
x shape after cause_specific_fc: torch.Size([16, 102])
pmf_preds shape: [torch.Size([16, 5475])]
res shape: torch.Size([16, 1, 5475])
Average Loss: 4.634418954849243
Epoch 20/50
features shape: torch.Size([16, 87, 8]), mask shape: torch.Size([16, 87]), time_to_event shape: torch.Size([16, 1]), event_indicator shape: torch.Size([16, 1]), time_to_events shape: torch.Size([16, 87]), event_indicators shape: torch.Size([16, 87]), sequence lengths shape: torch.Size([16, 1])
x shape: torch.Size([16, 87, 8])
mask shape: torch.Size([16, 87])
lstm_output shape: torch.Size([16, 87, 136])
fc_output shape: torch.Size([16, 87, 68])
context shape: torch.Size([16, 68])
attention_weights shape: torch.Size([16, 87, 1])
x shape after cause_specific_fc: torch.Size([16, 102])
pmf_preds shape: [torch.Size([16, 5475])]
res shape: torch.Size([16, 1, 5475])
Average Loss: 4.5133726978302
Epoch 21/50
features shape: torch.Size([16, 87, 8]), mask shape: torch.Size([16, 87]), time_to_event shape: torch.Size([16, 1]), event_indicator shape: torch.Size([16, 1]), time_to_events shape: torch.Size([16, 87]), event_indicators shape: torch.Size([16, 87]), sequence lengths shape: torch.Size([16, 1])
x shape: torch.Size([16, 87, 8])
mask shape: torch.Size([16, 87])
lstm_output shape: torch.Size([16, 87, 136])
fc_output shape: torch.Size([16, 87, 68])
context shape: torch.Size([16, 68])
attention_weights shape: torch.Size([16, 87, 1])
x shape after cause_specific_fc: torch.Size([16, 102])
pmf_preds shape: [torch.Size([16, 5475])]
res shape: torch.Size([16, 1, 5475])
Average Loss: 4.381750059127808
Epoch 22/50
features shape: torch.Size([16, 87, 8]), mask shape: torch.Size([16, 87]), time_to_event shape: torch.Size([16, 1]), event_indicator shape: torch.Size([16, 1]), time_to_events shape: torch.Size([16, 87]), event_indicators shape: torch.Size([16, 87]), sequence lengths shape: torch.Size([16, 1])
x shape: torch.Size([16, 87, 8])
mask shape: torch.Size([16, 87])
lstm_output shape: torch.Size([16, 87, 136])
fc_output shape: torch.Size([16, 87, 68])
context shape: torch.Size([16, 68])
attention_weights shape: torch.Size([16, 87, 1])
x shape after cause_specific_fc: torch.Size([16, 102])
pmf_preds shape: [torch.Size([16, 5475])]
res shape: torch.Size([16, 1, 5475])
Average Loss: 4.261142263412475
Epoch 23/50
features shape: torch.Size([16, 87, 8]), mask shape: torch.Size([16, 87]), time_to_event shape: torch.Size([16, 1]), event_indicator shape: torch.Size([16, 1]), time_to_events shape: torch.Size([16, 87]), event_indicators shape: torch.Size([16, 87]), sequence lengths shape: torch.Size([16, 1])
x shape: torch.Size([16, 87, 8])
mask shape: torch.Size([16, 87])
lstm_output shape: torch.Size([16, 87, 136])
fc_output shape: torch.Size([16, 87, 68])
context shape: torch.Size([16, 68])
attention_weights shape: torch.Size([16, 87, 1])
x shape after cause_specific_fc: torch.Size([16, 102])
pmf_preds shape: [torch.Size([16, 5475])]
res shape: torch.Size([16, 1, 5475])
Average Loss: 4.0911359786987305
Epoch 24/50
features shape: torch.Size([16, 87, 8]), mask shape: torch.Size([16, 87]), time_to_event shape: torch.Size([16, 1]), event_indicator shape: torch.Size([16, 1]), time_to_events shape: torch.Size([16, 87]), event_indicators shape: torch.Size([16, 87]), sequence lengths shape: torch.Size([16, 1])
x shape: torch.Size([16, 87, 8])
mask shape: torch.Size([16, 87])
lstm_output shape: torch.Size([16, 87, 136])
fc_output shape: torch.Size([16, 87, 68])
context shape: torch.Size([16, 68])
attention_weights shape: torch.Size([16, 87, 1])
x shape after cause_specific_fc: torch.Size([16, 102])
pmf_preds shape: [torch.Size([16, 5475])]
res shape: torch.Size([16, 1, 5475])
Average Loss: 3.981825256347656
Epoch 25/50
features shape: torch.Size([16, 87, 8]), mask shape: torch.Size([16, 87]), time_to_event shape: torch.Size([16, 1]), event_indicator shape: torch.Size([16, 1]), time_to_events shape: torch.Size([16, 87]), event_indicators shape: torch.Size([16, 87]), sequence lengths shape: torch.Size([16, 1])
x shape: torch.Size([16, 87, 8])
mask shape: torch.Size([16, 87])
lstm_output shape: torch.Size([16, 87, 136])
fc_output shape: torch.Size([16, 87, 68])
context shape: torch.Size([16, 68])
attention_weights shape: torch.Size([16, 87, 1])
x shape after cause_specific_fc: torch.Size([16, 102])
pmf_preds shape: [torch.Size([16, 5475])]
res shape: torch.Size([16, 1, 5475])
Average Loss: 3.7364286041259764
Epoch 26/50
features shape: torch.Size([16, 87, 8]), mask shape: torch.Size([16, 87]), time_to_event shape: torch.Size([16, 1]), event_indicator shape: torch.Size([16, 1]), time_to_events shape: torch.Size([16, 87]), event_indicators shape: torch.Size([16, 87]), sequence lengths shape: torch.Size([16, 1])
x shape: torch.Size([16, 87, 8])
mask shape: torch.Size([16, 87])
lstm_output shape: torch.Size([16, 87, 136])
fc_output shape: torch.Size([16, 87, 68])
context shape: torch.Size([16, 68])
attention_weights shape: torch.Size([16, 87, 1])
x shape after cause_specific_fc: torch.Size([16, 102])
pmf_preds shape: [torch.Size([16, 5475])]
res shape: torch.Size([16, 1, 5475])
Average Loss: 3.5656681489944457
Epoch 27/50
features shape: torch.Size([16, 87, 8]), mask shape: torch.Size([16, 87]), time_to_event shape: torch.Size([16, 1]), event_indicator shape: torch.Size([16, 1]), time_to_events shape: torch.Size([16, 87]), event_indicators shape: torch.Size([16, 87]), sequence lengths shape: torch.Size([16, 1])
x shape: torch.Size([16, 87, 8])
mask shape: torch.Size([16, 87])
lstm_output shape: torch.Size([16, 87, 136])
fc_output shape: torch.Size([16, 87, 68])
context shape: torch.Size([16, 68])
attention_weights shape: torch.Size([16, 87, 1])
x shape after cause_specific_fc: torch.Size([16, 102])
pmf_preds shape: [torch.Size([16, 5475])]
res shape: torch.Size([16, 1, 5475])
Average Loss: 3.3958781242370604
Epoch 28/50
features shape: torch.Size([16, 87, 8]), mask shape: torch.Size([16, 87]), time_to_event shape: torch.Size([16, 1]), event_indicator shape: torch.Size([16, 1]), time_to_events shape: torch.Size([16, 87]), event_indicators shape: torch.Size([16, 87]), sequence lengths shape: torch.Size([16, 1])
x shape: torch.Size([16, 87, 8])
mask shape: torch.Size([16, 87])
lstm_output shape: torch.Size([16, 87, 136])
fc_output shape: torch.Size([16, 87, 68])
context shape: torch.Size([16, 68])
attention_weights shape: torch.Size([16, 87, 1])
x shape after cause_specific_fc: torch.Size([16, 102])
pmf_preds shape: [torch.Size([16, 5475])]
res shape: torch.Size([16, 1, 5475])
Average Loss: 3.1500253915786742
Epoch 29/50
features shape: torch.Size([16, 87, 8]), mask shape: torch.Size([16, 87]), time_to_event shape: torch.Size([16, 1]), event_indicator shape: torch.Size([16, 1]), time_to_events shape: torch.Size([16, 87]), event_indicators shape: torch.Size([16, 87]), sequence lengths shape: torch.Size([16, 1])
x shape: torch.Size([16, 87, 8])
mask shape: torch.Size([16, 87])
lstm_output shape: torch.Size([16, 87, 136])
fc_output shape: torch.Size([16, 87, 68])
context shape: torch.Size([16, 68])
attention_weights shape: torch.Size([16, 87, 1])
x shape after cause_specific_fc: torch.Size([16, 102])
pmf_preds shape: [torch.Size([16, 5475])]
res shape: torch.Size([16, 1, 5475])
Average Loss: 3.0153192615509035
Epoch 30/50
features shape: torch.Size([16, 87, 8]), mask shape: torch.Size([16, 87]), time_to_event shape: torch.Size([16, 1]), event_indicator shape: torch.Size([16, 1]), time_to_events shape: torch.Size([16, 87]), event_indicators shape: torch.Size([16, 87]), sequence lengths shape: torch.Size([16, 1])
x shape: torch.Size([16, 87, 8])
mask shape: torch.Size([16, 87])
lstm_output shape: torch.Size([16, 87, 136])
fc_output shape: torch.Size([16, 87, 68])
context shape: torch.Size([16, 68])
attention_weights shape: torch.Size([16, 87, 1])
x shape after cause_specific_fc: torch.Size([16, 102])
pmf_preds shape: [torch.Size([16, 5475])]
res shape: torch.Size([16, 1, 5475])
Average Loss: 2.93125452041626
Epoch 31/50
features shape: torch.Size([16, 87, 8]), mask shape: torch.Size([16, 87]), time_to_event shape: torch.Size([16, 1]), event_indicator shape: torch.Size([16, 1]), time_to_events shape: torch.Size([16, 87]), event_indicators shape: torch.Size([16, 87]), sequence lengths shape: torch.Size([16, 1])
x shape: torch.Size([16, 87, 8])
mask shape: torch.Size([16, 87])
lstm_output shape: torch.Size([16, 87, 136])
fc_output shape: torch.Size([16, 87, 68])
context shape: torch.Size([16, 68])
attention_weights shape: torch.Size([16, 87, 1])
x shape after cause_specific_fc: torch.Size([16, 102])
pmf_preds shape: [torch.Size([16, 5475])]
res shape: torch.Size([16, 1, 5475])
Average Loss: 2.7955421781539918
Epoch 32/50
features shape: torch.Size([16, 87, 8]), mask shape: torch.Size([16, 87]), time_to_event shape: torch.Size([16, 1]), event_indicator shape: torch.Size([16, 1]), time_to_events shape: torch.Size([16, 87]), event_indicators shape: torch.Size([16, 87]), sequence lengths shape: torch.Size([16, 1])
x shape: torch.Size([16, 87, 8])
mask shape: torch.Size([16, 87])
lstm_output shape: torch.Size([16, 87, 136])
fc_output shape: torch.Size([16, 87, 68])
context shape: torch.Size([16, 68])
attention_weights shape: torch.Size([16, 87, 1])
x shape after cause_specific_fc: torch.Size([16, 102])
pmf_preds shape: [torch.Size([16, 5475])]
res shape: torch.Size([16, 1, 5475])
Average Loss: 2.980615706443787
Patience Counter: 1
Epoch 33/50
features shape: torch.Size([16, 87, 8]), mask shape: torch.Size([16, 87]), time_to_event shape: torch.Size([16, 1]), event_indicator shape: torch.Size([16, 1]), time_to_events shape: torch.Size([16, 87]), event_indicators shape: torch.Size([16, 87]), sequence lengths shape: torch.Size([16, 1])
x shape: torch.Size([16, 87, 8])
mask shape: torch.Size([16, 87])
lstm_output shape: torch.Size([16, 87, 136])
fc_output shape: torch.Size([16, 87, 68])
context shape: torch.Size([16, 68])
attention_weights shape: torch.Size([16, 87, 1])
x shape after cause_specific_fc: torch.Size([16, 102])
pmf_preds shape: [torch.Size([16, 5475])]
res shape: torch.Size([16, 1, 5475])
Average Loss: 2.7804540824890136
Epoch 34/50
features shape: torch.Size([16, 87, 8]), mask shape: torch.Size([16, 87]), time_to_event shape: torch.Size([16, 1]), event_indicator shape: torch.Size([16, 1]), time_to_events shape: torch.Size([16, 87]), event_indicators shape: torch.Size([16, 87]), sequence lengths shape: torch.Size([16, 1])
x shape: torch.Size([16, 87, 8])
mask shape: torch.Size([16, 87])
lstm_output shape: torch.Size([16, 87, 136])
fc_output shape: torch.Size([16, 87, 68])
context shape: torch.Size([16, 68])
attention_weights shape: torch.Size([16, 87, 1])
x shape after cause_specific_fc: torch.Size([16, 102])
pmf_preds shape: [torch.Size([16, 5475])]
res shape: torch.Size([16, 1, 5475])
Average Loss: 2.798185415267944
Patience Counter: 1
Epoch 35/50
features shape: torch.Size([16, 87, 8]), mask shape: torch.Size([16, 87]), time_to_event shape: torch.Size([16, 1]), event_indicator shape: torch.Size([16, 1]), time_to_events shape: torch.Size([16, 87]), event_indicators shape: torch.Size([16, 87]), sequence lengths shape: torch.Size([16, 1])
x shape: torch.Size([16, 87, 8])
mask shape: torch.Size([16, 87])
lstm_output shape: torch.Size([16, 87, 136])
fc_output shape: torch.Size([16, 87, 68])
context shape: torch.Size([16, 68])
attention_weights shape: torch.Size([16, 87, 1])
x shape after cause_specific_fc: torch.Size([16, 102])
pmf_preds shape: [torch.Size([16, 5475])]
res shape: torch.Size([16, 1, 5475])
Average Loss: 2.8652855443954466
Patience Counter: 2
Epoch 36/50
features shape: torch.Size([16, 87, 8]), mask shape: torch.Size([16, 87]), time_to_event shape: torch.Size([16, 1]), event_indicator shape: torch.Size([16, 1]), time_to_events shape: torch.Size([16, 87]), event_indicators shape: torch.Size([16, 87]), sequence lengths shape: torch.Size([16, 1])
x shape: torch.Size([16, 87, 8])
mask shape: torch.Size([16, 87])
lstm_output shape: torch.Size([16, 87, 136])
fc_output shape: torch.Size([16, 87, 68])
context shape: torch.Size([16, 68])
attention_weights shape: torch.Size([16, 87, 1])
x shape after cause_specific_fc: torch.Size([16, 102])
pmf_preds shape: [torch.Size([16, 5475])]
res shape: torch.Size([16, 1, 5475])
Average Loss: 2.8881685304641724
Patience Counter: 3
Epoch 37/50
features shape: torch.Size([16, 87, 8]), mask shape: torch.Size([16, 87]), time_to_event shape: torch.Size([16, 1]), event_indicator shape: torch.Size([16, 1]), time_to_events shape: torch.Size([16, 87]), event_indicators shape: torch.Size([16, 87]), sequence lengths shape: torch.Size([16, 1])
x shape: torch.Size([16, 87, 8])
mask shape: torch.Size([16, 87])
lstm_output shape: torch.Size([16, 87, 136])
fc_output shape: torch.Size([16, 87, 68])
context shape: torch.Size([16, 68])
attention_weights shape: torch.Size([16, 87, 1])
x shape after cause_specific_fc: torch.Size([16, 102])
pmf_preds shape: [torch.Size([16, 5475])]
res shape: torch.Size([16, 1, 5475])
Average Loss: 2.6598333978652953
Epoch 38/50
features shape: torch.Size([16, 87, 8]), mask shape: torch.Size([16, 87]), time_to_event shape: torch.Size([16, 1]), event_indicator shape: torch.Size([16, 1]), time_to_events shape: torch.Size([16, 87]), event_indicators shape: torch.Size([16, 87]), sequence lengths shape: torch.Size([16, 1])
x shape: torch.Size([16, 87, 8])
mask shape: torch.Size([16, 87])
lstm_output shape: torch.Size([16, 87, 136])
fc_output shape: torch.Size([16, 87, 68])
context shape: torch.Size([16, 68])
attention_weights shape: torch.Size([16, 87, 1])
x shape after cause_specific_fc: torch.Size([16, 102])
pmf_preds shape: [torch.Size([16, 5475])]
res shape: torch.Size([16, 1, 5475])
Average Loss: 2.6044536876678466
Epoch 39/50
features shape: torch.Size([16, 87, 8]), mask shape: torch.Size([16, 87]), time_to_event shape: torch.Size([16, 1]), event_indicator shape: torch.Size([16, 1]), time_to_events shape: torch.Size([16, 87]), event_indicators shape: torch.Size([16, 87]), sequence lengths shape: torch.Size([16, 1])
x shape: torch.Size([16, 87, 8])
mask shape: torch.Size([16, 87])
lstm_output shape: torch.Size([16, 87, 136])
fc_output shape: torch.Size([16, 87, 68])
context shape: torch.Size([16, 68])
attention_weights shape: torch.Size([16, 87, 1])
x shape after cause_specific_fc: torch.Size([16, 102])
pmf_preds shape: [torch.Size([16, 5475])]
res shape: torch.Size([16, 1, 5475])
Average Loss: 2.9905065965652464
Patience Counter: 1
Epoch 40/50
features shape: torch.Size([16, 87, 8]), mask shape: torch.Size([16, 87]), time_to_event shape: torch.Size([16, 1]), event_indicator shape: torch.Size([16, 1]), time_to_events shape: torch.Size([16, 87]), event_indicators shape: torch.Size([16, 87]), sequence lengths shape: torch.Size([16, 1])
x shape: torch.Size([16, 87, 8])
mask shape: torch.Size([16, 87])
lstm_output shape: torch.Size([16, 87, 136])
fc_output shape: torch.Size([16, 87, 68])
context shape: torch.Size([16, 68])
attention_weights shape: torch.Size([16, 87, 1])
x shape after cause_specific_fc: torch.Size([16, 102])
pmf_preds shape: [torch.Size([16, 5475])]
res shape: torch.Size([16, 1, 5475])
Average Loss: 2.500590295791626
Epoch 41/50
features shape: torch.Size([16, 87, 8]), mask shape: torch.Size([16, 87]), time_to_event shape: torch.Size([16, 1]), event_indicator shape: torch.Size([16, 1]), time_to_events shape: torch.Size([16, 87]), event_indicators shape: torch.Size([16, 87]), sequence lengths shape: torch.Size([16, 1])
x shape: torch.Size([16, 87, 8])
mask shape: torch.Size([16, 87])
lstm_output shape: torch.Size([16, 87, 136])
fc_output shape: torch.Size([16, 87, 68])
context shape: torch.Size([16, 68])
attention_weights shape: torch.Size([16, 87, 1])
x shape after cause_specific_fc: torch.Size([16, 102])
pmf_preds shape: [torch.Size([16, 5475])]
res shape: torch.Size([16, 1, 5475])
Average Loss: 2.963951196670532
Patience Counter: 1
Epoch 42/50
features shape: torch.Size([16, 87, 8]), mask shape: torch.Size([16, 87]), time_to_event shape: torch.Size([16, 1]), event_indicator shape: torch.Size([16, 1]), time_to_events shape: torch.Size([16, 87]), event_indicators shape: torch.Size([16, 87]), sequence lengths shape: torch.Size([16, 1])
x shape: torch.Size([16, 87, 8])
mask shape: torch.Size([16, 87])
lstm_output shape: torch.Size([16, 87, 136])
fc_output shape: torch.Size([16, 87, 68])
context shape: torch.Size([16, 68])
attention_weights shape: torch.Size([16, 87, 1])
x shape after cause_specific_fc: torch.Size([16, 102])
pmf_preds shape: [torch.Size([16, 5475])]
res shape: torch.Size([16, 1, 5475])
Average Loss: 2.6307150888442994
Patience Counter: 2
Epoch 43/50
features shape: torch.Size([16, 87, 8]), mask shape: torch.Size([16, 87]), time_to_event shape: torch.Size([16, 1]), event_indicator shape: torch.Size([16, 1]), time_to_events shape: torch.Size([16, 87]), event_indicators shape: torch.Size([16, 87]), sequence lengths shape: torch.Size([16, 1])
x shape: torch.Size([16, 87, 8])
mask shape: torch.Size([16, 87])
lstm_output shape: torch.Size([16, 87, 136])
fc_output shape: torch.Size([16, 87, 68])
context shape: torch.Size([16, 68])
attention_weights shape: torch.Size([16, 87, 1])
x shape after cause_specific_fc: torch.Size([16, 102])
pmf_preds shape: [torch.Size([16, 5475])]
res shape: torch.Size([16, 1, 5475])
Average Loss: 2.809122986793518
Patience Counter: 3
Epoch 44/50
features shape: torch.Size([16, 87, 8]), mask shape: torch.Size([16, 87]), time_to_event shape: torch.Size([16, 1]), event_indicator shape: torch.Size([16, 1]), time_to_events shape: torch.Size([16, 87]), event_indicators shape: torch.Size([16, 87]), sequence lengths shape: torch.Size([16, 1])
x shape: torch.Size([16, 87, 8])
mask shape: torch.Size([16, 87])
lstm_output shape: torch.Size([16, 87, 136])
fc_output shape: torch.Size([16, 87, 68])
context shape: torch.Size([16, 68])
attention_weights shape: torch.Size([16, 87, 1])
x shape after cause_specific_fc: torch.Size([16, 102])
pmf_preds shape: [torch.Size([16, 5475])]
res shape: torch.Size([16, 1, 5475])
Average Loss: 2.6406339025497436
Patience Counter: 4
Epoch 45/50
features shape: torch.Size([16, 87, 8]), mask shape: torch.Size([16, 87]), time_to_event shape: torch.Size([16, 1]), event_indicator shape: torch.Size([16, 1]), time_to_events shape: torch.Size([16, 87]), event_indicators shape: torch.Size([16, 87]), sequence lengths shape: torch.Size([16, 1])
x shape: torch.Size([16, 87, 8])
mask shape: torch.Size([16, 87])
lstm_output shape: torch.Size([16, 87, 136])
fc_output shape: torch.Size([16, 87, 68])
context shape: torch.Size([16, 68])
attention_weights shape: torch.Size([16, 87, 1])
x shape after cause_specific_fc: torch.Size([16, 102])
pmf_preds shape: [torch.Size([16, 5475])]
res shape: torch.Size([16, 1, 5475])
Average Loss: 2.6276428365707396
Patience Counter: 5
Early stopping triggered
features shape: torch.Size([16, 87, 8]), mask shape: torch.Size([16, 87]), T shape: torch.Size([16, 1]), E shape: torch.Size([16, 1]) cif shape: (16, 5475)
Processing subject 0 with time 1157 and event False cif at t_j: [0.2767158]
all_E shape: (400,) first 10 values: [False  True False  True  True  True False  True  True False]
all_R shape: (400,) first 10 values: [0.2767158  0.04743661 0.27410078 0.04742208 0.04959157 0.04740102
 0.04894883 0.5330048  0.47561517 0.049803  ]
all_T shape: (400,) first 10 values: [1157    0 1140    0    0    0    0 2652 2335    0]
Global test C-index (scikit-survival): 0.133 number of concordant pairs: 5855
Global test C-index: 0.133
/home/minhn2/uiuc-kidney-failure/pkgs/experiments/dynamic_deephit.py:256: FutureWarning: You are using `torch.load` with `weights_only=False` (the current default value), which uses the default pickle module implicitly. It is possible to construct malicious pickle data which will execute arbitrary code during unpickling (See https://github.com/pytorch/pytorch/blob/main/SECURITY.md#untrusted-models for more details). In a future release, the default value for `weights_only` will be flipped to `True`. This limits the functions that could be executed during unpickling. Arbitrary objects will no longer be allowed to be loaded via this mode unless they are explicitly allowlisted by the user via `torch.serialization.add_safe_globals`. We recommend you start setting `weights_only=True` for any use case where you don't have full control of the loaded file. Please open an issue on GitHub for any issues related to this experimental feature.
  saved_model = torch.load(saved_path, map_location=device)
features shape: torch.Size([16, 87, 8]), mask shape: torch.Size([16, 87]), T shape: torch.Size([16, 1]), E shape: torch.Size([16, 1]) cif shape: (16, 5475)
Processing subject 0 with time 1157 and event False cif at t_j: [0.4295246]
all_E shape: (400,) first 10 values: [False  True False  True  True  True False  True  True False]
all_R shape: (400,) first 10 values: [0.4295246  0.8596882  0.4356821  0.85754484 0.19867215 0.8595469
 0.3967959  0.8430746  0.73742855 0.2777251 ]
all_T shape: (400,) first 10 values: [1157    0 1140    0    0    0    0 2652 2335    0]
Global test C-index (scikit-survival): 0.770 number of concordant pairs: 33874
Global test C-index: 0.770
Saved model C-index: 0.7698, Current trial C-index: 0.1331
Saved model is better, keeping it
[I 2026-08-27 01:06:06,048] Trial 5 finished with value: 0.13305003863109577 and parameters: {'num_layer': 4, 'hidden_dim_0': 68, 'hidden_dim_1': 76, 'hidden_dim_2': 26, 'hidden_dim_3': 102, 'learning_rate': 2.103751205517345e-05, 'drop_out_rate': 0.40567336284139854, 'llh_loss': 0.8730224955742215}. Best is trial 4 with value: 0.7697586692723719.
Using GPU: cuda:5 (utilization=0%, free_mem=10982MiB)
Running trial 6 for ExperimentScenario.EIGHT_FEATURES on device cuda:5
Train data path /home/minhn2/uiuc-kidney-failure/generated_data/rep99/eight_features_train_data.csv
Test data path /home/minhn2/uiuc-kidney-failure/generated_data/rep99/eight_features_test_data.csv
Number of patients: test 243 and train 400
Number of records: test 1100 and train 1856
Epoch 1/50
features shape: torch.Size([16, 87, 8]), mask shape: torch.Size([16, 87]), time_to_event shape: torch.Size([16, 1]), event_indicator shape: torch.Size([16, 1]), time_to_events shape: torch.Size([16, 87]), event_indicators shape: torch.Size([16, 87]), sequence lengths shape: torch.Size([16, 1])
x shape: torch.Size([16, 87, 8])
mask shape: torch.Size([16, 87])
lstm_output shape: torch.Size([16, 87, 128])
fc_output shape: torch.Size([16, 87, 64])
context shape: torch.Size([16, 64])
attention_weights shape: torch.Size([16, 87, 1])
x shape after cause_specific_fc: torch.Size([16, 36])
pmf_preds shape: [torch.Size([16, 5475])]
res shape: torch.Size([16, 1, 5475])
Average Loss: 1.794102418422699
Epoch 2/50
features shape: torch.Size([16, 87, 8]), mask shape: torch.Size([16, 87]), time_to_event shape: torch.Size([16, 1]), event_indicator shape: torch.Size([16, 1]), time_to_events shape: torch.Size([16, 87]), event_indicators shape: torch.Size([16, 87]), sequence lengths shape: torch.Size([16, 1])
x shape: torch.Size([16, 87, 8])
mask shape: torch.Size([16, 87])
lstm_output shape: torch.Size([16, 87, 128])
fc_output shape: torch.Size([16, 87, 64])
context shape: torch.Size([16, 64])
attention_weights shape: torch.Size([16, 87, 1])
x shape after cause_specific_fc: torch.Size([16, 36])
pmf_preds shape: [torch.Size([16, 5475])]
res shape: torch.Size([16, 1, 5475])
Average Loss: 1.4737975072860718
Epoch 3/50
features shape: torch.Size([16, 87, 8]), mask shape: torch.Size([16, 87]), time_to_event shape: torch.Size([16, 1]), event_indicator shape: torch.Size([16, 1]), time_to_events shape: torch.Size([16, 87]), event_indicators shape: torch.Size([16, 87]), sequence lengths shape: torch.Size([16, 1])
x shape: torch.Size([16, 87, 8])
mask shape: torch.Size([16, 87])
lstm_output shape: torch.Size([16, 87, 128])
fc_output shape: torch.Size([16, 87, 64])
context shape: torch.Size([16, 64])
attention_weights shape: torch.Size([16, 87, 1])
x shape after cause_specific_fc: torch.Size([16, 36])
pmf_preds shape: [torch.Size([16, 5475])]
res shape: torch.Size([16, 1, 5475])
Average Loss: 1.3475107526779175
Epoch 4/50
features shape: torch.Size([16, 87, 8]), mask shape: torch.Size([16, 87]), time_to_event shape: torch.Size([16, 1]), event_indicator shape: torch.Size([16, 1]), time_to_events shape: torch.Size([16, 87]), event_indicators shape: torch.Size([16, 87]), sequence lengths shape: torch.Size([16, 1])
x shape: torch.Size([16, 87, 8])
mask shape: torch.Size([16, 87])
lstm_output shape: torch.Size([16, 87, 128])
fc_output shape: torch.Size([16, 87, 64])
context shape: torch.Size([16, 64])
attention_weights shape: torch.Size([16, 87, 1])
x shape after cause_specific_fc: torch.Size([16, 36])
pmf_preds shape: [torch.Size([16, 5475])]
res shape: torch.Size([16, 1, 5475])
Average Loss: 1.289144902229309
Epoch 5/50
features shape: torch.Size([16, 87, 8]), mask shape: torch.Size([16, 87]), time_to_event shape: torch.Size([16, 1]), event_indicator shape: torch.Size([16, 1]), time_to_events shape: torch.Size([16, 87]), event_indicators shape: torch.Size([16, 87]), sequence lengths shape: torch.Size([16, 1])
x shape: torch.Size([16, 87, 8])
mask shape: torch.Size([16, 87])
lstm_output shape: torch.Size([16, 87, 128])
fc_output shape: torch.Size([16, 87, 64])
context shape: torch.Size([16, 64])
attention_weights shape: torch.Size([16, 87, 1])
x shape after cause_specific_fc: torch.Size([16, 36])
pmf_preds shape: [torch.Size([16, 5475])]
res shape: torch.Size([16, 1, 5475])
Average Loss: 1.261553349494934
Epoch 6/50
features shape: torch.Size([16, 87, 8]), mask shape: torch.Size([16, 87]), time_to_event shape: torch.Size([16, 1]), event_indicator shape: torch.Size([16, 1]), time_to_events shape: torch.Size([16, 87]), event_indicators shape: torch.Size([16, 87]), sequence lengths shape: torch.Size([16, 1])
x shape: torch.Size([16, 87, 8])
mask shape: torch.Size([16, 87])
lstm_output shape: torch.Size([16, 87, 128])
fc_output shape: torch.Size([16, 87, 64])
context shape: torch.Size([16, 64])
attention_weights shape: torch.Size([16, 87, 1])
x shape after cause_specific_fc: torch.Size([16, 36])
pmf_preds shape: [torch.Size([16, 5475])]
res shape: torch.Size([16, 1, 5475])
Average Loss: 1.246149878501892
Epoch 7/50
features shape: torch.Size([16, 87, 8]), mask shape: torch.Size([16, 87]), time_to_event shape: torch.Size([16, 1]), event_indicator shape: torch.Size([16, 1]), time_to_events shape: torch.Size([16, 87]), event_indicators shape: torch.Size([16, 87]), sequence lengths shape: torch.Size([16, 1])
x shape: torch.Size([16, 87, 8])
mask shape: torch.Size([16, 87])
lstm_output shape: torch.Size([16, 87, 128])
fc_output shape: torch.Size([16, 87, 64])
context shape: torch.Size([16, 64])
attention_weights shape: torch.Size([16, 87, 1])
x shape after cause_specific_fc: torch.Size([16, 36])
pmf_preds shape: [torch.Size([16, 5475])]
res shape: torch.Size([16, 1, 5475])
Average Loss: 1.2473386883735658
Patience Counter: 1
Epoch 8/50
features shape: torch.Size([16, 87, 8]), mask shape: torch.Size([16, 87]), time_to_event shape: torch.Size([16, 1]), event_indicator shape: torch.Size([16, 1]), time_to_events shape: torch.Size([16, 87]), event_indicators shape: torch.Size([16, 87]), sequence lengths shape: torch.Size([16, 1])
x shape: torch.Size([16, 87, 8])
mask shape: torch.Size([16, 87])
lstm_output shape: torch.Size([16, 87, 128])
fc_output shape: torch.Size([16, 87, 64])
context shape: torch.Size([16, 64])
attention_weights shape: torch.Size([16, 87, 1])
x shape after cause_specific_fc: torch.Size([16, 36])
pmf_preds shape: [torch.Size([16, 5475])]
res shape: torch.Size([16, 1, 5475])
Average Loss: 1.2251174092292785
Epoch 9/50
features shape: torch.Size([16, 87, 8]), mask shape: torch.Size([16, 87]), time_to_event shape: torch.Size([16, 1]), event_indicator shape: torch.Size([16, 1]), time_to_events shape: torch.Size([16, 87]), event_indicators shape: torch.Size([16, 87]), sequence lengths shape: torch.Size([16, 1])
x shape: torch.Size([16, 87, 8])
mask shape: torch.Size([16, 87])
lstm_output shape: torch.Size([16, 87, 128])
fc_output shape: torch.Size([16, 87, 64])
context shape: torch.Size([16, 64])
attention_weights shape: torch.Size([16, 87, 1])
x shape after cause_specific_fc: torch.Size([16, 36])
pmf_preds shape: [torch.Size([16, 5475])]
res shape: torch.Size([16, 1, 5475])
Average Loss: 1.2336389541625976
Patience Counter: 1
Epoch 10/50
features shape: torch.Size([16, 87, 8]), mask shape: torch.Size([16, 87]), time_to_event shape: torch.Size([16, 1]), event_indicator shape: torch.Size([16, 1]), time_to_events shape: torch.Size([16, 87]), event_indicators shape: torch.Size([16, 87]), sequence lengths shape: torch.Size([16, 1])
x shape: torch.Size([16, 87, 8])
mask shape: torch.Size([16, 87])
lstm_output shape: torch.Size([16, 87, 128])
fc_output shape: torch.Size([16, 87, 64])
context shape: torch.Size([16, 64])
attention_weights shape: torch.Size([16, 87, 1])
x shape after cause_specific_fc: torch.Size([16, 36])
pmf_preds shape: [torch.Size([16, 5475])]
res shape: torch.Size([16, 1, 5475])
Average Loss: 1.2276171946525574
Patience Counter: 2
Epoch 11/50
features shape: torch.Size([16, 87, 8]), mask shape: torch.Size([16, 87]), time_to_event shape: torch.Size([16, 1]), event_indicator shape: torch.Size([16, 1]), time_to_events shape: torch.Size([16, 87]), event_indicators shape: torch.Size([16, 87]), sequence lengths shape: torch.Size([16, 1])
x shape: torch.Size([16, 87, 8])
mask shape: torch.Size([16, 87])
lstm_output shape: torch.Size([16, 87, 128])
fc_output shape: torch.Size([16, 87, 64])
context shape: torch.Size([16, 64])
attention_weights shape: torch.Size([16, 87, 1])
x shape after cause_specific_fc: torch.Size([16, 36])
pmf_preds shape: [torch.Size([16, 5475])]
res shape: torch.Size([16, 1, 5475])
Average Loss: 1.197220697402954
Epoch 12/50
features shape: torch.Size([16, 87, 8]), mask shape: torch.Size([16, 87]), time_to_event shape: torch.Size([16, 1]), event_indicator shape: torch.Size([16, 1]), time_to_events shape: torch.Size([16, 87]), event_indicators shape: torch.Size([16, 87]), sequence lengths shape: torch.Size([16, 1])
x shape: torch.Size([16, 87, 8])
mask shape: torch.Size([16, 87])
lstm_output shape: torch.Size([16, 87, 128])
fc_output shape: torch.Size([16, 87, 64])
context shape: torch.Size([16, 64])
attention_weights shape: torch.Size([16, 87, 1])
x shape after cause_specific_fc: torch.Size([16, 36])
pmf_preds shape: [torch.Size([16, 5475])]
res shape: torch.Size([16, 1, 5475])
Average Loss: 1.2101089668273926
Patience Counter: 1
Epoch 13/50
features shape: torch.Size([16, 87, 8]), mask shape: torch.Size([16, 87]), time_to_event shape: torch.Size([16, 1]), event_indicator shape: torch.Size([16, 1]), time_to_events shape: torch.Size([16, 87]), event_indicators shape: torch.Size([16, 87]), sequence lengths shape: torch.Size([16, 1])
x shape: torch.Size([16, 87, 8])
mask shape: torch.Size([16, 87])
lstm_output shape: torch.Size([16, 87, 128])
fc_output shape: torch.Size([16, 87, 64])
context shape: torch.Size([16, 64])
attention_weights shape: torch.Size([16, 87, 1])
x shape after cause_specific_fc: torch.Size([16, 36])
pmf_preds shape: [torch.Size([16, 5475])]
res shape: torch.Size([16, 1, 5475])
Average Loss: 1.201475191116333
Patience Counter: 2
Epoch 14/50
features shape: torch.Size([16, 87, 8]), mask shape: torch.Size([16, 87]), time_to_event shape: torch.Size([16, 1]), event_indicator shape: torch.Size([16, 1]), time_to_events shape: torch.Size([16, 87]), event_indicators shape: torch.Size([16, 87]), sequence lengths shape: torch.Size([16, 1])
x shape: torch.Size([16, 87, 8])
mask shape: torch.Size([16, 87])
lstm_output shape: torch.Size([16, 87, 128])
fc_output shape: torch.Size([16, 87, 64])
context shape: torch.Size([16, 64])
attention_weights shape: torch.Size([16, 87, 1])
x shape after cause_specific_fc: torch.Size([16, 36])
pmf_preds shape: [torch.Size([16, 5475])]
res shape: torch.Size([16, 1, 5475])
Average Loss: 1.1984782361984252
Patience Counter: 3
Epoch 15/50
features shape: torch.Size([16, 87, 8]), mask shape: torch.Size([16, 87]), time_to_event shape: torch.Size([16, 1]), event_indicator shape: torch.Size([16, 1]), time_to_events shape: torch.Size([16, 87]), event_indicators shape: torch.Size([16, 87]), sequence lengths shape: torch.Size([16, 1])
x shape: torch.Size([16, 87, 8])
mask shape: torch.Size([16, 87])
lstm_output shape: torch.Size([16, 87, 128])
fc_output shape: torch.Size([16, 87, 64])
context shape: torch.Size([16, 64])
attention_weights shape: torch.Size([16, 87, 1])
x shape after cause_specific_fc: torch.Size([16, 36])
pmf_preds shape: [torch.Size([16, 5475])]
res shape: torch.Size([16, 1, 5475])
Average Loss: 1.2021052598953248
Patience Counter: 4
Epoch 16/50
features shape: torch.Size([16, 87, 8]), mask shape: torch.Size([16, 87]), time_to_event shape: torch.Size([16, 1]), event_indicator shape: torch.Size([16, 1]), time_to_events shape: torch.Size([16, 87]), event_indicators shape: torch.Size([16, 87]), sequence lengths shape: torch.Size([16, 1])
x shape: torch.Size([16, 87, 8])
mask shape: torch.Size([16, 87])
lstm_output shape: torch.Size([16, 87, 128])
fc_output shape: torch.Size([16, 87, 64])
context shape: torch.Size([16, 64])
attention_weights shape: torch.Size([16, 87, 1])
x shape after cause_specific_fc: torch.Size([16, 36])
pmf_preds shape: [torch.Size([16, 5475])]
res shape: torch.Size([16, 1, 5475])
Average Loss: 1.1888694047927857
Epoch 17/50
features shape: torch.Size([16, 87, 8]), mask shape: torch.Size([16, 87]), time_to_event shape: torch.Size([16, 1]), event_indicator shape: torch.Size([16, 1]), time_to_events shape: torch.Size([16, 87]), event_indicators shape: torch.Size([16, 87]), sequence lengths shape: torch.Size([16, 1])
x shape: torch.Size([16, 87, 8])
mask shape: torch.Size([16, 87])
lstm_output shape: torch.Size([16, 87, 128])
fc_output shape: torch.Size([16, 87, 64])
context shape: torch.Size([16, 64])
attention_weights shape: torch.Size([16, 87, 1])
x shape after cause_specific_fc: torch.Size([16, 36])
pmf_preds shape: [torch.Size([16, 5475])]
res shape: torch.Size([16, 1, 5475])
Average Loss: 1.1614987421035767
Epoch 18/50
features shape: torch.Size([16, 87, 8]), mask shape: torch.Size([16, 87]), time_to_event shape: torch.Size([16, 1]), event_indicator shape: torch.Size([16, 1]), time_to_events shape: torch.Size([16, 87]), event_indicators shape: torch.Size([16, 87]), sequence lengths shape: torch.Size([16, 1])
x shape: torch.Size([16, 87, 8])
mask shape: torch.Size([16, 87])
lstm_output shape: torch.Size([16, 87, 128])
fc_output shape: torch.Size([16, 87, 64])
context shape: torch.Size([16, 64])
attention_weights shape: torch.Size([16, 87, 1])
x shape after cause_specific_fc: torch.Size([16, 36])
pmf_preds shape: [torch.Size([16, 5475])]
res shape: torch.Size([16, 1, 5475])
Average Loss: 1.1917296743392944
Patience Counter: 1
Epoch 19/50
features shape: torch.Size([16, 87, 8]), mask shape: torch.Size([16, 87]), time_to_event shape: torch.Size([16, 1]), event_indicator shape: torch.Size([16, 1]), time_to_events shape: torch.Size([16, 87]), event_indicators shape: torch.Size([16, 87]), sequence lengths shape: torch.Size([16, 1])
x shape: torch.Size([16, 87, 8])
mask shape: torch.Size([16, 87])
lstm_output shape: torch.Size([16, 87, 128])
fc_output shape: torch.Size([16, 87, 64])
context shape: torch.Size([16, 64])
attention_weights shape: torch.Size([16, 87, 1])
x shape after cause_specific_fc: torch.Size([16, 36])
pmf_preds shape: [torch.Size([16, 5475])]
res shape: torch.Size([16, 1, 5475])
Average Loss: 1.1786156225204467
Patience Counter: 2
Epoch 20/50
features shape: torch.Size([16, 87, 8]), mask shape: torch.Size([16, 87]), time_to_event shape: torch.Size([16, 1]), event_indicator shape: torch.Size([16, 1]), time_to_events shape: torch.Size([16, 87]), event_indicators shape: torch.Size([16, 87]), sequence lengths shape: torch.Size([16, 1])
x shape: torch.Size([16, 87, 8])
mask shape: torch.Size([16, 87])
lstm_output shape: torch.Size([16, 87, 128])
fc_output shape: torch.Size([16, 87, 64])
context shape: torch.Size([16, 64])
attention_weights shape: torch.Size([16, 87, 1])
x shape after cause_specific_fc: torch.Size([16, 36])
pmf_preds shape: [torch.Size([16, 5475])]
res shape: torch.Size([16, 1, 5475])
Average Loss: 1.180208125114441
Patience Counter: 3
Epoch 21/50
features shape: torch.Size([16, 87, 8]), mask shape: torch.Size([16, 87]), time_to_event shape: torch.Size([16, 1]), event_indicator shape: torch.Size([16, 1]), time_to_events shape: torch.Size([16, 87]), event_indicators shape: torch.Size([16, 87]), sequence lengths shape: torch.Size([16, 1])
x shape: torch.Size([16, 87, 8])
mask shape: torch.Size([16, 87])
lstm_output shape: torch.Size([16, 87, 128])
fc_output shape: torch.Size([16, 87, 64])
context shape: torch.Size([16, 64])
attention_weights shape: torch.Size([16, 87, 1])
x shape after cause_specific_fc: torch.Size([16, 36])
pmf_preds shape: [torch.Size([16, 5475])]
res shape: torch.Size([16, 1, 5475])
Average Loss: 1.1834604501724244
Patience Counter: 4
Epoch 22/50
features shape: torch.Size([16, 87, 8]), mask shape: torch.Size([16, 87]), time_to_event shape: torch.Size([16, 1]), event_indicator shape: torch.Size([16, 1]), time_to_events shape: torch.Size([16, 87]), event_indicators shape: torch.Size([16, 87]), sequence lengths shape: torch.Size([16, 1])
x shape: torch.Size([16, 87, 8])
mask shape: torch.Size([16, 87])
lstm_output shape: torch.Size([16, 87, 128])
fc_output shape: torch.Size([16, 87, 64])
context shape: torch.Size([16, 64])
attention_weights shape: torch.Size([16, 87, 1])
x shape after cause_specific_fc: torch.Size([16, 36])
pmf_preds shape: [torch.Size([16, 5475])]
res shape: torch.Size([16, 1, 5475])
Average Loss: 1.1779808616638183
Patience Counter: 5
Early stopping triggered
features shape: torch.Size([16, 87, 8]), mask shape: torch.Size([16, 87]), T shape: torch.Size([16, 1]), E shape: torch.Size([16, 1]) cif shape: (16, 5475)
Processing subject 0 with time 1157 and event False cif at t_j: [0.73270214]
all_E shape: (400,) first 10 values: [False  True False  True  True  True False  True  True False]
all_R shape: (400,) first 10 values: [0.73270214 0.49023893 0.73230565 0.49023888 0.490239   0.49023893
 0.49023893 0.9098911  0.874256   0.49023893]
all_T shape: (400,) first 10 values: [1157    0 1140    0    0    0    0 2652 2335    0]
Global test C-index (scikit-survival): 0.140 number of concordant pairs: 3659
Global test C-index: 0.146
/home/minhn2/uiuc-kidney-failure/pkgs/experiments/dynamic_deephit.py:256: FutureWarning: You are using `torch.load` with `weights_only=False` (the current default value), which uses the default pickle module implicitly. It is possible to construct malicious pickle data which will execute arbitrary code during unpickling (See https://github.com/pytorch/pytorch/blob/main/SECURITY.md#untrusted-models for more details). In a future release, the default value for `weights_only` will be flipped to `True`. This limits the functions that could be executed during unpickling. Arbitrary objects will no longer be allowed to be loaded via this mode unless they are explicitly allowlisted by the user via `torch.serialization.add_safe_globals`. We recommend you start setting `weights_only=True` for any use case where you don't have full control of the loaded file. Please open an issue on GitHub for any issues related to this experimental feature.
  saved_model = torch.load(saved_path, map_location=device)
features shape: torch.Size([16, 87, 8]), mask shape: torch.Size([16, 87]), T shape: torch.Size([16, 1]), E shape: torch.Size([16, 1]) cif shape: (16, 5475)
Processing subject 0 with time 1157 and event False cif at t_j: [0.4295246]
all_E shape: (400,) first 10 values: [False  True False  True  True  True False  True  True False]
all_R shape: (400,) first 10 values: [0.4295246  0.8596882  0.4356821  0.85754484 0.19867215 0.8595469
 0.3967959  0.8430746  0.73742855 0.2777251 ]
all_T shape: (400,) first 10 values: [1157    0 1140    0    0    0    0 2652 2335    0]
Global test C-index (scikit-survival): 0.770 number of concordant pairs: 33874
Global test C-index: 0.770
Saved model C-index: 0.7698, Current trial C-index: 0.1463
Saved model is better, keeping it
[I 2026-08-27 01:06:48,399] Trial 6 finished with value: 0.14629823205926465 and parameters: {'num_layer': 3, 'hidden_dim_0': 64, 'hidden_dim_1': 18, 'hidden_dim_2': 36, 'learning_rate': 0.007124502507436185, 'drop_out_rate': 0.29684119140035437, 'llh_loss': 0.29592714050934277}. Best is trial 4 with value: 0.7697586692723719.
Using GPU: cuda:1 (utilization=0%, free_mem=10984MiB)
Running trial 7 for ExperimentScenario.EIGHT_FEATURES on device cuda:1
Train data path /home/minhn2/uiuc-kidney-failure/generated_data/rep99/eight_features_train_data.csv
Test data path /home/minhn2/uiuc-kidney-failure/generated_data/rep99/eight_features_test_data.csv
Number of patients: test 243 and train 400
Number of records: test 1100 and train 1856
Epoch 1/50
features shape: torch.Size([16, 87, 8]), mask shape: torch.Size([16, 87]), time_to_event shape: torch.Size([16, 1]), event_indicator shape: torch.Size([16, 1]), time_to_events shape: torch.Size([16, 87]), event_indicators shape: torch.Size([16, 87]), sequence lengths shape: torch.Size([16, 1])
x shape: torch.Size([16, 87, 8])
mask shape: torch.Size([16, 87])
lstm_output shape: torch.Size([16, 87, 144])
fc_output shape: torch.Size([16, 87, 72])
context shape: torch.Size([16, 72])
attention_weights shape: torch.Size([16, 87, 1])
x shape after cause_specific_fc: torch.Size([16, 65])
pmf_preds shape: [torch.Size([16, 5475])]
res shape: torch.Size([16, 1, 5475])
Average Loss: 5.3705370903015135
Epoch 2/50
features shape: torch.Size([16, 87, 8]), mask shape: torch.Size([16, 87]), time_to_event shape: torch.Size([16, 1]), event_indicator shape: torch.Size([16, 1]), time_to_events shape: torch.Size([16, 87]), event_indicators shape: torch.Size([16, 87]), sequence lengths shape: torch.Size([16, 1])
x shape: torch.Size([16, 87, 8])
mask shape: torch.Size([16, 87])
lstm_output shape: torch.Size([16, 87, 144])
fc_output shape: torch.Size([16, 87, 72])
context shape: torch.Size([16, 72])
attention_weights shape: torch.Size([16, 87, 1])
x shape after cause_specific_fc: torch.Size([16, 65])
pmf_preds shape: [torch.Size([16, 5475])]
res shape: torch.Size([16, 1, 5475])
Average Loss: 5.359923648834228
Epoch 3/50
features shape: torch.Size([16, 87, 8]), mask shape: torch.Size([16, 87]), time_to_event shape: torch.Size([16, 1]), event_indicator shape: torch.Size([16, 1]), time_to_events shape: torch.Size([16, 87]), event_indicators shape: torch.Size([16, 87]), sequence lengths shape: torch.Size([16, 1])
x shape: torch.Size([16, 87, 8])
mask shape: torch.Size([16, 87])
lstm_output shape: torch.Size([16, 87, 144])
fc_output shape: torch.Size([16, 87, 72])
context shape: torch.Size([16, 72])
attention_weights shape: torch.Size([16, 87, 1])
x shape after cause_specific_fc: torch.Size([16, 65])
pmf_preds shape: [torch.Size([16, 5475])]
res shape: torch.Size([16, 1, 5475])
Average Loss: 5.348440437316895
Epoch 4/50
features shape: torch.Size([16, 87, 8]), mask shape: torch.Size([16, 87]), time_to_event shape: torch.Size([16, 1]), event_indicator shape: torch.Size([16, 1]), time_to_events shape: torch.Size([16, 87]), event_indicators shape: torch.Size([16, 87]), sequence lengths shape: torch.Size([16, 1])
x shape: torch.Size([16, 87, 8])
mask shape: torch.Size([16, 87])
lstm_output shape: torch.Size([16, 87, 144])
fc_output shape: torch.Size([16, 87, 72])
context shape: torch.Size([16, 72])
attention_weights shape: torch.Size([16, 87, 1])
x shape after cause_specific_fc: torch.Size([16, 65])
pmf_preds shape: [torch.Size([16, 5475])]
res shape: torch.Size([16, 1, 5475])
Average Loss: 5.33714259147644
Epoch 5/50
features shape: torch.Size([16, 87, 8]), mask shape: torch.Size([16, 87]), time_to_event shape: torch.Size([16, 1]), event_indicator shape: torch.Size([16, 1]), time_to_events shape: torch.Size([16, 87]), event_indicators shape: torch.Size([16, 87]), sequence lengths shape: torch.Size([16, 1])
x shape: torch.Size([16, 87, 8])
mask shape: torch.Size([16, 87])
lstm_output shape: torch.Size([16, 87, 144])
fc_output shape: torch.Size([16, 87, 72])
context shape: torch.Size([16, 72])
attention_weights shape: torch.Size([16, 87, 1])
x shape after cause_specific_fc: torch.Size([16, 65])
pmf_preds shape: [torch.Size([16, 5475])]
res shape: torch.Size([16, 1, 5475])
Average Loss: 5.322853775024414
Epoch 6/50
features shape: torch.Size([16, 87, 8]), mask shape: torch.Size([16, 87]), time_to_event shape: torch.Size([16, 1]), event_indicator shape: torch.Size([16, 1]), time_to_events shape: torch.Size([16, 87]), event_indicators shape: torch.Size([16, 87]), sequence lengths shape: torch.Size([16, 1])
x shape: torch.Size([16, 87, 8])
mask shape: torch.Size([16, 87])
lstm_output shape: torch.Size([16, 87, 144])
fc_output shape: torch.Size([16, 87, 72])
context shape: torch.Size([16, 72])
attention_weights shape: torch.Size([16, 87, 1])
x shape after cause_specific_fc: torch.Size([16, 65])
pmf_preds shape: [torch.Size([16, 5475])]
res shape: torch.Size([16, 1, 5475])
Average Loss: 5.304434909820556
Epoch 7/50
features shape: torch.Size([16, 87, 8]), mask shape: torch.Size([16, 87]), time_to_event shape: torch.Size([16, 1]), event_indicator shape: torch.Size([16, 1]), time_to_events shape: torch.Size([16, 87]), event_indicators shape: torch.Size([16, 87]), sequence lengths shape: torch.Size([16, 1])
x shape: torch.Size([16, 87, 8])
mask shape: torch.Size([16, 87])
lstm_output shape: torch.Size([16, 87, 144])
fc_output shape: torch.Size([16, 87, 72])
context shape: torch.Size([16, 72])
attention_weights shape: torch.Size([16, 87, 1])
x shape after cause_specific_fc: torch.Size([16, 65])
pmf_preds shape: [torch.Size([16, 5475])]
res shape: torch.Size([16, 1, 5475])
Average Loss: 5.280936841964722
Epoch 8/50
features shape: torch.Size([16, 87, 8]), mask shape: torch.Size([16, 87]), time_to_event shape: torch.Size([16, 1]), event_indicator shape: torch.Size([16, 1]), time_to_events shape: torch.Size([16, 87]), event_indicators shape: torch.Size([16, 87]), sequence lengths shape: torch.Size([16, 1])
x shape: torch.Size([16, 87, 8])
mask shape: torch.Size([16, 87])
lstm_output shape: torch.Size([16, 87, 144])
fc_output shape: torch.Size([16, 87, 72])
context shape: torch.Size([16, 72])
attention_weights shape: torch.Size([16, 87, 1])
x shape after cause_specific_fc: torch.Size([16, 65])
pmf_preds shape: [torch.Size([16, 5475])]
res shape: torch.Size([16, 1, 5475])
Average Loss: 5.240745239257812
Epoch 9/50
features shape: torch.Size([16, 87, 8]), mask shape: torch.Size([16, 87]), time_to_event shape: torch.Size([16, 1]), event_indicator shape: torch.Size([16, 1]), time_to_events shape: torch.Size([16, 87]), event_indicators shape: torch.Size([16, 87]), sequence lengths shape: torch.Size([16, 1])
x shape: torch.Size([16, 87, 8])
mask shape: torch.Size([16, 87])
lstm_output shape: torch.Size([16, 87, 144])
fc_output shape: torch.Size([16, 87, 72])
context shape: torch.Size([16, 72])
attention_weights shape: torch.Size([16, 87, 1])
x shape after cause_specific_fc: torch.Size([16, 65])
pmf_preds shape: [torch.Size([16, 5475])]
res shape: torch.Size([16, 1, 5475])
Average Loss: 5.1457556533813475
Epoch 10/50
features shape: torch.Size([16, 87, 8]), mask shape: torch.Size([16, 87]), time_to_event shape: torch.Size([16, 1]), event_indicator shape: torch.Size([16, 1]), time_to_events shape: torch.Size([16, 87]), event_indicators shape: torch.Size([16, 87]), sequence lengths shape: torch.Size([16, 1])
x shape: torch.Size([16, 87, 8])
mask shape: torch.Size([16, 87])
lstm_output shape: torch.Size([16, 87, 144])
fc_output shape: torch.Size([16, 87, 72])
context shape: torch.Size([16, 72])
attention_weights shape: torch.Size([16, 87, 1])
x shape after cause_specific_fc: torch.Size([16, 65])
pmf_preds shape: [torch.Size([16, 5475])]
res shape: torch.Size([16, 1, 5475])
Average Loss: 4.908585805892944
Epoch 11/50
features shape: torch.Size([16, 87, 8]), mask shape: torch.Size([16, 87]), time_to_event shape: torch.Size([16, 1]), event_indicator shape: torch.Size([16, 1]), time_to_events shape: torch.Size([16, 87]), event_indicators shape: torch.Size([16, 87]), sequence lengths shape: torch.Size([16, 1])
x shape: torch.Size([16, 87, 8])
mask shape: torch.Size([16, 87])
lstm_output shape: torch.Size([16, 87, 144])
fc_output shape: torch.Size([16, 87, 72])
context shape: torch.Size([16, 72])
attention_weights shape: torch.Size([16, 87, 1])
x shape after cause_specific_fc: torch.Size([16, 65])
pmf_preds shape: [torch.Size([16, 5475])]
res shape: torch.Size([16, 1, 5475])
Average Loss: 4.529943037033081
Epoch 12/50
features shape: torch.Size([16, 87, 8]), mask shape: torch.Size([16, 87]), time_to_event shape: torch.Size([16, 1]), event_indicator shape: torch.Size([16, 1]), time_to_events shape: torch.Size([16, 87]), event_indicators shape: torch.Size([16, 87]), sequence lengths shape: torch.Size([16, 1])
x shape: torch.Size([16, 87, 8])
mask shape: torch.Size([16, 87])
lstm_output shape: torch.Size([16, 87, 144])
fc_output shape: torch.Size([16, 87, 72])
context shape: torch.Size([16, 72])
attention_weights shape: torch.Size([16, 87, 1])
x shape after cause_specific_fc: torch.Size([16, 65])
pmf_preds shape: [torch.Size([16, 5475])]
res shape: torch.Size([16, 1, 5475])
Average Loss: 4.137700128555298
Epoch 13/50
features shape: torch.Size([16, 87, 8]), mask shape: torch.Size([16, 87]), time_to_event shape: torch.Size([16, 1]), event_indicator shape: torch.Size([16, 1]), time_to_events shape: torch.Size([16, 87]), event_indicators shape: torch.Size([16, 87]), sequence lengths shape: torch.Size([16, 1])
x shape: torch.Size([16, 87, 8])
mask shape: torch.Size([16, 87])
lstm_output shape: torch.Size([16, 87, 144])
fc_output shape: torch.Size([16, 87, 72])
context shape: torch.Size([16, 72])
attention_weights shape: torch.Size([16, 87, 1])
x shape after cause_specific_fc: torch.Size([16, 65])
pmf_preds shape: [torch.Size([16, 5475])]
res shape: torch.Size([16, 1, 5475])
Average Loss: 3.790586862564087
Epoch 14/50
features shape: torch.Size([16, 87, 8]), mask shape: torch.Size([16, 87]), time_to_event shape: torch.Size([16, 1]), event_indicator shape: torch.Size([16, 1]), time_to_events shape: torch.Size([16, 87]), event_indicators shape: torch.Size([16, 87]), sequence lengths shape: torch.Size([16, 1])
x shape: torch.Size([16, 87, 8])
mask shape: torch.Size([16, 87])
lstm_output shape: torch.Size([16, 87, 144])
fc_output shape: torch.Size([16, 87, 72])
context shape: torch.Size([16, 72])
attention_weights shape: torch.Size([16, 87, 1])
x shape after cause_specific_fc: torch.Size([16, 65])
pmf_preds shape: [torch.Size([16, 5475])]
res shape: torch.Size([16, 1, 5475])
Average Loss: 3.4890353965759275
Epoch 15/50
features shape: torch.Size([16, 87, 8]), mask shape: torch.Size([16, 87]), time_to_event shape: torch.Size([16, 1]), event_indicator shape: torch.Size([16, 1]), time_to_events shape: torch.Size([16, 87]), event_indicators shape: torch.Size([16, 87]), sequence lengths shape: torch.Size([16, 1])
x shape: torch.Size([16, 87, 8])
mask shape: torch.Size([16, 87])
lstm_output shape: torch.Size([16, 87, 144])
fc_output shape: torch.Size([16, 87, 72])
context shape: torch.Size([16, 72])
attention_weights shape: torch.Size([16, 87, 1])
x shape after cause_specific_fc: torch.Size([16, 65])
pmf_preds shape: [torch.Size([16, 5475])]
res shape: torch.Size([16, 1, 5475])
Average Loss: 3.225661883354187
Epoch 16/50
features shape: torch.Size([16, 87, 8]), mask shape: torch.Size([16, 87]), time_to_event shape: torch.Size([16, 1]), event_indicator shape: torch.Size([16, 1]), time_to_events shape: torch.Size([16, 87]), event_indicators shape: torch.Size([16, 87]), sequence lengths shape: torch.Size([16, 1])
x shape: torch.Size([16, 87, 8])
mask shape: torch.Size([16, 87])
lstm_output shape: torch.Size([16, 87, 144])
fc_output shape: torch.Size([16, 87, 72])
context shape: torch.Size([16, 72])
attention_weights shape: torch.Size([16, 87, 1])
x shape after cause_specific_fc: torch.Size([16, 65])
pmf_preds shape: [torch.Size([16, 5475])]
res shape: torch.Size([16, 1, 5475])
Average Loss: 2.9435525131225586
Epoch 17/50
features shape: torch.Size([16, 87, 8]), mask shape: torch.Size([16, 87]), time_to_event shape: torch.Size([16, 1]), event_indicator shape: torch.Size([16, 1]), time_to_events shape: torch.Size([16, 87]), event_indicators shape: torch.Size([16, 87]), sequence lengths shape: torch.Size([16, 1])
x shape: torch.Size([16, 87, 8])
mask shape: torch.Size([16, 87])
lstm_output shape: torch.Size([16, 87, 144])
fc_output shape: torch.Size([16, 87, 72])
context shape: torch.Size([16, 72])
attention_weights shape: torch.Size([16, 87, 1])
x shape after cause_specific_fc: torch.Size([16, 65])
pmf_preds shape: [torch.Size([16, 5475])]
res shape: torch.Size([16, 1, 5475])
Average Loss: 2.7352497434616088
Epoch 18/50
features shape: torch.Size([16, 87, 8]), mask shape: torch.Size([16, 87]), time_to_event shape: torch.Size([16, 1]), event_indicator shape: torch.Size([16, 1]), time_to_events shape: torch.Size([16, 87]), event_indicators shape: torch.Size([16, 87]), sequence lengths shape: torch.Size([16, 1])
x shape: torch.Size([16, 87, 8])
mask shape: torch.Size([16, 87])
lstm_output shape: torch.Size([16, 87, 144])
fc_output shape: torch.Size([16, 87, 72])
context shape: torch.Size([16, 72])
attention_weights shape: torch.Size([16, 87, 1])
x shape after cause_specific_fc: torch.Size([16, 65])
pmf_preds shape: [torch.Size([16, 5475])]
res shape: torch.Size([16, 1, 5475])
Average Loss: 2.5232763147354125
Epoch 19/50
features shape: torch.Size([16, 87, 8]), mask shape: torch.Size([16, 87]), time_to_event shape: torch.Size([16, 1]), event_indicator shape: torch.Size([16, 1]), time_to_events shape: torch.Size([16, 87]), event_indicators shape: torch.Size([16, 87]), sequence lengths shape: torch.Size([16, 1])
x shape: torch.Size([16, 87, 8])
mask shape: torch.Size([16, 87])
lstm_output shape: torch.Size([16, 87, 144])
fc_output shape: torch.Size([16, 87, 72])
context shape: torch.Size([16, 72])
attention_weights shape: torch.Size([16, 87, 1])
x shape after cause_specific_fc: torch.Size([16, 65])
pmf_preds shape: [torch.Size([16, 5475])]
res shape: torch.Size([16, 1, 5475])
Average Loss: 2.496590156555176
Epoch 20/50
features shape: torch.Size([16, 87, 8]), mask shape: torch.Size([16, 87]), time_to_event shape: torch.Size([16, 1]), event_indicator shape: torch.Size([16, 1]), time_to_events shape: torch.Size([16, 87]), event_indicators shape: torch.Size([16, 87]), sequence lengths shape: torch.Size([16, 1])
x shape: torch.Size([16, 87, 8])
mask shape: torch.Size([16, 87])
lstm_output shape: torch.Size([16, 87, 144])
fc_output shape: torch.Size([16, 87, 72])
context shape: torch.Size([16, 72])
attention_weights shape: torch.Size([16, 87, 1])
x shape after cause_specific_fc: torch.Size([16, 65])
pmf_preds shape: [torch.Size([16, 5475])]
res shape: torch.Size([16, 1, 5475])
Average Loss: 2.43835470199585
Epoch 21/50
features shape: torch.Size([16, 87, 8]), mask shape: torch.Size([16, 87]), time_to_event shape: torch.Size([16, 1]), event_indicator shape: torch.Size([16, 1]), time_to_events shape: torch.Size([16, 87]), event_indicators shape: torch.Size([16, 87]), sequence lengths shape: torch.Size([16, 1])
x shape: torch.Size([16, 87, 8])
mask shape: torch.Size([16, 87])
lstm_output shape: torch.Size([16, 87, 144])
fc_output shape: torch.Size([16, 87, 72])
context shape: torch.Size([16, 72])
attention_weights shape: torch.Size([16, 87, 1])
x shape after cause_specific_fc: torch.Size([16, 65])
pmf_preds shape: [torch.Size([16, 5475])]
res shape: torch.Size([16, 1, 5475])
Average Loss: 2.4532665705680845
Patience Counter: 1
Epoch 22/50
features shape: torch.Size([16, 87, 8]), mask shape: torch.Size([16, 87]), time_to_event shape: torch.Size([16, 1]), event_indicator shape: torch.Size([16, 1]), time_to_events shape: torch.Size([16, 87]), event_indicators shape: torch.Size([16, 87]), sequence lengths shape: torch.Size([16, 1])
x shape: torch.Size([16, 87, 8])
mask shape: torch.Size([16, 87])
lstm_output shape: torch.Size([16, 87, 144])
fc_output shape: torch.Size([16, 87, 72])
context shape: torch.Size([16, 72])
attention_weights shape: torch.Size([16, 87, 1])
x shape after cause_specific_fc: torch.Size([16, 65])
pmf_preds shape: [torch.Size([16, 5475])]
res shape: torch.Size([16, 1, 5475])
Average Loss: 2.3945519733428955
Epoch 23/50
features shape: torch.Size([16, 87, 8]), mask shape: torch.Size([16, 87]), time_to_event shape: torch.Size([16, 1]), event_indicator shape: torch.Size([16, 1]), time_to_events shape: torch.Size([16, 87]), event_indicators shape: torch.Size([16, 87]), sequence lengths shape: torch.Size([16, 1])
x shape: torch.Size([16, 87, 8])
mask shape: torch.Size([16, 87])
lstm_output shape: torch.Size([16, 87, 144])
fc_output shape: torch.Size([16, 87, 72])
context shape: torch.Size([16, 72])
attention_weights shape: torch.Size([16, 87, 1])
x shape after cause_specific_fc: torch.Size([16, 65])
pmf_preds shape: [torch.Size([16, 5475])]
res shape: torch.Size([16, 1, 5475])
Average Loss: 2.376239104270935
Epoch 24/50
features shape: torch.Size([16, 87, 8]), mask shape: torch.Size([16, 87]), time_to_event shape: torch.Size([16, 1]), event_indicator shape: torch.Size([16, 1]), time_to_events shape: torch.Size([16, 87]), event_indicators shape: torch.Size([16, 87]), sequence lengths shape: torch.Size([16, 1])
x shape: torch.Size([16, 87, 8])
mask shape: torch.Size([16, 87])
lstm_output shape: torch.Size([16, 87, 144])
fc_output shape: torch.Size([16, 87, 72])
context shape: torch.Size([16, 72])
attention_weights shape: torch.Size([16, 87, 1])
x shape after cause_specific_fc: torch.Size([16, 65])
pmf_preds shape: [torch.Size([16, 5475])]
res shape: torch.Size([16, 1, 5475])
Average Loss: 2.4705094051361085
Patience Counter: 1
Epoch 25/50
features shape: torch.Size([16, 87, 8]), mask shape: torch.Size([16, 87]), time_to_event shape: torch.Size([16, 1]), event_indicator shape: torch.Size([16, 1]), time_to_events shape: torch.Size([16, 87]), event_indicators shape: torch.Size([16, 87]), sequence lengths shape: torch.Size([16, 1])
x shape: torch.Size([16, 87, 8])
mask shape: torch.Size([16, 87])
lstm_output shape: torch.Size([16, 87, 144])
fc_output shape: torch.Size([16, 87, 72])
context shape: torch.Size([16, 72])
attention_weights shape: torch.Size([16, 87, 1])
x shape after cause_specific_fc: torch.Size([16, 65])
pmf_preds shape: [torch.Size([16, 5475])]
res shape: torch.Size([16, 1, 5475])
Average Loss: 2.3694819593429566
Epoch 26/50
features shape: torch.Size([16, 87, 8]), mask shape: torch.Size([16, 87]), time_to_event shape: torch.Size([16, 1]), event_indicator shape: torch.Size([16, 1]), time_to_events shape: torch.Size([16, 87]), event_indicators shape: torch.Size([16, 87]), sequence lengths shape: torch.Size([16, 1])
x shape: torch.Size([16, 87, 8])
mask shape: torch.Size([16, 87])
lstm_output shape: torch.Size([16, 87, 144])
fc_output shape: torch.Size([16, 87, 72])
context shape: torch.Size([16, 72])
attention_weights shape: torch.Size([16, 87, 1])
x shape after cause_specific_fc: torch.Size([16, 65])
pmf_preds shape: [torch.Size([16, 5475])]
res shape: torch.Size([16, 1, 5475])
Average Loss: 2.3611657762527467
Epoch 27/50
features shape: torch.Size([16, 87, 8]), mask shape: torch.Size([16, 87]), time_to_event shape: torch.Size([16, 1]), event_indicator shape: torch.Size([16, 1]), time_to_events shape: torch.Size([16, 87]), event_indicators shape: torch.Size([16, 87]), sequence lengths shape: torch.Size([16, 1])
x shape: torch.Size([16, 87, 8])
mask shape: torch.Size([16, 87])
lstm_output shape: torch.Size([16, 87, 144])
fc_output shape: torch.Size([16, 87, 72])
context shape: torch.Size([16, 72])
attention_weights shape: torch.Size([16, 87, 1])
x shape after cause_specific_fc: torch.Size([16, 65])
pmf_preds shape: [torch.Size([16, 5475])]
res shape: torch.Size([16, 1, 5475])
Average Loss: 2.3411979913711547
Epoch 28/50
features shape: torch.Size([16, 87, 8]), mask shape: torch.Size([16, 87]), time_to_event shape: torch.Size([16, 1]), event_indicator shape: torch.Size([16, 1]), time_to_events shape: torch.Size([16, 87]), event_indicators shape: torch.Size([16, 87]), sequence lengths shape: torch.Size([16, 1])
x shape: torch.Size([16, 87, 8])
mask shape: torch.Size([16, 87])
lstm_output shape: torch.Size([16, 87, 144])
fc_output shape: torch.Size([16, 87, 72])
context shape: torch.Size([16, 72])
attention_weights shape: torch.Size([16, 87, 1])
x shape after cause_specific_fc: torch.Size([16, 65])
pmf_preds shape: [torch.Size([16, 5475])]
res shape: torch.Size([16, 1, 5475])
Average Loss: 2.3129667329788206
Epoch 29/50
features shape: torch.Size([16, 87, 8]), mask shape: torch.Size([16, 87]), time_to_event shape: torch.Size([16, 1]), event_indicator shape: torch.Size([16, 1]), time_to_events shape: torch.Size([16, 87]), event_indicators shape: torch.Size([16, 87]), sequence lengths shape: torch.Size([16, 1])
x shape: torch.Size([16, 87, 8])
mask shape: torch.Size([16, 87])
lstm_output shape: torch.Size([16, 87, 144])
fc_output shape: torch.Size([16, 87, 72])
context shape: torch.Size([16, 72])
attention_weights shape: torch.Size([16, 87, 1])
x shape after cause_specific_fc: torch.Size([16, 65])
pmf_preds shape: [torch.Size([16, 5475])]
res shape: torch.Size([16, 1, 5475])
Average Loss: 2.314833436012268
Patience Counter: 1
Epoch 30/50
features shape: torch.Size([16, 87, 8]), mask shape: torch.Size([16, 87]), time_to_event shape: torch.Size([16, 1]), event_indicator shape: torch.Size([16, 1]), time_to_events shape: torch.Size([16, 87]), event_indicators shape: torch.Size([16, 87]), sequence lengths shape: torch.Size([16, 1])
x shape: torch.Size([16, 87, 8])
mask shape: torch.Size([16, 87])
lstm_output shape: torch.Size([16, 87, 144])
fc_output shape: torch.Size([16, 87, 72])
context shape: torch.Size([16, 72])
attention_weights shape: torch.Size([16, 87, 1])
x shape after cause_specific_fc: torch.Size([16, 65])
pmf_preds shape: [torch.Size([16, 5475])]
res shape: torch.Size([16, 1, 5475])
Average Loss: 2.4821895074844362
Patience Counter: 2
Epoch 31/50
features shape: torch.Size([16, 87, 8]), mask shape: torch.Size([16, 87]), time_to_event shape: torch.Size([16, 1]), event_indicator shape: torch.Size([16, 1]), time_to_events shape: torch.Size([16, 87]), event_indicators shape: torch.Size([16, 87]), sequence lengths shape: torch.Size([16, 1])
x shape: torch.Size([16, 87, 8])
mask shape: torch.Size([16, 87])
lstm_output shape: torch.Size([16, 87, 144])
fc_output shape: torch.Size([16, 87, 72])
context shape: torch.Size([16, 72])
attention_weights shape: torch.Size([16, 87, 1])
x shape after cause_specific_fc: torch.Size([16, 65])
pmf_preds shape: [torch.Size([16, 5475])]
res shape: torch.Size([16, 1, 5475])
Average Loss: 2.3236252570152285
Patience Counter: 3
Epoch 32/50
features shape: torch.Size([16, 87, 8]), mask shape: torch.Size([16, 87]), time_to_event shape: torch.Size([16, 1]), event_indicator shape: torch.Size([16, 1]), time_to_events shape: torch.Size([16, 87]), event_indicators shape: torch.Size([16, 87]), sequence lengths shape: torch.Size([16, 1])
x shape: torch.Size([16, 87, 8])
mask shape: torch.Size([16, 87])
lstm_output shape: torch.Size([16, 87, 144])
fc_output shape: torch.Size([16, 87, 72])
context shape: torch.Size([16, 72])
attention_weights shape: torch.Size([16, 87, 1])
x shape after cause_specific_fc: torch.Size([16, 65])
pmf_preds shape: [torch.Size([16, 5475])]
res shape: torch.Size([16, 1, 5475])
Average Loss: 2.3253465604782106
Patience Counter: 4
Epoch 33/50
features shape: torch.Size([16, 87, 8]), mask shape: torch.Size([16, 87]), time_to_event shape: torch.Size([16, 1]), event_indicator shape: torch.Size([16, 1]), time_to_events shape: torch.Size([16, 87]), event_indicators shape: torch.Size([16, 87]), sequence lengths shape: torch.Size([16, 1])
x shape: torch.Size([16, 87, 8])
mask shape: torch.Size([16, 87])
lstm_output shape: torch.Size([16, 87, 144])
fc_output shape: torch.Size([16, 87, 72])
context shape: torch.Size([16, 72])
attention_weights shape: torch.Size([16, 87, 1])
x shape after cause_specific_fc: torch.Size([16, 65])
pmf_preds shape: [torch.Size([16, 5475])]
res shape: torch.Size([16, 1, 5475])
Average Loss: 2.3208710384368896
Patience Counter: 5
Early stopping triggered
features shape: torch.Size([16, 87, 8]), mask shape: torch.Size([16, 87]), T shape: torch.Size([16, 1]), E shape: torch.Size([16, 1]) cif shape: (16, 5475)
Processing subject 0 with time 1157 and event False cif at t_j: [0.34215954]
all_E shape: (400,) first 10 values: [False  True False  True  True  True False  True  True False]
all_R shape: (400,) first 10 values: [0.34215954 0.12480592 0.3398926  0.12484614 0.12851268 0.12476464
 0.12759422 0.5786543  0.53183216 0.12894554]
all_T shape: (400,) first 10 values: [1157    0 1140    0    0    0    0 2652 2335    0]
Global test C-index (scikit-survival): 0.123 number of concordant pairs: 5424
Global test C-index: 0.123
/home/minhn2/uiuc-kidney-failure/pkgs/experiments/dynamic_deephit.py:256: FutureWarning: You are using `torch.load` with `weights_only=False` (the current default value), which uses the default pickle module implicitly. It is possible to construct malicious pickle data which will execute arbitrary code during unpickling (See https://github.com/pytorch/pytorch/blob/main/SECURITY.md#untrusted-models for more details). In a future release, the default value for `weights_only` will be flipped to `True`. This limits the functions that could be executed during unpickling. Arbitrary objects will no longer be allowed to be loaded via this mode unless they are explicitly allowlisted by the user via `torch.serialization.add_safe_globals`. We recommend you start setting `weights_only=True` for any use case where you don't have full control of the loaded file. Please open an issue on GitHub for any issues related to this experimental feature.
  saved_model = torch.load(saved_path, map_location=device)
features shape: torch.Size([16, 87, 8]), mask shape: torch.Size([16, 87]), T shape: torch.Size([16, 1]), E shape: torch.Size([16, 1]) cif shape: (16, 5475)
Processing subject 0 with time 1157 and event False cif at t_j: [0.4295246]
all_E shape: (400,) first 10 values: [False  True False  True  True  True False  True  True False]
all_R shape: (400,) first 10 values: [0.4295246  0.8596882  0.4356821  0.85754484 0.19867215 0.8595469
 0.3967959  0.8430746  0.73742855 0.2777251 ]
all_T shape: (400,) first 10 values: [1157    0 1140    0    0    0    0 2652 2335    0]
Global test C-index (scikit-survival): 0.770 number of concordant pairs: 33874
Global test C-index: 0.770
Saved model C-index: 0.7698, Current trial C-index: 0.1233
Saved model is better, keeping it
[I 2026-08-27 01:07:51,827] Trial 7 finished with value: 0.12325591964732081 and parameters: {'num_layer': 2, 'hidden_dim_0': 72, 'hidden_dim_1': 65, 'learning_rate': 3.644408473352221e-05, 'drop_out_rate': 0.10340502086611476, 'llh_loss': 0.9774347914846883}. Best is trial 4 with value: 0.7697586692723719.
Using GPU: cuda:5 (utilization=0%, free_mem=10982MiB)
Running trial 8 for ExperimentScenario.EIGHT_FEATURES on device cuda:5
Train data path /home/minhn2/uiuc-kidney-failure/generated_data/rep99/eight_features_train_data.csv
Test data path /home/minhn2/uiuc-kidney-failure/generated_data/rep99/eight_features_test_data.csv
Number of patients: test 243 and train 400
Number of records: test 1100 and train 1856
Epoch 1/50
features shape: torch.Size([16, 87, 8]), mask shape: torch.Size([16, 87]), time_to_event shape: torch.Size([16, 1]), event_indicator shape: torch.Size([16, 1]), time_to_events shape: torch.Size([16, 87]), event_indicators shape: torch.Size([16, 87]), sequence lengths shape: torch.Size([16, 1])
x shape: torch.Size([16, 87, 8])
mask shape: torch.Size([16, 87])
lstm_output shape: torch.Size([16, 87, 86])
fc_output shape: torch.Size([16, 87, 43])
context shape: torch.Size([16, 43])
attention_weights shape: torch.Size([16, 87, 1])
x shape after cause_specific_fc: torch.Size([16, 120])
pmf_preds shape: [torch.Size([16, 5475])]
res shape: torch.Size([16, 1, 5475])
Average Loss: 4.410312776565552
Epoch 2/50
features shape: torch.Size([16, 87, 8]), mask shape: torch.Size([16, 87]), time_to_event shape: torch.Size([16, 1]), event_indicator shape: torch.Size([16, 1]), time_to_events shape: torch.Size([16, 87]), event_indicators shape: torch.Size([16, 87]), sequence lengths shape: torch.Size([16, 1])
x shape: torch.Size([16, 87, 8])
mask shape: torch.Size([16, 87])
lstm_output shape: torch.Size([16, 87, 86])
fc_output shape: torch.Size([16, 87, 43])
context shape: torch.Size([16, 43])
attention_weights shape: torch.Size([16, 87, 1])
x shape after cause_specific_fc: torch.Size([16, 120])
pmf_preds shape: [torch.Size([16, 5475])]
res shape: torch.Size([16, 1, 5475])
Average Loss: 4.29463490486145
Epoch 3/50
features shape: torch.Size([16, 87, 8]), mask shape: torch.Size([16, 87]), time_to_event shape: torch.Size([16, 1]), event_indicator shape: torch.Size([16, 1]), time_to_events shape: torch.Size([16, 87]), event_indicators shape: torch.Size([16, 87]), sequence lengths shape: torch.Size([16, 1])
x shape: torch.Size([16, 87, 8])
mask shape: torch.Size([16, 87])
lstm_output shape: torch.Size([16, 87, 86])
fc_output shape: torch.Size([16, 87, 43])
context shape: torch.Size([16, 43])
attention_weights shape: torch.Size([16, 87, 1])
x shape after cause_specific_fc: torch.Size([16, 120])
pmf_preds shape: [torch.Size([16, 5475])]
res shape: torch.Size([16, 1, 5475])
Average Loss: 3.8337258243560792
Epoch 4/50
features shape: torch.Size([16, 87, 8]), mask shape: torch.Size([16, 87]), time_to_event shape: torch.Size([16, 1]), event_indicator shape: torch.Size([16, 1]), time_to_events shape: torch.Size([16, 87]), event_indicators shape: torch.Size([16, 87]), sequence lengths shape: torch.Size([16, 1])
x shape: torch.Size([16, 87, 8])
mask shape: torch.Size([16, 87])
lstm_output shape: torch.Size([16, 87, 86])
fc_output shape: torch.Size([16, 87, 43])
context shape: torch.Size([16, 43])
attention_weights shape: torch.Size([16, 87, 1])
x shape after cause_specific_fc: torch.Size([16, 120])
pmf_preds shape: [torch.Size([16, 5475])]
res shape: torch.Size([16, 1, 5475])
Average Loss: 2.4042752313613893
Epoch 5/50
features shape: torch.Size([16, 87, 8]), mask shape: torch.Size([16, 87]), time_to_event shape: torch.Size([16, 1]), event_indicator shape: torch.Size([16, 1]), time_to_events shape: torch.Size([16, 87]), event_indicators shape: torch.Size([16, 87]), sequence lengths shape: torch.Size([16, 1])
x shape: torch.Size([16, 87, 8])
mask shape: torch.Size([16, 87])
lstm_output shape: torch.Size([16, 87, 86])
fc_output shape: torch.Size([16, 87, 43])
context shape: torch.Size([16, 43])
attention_weights shape: torch.Size([16, 87, 1])
x shape after cause_specific_fc: torch.Size([16, 120])
pmf_preds shape: [torch.Size([16, 5475])]
res shape: torch.Size([16, 1, 5475])
Average Loss: 1.9638188695907592
Epoch 6/50
features shape: torch.Size([16, 87, 8]), mask shape: torch.Size([16, 87]), time_to_event shape: torch.Size([16, 1]), event_indicator shape: torch.Size([16, 1]), time_to_events shape: torch.Size([16, 87]), event_indicators shape: torch.Size([16, 87]), sequence lengths shape: torch.Size([16, 1])
x shape: torch.Size([16, 87, 8])
mask shape: torch.Size([16, 87])
lstm_output shape: torch.Size([16, 87, 86])
fc_output shape: torch.Size([16, 87, 43])
context shape: torch.Size([16, 43])
attention_weights shape: torch.Size([16, 87, 1])
x shape after cause_specific_fc: torch.Size([16, 120])
pmf_preds shape: [torch.Size([16, 5475])]
res shape: torch.Size([16, 1, 5475])
Average Loss: 1.825770697593689
Epoch 7/50
features shape: torch.Size([16, 87, 8]), mask shape: torch.Size([16, 87]), time_to_event shape: torch.Size([16, 1]), event_indicator shape: torch.Size([16, 1]), time_to_events shape: torch.Size([16, 87]), event_indicators shape: torch.Size([16, 87]), sequence lengths shape: torch.Size([16, 1])
x shape: torch.Size([16, 87, 8])
mask shape: torch.Size([16, 87])
lstm_output shape: torch.Size([16, 87, 86])
fc_output shape: torch.Size([16, 87, 43])
context shape: torch.Size([16, 43])
attention_weights shape: torch.Size([16, 87, 1])
x shape after cause_specific_fc: torch.Size([16, 120])
pmf_preds shape: [torch.Size([16, 5475])]
res shape: torch.Size([16, 1, 5475])
Average Loss: 1.728957748413086
Epoch 8/50
features shape: torch.Size([16, 87, 8]), mask shape: torch.Size([16, 87]), time_to_event shape: torch.Size([16, 1]), event_indicator shape: torch.Size([16, 1]), time_to_events shape: torch.Size([16, 87]), event_indicators shape: torch.Size([16, 87]), sequence lengths shape: torch.Size([16, 1])
x shape: torch.Size([16, 87, 8])
mask shape: torch.Size([16, 87])
lstm_output shape: torch.Size([16, 87, 86])
fc_output shape: torch.Size([16, 87, 43])
context shape: torch.Size([16, 43])
attention_weights shape: torch.Size([16, 87, 1])
x shape after cause_specific_fc: torch.Size([16, 120])
pmf_preds shape: [torch.Size([16, 5475])]
res shape: torch.Size([16, 1, 5475])
Average Loss: 1.6602999687194824
Epoch 9/50
features shape: torch.Size([16, 87, 8]), mask shape: torch.Size([16, 87]), time_to_event shape: torch.Size([16, 1]), event_indicator shape: torch.Size([16, 1]), time_to_events shape: torch.Size([16, 87]), event_indicators shape: torch.Size([16, 87]), sequence lengths shape: torch.Size([16, 1])
x shape: torch.Size([16, 87, 8])
mask shape: torch.Size([16, 87])
lstm_output shape: torch.Size([16, 87, 86])
fc_output shape: torch.Size([16, 87, 43])
context shape: torch.Size([16, 43])
attention_weights shape: torch.Size([16, 87, 1])
x shape after cause_specific_fc: torch.Size([16, 120])
pmf_preds shape: [torch.Size([16, 5475])]
res shape: torch.Size([16, 1, 5475])
Average Loss: 1.6239834213256836
Epoch 10/50
features shape: torch.Size([16, 87, 8]), mask shape: torch.Size([16, 87]), time_to_event shape: torch.Size([16, 1]), event_indicator shape: torch.Size([16, 1]), time_to_events shape: torch.Size([16, 87]), event_indicators shape: torch.Size([16, 87]), sequence lengths shape: torch.Size([16, 1])
x shape: torch.Size([16, 87, 8])
mask shape: torch.Size([16, 87])
lstm_output shape: torch.Size([16, 87, 86])
fc_output shape: torch.Size([16, 87, 43])
context shape: torch.Size([16, 43])
attention_weights shape: torch.Size([16, 87, 1])
x shape after cause_specific_fc: torch.Size([16, 120])
pmf_preds shape: [torch.Size([16, 5475])]
res shape: torch.Size([16, 1, 5475])
Average Loss: 1.5985877990722657
Epoch 11/50
features shape: torch.Size([16, 87, 8]), mask shape: torch.Size([16, 87]), time_to_event shape: torch.Size([16, 1]), event_indicator shape: torch.Size([16, 1]), time_to_events shape: torch.Size([16, 87]), event_indicators shape: torch.Size([16, 87]), sequence lengths shape: torch.Size([16, 1])
x shape: torch.Size([16, 87, 8])
mask shape: torch.Size([16, 87])
lstm_output shape: torch.Size([16, 87, 86])
fc_output shape: torch.Size([16, 87, 43])
context shape: torch.Size([16, 43])
attention_weights shape: torch.Size([16, 87, 1])
x shape after cause_specific_fc: torch.Size([16, 120])
pmf_preds shape: [torch.Size([16, 5475])]
res shape: torch.Size([16, 1, 5475])
Average Loss: 1.6042064571380614
Patience Counter: 1
Epoch 12/50
features shape: torch.Size([16, 87, 8]), mask shape: torch.Size([16, 87]), time_to_event shape: torch.Size([16, 1]), event_indicator shape: torch.Size([16, 1]), time_to_events shape: torch.Size([16, 87]), event_indicators shape: torch.Size([16, 87]), sequence lengths shape: torch.Size([16, 1])
x shape: torch.Size([16, 87, 8])
mask shape: torch.Size([16, 87])
lstm_output shape: torch.Size([16, 87, 86])
fc_output shape: torch.Size([16, 87, 43])
context shape: torch.Size([16, 43])
attention_weights shape: torch.Size([16, 87, 1])
x shape after cause_specific_fc: torch.Size([16, 120])
pmf_preds shape: [torch.Size([16, 5475])]
res shape: torch.Size([16, 1, 5475])
Average Loss: 1.5548165082931518
Epoch 13/50
features shape: torch.Size([16, 87, 8]), mask shape: torch.Size([16, 87]), time_to_event shape: torch.Size([16, 1]), event_indicator shape: torch.Size([16, 1]), time_to_events shape: torch.Size([16, 87]), event_indicators shape: torch.Size([16, 87]), sequence lengths shape: torch.Size([16, 1])
x shape: torch.Size([16, 87, 8])
mask shape: torch.Size([16, 87])
lstm_output shape: torch.Size([16, 87, 86])
fc_output shape: torch.Size([16, 87, 43])
context shape: torch.Size([16, 43])
attention_weights shape: torch.Size([16, 87, 1])
x shape after cause_specific_fc: torch.Size([16, 120])
pmf_preds shape: [torch.Size([16, 5475])]
res shape: torch.Size([16, 1, 5475])
Average Loss: 1.5569482946395874
Patience Counter: 1
Epoch 14/50
features shape: torch.Size([16, 87, 8]), mask shape: torch.Size([16, 87]), time_to_event shape: torch.Size([16, 1]), event_indicator shape: torch.Size([16, 1]), time_to_events shape: torch.Size([16, 87]), event_indicators shape: torch.Size([16, 87]), sequence lengths shape: torch.Size([16, 1])
x shape: torch.Size([16, 87, 8])
mask shape: torch.Size([16, 87])
lstm_output shape: torch.Size([16, 87, 86])
fc_output shape: torch.Size([16, 87, 43])
context shape: torch.Size([16, 43])
attention_weights shape: torch.Size([16, 87, 1])
x shape after cause_specific_fc: torch.Size([16, 120])
pmf_preds shape: [torch.Size([16, 5475])]
res shape: torch.Size([16, 1, 5475])
Average Loss: 1.5402018427848816
Epoch 15/50
features shape: torch.Size([16, 87, 8]), mask shape: torch.Size([16, 87]), time_to_event shape: torch.Size([16, 1]), event_indicator shape: torch.Size([16, 1]), time_to_events shape: torch.Size([16, 87]), event_indicators shape: torch.Size([16, 87]), sequence lengths shape: torch.Size([16, 1])
x shape: torch.Size([16, 87, 8])
mask shape: torch.Size([16, 87])
lstm_output shape: torch.Size([16, 87, 86])
fc_output shape: torch.Size([16, 87, 43])
context shape: torch.Size([16, 43])
attention_weights shape: torch.Size([16, 87, 1])
x shape after cause_specific_fc: torch.Size([16, 120])
pmf_preds shape: [torch.Size([16, 5475])]
res shape: torch.Size([16, 1, 5475])
Average Loss: 1.5075819778442383
Epoch 16/50
features shape: torch.Size([16, 87, 8]), mask shape: torch.Size([16, 87]), time_to_event shape: torch.Size([16, 1]), event_indicator shape: torch.Size([16, 1]), time_to_events shape: torch.Size([16, 87]), event_indicators shape: torch.Size([16, 87]), sequence lengths shape: torch.Size([16, 1])
x shape: torch.Size([16, 87, 8])
mask shape: torch.Size([16, 87])
lstm_output shape: torch.Size([16, 87, 86])
fc_output shape: torch.Size([16, 87, 43])
context shape: torch.Size([16, 43])
attention_weights shape: torch.Size([16, 87, 1])
x shape after cause_specific_fc: torch.Size([16, 120])
pmf_preds shape: [torch.Size([16, 5475])]
res shape: torch.Size([16, 1, 5475])
Average Loss: 1.4829249620437621
Epoch 17/50
features shape: torch.Size([16, 87, 8]), mask shape: torch.Size([16, 87]), time_to_event shape: torch.Size([16, 1]), event_indicator shape: torch.Size([16, 1]), time_to_events shape: torch.Size([16, 87]), event_indicators shape: torch.Size([16, 87]), sequence lengths shape: torch.Size([16, 1])
x shape: torch.Size([16, 87, 8])
mask shape: torch.Size([16, 87])
lstm_output shape: torch.Size([16, 87, 86])
fc_output shape: torch.Size([16, 87, 43])
context shape: torch.Size([16, 43])
attention_weights shape: torch.Size([16, 87, 1])
x shape after cause_specific_fc: torch.Size([16, 120])
pmf_preds shape: [torch.Size([16, 5475])]
res shape: torch.Size([16, 1, 5475])
Average Loss: 1.45271737575531
Epoch 18/50
features shape: torch.Size([16, 87, 8]), mask shape: torch.Size([16, 87]), time_to_event shape: torch.Size([16, 1]), event_indicator shape: torch.Size([16, 1]), time_to_events shape: torch.Size([16, 87]), event_indicators shape: torch.Size([16, 87]), sequence lengths shape: torch.Size([16, 1])
x shape: torch.Size([16, 87, 8])
mask shape: torch.Size([16, 87])
lstm_output shape: torch.Size([16, 87, 86])
fc_output shape: torch.Size([16, 87, 43])
context shape: torch.Size([16, 43])
attention_weights shape: torch.Size([16, 87, 1])
x shape after cause_specific_fc: torch.Size([16, 120])
pmf_preds shape: [torch.Size([16, 5475])]
res shape: torch.Size([16, 1, 5475])
Average Loss: 1.429724988937378
Epoch 19/50
features shape: torch.Size([16, 87, 8]), mask shape: torch.Size([16, 87]), time_to_event shape: torch.Size([16, 1]), event_indicator shape: torch.Size([16, 1]), time_to_events shape: torch.Size([16, 87]), event_indicators shape: torch.Size([16, 87]), sequence lengths shape: torch.Size([16, 1])
x shape: torch.Size([16, 87, 8])
mask shape: torch.Size([16, 87])
lstm_output shape: torch.Size([16, 87, 86])
fc_output shape: torch.Size([16, 87, 43])
context shape: torch.Size([16, 43])
attention_weights shape: torch.Size([16, 87, 1])
x shape after cause_specific_fc: torch.Size([16, 120])
pmf_preds shape: [torch.Size([16, 5475])]
res shape: torch.Size([16, 1, 5475])
Average Loss: 1.4172536182403563
Epoch 20/50
features shape: torch.Size([16, 87, 8]), mask shape: torch.Size([16, 87]), time_to_event shape: torch.Size([16, 1]), event_indicator shape: torch.Size([16, 1]), time_to_events shape: torch.Size([16, 87]), event_indicators shape: torch.Size([16, 87]), sequence lengths shape: torch.Size([16, 1])
x shape: torch.Size([16, 87, 8])
mask shape: torch.Size([16, 87])
lstm_output shape: torch.Size([16, 87, 86])
fc_output shape: torch.Size([16, 87, 43])
context shape: torch.Size([16, 43])
attention_weights shape: torch.Size([16, 87, 1])
x shape after cause_specific_fc: torch.Size([16, 120])
pmf_preds shape: [torch.Size([16, 5475])]
res shape: torch.Size([16, 1, 5475])
Average Loss: 1.3960525941848756
Epoch 21/50
features shape: torch.Size([16, 87, 8]), mask shape: torch.Size([16, 87]), time_to_event shape: torch.Size([16, 1]), event_indicator shape: torch.Size([16, 1]), time_to_events shape: torch.Size([16, 87]), event_indicators shape: torch.Size([16, 87]), sequence lengths shape: torch.Size([16, 1])
x shape: torch.Size([16, 87, 8])
mask shape: torch.Size([16, 87])
lstm_output shape: torch.Size([16, 87, 86])
fc_output shape: torch.Size([16, 87, 43])
context shape: torch.Size([16, 43])
attention_weights shape: torch.Size([16, 87, 1])
x shape after cause_specific_fc: torch.Size([16, 120])
pmf_preds shape: [torch.Size([16, 5475])]
res shape: torch.Size([16, 1, 5475])
Average Loss: 1.3592225813865662
Epoch 22/50
features shape: torch.Size([16, 87, 8]), mask shape: torch.Size([16, 87]), time_to_event shape: torch.Size([16, 1]), event_indicator shape: torch.Size([16, 1]), time_to_events shape: torch.Size([16, 87]), event_indicators shape: torch.Size([16, 87]), sequence lengths shape: torch.Size([16, 1])
x shape: torch.Size([16, 87, 8])
mask shape: torch.Size([16, 87])
lstm_output shape: torch.Size([16, 87, 86])
fc_output shape: torch.Size([16, 87, 43])
context shape: torch.Size([16, 43])
attention_weights shape: torch.Size([16, 87, 1])
x shape after cause_specific_fc: torch.Size([16, 120])
pmf_preds shape: [torch.Size([16, 5475])]
res shape: torch.Size([16, 1, 5475])
Average Loss: 1.3725054907798766
Patience Counter: 1
Epoch 23/50
features shape: torch.Size([16, 87, 8]), mask shape: torch.Size([16, 87]), time_to_event shape: torch.Size([16, 1]), event_indicator shape: torch.Size([16, 1]), time_to_events shape: torch.Size([16, 87]), event_indicators shape: torch.Size([16, 87]), sequence lengths shape: torch.Size([16, 1])
x shape: torch.Size([16, 87, 8])
mask shape: torch.Size([16, 87])
lstm_output shape: torch.Size([16, 87, 86])
fc_output shape: torch.Size([16, 87, 43])
context shape: torch.Size([16, 43])
attention_weights shape: torch.Size([16, 87, 1])
x shape after cause_specific_fc: torch.Size([16, 120])
pmf_preds shape: [torch.Size([16, 5475])]
res shape: torch.Size([16, 1, 5475])
Average Loss: 1.3643703389167785
Patience Counter: 2
Epoch 24/50
features shape: torch.Size([16, 87, 8]), mask shape: torch.Size([16, 87]), time_to_event shape: torch.Size([16, 1]), event_indicator shape: torch.Size([16, 1]), time_to_events shape: torch.Size([16, 87]), event_indicators shape: torch.Size([16, 87]), sequence lengths shape: torch.Size([16, 1])
x shape: torch.Size([16, 87, 8])
mask shape: torch.Size([16, 87])
lstm_output shape: torch.Size([16, 87, 86])
fc_output shape: torch.Size([16, 87, 43])
context shape: torch.Size([16, 43])
attention_weights shape: torch.Size([16, 87, 1])
x shape after cause_specific_fc: torch.Size([16, 120])
pmf_preds shape: [torch.Size([16, 5475])]
res shape: torch.Size([16, 1, 5475])
Average Loss: 1.3410600543022155
Epoch 25/50
features shape: torch.Size([16, 87, 8]), mask shape: torch.Size([16, 87]), time_to_event shape: torch.Size([16, 1]), event_indicator shape: torch.Size([16, 1]), time_to_events shape: torch.Size([16, 87]), event_indicators shape: torch.Size([16, 87]), sequence lengths shape: torch.Size([16, 1])
x shape: torch.Size([16, 87, 8])
mask shape: torch.Size([16, 87])
lstm_output shape: torch.Size([16, 87, 86])
fc_output shape: torch.Size([16, 87, 43])
context shape: torch.Size([16, 43])
attention_weights shape: torch.Size([16, 87, 1])
x shape after cause_specific_fc: torch.Size([16, 120])
pmf_preds shape: [torch.Size([16, 5475])]
res shape: torch.Size([16, 1, 5475])
Average Loss: 1.3354982781410216
Epoch 26/50
features shape: torch.Size([16, 87, 8]), mask shape: torch.Size([16, 87]), time_to_event shape: torch.Size([16, 1]), event_indicator shape: torch.Size([16, 1]), time_to_events shape: torch.Size([16, 87]), event_indicators shape: torch.Size([16, 87]), sequence lengths shape: torch.Size([16, 1])
x shape: torch.Size([16, 87, 8])
mask shape: torch.Size([16, 87])
lstm_output shape: torch.Size([16, 87, 86])
fc_output shape: torch.Size([16, 87, 43])
context shape: torch.Size([16, 43])
attention_weights shape: torch.Size([16, 87, 1])
x shape after cause_specific_fc: torch.Size([16, 120])
pmf_preds shape: [torch.Size([16, 5475])]
res shape: torch.Size([16, 1, 5475])
Average Loss: 1.3595871686935426
Patience Counter: 1
Epoch 27/50
features shape: torch.Size([16, 87, 8]), mask shape: torch.Size([16, 87]), time_to_event shape: torch.Size([16, 1]), event_indicator shape: torch.Size([16, 1]), time_to_events shape: torch.Size([16, 87]), event_indicators shape: torch.Size([16, 87]), sequence lengths shape: torch.Size([16, 1])
x shape: torch.Size([16, 87, 8])
mask shape: torch.Size([16, 87])
lstm_output shape: torch.Size([16, 87, 86])
fc_output shape: torch.Size([16, 87, 43])
context shape: torch.Size([16, 43])
attention_weights shape: torch.Size([16, 87, 1])
x shape after cause_specific_fc: torch.Size([16, 120])
pmf_preds shape: [torch.Size([16, 5475])]
res shape: torch.Size([16, 1, 5475])
Average Loss: 1.3232348442077637
Epoch 28/50
features shape: torch.Size([16, 87, 8]), mask shape: torch.Size([16, 87]), time_to_event shape: torch.Size([16, 1]), event_indicator shape: torch.Size([16, 1]), time_to_events shape: torch.Size([16, 87]), event_indicators shape: torch.Size([16, 87]), sequence lengths shape: torch.Size([16, 1])
x shape: torch.Size([16, 87, 8])
mask shape: torch.Size([16, 87])
lstm_output shape: torch.Size([16, 87, 86])
fc_output shape: torch.Size([16, 87, 43])
context shape: torch.Size([16, 43])
attention_weights shape: torch.Size([16, 87, 1])
x shape after cause_specific_fc: torch.Size([16, 120])
pmf_preds shape: [torch.Size([16, 5475])]
res shape: torch.Size([16, 1, 5475])
Average Loss: 1.28728431224823
Epoch 29/50
features shape: torch.Size([16, 87, 8]), mask shape: torch.Size([16, 87]), time_to_event shape: torch.Size([16, 1]), event_indicator shape: torch.Size([16, 1]), time_to_events shape: torch.Size([16, 87]), event_indicators shape: torch.Size([16, 87]), sequence lengths shape: torch.Size([16, 1])
x shape: torch.Size([16, 87, 8])
mask shape: torch.Size([16, 87])
lstm_output shape: torch.Size([16, 87, 86])
fc_output shape: torch.Size([16, 87, 43])
context shape: torch.Size([16, 43])
attention_weights shape: torch.Size([16, 87, 1])
x shape after cause_specific_fc: torch.Size([16, 120])
pmf_preds shape: [torch.Size([16, 5475])]
res shape: torch.Size([16, 1, 5475])
Average Loss: 1.306514811515808
Patience Counter: 1
Epoch 30/50
features shape: torch.Size([16, 87, 8]), mask shape: torch.Size([16, 87]), time_to_event shape: torch.Size([16, 1]), event_indicator shape: torch.Size([16, 1]), time_to_events shape: torch.Size([16, 87]), event_indicators shape: torch.Size([16, 87]), sequence lengths shape: torch.Size([16, 1])
x shape: torch.Size([16, 87, 8])
mask shape: torch.Size([16, 87])
lstm_output shape: torch.Size([16, 87, 86])
fc_output shape: torch.Size([16, 87, 43])
context shape: torch.Size([16, 43])
attention_weights shape: torch.Size([16, 87, 1])
x shape after cause_specific_fc: torch.Size([16, 120])
pmf_preds shape: [torch.Size([16, 5475])]
res shape: torch.Size([16, 1, 5475])
Average Loss: 1.305788586139679
Patience Counter: 2
Epoch 31/50
features shape: torch.Size([16, 87, 8]), mask shape: torch.Size([16, 87]), time_to_event shape: torch.Size([16, 1]), event_indicator shape: torch.Size([16, 1]), time_to_events shape: torch.Size([16, 87]), event_indicators shape: torch.Size([16, 87]), sequence lengths shape: torch.Size([16, 1])
x shape: torch.Size([16, 87, 8])
mask shape: torch.Size([16, 87])
lstm_output shape: torch.Size([16, 87, 86])
fc_output shape: torch.Size([16, 87, 43])
context shape: torch.Size([16, 43])
attention_weights shape: torch.Size([16, 87, 1])
x shape after cause_specific_fc: torch.Size([16, 120])
pmf_preds shape: [torch.Size([16, 5475])]
res shape: torch.Size([16, 1, 5475])
Average Loss: 1.2822632169723511
Epoch 32/50
features shape: torch.Size([16, 87, 8]), mask shape: torch.Size([16, 87]), time_to_event shape: torch.Size([16, 1]), event_indicator shape: torch.Size([16, 1]), time_to_events shape: torch.Size([16, 87]), event_indicators shape: torch.Size([16, 87]), sequence lengths shape: torch.Size([16, 1])
x shape: torch.Size([16, 87, 8])
mask shape: torch.Size([16, 87])
lstm_output shape: torch.Size([16, 87, 86])
fc_output shape: torch.Size([16, 87, 43])
context shape: torch.Size([16, 43])
attention_weights shape: torch.Size([16, 87, 1])
x shape after cause_specific_fc: torch.Size([16, 120])
pmf_preds shape: [torch.Size([16, 5475])]
res shape: torch.Size([16, 1, 5475])
Average Loss: 1.3056691479682923
Patience Counter: 1
Epoch 33/50
features shape: torch.Size([16, 87, 8]), mask shape: torch.Size([16, 87]), time_to_event shape: torch.Size([16, 1]), event_indicator shape: torch.Size([16, 1]), time_to_events shape: torch.Size([16, 87]), event_indicators shape: torch.Size([16, 87]), sequence lengths shape: torch.Size([16, 1])
x shape: torch.Size([16, 87, 8])
mask shape: torch.Size([16, 87])
lstm_output shape: torch.Size([16, 87, 86])
fc_output shape: torch.Size([16, 87, 43])
context shape: torch.Size([16, 43])
attention_weights shape: torch.Size([16, 87, 1])
x shape after cause_specific_fc: torch.Size([16, 120])
pmf_preds shape: [torch.Size([16, 5475])]
res shape: torch.Size([16, 1, 5475])
Average Loss: 1.2734147453308104
Epoch 34/50
features shape: torch.Size([16, 87, 8]), mask shape: torch.Size([16, 87]), time_to_event shape: torch.Size([16, 1]), event_indicator shape: torch.Size([16, 1]), time_to_events shape: torch.Size([16, 87]), event_indicators shape: torch.Size([16, 87]), sequence lengths shape: torch.Size([16, 1])
x shape: torch.Size([16, 87, 8])
mask shape: torch.Size([16, 87])
lstm_output shape: torch.Size([16, 87, 86])
fc_output shape: torch.Size([16, 87, 43])
context shape: torch.Size([16, 43])
attention_weights shape: torch.Size([16, 87, 1])
x shape after cause_specific_fc: torch.Size([16, 120])
pmf_preds shape: [torch.Size([16, 5475])]
res shape: torch.Size([16, 1, 5475])
Average Loss: 1.2993753385543823
Patience Counter: 1
Epoch 35/50
features shape: torch.Size([16, 87, 8]), mask shape: torch.Size([16, 87]), time_to_event shape: torch.Size([16, 1]), event_indicator shape: torch.Size([16, 1]), time_to_events shape: torch.Size([16, 87]), event_indicators shape: torch.Size([16, 87]), sequence lengths shape: torch.Size([16, 1])
x shape: torch.Size([16, 87, 8])
mask shape: torch.Size([16, 87])
lstm_output shape: torch.Size([16, 87, 86])
fc_output shape: torch.Size([16, 87, 43])
context shape: torch.Size([16, 43])
attention_weights shape: torch.Size([16, 87, 1])
x shape after cause_specific_fc: torch.Size([16, 120])
pmf_preds shape: [torch.Size([16, 5475])]
res shape: torch.Size([16, 1, 5475])
Average Loss: 1.277309319972992
Patience Counter: 2
Epoch 36/50
features shape: torch.Size([16, 87, 8]), mask shape: torch.Size([16, 87]), time_to_event shape: torch.Size([16, 1]), event_indicator shape: torch.Size([16, 1]), time_to_events shape: torch.Size([16, 87]), event_indicators shape: torch.Size([16, 87]), sequence lengths shape: torch.Size([16, 1])
x shape: torch.Size([16, 87, 8])
mask shape: torch.Size([16, 87])
lstm_output shape: torch.Size([16, 87, 86])
fc_output shape: torch.Size([16, 87, 43])
context shape: torch.Size([16, 43])
attention_weights shape: torch.Size([16, 87, 1])
x shape after cause_specific_fc: torch.Size([16, 120])
pmf_preds shape: [torch.Size([16, 5475])]
res shape: torch.Size([16, 1, 5475])
Average Loss: 1.2833053851127625
Patience Counter: 3
Epoch 37/50
features shape: torch.Size([16, 87, 8]), mask shape: torch.Size([16, 87]), time_to_event shape: torch.Size([16, 1]), event_indicator shape: torch.Size([16, 1]), time_to_events shape: torch.Size([16, 87]), event_indicators shape: torch.Size([16, 87]), sequence lengths shape: torch.Size([16, 1])
x shape: torch.Size([16, 87, 8])
mask shape: torch.Size([16, 87])
lstm_output shape: torch.Size([16, 87, 86])
fc_output shape: torch.Size([16, 87, 43])
context shape: torch.Size([16, 43])
attention_weights shape: torch.Size([16, 87, 1])
x shape after cause_specific_fc: torch.Size([16, 120])
pmf_preds shape: [torch.Size([16, 5475])]
res shape: torch.Size([16, 1, 5475])
Average Loss: 1.288639283180237
Patience Counter: 4
Epoch 38/50
features shape: torch.Size([16, 87, 8]), mask shape: torch.Size([16, 87]), time_to_event shape: torch.Size([16, 1]), event_indicator shape: torch.Size([16, 1]), time_to_events shape: torch.Size([16, 87]), event_indicators shape: torch.Size([16, 87]), sequence lengths shape: torch.Size([16, 1])
x shape: torch.Size([16, 87, 8])
mask shape: torch.Size([16, 87])
lstm_output shape: torch.Size([16, 87, 86])
fc_output shape: torch.Size([16, 87, 43])
context shape: torch.Size([16, 43])
attention_weights shape: torch.Size([16, 87, 1])
x shape after cause_specific_fc: torch.Size([16, 120])
pmf_preds shape: [torch.Size([16, 5475])]
res shape: torch.Size([16, 1, 5475])
Average Loss: 1.2712790870666504
Epoch 39/50
features shape: torch.Size([16, 87, 8]), mask shape: torch.Size([16, 87]), time_to_event shape: torch.Size([16, 1]), event_indicator shape: torch.Size([16, 1]), time_to_events shape: torch.Size([16, 87]), event_indicators shape: torch.Size([16, 87]), sequence lengths shape: torch.Size([16, 1])
x shape: torch.Size([16, 87, 8])
mask shape: torch.Size([16, 87])
lstm_output shape: torch.Size([16, 87, 86])
fc_output shape: torch.Size([16, 87, 43])
context shape: torch.Size([16, 43])
attention_weights shape: torch.Size([16, 87, 1])
x shape after cause_specific_fc: torch.Size([16, 120])
pmf_preds shape: [torch.Size([16, 5475])]
res shape: torch.Size([16, 1, 5475])
Average Loss: 1.2729273986816407
Patience Counter: 1
Epoch 40/50
features shape: torch.Size([16, 87, 8]), mask shape: torch.Size([16, 87]), time_to_event shape: torch.Size([16, 1]), event_indicator shape: torch.Size([16, 1]), time_to_events shape: torch.Size([16, 87]), event_indicators shape: torch.Size([16, 87]), sequence lengths shape: torch.Size([16, 1])
x shape: torch.Size([16, 87, 8])
mask shape: torch.Size([16, 87])
lstm_output shape: torch.Size([16, 87, 86])
fc_output shape: torch.Size([16, 87, 43])
context shape: torch.Size([16, 43])
attention_weights shape: torch.Size([16, 87, 1])
x shape after cause_specific_fc: torch.Size([16, 120])
pmf_preds shape: [torch.Size([16, 5475])]
res shape: torch.Size([16, 1, 5475])
Average Loss: 1.267648766040802
Epoch 41/50
features shape: torch.Size([16, 87, 8]), mask shape: torch.Size([16, 87]), time_to_event shape: torch.Size([16, 1]), event_indicator shape: torch.Size([16, 1]), time_to_events shape: torch.Size([16, 87]), event_indicators shape: torch.Size([16, 87]), sequence lengths shape: torch.Size([16, 1])
x shape: torch.Size([16, 87, 8])
mask shape: torch.Size([16, 87])
lstm_output shape: torch.Size([16, 87, 86])
fc_output shape: torch.Size([16, 87, 43])
context shape: torch.Size([16, 43])
attention_weights shape: torch.Size([16, 87, 1])
x shape after cause_specific_fc: torch.Size([16, 120])
pmf_preds shape: [torch.Size([16, 5475])]
res shape: torch.Size([16, 1, 5475])
Average Loss: 1.2684870409965514
Patience Counter: 1
Epoch 42/50
features shape: torch.Size([16, 87, 8]), mask shape: torch.Size([16, 87]), time_to_event shape: torch.Size([16, 1]), event_indicator shape: torch.Size([16, 1]), time_to_events shape: torch.Size([16, 87]), event_indicators shape: torch.Size([16, 87]), sequence lengths shape: torch.Size([16, 1])
x shape: torch.Size([16, 87, 8])
mask shape: torch.Size([16, 87])
lstm_output shape: torch.Size([16, 87, 86])
fc_output shape: torch.Size([16, 87, 43])
context shape: torch.Size([16, 43])
attention_weights shape: torch.Size([16, 87, 1])
x shape after cause_specific_fc: torch.Size([16, 120])
pmf_preds shape: [torch.Size([16, 5475])]
res shape: torch.Size([16, 1, 5475])
Average Loss: 1.2639847254753114
Epoch 43/50
features shape: torch.Size([16, 87, 8]), mask shape: torch.Size([16, 87]), time_to_event shape: torch.Size([16, 1]), event_indicator shape: torch.Size([16, 1]), time_to_events shape: torch.Size([16, 87]), event_indicators shape: torch.Size([16, 87]), sequence lengths shape: torch.Size([16, 1])
x shape: torch.Size([16, 87, 8])
mask shape: torch.Size([16, 87])
lstm_output shape: torch.Size([16, 87, 86])
fc_output shape: torch.Size([16, 87, 43])
context shape: torch.Size([16, 43])
attention_weights shape: torch.Size([16, 87, 1])
x shape after cause_specific_fc: torch.Size([16, 120])
pmf_preds shape: [torch.Size([16, 5475])]
res shape: torch.Size([16, 1, 5475])
Average Loss: 1.2416449642181397
Epoch 44/50
features shape: torch.Size([16, 87, 8]), mask shape: torch.Size([16, 87]), time_to_event shape: torch.Size([16, 1]), event_indicator shape: torch.Size([16, 1]), time_to_events shape: torch.Size([16, 87]), event_indicators shape: torch.Size([16, 87]), sequence lengths shape: torch.Size([16, 1])
x shape: torch.Size([16, 87, 8])
mask shape: torch.Size([16, 87])
lstm_output shape: torch.Size([16, 87, 86])
fc_output shape: torch.Size([16, 87, 43])
context shape: torch.Size([16, 43])
attention_weights shape: torch.Size([16, 87, 1])
x shape after cause_specific_fc: torch.Size([16, 120])
pmf_preds shape: [torch.Size([16, 5475])]
res shape: torch.Size([16, 1, 5475])
Average Loss: 1.245434651374817
Patience Counter: 1
Epoch 45/50
features shape: torch.Size([16, 87, 8]), mask shape: torch.Size([16, 87]), time_to_event shape: torch.Size([16, 1]), event_indicator shape: torch.Size([16, 1]), time_to_events shape: torch.Size([16, 87]), event_indicators shape: torch.Size([16, 87]), sequence lengths shape: torch.Size([16, 1])
x shape: torch.Size([16, 87, 8])
mask shape: torch.Size([16, 87])
lstm_output shape: torch.Size([16, 87, 86])
fc_output shape: torch.Size([16, 87, 43])
context shape: torch.Size([16, 43])
attention_weights shape: torch.Size([16, 87, 1])
x shape after cause_specific_fc: torch.Size([16, 120])
pmf_preds shape: [torch.Size([16, 5475])]
res shape: torch.Size([16, 1, 5475])
Average Loss: 1.2916127347946167
Patience Counter: 2
Epoch 46/50
features shape: torch.Size([16, 87, 8]), mask shape: torch.Size([16, 87]), time_to_event shape: torch.Size([16, 1]), event_indicator shape: torch.Size([16, 1]), time_to_events shape: torch.Size([16, 87]), event_indicators shape: torch.Size([16, 87]), sequence lengths shape: torch.Size([16, 1])
x shape: torch.Size([16, 87, 8])
mask shape: torch.Size([16, 87])
lstm_output shape: torch.Size([16, 87, 86])
fc_output shape: torch.Size([16, 87, 43])
context shape: torch.Size([16, 43])
attention_weights shape: torch.Size([16, 87, 1])
x shape after cause_specific_fc: torch.Size([16, 120])
pmf_preds shape: [torch.Size([16, 5475])]
res shape: torch.Size([16, 1, 5475])
Average Loss: 1.2543901419639587
Patience Counter: 3
Epoch 47/50
features shape: torch.Size([16, 87, 8]), mask shape: torch.Size([16, 87]), time_to_event shape: torch.Size([16, 1]), event_indicator shape: torch.Size([16, 1]), time_to_events shape: torch.Size([16, 87]), event_indicators shape: torch.Size([16, 87]), sequence lengths shape: torch.Size([16, 1])
x shape: torch.Size([16, 87, 8])
mask shape: torch.Size([16, 87])
lstm_output shape: torch.Size([16, 87, 86])
fc_output shape: torch.Size([16, 87, 43])
context shape: torch.Size([16, 43])
attention_weights shape: torch.Size([16, 87, 1])
x shape after cause_specific_fc: torch.Size([16, 120])
pmf_preds shape: [torch.Size([16, 5475])]
res shape: torch.Size([16, 1, 5475])
Average Loss: 1.25053231716156
Patience Counter: 4
Epoch 48/50
features shape: torch.Size([16, 87, 8]), mask shape: torch.Size([16, 87]), time_to_event shape: torch.Size([16, 1]), event_indicator shape: torch.Size([16, 1]), time_to_events shape: torch.Size([16, 87]), event_indicators shape: torch.Size([16, 87]), sequence lengths shape: torch.Size([16, 1])
x shape: torch.Size([16, 87, 8])
mask shape: torch.Size([16, 87])
lstm_output shape: torch.Size([16, 87, 86])
fc_output shape: torch.Size([16, 87, 43])
context shape: torch.Size([16, 43])
attention_weights shape: torch.Size([16, 87, 1])
x shape after cause_specific_fc: torch.Size([16, 120])
pmf_preds shape: [torch.Size([16, 5475])]
res shape: torch.Size([16, 1, 5475])
Average Loss: 1.242511248588562
Patience Counter: 5
Early stopping triggered
features shape: torch.Size([16, 87, 8]), mask shape: torch.Size([16, 87]), T shape: torch.Size([16, 1]), E shape: torch.Size([16, 1]) cif shape: (16, 5475)
Processing subject 0 with time 1157 and event False cif at t_j: [0.53674704]
all_E shape: (400,) first 10 values: [False  True False  True  True  True False  True  True False]
all_R shape: (400,) first 10 values: [0.53674704 0.6730402  0.5211409  0.53694314 0.1055619  0.6033174
 0.2495022  0.8855698  0.76416975 0.37126693]
all_T shape: (400,) first 10 values: [1157    0 1140    0    0    0    0 2652 2335    0]
Global test C-index (scikit-survival): 0.628 number of concordant pairs: 27619
Global test C-index: 0.628
/home/minhn2/uiuc-kidney-failure/pkgs/experiments/dynamic_deephit.py:256: FutureWarning: You are using `torch.load` with `weights_only=False` (the current default value), which uses the default pickle module implicitly. It is possible to construct malicious pickle data which will execute arbitrary code during unpickling (See https://github.com/pytorch/pytorch/blob/main/SECURITY.md#untrusted-models for more details). In a future release, the default value for `weights_only` will be flipped to `True`. This limits the functions that could be executed during unpickling. Arbitrary objects will no longer be allowed to be loaded via this mode unless they are explicitly allowlisted by the user via `torch.serialization.add_safe_globals`. We recommend you start setting `weights_only=True` for any use case where you don't have full control of the loaded file. Please open an issue on GitHub for any issues related to this experimental feature.
  saved_model = torch.load(saved_path, map_location=device)
features shape: torch.Size([16, 87, 8]), mask shape: torch.Size([16, 87]), T shape: torch.Size([16, 1]), E shape: torch.Size([16, 1]) cif shape: (16, 5475)
Processing subject 0 with time 1157 and event False cif at t_j: [0.4295246]
all_E shape: (400,) first 10 values: [False  True False  True  True  True False  True  True False]
all_R shape: (400,) first 10 values: [0.4295246  0.8596882  0.4356821  0.85754484 0.19867215 0.8595469
 0.3967959  0.8430746  0.73742855 0.2777251 ]
all_T shape: (400,) first 10 values: [1157    0 1140    0    0    0    0 2652 2335    0]
Global test C-index (scikit-survival): 0.770 number of concordant pairs: 33874
Global test C-index: 0.770
Saved model C-index: 0.7698, Current trial C-index: 0.6276
Saved model is better, keeping it
[I 2026-08-27 01:09:23,020] Trial 8 finished with value: 0.6276189610507658 and parameters: {'num_layer': 3, 'hidden_dim_0': 43, 'hidden_dim_1': 16, 'hidden_dim_2': 120, 'learning_rate': 0.0004290149289734571, 'drop_out_rate': 0.30879522804469284, 'llh_loss': 0.7757265956312077}. Best is trial 4 with value: 0.7697586692723719.
Using GPU: cuda:1 (utilization=0%, free_mem=10984MiB)
Running trial 9 for ExperimentScenario.EIGHT_FEATURES on device cuda:1
Train data path /home/minhn2/uiuc-kidney-failure/generated_data/rep99/eight_features_train_data.csv
Test data path /home/minhn2/uiuc-kidney-failure/generated_data/rep99/eight_features_test_data.csv
Number of patients: test 243 and train 400
Number of records: test 1100 and train 1856
Epoch 1/50
features shape: torch.Size([16, 87, 8]), mask shape: torch.Size([16, 87]), time_to_event shape: torch.Size([16, 1]), event_indicator shape: torch.Size([16, 1]), time_to_events shape: torch.Size([16, 87]), event_indicators shape: torch.Size([16, 87]), sequence lengths shape: torch.Size([16, 1])
x shape: torch.Size([16, 87, 8])
mask shape: torch.Size([16, 87])
lstm_output shape: torch.Size([16, 87, 68])
fc_output shape: torch.Size([16, 87, 34])
context shape: torch.Size([16, 34])
attention_weights shape: torch.Size([16, 87, 1])
x shape after cause_specific_fc: torch.Size([16, 123])
pmf_preds shape: [torch.Size([16, 5475])]
res shape: torch.Size([16, 1, 5475])
Average Loss: 5.340204544067383
Epoch 2/50
features shape: torch.Size([16, 87, 8]), mask shape: torch.Size([16, 87]), time_to_event shape: torch.Size([16, 1]), event_indicator shape: torch.Size([16, 1]), time_to_events shape: torch.Size([16, 87]), event_indicators shape: torch.Size([16, 87]), sequence lengths shape: torch.Size([16, 1])
x shape: torch.Size([16, 87, 8])
mask shape: torch.Size([16, 87])
lstm_output shape: torch.Size([16, 87, 68])
fc_output shape: torch.Size([16, 87, 34])
context shape: torch.Size([16, 34])
attention_weights shape: torch.Size([16, 87, 1])
x shape after cause_specific_fc: torch.Size([16, 123])
pmf_preds shape: [torch.Size([16, 5475])]
res shape: torch.Size([16, 1, 5475])
Average Loss: 5.319634447097778
Epoch 3/50
features shape: torch.Size([16, 87, 8]), mask shape: torch.Size([16, 87]), time_to_event shape: torch.Size([16, 1]), event_indicator shape: torch.Size([16, 1]), time_to_events shape: torch.Size([16, 87]), event_indicators shape: torch.Size([16, 87]), sequence lengths shape: torch.Size([16, 1])
x shape: torch.Size([16, 87, 8])
mask shape: torch.Size([16, 87])
lstm_output shape: torch.Size([16, 87, 68])
fc_output shape: torch.Size([16, 87, 34])
context shape: torch.Size([16, 34])
attention_weights shape: torch.Size([16, 87, 1])
x shape after cause_specific_fc: torch.Size([16, 123])
pmf_preds shape: [torch.Size([16, 5475])]
res shape: torch.Size([16, 1, 5475])
Average Loss: 5.297669324874878
Epoch 4/50
features shape: torch.Size([16, 87, 8]), mask shape: torch.Size([16, 87]), time_to_event shape: torch.Size([16, 1]), event_indicator shape: torch.Size([16, 1]), time_to_events shape: torch.Size([16, 87]), event_indicators shape: torch.Size([16, 87]), sequence lengths shape: torch.Size([16, 1])
x shape: torch.Size([16, 87, 8])
mask shape: torch.Size([16, 87])
lstm_output shape: torch.Size([16, 87, 68])
fc_output shape: torch.Size([16, 87, 34])
context shape: torch.Size([16, 34])
attention_weights shape: torch.Size([16, 87, 1])
x shape after cause_specific_fc: torch.Size([16, 123])
pmf_preds shape: [torch.Size([16, 5475])]
res shape: torch.Size([16, 1, 5475])
Average Loss: 5.268069772720337
Epoch 5/50
features shape: torch.Size([16, 87, 8]), mask shape: torch.Size([16, 87]), time_to_event shape: torch.Size([16, 1]), event_indicator shape: torch.Size([16, 1]), time_to_events shape: torch.Size([16, 87]), event_indicators shape: torch.Size([16, 87]), sequence lengths shape: torch.Size([16, 1])
x shape: torch.Size([16, 87, 8])
mask shape: torch.Size([16, 87])
lstm_output shape: torch.Size([16, 87, 68])
fc_output shape: torch.Size([16, 87, 34])
context shape: torch.Size([16, 34])
attention_weights shape: torch.Size([16, 87, 1])
x shape after cause_specific_fc: torch.Size([16, 123])
pmf_preds shape: [torch.Size([16, 5475])]
res shape: torch.Size([16, 1, 5475])
Average Loss: 5.229730968475342
Epoch 6/50
features shape: torch.Size([16, 87, 8]), mask shape: torch.Size([16, 87]), time_to_event shape: torch.Size([16, 1]), event_indicator shape: torch.Size([16, 1]), time_to_events shape: torch.Size([16, 87]), event_indicators shape: torch.Size([16, 87]), sequence lengths shape: torch.Size([16, 1])
x shape: torch.Size([16, 87, 8])
mask shape: torch.Size([16, 87])
lstm_output shape: torch.Size([16, 87, 68])
fc_output shape: torch.Size([16, 87, 34])
context shape: torch.Size([16, 34])
attention_weights shape: torch.Size([16, 87, 1])
x shape after cause_specific_fc: torch.Size([16, 123])
pmf_preds shape: [torch.Size([16, 5475])]
res shape: torch.Size([16, 1, 5475])
Average Loss: 5.178143901824951
Epoch 7/50
features shape: torch.Size([16, 87, 8]), mask shape: torch.Size([16, 87]), time_to_event shape: torch.Size([16, 1]), event_indicator shape: torch.Size([16, 1]), time_to_events shape: torch.Size([16, 87]), event_indicators shape: torch.Size([16, 87]), sequence lengths shape: torch.Size([16, 1])
x shape: torch.Size([16, 87, 8])
mask shape: torch.Size([16, 87])
lstm_output shape: torch.Size([16, 87, 68])
fc_output shape: torch.Size([16, 87, 34])
context shape: torch.Size([16, 34])
attention_weights shape: torch.Size([16, 87, 1])
x shape after cause_specific_fc: torch.Size([16, 123])
pmf_preds shape: [torch.Size([16, 5475])]
res shape: torch.Size([16, 1, 5475])
Average Loss: 5.081629076004028
Epoch 8/50
features shape: torch.Size([16, 87, 8]), mask shape: torch.Size([16, 87]), time_to_event shape: torch.Size([16, 1]), event_indicator shape: torch.Size([16, 1]), time_to_events shape: torch.Size([16, 87]), event_indicators shape: torch.Size([16, 87]), sequence lengths shape: torch.Size([16, 1])
x shape: torch.Size([16, 87, 8])
mask shape: torch.Size([16, 87])
lstm_output shape: torch.Size([16, 87, 68])
fc_output shape: torch.Size([16, 87, 34])
context shape: torch.Size([16, 34])
attention_weights shape: torch.Size([16, 87, 1])
x shape after cause_specific_fc: torch.Size([16, 123])
pmf_preds shape: [torch.Size([16, 5475])]
res shape: torch.Size([16, 1, 5475])
Average Loss: 4.887359094619751
Epoch 9/50
features shape: torch.Size([16, 87, 8]), mask shape: torch.Size([16, 87]), time_to_event shape: torch.Size([16, 1]), event_indicator shape: torch.Size([16, 1]), time_to_events shape: torch.Size([16, 87]), event_indicators shape: torch.Size([16, 87]), sequence lengths shape: torch.Size([16, 1])
x shape: torch.Size([16, 87, 8])
mask shape: torch.Size([16, 87])
lstm_output shape: torch.Size([16, 87, 68])
fc_output shape: torch.Size([16, 87, 34])
context shape: torch.Size([16, 34])
attention_weights shape: torch.Size([16, 87, 1])
x shape after cause_specific_fc: torch.Size([16, 123])
pmf_preds shape: [torch.Size([16, 5475])]
res shape: torch.Size([16, 1, 5475])
Average Loss: 4.4322647285461425
Epoch 10/50
features shape: torch.Size([16, 87, 8]), mask shape: torch.Size([16, 87]), time_to_event shape: torch.Size([16, 1]), event_indicator shape: torch.Size([16, 1]), time_to_events shape: torch.Size([16, 87]), event_indicators shape: torch.Size([16, 87]), sequence lengths shape: torch.Size([16, 1])
x shape: torch.Size([16, 87, 8])
mask shape: torch.Size([16, 87])
lstm_output shape: torch.Size([16, 87, 68])
fc_output shape: torch.Size([16, 87, 34])
context shape: torch.Size([16, 34])
attention_weights shape: torch.Size([16, 87, 1])
x shape after cause_specific_fc: torch.Size([16, 123])
pmf_preds shape: [torch.Size([16, 5475])]
res shape: torch.Size([16, 1, 5475])
Average Loss: 3.6011342144012453
Epoch 11/50
features shape: torch.Size([16, 87, 8]), mask shape: torch.Size([16, 87]), time_to_event shape: torch.Size([16, 1]), event_indicator shape: torch.Size([16, 1]), time_to_events shape: torch.Size([16, 87]), event_indicators shape: torch.Size([16, 87]), sequence lengths shape: torch.Size([16, 1])
x shape: torch.Size([16, 87, 8])
mask shape: torch.Size([16, 87])
lstm_output shape: torch.Size([16, 87, 68])
fc_output shape: torch.Size([16, 87, 34])
context shape: torch.Size([16, 34])
attention_weights shape: torch.Size([16, 87, 1])
x shape after cause_specific_fc: torch.Size([16, 123])
pmf_preds shape: [torch.Size([16, 5475])]
res shape: torch.Size([16, 1, 5475])
Average Loss: 27.55394042491913
Patience Counter: 1
Epoch 12/50
features shape: torch.Size([16, 87, 8]), mask shape: torch.Size([16, 87]), time_to_event shape: torch.Size([16, 1]), event_indicator shape: torch.Size([16, 1]), time_to_events shape: torch.Size([16, 87]), event_indicators shape: torch.Size([16, 87]), sequence lengths shape: torch.Size([16, 1])
x shape: torch.Size([16, 87, 8])
mask shape: torch.Size([16, 87])
lstm_output shape: torch.Size([16, 87, 68])
fc_output shape: torch.Size([16, 87, 34])
context shape: torch.Size([16, 34])
attention_weights shape: torch.Size([16, 87, 1])
x shape after cause_specific_fc: torch.Size([16, 123])
pmf_preds shape: [torch.Size([16, 5475])]
res shape: torch.Size([16, 1, 5475])
Average Loss: 3.864622030258179
Patience Counter: 2
Epoch 13/50
features shape: torch.Size([16, 87, 8]), mask shape: torch.Size([16, 87]), time_to_event shape: torch.Size([16, 1]), event_indicator shape: torch.Size([16, 1]), time_to_events shape: torch.Size([16, 87]), event_indicators shape: torch.Size([16, 87]), sequence lengths shape: torch.Size([16, 1])
x shape: torch.Size([16, 87, 8])
mask shape: torch.Size([16, 87])
lstm_output shape: torch.Size([16, 87, 68])
fc_output shape: torch.Size([16, 87, 34])
context shape: torch.Size([16, 34])
attention_weights shape: torch.Size([16, 87, 1])
x shape after cause_specific_fc: torch.Size([16, 123])
pmf_preds shape: [torch.Size([16, 5475])]
res shape: torch.Size([16, 1, 5475])
Average Loss: 3.2366364002227783
Epoch 14/50
features shape: torch.Size([16, 87, 8]), mask shape: torch.Size([16, 87]), time_to_event shape: torch.Size([16, 1]), event_indicator shape: torch.Size([16, 1]), time_to_events shape: torch.Size([16, 87]), event_indicators shape: torch.Size([16, 87]), sequence lengths shape: torch.Size([16, 1])
x shape: torch.Size([16, 87, 8])
mask shape: torch.Size([16, 87])
lstm_output shape: torch.Size([16, 87, 68])
fc_output shape: torch.Size([16, 87, 34])
context shape: torch.Size([16, 34])
attention_weights shape: torch.Size([16, 87, 1])
x shape after cause_specific_fc: torch.Size([16, 123])
pmf_preds shape: [torch.Size([16, 5475])]
res shape: torch.Size([16, 1, 5475])
Average Loss: 6.256635036468506
Patience Counter: 1
Epoch 15/50
features shape: torch.Size([16, 87, 8]), mask shape: torch.Size([16, 87]), time_to_event shape: torch.Size([16, 1]), event_indicator shape: torch.Size([16, 1]), time_to_events shape: torch.Size([16, 87]), event_indicators shape: torch.Size([16, 87]), sequence lengths shape: torch.Size([16, 1])
x shape: torch.Size([16, 87, 8])
mask shape: torch.Size([16, 87])
lstm_output shape: torch.Size([16, 87, 68])
fc_output shape: torch.Size([16, 87, 34])
context shape: torch.Size([16, 34])
attention_weights shape: torch.Size([16, 87, 1])
x shape after cause_specific_fc: torch.Size([16, 123])
pmf_preds shape: [torch.Size([16, 5475])]
res shape: torch.Size([16, 1, 5475])
Average Loss: 3.8116841316223145
Patience Counter: 2
Epoch 16/50
features shape: torch.Size([16, 87, 8]), mask shape: torch.Size([16, 87]), time_to_event shape: torch.Size([16, 1]), event_indicator shape: torch.Size([16, 1]), time_to_events shape: torch.Size([16, 87]), event_indicators shape: torch.Size([16, 87]), sequence lengths shape: torch.Size([16, 1])
x shape: torch.Size([16, 87, 8])
mask shape: torch.Size([16, 87])
lstm_output shape: torch.Size([16, 87, 68])
fc_output shape: torch.Size([16, 87, 34])
context shape: torch.Size([16, 34])
attention_weights shape: torch.Size([16, 87, 1])
x shape after cause_specific_fc: torch.Size([16, 123])
pmf_preds shape: [torch.Size([16, 5475])]
res shape: torch.Size([16, 1, 5475])
Average Loss: 3.28774094581604
Patience Counter: 3
Epoch 17/50
features shape: torch.Size([16, 87, 8]), mask shape: torch.Size([16, 87]), time_to_event shape: torch.Size([16, 1]), event_indicator shape: torch.Size([16, 1]), time_to_events shape: torch.Size([16, 87]), event_indicators shape: torch.Size([16, 87]), sequence lengths shape: torch.Size([16, 1])
x shape: torch.Size([16, 87, 8])
mask shape: torch.Size([16, 87])
lstm_output shape: torch.Size([16, 87, 68])
fc_output shape: torch.Size([16, 87, 34])
context shape: torch.Size([16, 34])
attention_weights shape: torch.Size([16, 87, 1])
x shape after cause_specific_fc: torch.Size([16, 123])
pmf_preds shape: [torch.Size([16, 5475])]
res shape: torch.Size([16, 1, 5475])
Average Loss: 3.3372614192962646
Patience Counter: 4
Epoch 18/50
features shape: torch.Size([16, 87, 8]), mask shape: torch.Size([16, 87]), time_to_event shape: torch.Size([16, 1]), event_indicator shape: torch.Size([16, 1]), time_to_events shape: torch.Size([16, 87]), event_indicators shape: torch.Size([16, 87]), sequence lengths shape: torch.Size([16, 1])
x shape: torch.Size([16, 87, 8])
mask shape: torch.Size([16, 87])
lstm_output shape: torch.Size([16, 87, 68])
fc_output shape: torch.Size([16, 87, 34])
context shape: torch.Size([16, 34])
attention_weights shape: torch.Size([16, 87, 1])
x shape after cause_specific_fc: torch.Size([16, 123])
pmf_preds shape: [torch.Size([16, 5475])]
res shape: torch.Size([16, 1, 5475])
Average Loss: 3.313619165420532
Patience Counter: 5
Early stopping triggered
features shape: torch.Size([16, 87, 8]), mask shape: torch.Size([16, 87]), T shape: torch.Size([16, 1]), E shape: torch.Size([16, 1]) cif shape: (16, 5475)
Processing subject 0 with time 1157 and event False cif at t_j: [0.2394582]
all_E shape: (400,) first 10 values: [False  True False  True  True  True False  True  True False]
all_R shape: (400,) first 10 values: [0.2394582  0.01074729 0.23768309 0.01035054 0.0123049  0.01056996
 0.0124833  0.50686914 0.45237076 0.01518736]
all_T shape: (400,) first 10 values: [1157    0 1140    0    0    0    0 2652 2335    0]
Global test C-index (scikit-survival): 0.169 number of concordant pairs: 7450
Global test C-index: 0.169
/home/minhn2/uiuc-kidney-failure/pkgs/experiments/dynamic_deephit.py:256: FutureWarning: You are using `torch.load` with `weights_only=False` (the current default value), which uses the default pickle module implicitly. It is possible to construct malicious pickle data which will execute arbitrary code during unpickling (See https://github.com/pytorch/pytorch/blob/main/SECURITY.md#untrusted-models for more details). In a future release, the default value for `weights_only` will be flipped to `True`. This limits the functions that could be executed during unpickling. Arbitrary objects will no longer be allowed to be loaded via this mode unless they are explicitly allowlisted by the user via `torch.serialization.add_safe_globals`. We recommend you start setting `weights_only=True` for any use case where you don't have full control of the loaded file. Please open an issue on GitHub for any issues related to this experimental feature.
  saved_model = torch.load(saved_path, map_location=device)
features shape: torch.Size([16, 87, 8]), mask shape: torch.Size([16, 87]), T shape: torch.Size([16, 1]), E shape: torch.Size([16, 1]) cif shape: (16, 5475)
Processing subject 0 with time 1157 and event False cif at t_j: [0.4295246]
all_E shape: (400,) first 10 values: [False  True False  True  True  True False  True  True False]
all_R shape: (400,) first 10 values: [0.4295246  0.8596882  0.4356821  0.85754484 0.19867215 0.8595469
 0.3967959  0.8430746  0.73742855 0.2777251 ]
all_T shape: (400,) first 10 values: [1157    0 1140    0    0    0    0 2652 2335    0]
Global test C-index (scikit-survival): 0.770 number of concordant pairs: 33874
Global test C-index: 0.770
Saved model C-index: 0.7698, Current trial C-index: 0.1693
Saved model is better, keeping it
[I 2026-08-27 01:09:57,521] Trial 9 finished with value: 0.1692950961232559 and parameters: {'num_layer': 3, 'hidden_dim_0': 34, 'hidden_dim_1': 59, 'hidden_dim_2': 123, 'learning_rate': 7.489214326681599e-05, 'drop_out_rate': 0.2589397317266211, 'llh_loss': 0.9900511053132388}. Best is trial 4 with value: 0.7697586692723719.
Number of finished trials:  10
Best trial:
Best hyperparameters: {'num_layer': 1, 'hidden_dim_0': 89, 'learning_rate': 0.0030660733900603316, 'drop_out_rate': 0.3464032746615424, 'llh_loss': 0.37325262653998326}
model summary:
DynamicDeepHit(
  (lstm): LSTM(8, 89, num_layers=2, batch_first=True, dropout=0.3464032746615424, bidirectional=True)
  (fc): Sequential(
    (0): Linear(in_features=178, out_features=89, bias=True)
    (1): Tanh()
  )
  (attention): Sequential(
    (0): Linear(in_features=89, out_features=89, bias=True)
    (1): Tanh()
    (2): Linear(in_features=89, out_features=1, bias=True)
  )
  (cause_specific_fc): Identity()
  (risk_heads): ModuleList(
    (0): Sequential(
      (0): Linear(in_features=89, out_features=5475, bias=True)
    )
  )
)
features shape: torch.Size([16, 63, 8]), mask shape: torch.Size([16, 63]), T shape: torch.Size([16, 1]), E shape: torch.Size([16, 1]) cif shape: (16, 5475)
Processing subject 0 with time 0 and event True cif at t_j: [0.39965266]
all_E shape: (243,) first 10 values: [ True  True  True  True  True  True  True False False  True]
all_R shape: (243,) first 10 values: [0.39965266 0.8598156  0.8572661  0.85338724 0.3953345  0.85618126
 0.8009935  0.00553091 0.8591894  0.85612315]
all_T shape: (243,) first 10 values: [  0   0   0   0 665   0   0   2   0   0]
Global test C-index (scikit-survival): 0.644 number of concordant pairs: 10672
Global test C-index: 0.644
Event rate: 212/243 (87.24%)
Starting simple C-index calculation...
Pairs evaluated: 14771, Concordant: 9500
Simple C-index implementation: 0.643
f_time_to_events shape: 1100
f_risk_scores shape: 1100
f_event_indicators shape: 1100
Mean time-dependent AUC: 0.94
Integrated Brier Score Test: 0.191
✓ dynamic_deephit/eight_features completed successfully
==================== Running dynamic_deephit/twenty_features_heterogeneous ====================
Using GPU: cuda:7 (utilization=0%, free_mem=10982MiB)
Train data path /home/minhn2/uiuc-kidney-failure/generated_data/rep99/twenty_features_heterogeneous_train_data.csv
Test data path /home/minhn2/uiuc-kidney-failure/generated_data/rep99/twenty_features_heterogeneous_test_data.csv
Number of patients: test 20 and train 20
Number of records: test 9115 and train 4575
Running Optuna hyperparameter optimization
[I 2026-08-27 01:09:58,760] A new study created in memory with name: no-name-f582ed4e-8043-42d2-a45b-bafff1a35c80
Using GPU: cuda:7 (utilization=0%, free_mem=10982MiB)
Running trial 0 for ExperimentScenario.TWENTY_FEATURES_HETEROGENEOUS on device cuda:7
Train data path /home/minhn2/uiuc-kidney-failure/generated_data/rep99/twenty_features_heterogeneous_train_data.csv
Test data path /home/minhn2/uiuc-kidney-failure/generated_data/rep99/twenty_features_heterogeneous_test_data.csv
Number of patients: test 20 and train 20
Number of records: test 9115 and train 4575
Epoch 1/50
features shape: torch.Size([16, 862, 40]), mask shape: torch.Size([16, 862]), time_to_event shape: torch.Size([16, 1]), event_indicator shape: torch.Size([16, 1]), time_to_events shape: torch.Size([16, 862]), event_indicators shape: torch.Size([16, 862]), sequence lengths shape: torch.Size([16, 1])
x shape: torch.Size([16, 862, 40])
mask shape: torch.Size([16, 862])
lstm_output shape: torch.Size([16, 862, 114])
fc_output shape: torch.Size([16, 862, 57])
context shape: torch.Size([16, 57])
attention_weights shape: torch.Size([16, 862, 1])
x shape after cause_specific_fc: torch.Size([16, 25])
pmf_preds shape: [torch.Size([16, 5475])]
res shape: torch.Size([16, 1, 5475])
Average Loss: 2.332923173904419
Epoch 2/50
features shape: torch.Size([16, 862, 40]), mask shape: torch.Size([16, 862]), time_to_event shape: torch.Size([16, 1]), event_indicator shape: torch.Size([16, 1]), time_to_events shape: torch.Size([16, 862]), event_indicators shape: torch.Size([16, 862]), sequence lengths shape: torch.Size([16, 1])
x shape: torch.Size([16, 862, 40])
mask shape: torch.Size([16, 862])
lstm_output shape: torch.Size([16, 862, 114])
fc_output shape: torch.Size([16, 862, 57])
context shape: torch.Size([16, 57])
attention_weights shape: torch.Size([16, 862, 1])
x shape after cause_specific_fc: torch.Size([16, 25])
pmf_preds shape: [torch.Size([16, 5475])]
res shape: torch.Size([16, 1, 5475])
Average Loss: 2.311920642852783
Epoch 3/50
features shape: torch.Size([16, 862, 40]), mask shape: torch.Size([16, 862]), time_to_event shape: torch.Size([16, 1]), event_indicator shape: torch.Size([16, 1]), time_to_events shape: torch.Size([16, 862]), event_indicators shape: torch.Size([16, 862]), sequence lengths shape: torch.Size([16, 1])
x shape: torch.Size([16, 862, 40])
mask shape: torch.Size([16, 862])
lstm_output shape: torch.Size([16, 862, 114])
fc_output shape: torch.Size([16, 862, 57])
context shape: torch.Size([16, 57])
attention_weights shape: torch.Size([16, 862, 1])
x shape after cause_specific_fc: torch.Size([16, 25])
pmf_preds shape: [torch.Size([16, 5475])]
res shape: torch.Size([16, 1, 5475])
Average Loss: 2.9380276203155518
Patience Counter: 1
Epoch 4/50
features shape: torch.Size([16, 862, 40]), mask shape: torch.Size([16, 862]), time_to_event shape: torch.Size([16, 1]), event_indicator shape: torch.Size([16, 1]), time_to_events shape: torch.Size([16, 862]), event_indicators shape: torch.Size([16, 862]), sequence lengths shape: torch.Size([16, 1])
x shape: torch.Size([16, 862, 40])
mask shape: torch.Size([16, 862])
lstm_output shape: torch.Size([16, 862, 114])
fc_output shape: torch.Size([16, 862, 57])
context shape: torch.Size([16, 57])
attention_weights shape: torch.Size([16, 862, 1])
x shape after cause_specific_fc: torch.Size([16, 25])
pmf_preds shape: [torch.Size([16, 5475])]
res shape: torch.Size([16, 1, 5475])
Average Loss: 2.6275365352630615
Patience Counter: 2
Epoch 5/50
features shape: torch.Size([16, 862, 40]), mask shape: torch.Size([16, 862]), time_to_event shape: torch.Size([16, 1]), event_indicator shape: torch.Size([16, 1]), time_to_events shape: torch.Size([16, 862]), event_indicators shape: torch.Size([16, 862]), sequence lengths shape: torch.Size([16, 1])
x shape: torch.Size([16, 862, 40])
mask shape: torch.Size([16, 862])
lstm_output shape: torch.Size([16, 862, 114])
fc_output shape: torch.Size([16, 862, 57])
context shape: torch.Size([16, 57])
attention_weights shape: torch.Size([16, 862, 1])
x shape after cause_specific_fc: torch.Size([16, 25])
pmf_preds shape: [torch.Size([16, 5475])]
res shape: torch.Size([16, 1, 5475])
Average Loss: 2.612386107444763
Patience Counter: 3
Epoch 6/50
features shape: torch.Size([16, 862, 40]), mask shape: torch.Size([16, 862]), time_to_event shape: torch.Size([16, 1]), event_indicator shape: torch.Size([16, 1]), time_to_events shape: torch.Size([16, 862]), event_indicators shape: torch.Size([16, 862]), sequence lengths shape: torch.Size([16, 1])
x shape: torch.Size([16, 862, 40])
mask shape: torch.Size([16, 862])
lstm_output shape: torch.Size([16, 862, 114])
fc_output shape: torch.Size([16, 862, 57])
context shape: torch.Size([16, 57])
attention_weights shape: torch.Size([16, 862, 1])
x shape after cause_specific_fc: torch.Size([16, 25])
pmf_preds shape: [torch.Size([16, 5475])]
res shape: torch.Size([16, 1, 5475])
Average Loss: 1.3801151448860765
Epoch 7/50
features shape: torch.Size([16, 862, 40]), mask shape: torch.Size([16, 862]), time_to_event shape: torch.Size([16, 1]), event_indicator shape: torch.Size([16, 1]), time_to_events shape: torch.Size([16, 862]), event_indicators shape: torch.Size([16, 862]), sequence lengths shape: torch.Size([16, 1])
x shape: torch.Size([16, 862, 40])
mask shape: torch.Size([16, 862])
lstm_output shape: torch.Size([16, 862, 114])
fc_output shape: torch.Size([16, 862, 57])
context shape: torch.Size([16, 57])
attention_weights shape: torch.Size([16, 862, 1])
x shape after cause_specific_fc: torch.Size([16, 25])
pmf_preds shape: [torch.Size([16, 5475])]
res shape: torch.Size([16, 1, 5475])
Average Loss: 2.3060965538024902
Patience Counter: 1
Epoch 8/50
features shape: torch.Size([16, 862, 40]), mask shape: torch.Size([16, 862]), time_to_event shape: torch.Size([16, 1]), event_indicator shape: torch.Size([16, 1]), time_to_events shape: torch.Size([16, 862]), event_indicators shape: torch.Size([16, 862]), sequence lengths shape: torch.Size([16, 1])
x shape: torch.Size([16, 862, 40])
mask shape: torch.Size([16, 862])
lstm_output shape: torch.Size([16, 862, 114])
fc_output shape: torch.Size([16, 862, 57])
context shape: torch.Size([16, 57])
attention_weights shape: torch.Size([16, 862, 1])
x shape after cause_specific_fc: torch.Size([16, 25])
pmf_preds shape: [torch.Size([16, 5475])]
res shape: torch.Size([16, 1, 5475])
Average Loss: 2.634375214576721
Patience Counter: 2
Epoch 9/50
features shape: torch.Size([16, 862, 40]), mask shape: torch.Size([16, 862]), time_to_event shape: torch.Size([16, 1]), event_indicator shape: torch.Size([16, 1]), time_to_events shape: torch.Size([16, 862]), event_indicators shape: torch.Size([16, 862]), sequence lengths shape: torch.Size([16, 1])
x shape: torch.Size([16, 862, 40])
mask shape: torch.Size([16, 862])
lstm_output shape: torch.Size([16, 862, 114])
fc_output shape: torch.Size([16, 862, 57])
context shape: torch.Size([16, 57])
attention_weights shape: torch.Size([16, 862, 1])
x shape after cause_specific_fc: torch.Size([16, 25])
pmf_preds shape: [torch.Size([16, 5475])]
res shape: torch.Size([16, 1, 5475])
Average Loss: 2.2997400760650635
Patience Counter: 3
Epoch 10/50
features shape: torch.Size([16, 862, 40]), mask shape: torch.Size([16, 862]), time_to_event shape: torch.Size([16, 1]), event_indicator shape: torch.Size([16, 1]), time_to_events shape: torch.Size([16, 862]), event_indicators shape: torch.Size([16, 862]), sequence lengths shape: torch.Size([16, 1])
x shape: torch.Size([16, 862, 40])
mask shape: torch.Size([16, 862])
lstm_output shape: torch.Size([16, 862, 114])
fc_output shape: torch.Size([16, 862, 57])
context shape: torch.Size([16, 57])
attention_weights shape: torch.Size([16, 862, 1])
x shape after cause_specific_fc: torch.Size([16, 25])
pmf_preds shape: [torch.Size([16, 5475])]
res shape: torch.Size([16, 1, 5475])
Average Loss: 2.2897411584854126
Patience Counter: 4
Epoch 11/50
features shape: torch.Size([16, 862, 40]), mask shape: torch.Size([16, 862]), time_to_event shape: torch.Size([16, 1]), event_indicator shape: torch.Size([16, 1]), time_to_events shape: torch.Size([16, 862]), event_indicators shape: torch.Size([16, 862]), sequence lengths shape: torch.Size([16, 1])
x shape: torch.Size([16, 862, 40])
mask shape: torch.Size([16, 862])
lstm_output shape: torch.Size([16, 862, 114])
fc_output shape: torch.Size([16, 862, 57])
context shape: torch.Size([16, 57])
attention_weights shape: torch.Size([16, 862, 1])
x shape after cause_specific_fc: torch.Size([16, 25])
pmf_preds shape: [torch.Size([16, 5475])]
res shape: torch.Size([16, 1, 5475])
Average Loss: 2.0270649194717407
Patience Counter: 5
Early stopping triggered
features shape: torch.Size([16, 862, 40]), mask shape: torch.Size([16, 862]), T shape: torch.Size([16, 1]), E shape: torch.Size([16, 1]) cif shape: (16, 5475)
Processing subject 0 with time 28 and event True cif at t_j: [0.00531058]
all_E shape: (20,) first 10 values: [ True  True  True False  True False False  True  True False]
all_R shape: (20,) first 10 values: [5.3105773e-03 2.8122199e-01 2.3605517e-04 1.4709878e-01 2.3625258e-04
 6.5210901e-02 5.8381032e-04 4.3410909e-01 2.3617300e-04 2.8012246e-01]
all_T shape: (20,) first 10 values: [  28 1535    0  804    0  357    2 2369    0 1529]
Global test C-index (scikit-survival): 0.000 number of concordant pairs: 0
Global test C-index: 0.000
No existing model, saving current model
[I 2026-08-27 01:10:15,696] Trial 0 finished with value: 0.0 and parameters: {'num_layer': 3, 'hidden_dim_0': 57, 'hidden_dim_1': 60, 'hidden_dim_2': 25, 'learning_rate': 0.00020240495945067496, 'drop_out_rate': 0.1575177014284692, 'llh_loss': 0.38942963874529835}. Best is trial 0 with value: 0.0.
Using GPU: cuda:4 (utilization=0%, free_mem=10974MiB)
Running trial 1 for ExperimentScenario.TWENTY_FEATURES_HETEROGENEOUS on device cuda:4
Train data path /home/minhn2/uiuc-kidney-failure/generated_data/rep99/twenty_features_heterogeneous_train_data.csv
Test data path /home/minhn2/uiuc-kidney-failure/generated_data/rep99/twenty_features_heterogeneous_test_data.csv
Number of patients: test 20 and train 20
Number of records: test 9115 and train 4575
Epoch 1/50
features shape: torch.Size([16, 862, 40]), mask shape: torch.Size([16, 862]), time_to_event shape: torch.Size([16, 1]), event_indicator shape: torch.Size([16, 1]), time_to_events shape: torch.Size([16, 862]), event_indicators shape: torch.Size([16, 862]), sequence lengths shape: torch.Size([16, 1])
x shape: torch.Size([16, 862, 40])
mask shape: torch.Size([16, 862])
lstm_output shape: torch.Size([16, 862, 220])
fc_output shape: torch.Size([16, 862, 110])
context shape: torch.Size([16, 110])
attention_weights shape: torch.Size([16, 862, 1])
x shape after cause_specific_fc: torch.Size([16, 101])
pmf_preds shape: [torch.Size([16, 5475])]
res shape: torch.Size([16, 1, 5475])
Average Loss: 4.3635218143463135
Epoch 2/50
features shape: torch.Size([16, 862, 40]), mask shape: torch.Size([16, 862]), time_to_event shape: torch.Size([16, 1]), event_indicator shape: torch.Size([16, 1]), time_to_events shape: torch.Size([16, 862]), event_indicators shape: torch.Size([16, 862]), sequence lengths shape: torch.Size([16, 1])
x shape: torch.Size([16, 862, 40])
mask shape: torch.Size([16, 862])
lstm_output shape: torch.Size([16, 862, 220])
fc_output shape: torch.Size([16, 862, 110])
context shape: torch.Size([16, 110])
attention_weights shape: torch.Size([16, 862, 1])
x shape after cause_specific_fc: torch.Size([16, 101])
pmf_preds shape: [torch.Size([16, 5475])]
res shape: torch.Size([16, 1, 5475])
Average Loss: 4.3600780963897705
Epoch 3/50
features shape: torch.Size([16, 862, 40]), mask shape: torch.Size([16, 862]), time_to_event shape: torch.Size([16, 1]), event_indicator shape: torch.Size([16, 1]), time_to_events shape: torch.Size([16, 862]), event_indicators shape: torch.Size([16, 862]), sequence lengths shape: torch.Size([16, 1])
x shape: torch.Size([16, 862, 40])
mask shape: torch.Size([16, 862])
lstm_output shape: torch.Size([16, 862, 220])
fc_output shape: torch.Size([16, 862, 110])
context shape: torch.Size([16, 110])
attention_weights shape: torch.Size([16, 862, 1])
x shape after cause_specific_fc: torch.Size([16, 101])
pmf_preds shape: [torch.Size([16, 5475])]
res shape: torch.Size([16, 1, 5475])
Average Loss: 5.136017918586731
Patience Counter: 1
Epoch 4/50
features shape: torch.Size([16, 862, 40]), mask shape: torch.Size([16, 862]), time_to_event shape: torch.Size([16, 1]), event_indicator shape: torch.Size([16, 1]), time_to_events shape: torch.Size([16, 862]), event_indicators shape: torch.Size([16, 862]), sequence lengths shape: torch.Size([16, 1])
x shape: torch.Size([16, 862, 40])
mask shape: torch.Size([16, 862])
lstm_output shape: torch.Size([16, 862, 220])
fc_output shape: torch.Size([16, 862, 110])
context shape: torch.Size([16, 110])
attention_weights shape: torch.Size([16, 862, 1])
x shape after cause_specific_fc: torch.Size([16, 101])
pmf_preds shape: [torch.Size([16, 5475])]
res shape: torch.Size([16, 1, 5475])
Average Loss: 3.5669249296188354
Epoch 5/50
features shape: torch.Size([16, 862, 40]), mask shape: torch.Size([16, 862]), time_to_event shape: torch.Size([16, 1]), event_indicator shape: torch.Size([16, 1]), time_to_events shape: torch.Size([16, 862]), event_indicators shape: torch.Size([16, 862]), sequence lengths shape: torch.Size([16, 1])
x shape: torch.Size([16, 862, 40])
mask shape: torch.Size([16, 862])
lstm_output shape: torch.Size([16, 862, 220])
fc_output shape: torch.Size([16, 862, 110])
context shape: torch.Size([16, 110])
attention_weights shape: torch.Size([16, 862, 1])
x shape after cause_specific_fc: torch.Size([16, 101])
pmf_preds shape: [torch.Size([16, 5475])]
res shape: torch.Size([16, 1, 5475])
Average Loss: 4.347291946411133
Patience Counter: 1
Epoch 6/50
features shape: torch.Size([16, 862, 40]), mask shape: torch.Size([16, 862]), time_to_event shape: torch.Size([16, 1]), event_indicator shape: torch.Size([16, 1]), time_to_events shape: torch.Size([16, 862]), event_indicators shape: torch.Size([16, 862]), sequence lengths shape: torch.Size([16, 1])
x shape: torch.Size([16, 862, 40])
mask shape: torch.Size([16, 862])
lstm_output shape: torch.Size([16, 862, 220])
fc_output shape: torch.Size([16, 862, 110])
context shape: torch.Size([16, 110])
attention_weights shape: torch.Size([16, 862, 1])
x shape after cause_specific_fc: torch.Size([16, 101])
pmf_preds shape: [torch.Size([16, 5475])]
res shape: torch.Size([16, 1, 5475])
Average Loss: 4.348548173904419
Patience Counter: 2
Epoch 7/50
features shape: torch.Size([16, 862, 40]), mask shape: torch.Size([16, 862]), time_to_event shape: torch.Size([16, 1]), event_indicator shape: torch.Size([16, 1]), time_to_events shape: torch.Size([16, 862]), event_indicators shape: torch.Size([16, 862]), sequence lengths shape: torch.Size([16, 1])
x shape: torch.Size([16, 862, 40])
mask shape: torch.Size([16, 862])
lstm_output shape: torch.Size([16, 862, 220])
fc_output shape: torch.Size([16, 862, 110])
context shape: torch.Size([16, 110])
attention_weights shape: torch.Size([16, 862, 1])
x shape after cause_specific_fc: torch.Size([16, 101])
pmf_preds shape: [torch.Size([16, 5475])]
res shape: torch.Size([16, 1, 5475])
Average Loss: 4.356618165969849
Patience Counter: 3
Epoch 8/50
features shape: torch.Size([16, 862, 40]), mask shape: torch.Size([16, 862]), time_to_event shape: torch.Size([16, 1]), event_indicator shape: torch.Size([16, 1]), time_to_events shape: torch.Size([16, 862]), event_indicators shape: torch.Size([16, 862]), sequence lengths shape: torch.Size([16, 1])
x shape: torch.Size([16, 862, 40])
mask shape: torch.Size([16, 862])
lstm_output shape: torch.Size([16, 862, 220])
fc_output shape: torch.Size([16, 862, 110])
context shape: torch.Size([16, 110])
attention_weights shape: torch.Size([16, 862, 1])
x shape after cause_specific_fc: torch.Size([16, 101])
pmf_preds shape: [torch.Size([16, 5475])]
res shape: torch.Size([16, 1, 5475])
Average Loss: 5.131310224533081
Patience Counter: 4
Epoch 9/50
features shape: torch.Size([16, 862, 40]), mask shape: torch.Size([16, 862]), time_to_event shape: torch.Size([16, 1]), event_indicator shape: torch.Size([16, 1]), time_to_events shape: torch.Size([16, 862]), event_indicators shape: torch.Size([16, 862]), sequence lengths shape: torch.Size([16, 1])
x shape: torch.Size([16, 862, 40])
mask shape: torch.Size([16, 862])
lstm_output shape: torch.Size([16, 862, 220])
fc_output shape: torch.Size([16, 862, 110])
context shape: torch.Size([16, 110])
attention_weights shape: torch.Size([16, 862, 1])
x shape after cause_specific_fc: torch.Size([16, 101])
pmf_preds shape: [torch.Size([16, 5475])]
res shape: torch.Size([16, 1, 5475])
Average Loss: 5.129335522651672
Patience Counter: 5
Early stopping triggered
features shape: torch.Size([16, 862, 40]), mask shape: torch.Size([16, 862]), T shape: torch.Size([16, 1]), E shape: torch.Size([16, 1]) cif shape: (16, 5475)
Processing subject 0 with time 28 and event True cif at t_j: [0.00529869]
all_E shape: (20,) first 10 values: [ True  True  True False  True False False  True  True False]
all_R shape: (20,) first 10 values: [5.2986927e-03 2.8011081e-01 1.8020508e-04 1.4688455e-01 1.8052099e-04
 6.5628350e-02 5.3972146e-04 4.3318835e-01 1.8049301e-04 2.7901667e-01]
all_T shape: (20,) first 10 values: [  28 1535    0  804    0  357    2 2369    0 1529]
Global test C-index (scikit-survival): 0.000 number of concordant pairs: 0
Global test C-index: 0.000
/home/minhn2/uiuc-kidney-failure/pkgs/experiments/dynamic_deephit.py:256: FutureWarning: You are using `torch.load` with `weights_only=False` (the current default value), which uses the default pickle module implicitly. It is possible to construct malicious pickle data which will execute arbitrary code during unpickling (See https://github.com/pytorch/pytorch/blob/main/SECURITY.md#untrusted-models for more details). In a future release, the default value for `weights_only` will be flipped to `True`. This limits the functions that could be executed during unpickling. Arbitrary objects will no longer be allowed to be loaded via this mode unless they are explicitly allowlisted by the user via `torch.serialization.add_safe_globals`. We recommend you start setting `weights_only=True` for any use case where you don't have full control of the loaded file. Please open an issue on GitHub for any issues related to this experimental feature.
  saved_model = torch.load(saved_path, map_location=device)
features shape: torch.Size([16, 862, 40]), mask shape: torch.Size([16, 862]), T shape: torch.Size([16, 1]), E shape: torch.Size([16, 1]) cif shape: (16, 5475)
Processing subject 0 with time 28 and event True cif at t_j: [0.00531058]
all_E shape: (20,) first 10 values: [ True  True  True False  True False False  True  True False]
all_R shape: (20,) first 10 values: [5.3105773e-03 2.8122199e-01 2.3605517e-04 1.4709878e-01 2.3625258e-04
 6.5210901e-02 5.8381032e-04 4.3410909e-01 2.3617300e-04 2.8012246e-01]
all_T shape: (20,) first 10 values: [  28 1535    0  804    0  357    2 2369    0 1529]
Global test C-index (scikit-survival): 0.000 number of concordant pairs: 0
Global test C-index: 0.000
Saved model C-index: 0.0000, Current trial C-index: 0.0000
Saved model is better, keeping it
[I 2026-08-27 01:10:30,533] Trial 1 finished with value: 0.0 and parameters: {'num_layer': 2, 'hidden_dim_0': 110, 'hidden_dim_1': 101, 'learning_rate': 7.796651644935956e-05, 'drop_out_rate': 0.31028385146323606, 'llh_loss': 0.9929160833512038}. Best is trial 0 with value: 0.0.
Using GPU: cuda:5 (utilization=0%, free_mem=10974MiB)
Running trial 2 for ExperimentScenario.TWENTY_FEATURES_HETEROGENEOUS on device cuda:5
Train data path /home/minhn2/uiuc-kidney-failure/generated_data/rep99/twenty_features_heterogeneous_train_data.csv
Test data path /home/minhn2/uiuc-kidney-failure/generated_data/rep99/twenty_features_heterogeneous_test_data.csv
Number of patients: test 20 and train 20
Number of records: test 9115 and train 4575
Epoch 1/50
features shape: torch.Size([16, 862, 40]), mask shape: torch.Size([16, 862]), time_to_event shape: torch.Size([16, 1]), event_indicator shape: torch.Size([16, 1]), time_to_events shape: torch.Size([16, 862]), event_indicators shape: torch.Size([16, 862]), sequence lengths shape: torch.Size([16, 1])
x shape: torch.Size([16, 862, 40])
mask shape: torch.Size([16, 862])
lstm_output shape: torch.Size([16, 862, 246])
fc_output shape: torch.Size([16, 862, 123])
context shape: torch.Size([16, 123])
attention_weights shape: torch.Size([16, 862, 1])
x shape after cause_specific_fc: torch.Size([16, 102])
pmf_preds shape: [torch.Size([16, 5475])]
res shape: torch.Size([16, 1, 5475])
Average Loss: 3.5974349975585938
Epoch 2/50
features shape: torch.Size([16, 862, 40]), mask shape: torch.Size([16, 862]), time_to_event shape: torch.Size([16, 1]), event_indicator shape: torch.Size([16, 1]), time_to_events shape: torch.Size([16, 862]), event_indicators shape: torch.Size([16, 862]), sequence lengths shape: torch.Size([16, 1])
x shape: torch.Size([16, 862, 40])
mask shape: torch.Size([16, 862])
lstm_output shape: torch.Size([16, 862, 246])
fc_output shape: torch.Size([16, 862, 123])
context shape: torch.Size([16, 123])
attention_weights shape: torch.Size([16, 862, 1])
x shape after cause_specific_fc: torch.Size([16, 102])
pmf_preds shape: [torch.Size([16, 5475])]
res shape: torch.Size([16, 1, 5475])
Average Loss: 4.157575845718384
Patience Counter: 1
Epoch 3/50
features shape: torch.Size([16, 862, 40]), mask shape: torch.Size([16, 862]), time_to_event shape: torch.Size([16, 1]), event_indicator shape: torch.Size([16, 1]), time_to_events shape: torch.Size([16, 862]), event_indicators shape: torch.Size([16, 862]), sequence lengths shape: torch.Size([16, 1])
x shape: torch.Size([16, 862, 40])
mask shape: torch.Size([16, 862])
lstm_output shape: torch.Size([16, 862, 246])
fc_output shape: torch.Size([16, 862, 123])
context shape: torch.Size([16, 123])
attention_weights shape: torch.Size([16, 862, 1])
x shape after cause_specific_fc: torch.Size([16, 102])
pmf_preds shape: [torch.Size([16, 5475])]
res shape: torch.Size([16, 1, 5475])
Average Loss: 3.5273298025131226
Epoch 4/50
features shape: torch.Size([16, 862, 40]), mask shape: torch.Size([16, 862]), time_to_event shape: torch.Size([16, 1]), event_indicator shape: torch.Size([16, 1]), time_to_events shape: torch.Size([16, 862]), event_indicators shape: torch.Size([16, 862]), sequence lengths shape: torch.Size([16, 1])
x shape: torch.Size([16, 862, 40])
mask shape: torch.Size([16, 862])
lstm_output shape: torch.Size([16, 862, 246])
fc_output shape: torch.Size([16, 862, 123])
context shape: torch.Size([16, 123])
attention_weights shape: torch.Size([16, 862, 1])
x shape after cause_specific_fc: torch.Size([16, 102])
pmf_preds shape: [torch.Size([16, 5475])]
res shape: torch.Size([16, 1, 5475])
Average Loss: 3.2670695781707764
Epoch 5/50
features shape: torch.Size([16, 862, 40]), mask shape: torch.Size([16, 862]), time_to_event shape: torch.Size([16, 1]), event_indicator shape: torch.Size([16, 1]), time_to_events shape: torch.Size([16, 862]), event_indicators shape: torch.Size([16, 862]), sequence lengths shape: torch.Size([16, 1])
x shape: torch.Size([16, 862, 40])
mask shape: torch.Size([16, 862])
lstm_output shape: torch.Size([16, 862, 246])
fc_output shape: torch.Size([16, 862, 123])
context shape: torch.Size([16, 123])
attention_weights shape: torch.Size([16, 862, 1])
x shape after cause_specific_fc: torch.Size([16, 102])
pmf_preds shape: [torch.Size([16, 5475])]
res shape: torch.Size([16, 1, 5475])
Average Loss: 2.724853992462158
Epoch 6/50
features shape: torch.Size([16, 862, 40]), mask shape: torch.Size([16, 862]), time_to_event shape: torch.Size([16, 1]), event_indicator shape: torch.Size([16, 1]), time_to_events shape: torch.Size([16, 862]), event_indicators shape: torch.Size([16, 862]), sequence lengths shape: torch.Size([16, 1])
x shape: torch.Size([16, 862, 40])
mask shape: torch.Size([16, 862])
lstm_output shape: torch.Size([16, 862, 246])
fc_output shape: torch.Size([16, 862, 123])
context shape: torch.Size([16, 123])
attention_weights shape: torch.Size([16, 862, 1])
x shape after cause_specific_fc: torch.Size([16, 102])
pmf_preds shape: [torch.Size([16, 5475])]
res shape: torch.Size([16, 1, 5475])
Average Loss: 3.279914975166321
Patience Counter: 1
Epoch 7/50
features shape: torch.Size([16, 862, 40]), mask shape: torch.Size([16, 862]), time_to_event shape: torch.Size([16, 1]), event_indicator shape: torch.Size([16, 1]), time_to_events shape: torch.Size([16, 862]), event_indicators shape: torch.Size([16, 862]), sequence lengths shape: torch.Size([16, 1])
x shape: torch.Size([16, 862, 40])
mask shape: torch.Size([16, 862])
lstm_output shape: torch.Size([16, 862, 246])
fc_output shape: torch.Size([16, 862, 123])
context shape: torch.Size([16, 123])
attention_weights shape: torch.Size([16, 862, 1])
x shape after cause_specific_fc: torch.Size([16, 102])
pmf_preds shape: [torch.Size([16, 5475])]
res shape: torch.Size([16, 1, 5475])
Average Loss: 3.132880449295044
Patience Counter: 2
Epoch 8/50
features shape: torch.Size([16, 862, 40]), mask shape: torch.Size([16, 862]), time_to_event shape: torch.Size([16, 1]), event_indicator shape: torch.Size([16, 1]), time_to_events shape: torch.Size([16, 862]), event_indicators shape: torch.Size([16, 862]), sequence lengths shape: torch.Size([16, 1])
x shape: torch.Size([16, 862, 40])
mask shape: torch.Size([16, 862])
lstm_output shape: torch.Size([16, 862, 246])
fc_output shape: torch.Size([16, 862, 123])
context shape: torch.Size([16, 123])
attention_weights shape: torch.Size([16, 862, 1])
x shape after cause_specific_fc: torch.Size([16, 102])
pmf_preds shape: [torch.Size([16, 5475])]
res shape: torch.Size([16, 1, 5475])
Average Loss: 2.2143463492393494
Epoch 9/50
features shape: torch.Size([16, 862, 40]), mask shape: torch.Size([16, 862]), time_to_event shape: torch.Size([16, 1]), event_indicator shape: torch.Size([16, 1]), time_to_events shape: torch.Size([16, 862]), event_indicators shape: torch.Size([16, 862]), sequence lengths shape: torch.Size([16, 1])
x shape: torch.Size([16, 862, 40])
mask shape: torch.Size([16, 862])
lstm_output shape: torch.Size([16, 862, 246])
fc_output shape: torch.Size([16, 862, 123])
context shape: torch.Size([16, 123])
attention_weights shape: torch.Size([16, 862, 1])
x shape after cause_specific_fc: torch.Size([16, 102])
pmf_preds shape: [torch.Size([16, 5475])]
res shape: torch.Size([16, 1, 5475])
Average Loss: 2.516354203224182
Patience Counter: 1
Epoch 10/50
features shape: torch.Size([16, 862, 40]), mask shape: torch.Size([16, 862]), time_to_event shape: torch.Size([16, 1]), event_indicator shape: torch.Size([16, 1]), time_to_events shape: torch.Size([16, 862]), event_indicators shape: torch.Size([16, 862]), sequence lengths shape: torch.Size([16, 1])
x shape: torch.Size([16, 862, 40])
mask shape: torch.Size([16, 862])
lstm_output shape: torch.Size([16, 862, 246])
fc_output shape: torch.Size([16, 862, 123])
context shape: torch.Size([16, 123])
attention_weights shape: torch.Size([16, 862, 1])
x shape after cause_specific_fc: torch.Size([16, 102])
pmf_preds shape: [torch.Size([16, 5475])]
res shape: torch.Size([16, 1, 5475])
Average Loss: 2.2497974634170532
Patience Counter: 2
Epoch 11/50
features shape: torch.Size([16, 862, 40]), mask shape: torch.Size([16, 862]), time_to_event shape: torch.Size([16, 1]), event_indicator shape: torch.Size([16, 1]), time_to_events shape: torch.Size([16, 862]), event_indicators shape: torch.Size([16, 862]), sequence lengths shape: torch.Size([16, 1])
x shape: torch.Size([16, 862, 40])
mask shape: torch.Size([16, 862])
lstm_output shape: torch.Size([16, 862, 246])
fc_output shape: torch.Size([16, 862, 123])
context shape: torch.Size([16, 123])
attention_weights shape: torch.Size([16, 862, 1])
x shape after cause_specific_fc: torch.Size([16, 102])
pmf_preds shape: [torch.Size([16, 5475])]
res shape: torch.Size([16, 1, 5475])
Average Loss: 2.1117011308670044
Epoch 12/50
features shape: torch.Size([16, 862, 40]), mask shape: torch.Size([16, 862]), time_to_event shape: torch.Size([16, 1]), event_indicator shape: torch.Size([16, 1]), time_to_events shape: torch.Size([16, 862]), event_indicators shape: torch.Size([16, 862]), sequence lengths shape: torch.Size([16, 1])
x shape: torch.Size([16, 862, 40])
mask shape: torch.Size([16, 862])
lstm_output shape: torch.Size([16, 862, 246])
fc_output shape: torch.Size([16, 862, 123])
context shape: torch.Size([16, 123])
attention_weights shape: torch.Size([16, 862, 1])
x shape after cause_specific_fc: torch.Size([16, 102])
pmf_preds shape: [torch.Size([16, 5475])]
res shape: torch.Size([16, 1, 5475])
Average Loss: 1.6551227569580078
Epoch 13/50
features shape: torch.Size([16, 862, 40]), mask shape: torch.Size([16, 862]), time_to_event shape: torch.Size([16, 1]), event_indicator shape: torch.Size([16, 1]), time_to_events shape: torch.Size([16, 862]), event_indicators shape: torch.Size([16, 862]), sequence lengths shape: torch.Size([16, 1])
x shape: torch.Size([16, 862, 40])
mask shape: torch.Size([16, 862])
lstm_output shape: torch.Size([16, 862, 246])
fc_output shape: torch.Size([16, 862, 123])
context shape: torch.Size([16, 123])
attention_weights shape: torch.Size([16, 862, 1])
x shape after cause_specific_fc: torch.Size([16, 102])
pmf_preds shape: [torch.Size([16, 5475])]
res shape: torch.Size([16, 1, 5475])
Average Loss: 1.8919330835342407
Patience Counter: 1
Epoch 14/50
features shape: torch.Size([16, 862, 40]), mask shape: torch.Size([16, 862]), time_to_event shape: torch.Size([16, 1]), event_indicator shape: torch.Size([16, 1]), time_to_events shape: torch.Size([16, 862]), event_indicators shape: torch.Size([16, 862]), sequence lengths shape: torch.Size([16, 1])
x shape: torch.Size([16, 862, 40])
mask shape: torch.Size([16, 862])
lstm_output shape: torch.Size([16, 862, 246])
fc_output shape: torch.Size([16, 862, 123])
context shape: torch.Size([16, 123])
attention_weights shape: torch.Size([16, 862, 1])
x shape after cause_specific_fc: torch.Size([16, 102])
pmf_preds shape: [torch.Size([16, 5475])]
res shape: torch.Size([16, 1, 5475])
Average Loss: 1.5219498872756958
Epoch 15/50
features shape: torch.Size([16, 862, 40]), mask shape: torch.Size([16, 862]), time_to_event shape: torch.Size([16, 1]), event_indicator shape: torch.Size([16, 1]), time_to_events shape: torch.Size([16, 862]), event_indicators shape: torch.Size([16, 862]), sequence lengths shape: torch.Size([16, 1])
x shape: torch.Size([16, 862, 40])
mask shape: torch.Size([16, 862])
lstm_output shape: torch.Size([16, 862, 246])
fc_output shape: torch.Size([16, 862, 123])
context shape: torch.Size([16, 123])
attention_weights shape: torch.Size([16, 862, 1])
x shape after cause_specific_fc: torch.Size([16, 102])
pmf_preds shape: [torch.Size([16, 5475])]
res shape: torch.Size([16, 1, 5475])
Average Loss: 1.782957673072815
Patience Counter: 1
Epoch 16/50
features shape: torch.Size([16, 862, 40]), mask shape: torch.Size([16, 862]), time_to_event shape: torch.Size([16, 1]), event_indicator shape: torch.Size([16, 1]), time_to_events shape: torch.Size([16, 862]), event_indicators shape: torch.Size([16, 862]), sequence lengths shape: torch.Size([16, 1])
x shape: torch.Size([16, 862, 40])
mask shape: torch.Size([16, 862])
lstm_output shape: torch.Size([16, 862, 246])
fc_output shape: torch.Size([16, 862, 123])
context shape: torch.Size([16, 123])
attention_weights shape: torch.Size([16, 862, 1])
x shape after cause_specific_fc: torch.Size([16, 102])
pmf_preds shape: [torch.Size([16, 5475])]
res shape: torch.Size([16, 1, 5475])
Average Loss: 1.6707887053489685
Patience Counter: 2
Epoch 17/50
features shape: torch.Size([16, 862, 40]), mask shape: torch.Size([16, 862]), time_to_event shape: torch.Size([16, 1]), event_indicator shape: torch.Size([16, 1]), time_to_events shape: torch.Size([16, 862]), event_indicators shape: torch.Size([16, 862]), sequence lengths shape: torch.Size([16, 1])
x shape: torch.Size([16, 862, 40])
mask shape: torch.Size([16, 862])
lstm_output shape: torch.Size([16, 862, 246])
fc_output shape: torch.Size([16, 862, 123])
context shape: torch.Size([16, 123])
attention_weights shape: torch.Size([16, 862, 1])
x shape after cause_specific_fc: torch.Size([16, 102])
pmf_preds shape: [torch.Size([16, 5475])]
res shape: torch.Size([16, 1, 5475])
Average Loss: 1.270163893699646
Epoch 18/50
features shape: torch.Size([16, 862, 40]), mask shape: torch.Size([16, 862]), time_to_event shape: torch.Size([16, 1]), event_indicator shape: torch.Size([16, 1]), time_to_events shape: torch.Size([16, 862]), event_indicators shape: torch.Size([16, 862]), sequence lengths shape: torch.Size([16, 1])
x shape: torch.Size([16, 862, 40])
mask shape: torch.Size([16, 862])
lstm_output shape: torch.Size([16, 862, 246])
fc_output shape: torch.Size([16, 862, 123])
context shape: torch.Size([16, 123])
attention_weights shape: torch.Size([16, 862, 1])
x shape after cause_specific_fc: torch.Size([16, 102])
pmf_preds shape: [torch.Size([16, 5475])]
res shape: torch.Size([16, 1, 5475])
Average Loss: 0.9881912767887115
Epoch 19/50
features shape: torch.Size([16, 862, 40]), mask shape: torch.Size([16, 862]), time_to_event shape: torch.Size([16, 1]), event_indicator shape: torch.Size([16, 1]), time_to_events shape: torch.Size([16, 862]), event_indicators shape: torch.Size([16, 862]), sequence lengths shape: torch.Size([16, 1])
x shape: torch.Size([16, 862, 40])
mask shape: torch.Size([16, 862])
lstm_output shape: torch.Size([16, 862, 246])
fc_output shape: torch.Size([16, 862, 123])
context shape: torch.Size([16, 123])
attention_weights shape: torch.Size([16, 862, 1])
x shape after cause_specific_fc: torch.Size([16, 102])
pmf_preds shape: [torch.Size([16, 5475])]
res shape: torch.Size([16, 1, 5475])
Average Loss: 1.2120760679244995
Patience Counter: 1
Epoch 20/50
features shape: torch.Size([16, 862, 40]), mask shape: torch.Size([16, 862]), time_to_event shape: torch.Size([16, 1]), event_indicator shape: torch.Size([16, 1]), time_to_events shape: torch.Size([16, 862]), event_indicators shape: torch.Size([16, 862]), sequence lengths shape: torch.Size([16, 1])
x shape: torch.Size([16, 862, 40])
mask shape: torch.Size([16, 862])
lstm_output shape: torch.Size([16, 862, 246])
fc_output shape: torch.Size([16, 862, 123])
context shape: torch.Size([16, 123])
attention_weights shape: torch.Size([16, 862, 1])
x shape after cause_specific_fc: torch.Size([16, 102])
pmf_preds shape: [torch.Size([16, 5475])]
res shape: torch.Size([16, 1, 5475])
Average Loss: 1.60793936252594
Patience Counter: 2
Epoch 21/50
features shape: torch.Size([16, 862, 40]), mask shape: torch.Size([16, 862]), time_to_event shape: torch.Size([16, 1]), event_indicator shape: torch.Size([16, 1]), time_to_events shape: torch.Size([16, 862]), event_indicators shape: torch.Size([16, 862]), sequence lengths shape: torch.Size([16, 1])
x shape: torch.Size([16, 862, 40])
mask shape: torch.Size([16, 862])
lstm_output shape: torch.Size([16, 862, 246])
fc_output shape: torch.Size([16, 862, 123])
context shape: torch.Size([16, 123])
attention_weights shape: torch.Size([16, 862, 1])
x shape after cause_specific_fc: torch.Size([16, 102])
pmf_preds shape: [torch.Size([16, 5475])]
res shape: torch.Size([16, 1, 5475])
Average Loss: 1.3019710779190063
Patience Counter: 3
Epoch 22/50
features shape: torch.Size([16, 862, 40]), mask shape: torch.Size([16, 862]), time_to_event shape: torch.Size([16, 1]), event_indicator shape: torch.Size([16, 1]), time_to_events shape: torch.Size([16, 862]), event_indicators shape: torch.Size([16, 862]), sequence lengths shape: torch.Size([16, 1])
x shape: torch.Size([16, 862, 40])
mask shape: torch.Size([16, 862])
lstm_output shape: torch.Size([16, 862, 246])
fc_output shape: torch.Size([16, 862, 123])
context shape: torch.Size([16, 123])
attention_weights shape: torch.Size([16, 862, 1])
x shape after cause_specific_fc: torch.Size([16, 102])
pmf_preds shape: [torch.Size([16, 5475])]
res shape: torch.Size([16, 1, 5475])
Average Loss: 1.3424542546272278
Patience Counter: 4
Epoch 23/50
features shape: torch.Size([16, 862, 40]), mask shape: torch.Size([16, 862]), time_to_event shape: torch.Size([16, 1]), event_indicator shape: torch.Size([16, 1]), time_to_events shape: torch.Size([16, 862]), event_indicators shape: torch.Size([16, 862]), sequence lengths shape: torch.Size([16, 1])
x shape: torch.Size([16, 862, 40])
mask shape: torch.Size([16, 862])
lstm_output shape: torch.Size([16, 862, 246])
fc_output shape: torch.Size([16, 862, 123])
context shape: torch.Size([16, 123])
attention_weights shape: torch.Size([16, 862, 1])
x shape after cause_specific_fc: torch.Size([16, 102])
pmf_preds shape: [torch.Size([16, 5475])]
res shape: torch.Size([16, 1, 5475])
Average Loss: 1.190732628107071
Patience Counter: 5
Early stopping triggered
features shape: torch.Size([16, 862, 40]), mask shape: torch.Size([16, 862]), T shape: torch.Size([16, 1]), E shape: torch.Size([16, 1]) cif shape: (16, 5475)
Processing subject 0 with time 28 and event True cif at t_j: [0.2511521]
all_E shape: (20,) first 10 values: [ True  True  True False  True False False  True  True False]
all_R shape: (20,) first 10 values: [0.2511521  0.38599506 0.15789741 0.25699776 0.15789664 0.25290826
 0.15790549 0.7080843  0.15789758 0.2647955 ]
all_T shape: (20,) first 10 values: [  28 1535    0  804    0  357    2 2369    0 1529]
Global test C-index (scikit-survival): 0.000 number of concordant pairs: 0
Global test C-index: 0.000
/home/minhn2/uiuc-kidney-failure/pkgs/experiments/dynamic_deephit.py:256: FutureWarning: You are using `torch.load` with `weights_only=False` (the current default value), which uses the default pickle module implicitly. It is possible to construct malicious pickle data which will execute arbitrary code during unpickling (See https://github.com/pytorch/pytorch/blob/main/SECURITY.md#untrusted-models for more details). In a future release, the default value for `weights_only` will be flipped to `True`. This limits the functions that could be executed during unpickling. Arbitrary objects will no longer be allowed to be loaded via this mode unless they are explicitly allowlisted by the user via `torch.serialization.add_safe_globals`. We recommend you start setting `weights_only=True` for any use case where you don't have full control of the loaded file. Please open an issue on GitHub for any issues related to this experimental feature.
  saved_model = torch.load(saved_path, map_location=device)
features shape: torch.Size([16, 862, 40]), mask shape: torch.Size([16, 862]), T shape: torch.Size([16, 1]), E shape: torch.Size([16, 1]) cif shape: (16, 5475)
Processing subject 0 with time 28 and event True cif at t_j: [0.00531058]
all_E shape: (20,) first 10 values: [ True  True  True False  True False False  True  True False]
all_R shape: (20,) first 10 values: [5.3105773e-03 2.8122199e-01 2.3605517e-04 1.4709878e-01 2.3625258e-04
 6.5210901e-02 5.8381032e-04 4.3410909e-01 2.3617300e-04 2.8012246e-01]
all_T shape: (20,) first 10 values: [  28 1535    0  804    0  357    2 2369    0 1529]
Global test C-index (scikit-survival): 0.000 number of concordant pairs: 0
Global test C-index: 0.000
Saved model C-index: 0.0000, Current trial C-index: 0.0000
Saved model is better, keeping it
[I 2026-08-27 01:11:05,821] Trial 2 finished with value: 0.0 and parameters: {'num_layer': 2, 'hidden_dim_0': 123, 'hidden_dim_1': 102, 'learning_rate': 0.001396718180137991, 'drop_out_rate': 0.31354435280585635, 'llh_loss': 0.7703781602403158}. Best is trial 0 with value: 0.0.
Using GPU: cuda:2 (utilization=0%, free_mem=10972MiB)
Running trial 3 for ExperimentScenario.TWENTY_FEATURES_HETEROGENEOUS on device cuda:2
Train data path /home/minhn2/uiuc-kidney-failure/generated_data/rep99/twenty_features_heterogeneous_train_data.csv
Test data path /home/minhn2/uiuc-kidney-failure/generated_data/rep99/twenty_features_heterogeneous_test_data.csv
Number of patients: test 20 and train 20
Number of records: test 9115 and train 4575
Epoch 1/50
features shape: torch.Size([16, 862, 40]), mask shape: torch.Size([16, 862]), time_to_event shape: torch.Size([16, 1]), event_indicator shape: torch.Size([16, 1]), time_to_events shape: torch.Size([16, 862]), event_indicators shape: torch.Size([16, 862]), sequence lengths shape: torch.Size([16, 1])
x shape: torch.Size([16, 862, 40])
mask shape: torch.Size([16, 862])
lstm_output shape: torch.Size([16, 862, 208])
fc_output shape: torch.Size([16, 862, 104])
context shape: torch.Size([16, 104])
attention_weights shape: torch.Size([16, 862, 1])
x shape after cause_specific_fc: torch.Size([16, 117])
pmf_preds shape: [torch.Size([16, 5475])]
res shape: torch.Size([16, 1, 5475])
Average Loss: 2.798503279685974
Epoch 2/50
features shape: torch.Size([16, 862, 40]), mask shape: torch.Size([16, 862]), time_to_event shape: torch.Size([16, 1]), event_indicator shape: torch.Size([16, 1]), time_to_events shape: torch.Size([16, 862]), event_indicators shape: torch.Size([16, 862]), sequence lengths shape: torch.Size([16, 1])
x shape: torch.Size([16, 862, 40])
mask shape: torch.Size([16, 862])
lstm_output shape: torch.Size([16, 862, 208])
fc_output shape: torch.Size([16, 862, 104])
context shape: torch.Size([16, 104])
attention_weights shape: torch.Size([16, 862, 1])
x shape after cause_specific_fc: torch.Size([16, 117])
pmf_preds shape: [torch.Size([16, 5475])]
res shape: torch.Size([16, 1, 5475])
Average Loss: 3.1850101947784424
Patience Counter: 1
Epoch 3/50
features shape: torch.Size([16, 862, 40]), mask shape: torch.Size([16, 862]), time_to_event shape: torch.Size([16, 1]), event_indicator shape: torch.Size([16, 1]), time_to_events shape: torch.Size([16, 862]), event_indicators shape: torch.Size([16, 862]), sequence lengths shape: torch.Size([16, 1])
x shape: torch.Size([16, 862, 40])
mask shape: torch.Size([16, 862])
lstm_output shape: torch.Size([16, 862, 208])
fc_output shape: torch.Size([16, 862, 104])
context shape: torch.Size([16, 104])
attention_weights shape: torch.Size([16, 862, 1])
x shape after cause_specific_fc: torch.Size([16, 117])
pmf_preds shape: [torch.Size([16, 5475])]
res shape: torch.Size([16, 1, 5475])
Average Loss: 3.18910551071167
Patience Counter: 2
Epoch 4/50
features shape: torch.Size([16, 862, 40]), mask shape: torch.Size([16, 862]), time_to_event shape: torch.Size([16, 1]), event_indicator shape: torch.Size([16, 1]), time_to_events shape: torch.Size([16, 862]), event_indicators shape: torch.Size([16, 862]), sequence lengths shape: torch.Size([16, 1])
x shape: torch.Size([16, 862, 40])
mask shape: torch.Size([16, 862])
lstm_output shape: torch.Size([16, 862, 208])
fc_output shape: torch.Size([16, 862, 104])
context shape: torch.Size([16, 104])
attention_weights shape: torch.Size([16, 862, 1])
x shape after cause_specific_fc: torch.Size([16, 117])
pmf_preds shape: [torch.Size([16, 5475])]
res shape: torch.Size([16, 1, 5475])
Average Loss: 2.395927608013153
Epoch 5/50
features shape: torch.Size([16, 862, 40]), mask shape: torch.Size([16, 862]), time_to_event shape: torch.Size([16, 1]), event_indicator shape: torch.Size([16, 1]), time_to_events shape: torch.Size([16, 862]), event_indicators shape: torch.Size([16, 862]), sequence lengths shape: torch.Size([16, 1])
x shape: torch.Size([16, 862, 40])
mask shape: torch.Size([16, 862])
lstm_output shape: torch.Size([16, 862, 208])
fc_output shape: torch.Size([16, 862, 104])
context shape: torch.Size([16, 104])
attention_weights shape: torch.Size([16, 862, 1])
x shape after cause_specific_fc: torch.Size([16, 117])
pmf_preds shape: [torch.Size([16, 5475])]
res shape: torch.Size([16, 1, 5475])
Average Loss: 2.0993345975875854
Epoch 6/50
features shape: torch.Size([16, 862, 40]), mask shape: torch.Size([16, 862]), time_to_event shape: torch.Size([16, 1]), event_indicator shape: torch.Size([16, 1]), time_to_events shape: torch.Size([16, 862]), event_indicators shape: torch.Size([16, 862]), sequence lengths shape: torch.Size([16, 1])
x shape: torch.Size([16, 862, 40])
mask shape: torch.Size([16, 862])
lstm_output shape: torch.Size([16, 862, 208])
fc_output shape: torch.Size([16, 862, 104])
context shape: torch.Size([16, 104])
attention_weights shape: torch.Size([16, 862, 1])
x shape after cause_specific_fc: torch.Size([16, 117])
pmf_preds shape: [torch.Size([16, 5475])]
res shape: torch.Size([16, 1, 5475])
Average Loss: 2.7217326164245605
Patience Counter: 1
Epoch 7/50
features shape: torch.Size([16, 862, 40]), mask shape: torch.Size([16, 862]), time_to_event shape: torch.Size([16, 1]), event_indicator shape: torch.Size([16, 1]), time_to_events shape: torch.Size([16, 862]), event_indicators shape: torch.Size([16, 862]), sequence lengths shape: torch.Size([16, 1])
x shape: torch.Size([16, 862, 40])
mask shape: torch.Size([16, 862])
lstm_output shape: torch.Size([16, 862, 208])
fc_output shape: torch.Size([16, 862, 104])
context shape: torch.Size([16, 104])
attention_weights shape: torch.Size([16, 862, 1])
x shape after cause_specific_fc: torch.Size([16, 117])
pmf_preds shape: [torch.Size([16, 5475])]
res shape: torch.Size([16, 1, 5475])
Average Loss: 3.1533143520355225
Patience Counter: 2
Epoch 8/50
features shape: torch.Size([16, 862, 40]), mask shape: torch.Size([16, 862]), time_to_event shape: torch.Size([16, 1]), event_indicator shape: torch.Size([16, 1]), time_to_events shape: torch.Size([16, 862]), event_indicators shape: torch.Size([16, 862]), sequence lengths shape: torch.Size([16, 1])
x shape: torch.Size([16, 862, 40])
mask shape: torch.Size([16, 862])
lstm_output shape: torch.Size([16, 862, 208])
fc_output shape: torch.Size([16, 862, 104])
context shape: torch.Size([16, 104])
attention_weights shape: torch.Size([16, 862, 1])
x shape after cause_specific_fc: torch.Size([16, 117])
pmf_preds shape: [torch.Size([16, 5475])]
res shape: torch.Size([16, 1, 5475])
Average Loss: 2.342799663543701
Patience Counter: 3
Epoch 9/50
features shape: torch.Size([16, 862, 40]), mask shape: torch.Size([16, 862]), time_to_event shape: torch.Size([16, 1]), event_indicator shape: torch.Size([16, 1]), time_to_events shape: torch.Size([16, 862]), event_indicators shape: torch.Size([16, 862]), sequence lengths shape: torch.Size([16, 1])
x shape: torch.Size([16, 862, 40])
mask shape: torch.Size([16, 862])
lstm_output shape: torch.Size([16, 862, 208])
fc_output shape: torch.Size([16, 862, 104])
context shape: torch.Size([16, 104])
attention_weights shape: torch.Size([16, 862, 1])
x shape after cause_specific_fc: torch.Size([16, 117])
pmf_preds shape: [torch.Size([16, 5475])]
res shape: torch.Size([16, 1, 5475])
Average Loss: 2.3009886145591736
Patience Counter: 4
Epoch 10/50
features shape: torch.Size([16, 862, 40]), mask shape: torch.Size([16, 862]), time_to_event shape: torch.Size([16, 1]), event_indicator shape: torch.Size([16, 1]), time_to_events shape: torch.Size([16, 862]), event_indicators shape: torch.Size([16, 862]), sequence lengths shape: torch.Size([16, 1])
x shape: torch.Size([16, 862, 40])
mask shape: torch.Size([16, 862])
lstm_output shape: torch.Size([16, 862, 208])
fc_output shape: torch.Size([16, 862, 104])
context shape: torch.Size([16, 104])
attention_weights shape: torch.Size([16, 862, 1])
x shape after cause_specific_fc: torch.Size([16, 117])
pmf_preds shape: [torch.Size([16, 5475])]
res shape: torch.Size([16, 1, 5475])
Average Loss: 2.2982219457626343
Patience Counter: 5
Early stopping triggered
features shape: torch.Size([16, 862, 40]), mask shape: torch.Size([16, 862]), T shape: torch.Size([16, 1]), E shape: torch.Size([16, 1]) cif shape: (16, 5475)
Processing subject 0 with time 28 and event True cif at t_j: [0.00544584]
all_E shape: (20,) first 10 values: [ True  True  True False  True False False  True  True False]
all_R shape: (20,) first 10 values: [5.4458389e-03 2.8048623e-01 3.0650399e-04 1.4690186e-01 3.0736436e-04
 6.5751694e-02 7.0090091e-04 4.3242091e-01 3.0911717e-04 2.7930129e-01]
all_T shape: (20,) first 10 values: [  28 1535    0  804    0  357    2 2369    0 1529]
Global test C-index (scikit-survival): 0.000 number of concordant pairs: 0
Global test C-index: 0.000
/home/minhn2/uiuc-kidney-failure/pkgs/experiments/dynamic_deephit.py:256: FutureWarning: You are using `torch.load` with `weights_only=False` (the current default value), which uses the default pickle module implicitly. It is possible to construct malicious pickle data which will execute arbitrary code during unpickling (See https://github.com/pytorch/pytorch/blob/main/SECURITY.md#untrusted-models for more details). In a future release, the default value for `weights_only` will be flipped to `True`. This limits the functions that could be executed during unpickling. Arbitrary objects will no longer be allowed to be loaded via this mode unless they are explicitly allowlisted by the user via `torch.serialization.add_safe_globals`. We recommend you start setting `weights_only=True` for any use case where you don't have full control of the loaded file. Please open an issue on GitHub for any issues related to this experimental feature.
  saved_model = torch.load(saved_path, map_location=device)
features shape: torch.Size([16, 862, 40]), mask shape: torch.Size([16, 862]), T shape: torch.Size([16, 1]), E shape: torch.Size([16, 1]) cif shape: (16, 5475)
Processing subject 0 with time 28 and event True cif at t_j: [0.00531058]
all_E shape: (20,) first 10 values: [ True  True  True False  True False False  True  True False]
all_R shape: (20,) first 10 values: [5.3105773e-03 2.8122199e-01 2.3605517e-04 1.4709878e-01 2.3625258e-04
 6.5210901e-02 5.8381032e-04 4.3410909e-01 2.3617300e-04 2.8012246e-01]
all_T shape: (20,) first 10 values: [  28 1535    0  804    0  357    2 2369    0 1529]
Global test C-index (scikit-survival): 0.000 number of concordant pairs: 0
Global test C-index: 0.000
Saved model C-index: 0.0000, Current trial C-index: 0.0000
Saved model is better, keeping it
[I 2026-08-27 01:11:21,391] Trial 3 finished with value: 0.0 and parameters: {'num_layer': 2, 'hidden_dim_0': 104, 'hidden_dim_1': 117, 'learning_rate': 0.0002507425226002301, 'drop_out_rate': 0.2327125631565594, 'llh_loss': 0.5256192606899414}. Best is trial 0 with value: 0.0.
Using GPU: cuda:3 (utilization=0%, free_mem=10970MiB)
Running trial 4 for ExperimentScenario.TWENTY_FEATURES_HETEROGENEOUS on device cuda:3
Train data path /home/minhn2/uiuc-kidney-failure/generated_data/rep99/twenty_features_heterogeneous_train_data.csv
Test data path /home/minhn2/uiuc-kidney-failure/generated_data/rep99/twenty_features_heterogeneous_test_data.csv
Number of patients: test 20 and train 20
Number of records: test 9115 and train 4575
Epoch 1/50
features shape: torch.Size([16, 862, 40]), mask shape: torch.Size([16, 862]), time_to_event shape: torch.Size([16, 1]), event_indicator shape: torch.Size([16, 1]), time_to_events shape: torch.Size([16, 862]), event_indicators shape: torch.Size([16, 862]), sequence lengths shape: torch.Size([16, 1])
x shape: torch.Size([16, 862, 40])
mask shape: torch.Size([16, 862])
lstm_output shape: torch.Size([16, 862, 62])
fc_output shape: torch.Size([16, 862, 31])
context shape: torch.Size([16, 31])
attention_weights shape: torch.Size([16, 862, 1])
x shape after cause_specific_fc: torch.Size([16, 52])
pmf_preds shape: [torch.Size([16, 5475])]
res shape: torch.Size([16, 1, 5475])
Average Loss: 3.556983232498169
Epoch 2/50
features shape: torch.Size([16, 862, 40]), mask shape: torch.Size([16, 862]), time_to_event shape: torch.Size([16, 1]), event_indicator shape: torch.Size([16, 1]), time_to_events shape: torch.Size([16, 862]), event_indicators shape: torch.Size([16, 862]), sequence lengths shape: torch.Size([16, 1])
x shape: torch.Size([16, 862, 40])
mask shape: torch.Size([16, 862])
lstm_output shape: torch.Size([16, 862, 62])
fc_output shape: torch.Size([16, 862, 31])
context shape: torch.Size([16, 31])
attention_weights shape: torch.Size([16, 862, 1])
x shape after cause_specific_fc: torch.Size([16, 52])
pmf_preds shape: [torch.Size([16, 5475])]
res shape: torch.Size([16, 1, 5475])
Average Loss: 3.086526393890381
Epoch 3/50
features shape: torch.Size([16, 862, 40]), mask shape: torch.Size([16, 862]), time_to_event shape: torch.Size([16, 1]), event_indicator shape: torch.Size([16, 1]), time_to_events shape: torch.Size([16, 862]), event_indicators shape: torch.Size([16, 862]), sequence lengths shape: torch.Size([16, 1])
x shape: torch.Size([16, 862, 40])
mask shape: torch.Size([16, 862])
lstm_output shape: torch.Size([16, 862, 62])
fc_output shape: torch.Size([16, 862, 31])
context shape: torch.Size([16, 31])
attention_weights shape: torch.Size([16, 862, 1])
x shape after cause_specific_fc: torch.Size([16, 52])
pmf_preds shape: [torch.Size([16, 5475])]
res shape: torch.Size([16, 1, 5475])
Average Loss: 3.6020734310150146
Patience Counter: 1
Epoch 4/50
features shape: torch.Size([16, 862, 40]), mask shape: torch.Size([16, 862]), time_to_event shape: torch.Size([16, 1]), event_indicator shape: torch.Size([16, 1]), time_to_events shape: torch.Size([16, 862]), event_indicators shape: torch.Size([16, 862]), sequence lengths shape: torch.Size([16, 1])
x shape: torch.Size([16, 862, 40])
mask shape: torch.Size([16, 862])
lstm_output shape: torch.Size([16, 862, 62])
fc_output shape: torch.Size([16, 862, 31])
context shape: torch.Size([16, 31])
attention_weights shape: torch.Size([16, 862, 1])
x shape after cause_specific_fc: torch.Size([16, 52])
pmf_preds shape: [torch.Size([16, 5475])]
res shape: torch.Size([16, 1, 5475])
Average Loss: 3.0887935161590576
Patience Counter: 2
Epoch 5/50
features shape: torch.Size([16, 862, 40]), mask shape: torch.Size([16, 862]), time_to_event shape: torch.Size([16, 1]), event_indicator shape: torch.Size([16, 1]), time_to_events shape: torch.Size([16, 862]), event_indicators shape: torch.Size([16, 862]), sequence lengths shape: torch.Size([16, 1])
x shape: torch.Size([16, 862, 40])
mask shape: torch.Size([16, 862])
lstm_output shape: torch.Size([16, 862, 62])
fc_output shape: torch.Size([16, 862, 31])
context shape: torch.Size([16, 31])
attention_weights shape: torch.Size([16, 862, 1])
x shape after cause_specific_fc: torch.Size([16, 52])
pmf_preds shape: [torch.Size([16, 5475])]
res shape: torch.Size([16, 1, 5475])
Average Loss: 4.066972255706787
Patience Counter: 3
Epoch 6/50
features shape: torch.Size([16, 862, 40]), mask shape: torch.Size([16, 862]), time_to_event shape: torch.Size([16, 1]), event_indicator shape: torch.Size([16, 1]), time_to_events shape: torch.Size([16, 862]), event_indicators shape: torch.Size([16, 862]), sequence lengths shape: torch.Size([16, 1])
x shape: torch.Size([16, 862, 40])
mask shape: torch.Size([16, 862])
lstm_output shape: torch.Size([16, 862, 62])
fc_output shape: torch.Size([16, 862, 31])
context shape: torch.Size([16, 31])
attention_weights shape: torch.Size([16, 862, 1])
x shape after cause_specific_fc: torch.Size([16, 52])
pmf_preds shape: [torch.Size([16, 5475])]
res shape: torch.Size([16, 1, 5475])
Average Loss: 2.6725361347198486
Epoch 7/50
features shape: torch.Size([16, 862, 40]), mask shape: torch.Size([16, 862]), time_to_event shape: torch.Size([16, 1]), event_indicator shape: torch.Size([16, 1]), time_to_events shape: torch.Size([16, 862]), event_indicators shape: torch.Size([16, 862]), sequence lengths shape: torch.Size([16, 1])
x shape: torch.Size([16, 862, 40])
mask shape: torch.Size([16, 862])
lstm_output shape: torch.Size([16, 862, 62])
fc_output shape: torch.Size([16, 862, 31])
context shape: torch.Size([16, 31])
attention_weights shape: torch.Size([16, 862, 1])
x shape after cause_specific_fc: torch.Size([16, 52])
pmf_preds shape: [torch.Size([16, 5475])]
res shape: torch.Size([16, 1, 5475])
Average Loss: 3.5757068395614624
Patience Counter: 1
Epoch 8/50
features shape: torch.Size([16, 862, 40]), mask shape: torch.Size([16, 862]), time_to_event shape: torch.Size([16, 1]), event_indicator shape: torch.Size([16, 1]), time_to_events shape: torch.Size([16, 862]), event_indicators shape: torch.Size([16, 862]), sequence lengths shape: torch.Size([16, 1])
x shape: torch.Size([16, 862, 40])
mask shape: torch.Size([16, 862])
lstm_output shape: torch.Size([16, 862, 62])
fc_output shape: torch.Size([16, 862, 31])
context shape: torch.Size([16, 31])
attention_weights shape: torch.Size([16, 862, 1])
x shape after cause_specific_fc: torch.Size([16, 52])
pmf_preds shape: [torch.Size([16, 5475])]
res shape: torch.Size([16, 1, 5475])
Average Loss: 1.9381150677800179
Epoch 9/50
features shape: torch.Size([16, 862, 40]), mask shape: torch.Size([16, 862]), time_to_event shape: torch.Size([16, 1]), event_indicator shape: torch.Size([16, 1]), time_to_events shape: torch.Size([16, 862]), event_indicators shape: torch.Size([16, 862]), sequence lengths shape: torch.Size([16, 1])
x shape: torch.Size([16, 862, 40])
mask shape: torch.Size([16, 862])
lstm_output shape: torch.Size([16, 862, 62])
fc_output shape: torch.Size([16, 862, 31])
context shape: torch.Size([16, 31])
attention_weights shape: torch.Size([16, 862, 1])
x shape after cause_specific_fc: torch.Size([16, 52])
pmf_preds shape: [torch.Size([16, 5475])]
res shape: torch.Size([16, 1, 5475])
Average Loss: 1.896254800260067
Epoch 10/50
features shape: torch.Size([16, 862, 40]), mask shape: torch.Size([16, 862]), time_to_event shape: torch.Size([16, 1]), event_indicator shape: torch.Size([16, 1]), time_to_events shape: torch.Size([16, 862]), event_indicators shape: torch.Size([16, 862]), sequence lengths shape: torch.Size([16, 1])
x shape: torch.Size([16, 862, 40])
mask shape: torch.Size([16, 862])
lstm_output shape: torch.Size([16, 862, 62])
fc_output shape: torch.Size([16, 862, 31])
context shape: torch.Size([16, 31])
attention_weights shape: torch.Size([16, 862, 1])
x shape after cause_specific_fc: torch.Size([16, 52])
pmf_preds shape: [torch.Size([16, 5475])]
res shape: torch.Size([16, 1, 5475])
Average Loss: 3.5841453075408936
Patience Counter: 1
Epoch 11/50
features shape: torch.Size([16, 862, 40]), mask shape: torch.Size([16, 862]), time_to_event shape: torch.Size([16, 1]), event_indicator shape: torch.Size([16, 1]), time_to_events shape: torch.Size([16, 862]), event_indicators shape: torch.Size([16, 862]), sequence lengths shape: torch.Size([16, 1])
x shape: torch.Size([16, 862, 40])
mask shape: torch.Size([16, 862])
lstm_output shape: torch.Size([16, 862, 62])
fc_output shape: torch.Size([16, 862, 31])
context shape: torch.Size([16, 31])
attention_weights shape: torch.Size([16, 862, 1])
x shape after cause_specific_fc: torch.Size([16, 52])
pmf_preds shape: [torch.Size([16, 5475])]
res shape: torch.Size([16, 1, 5475])
Average Loss: 3.0847809314727783
Patience Counter: 2
Epoch 12/50
features shape: torch.Size([16, 862, 40]), mask shape: torch.Size([16, 862]), time_to_event shape: torch.Size([16, 1]), event_indicator shape: torch.Size([16, 1]), time_to_events shape: torch.Size([16, 862]), event_indicators shape: torch.Size([16, 862]), sequence lengths shape: torch.Size([16, 1])
x shape: torch.Size([16, 862, 40])
mask shape: torch.Size([16, 862])
lstm_output shape: torch.Size([16, 862, 62])
fc_output shape: torch.Size([16, 862, 31])
context shape: torch.Size([16, 31])
attention_weights shape: torch.Size([16, 862, 1])
x shape after cause_specific_fc: torch.Size([16, 52])
pmf_preds shape: [torch.Size([16, 5475])]
res shape: torch.Size([16, 1, 5475])
Average Loss: 3.086242914199829
Patience Counter: 3
Epoch 13/50
features shape: torch.Size([16, 862, 40]), mask shape: torch.Size([16, 862]), time_to_event shape: torch.Size([16, 1]), event_indicator shape: torch.Size([16, 1]), time_to_events shape: torch.Size([16, 862]), event_indicators shape: torch.Size([16, 862]), sequence lengths shape: torch.Size([16, 1])
x shape: torch.Size([16, 862, 40])
mask shape: torch.Size([16, 862])
lstm_output shape: torch.Size([16, 862, 62])
fc_output shape: torch.Size([16, 862, 31])
context shape: torch.Size([16, 31])
attention_weights shape: torch.Size([16, 862, 1])
x shape after cause_specific_fc: torch.Size([16, 52])
pmf_preds shape: [torch.Size([16, 5475])]
res shape: torch.Size([16, 1, 5475])
Average Loss: 3.073665499687195
Patience Counter: 4
Epoch 14/50
features shape: torch.Size([16, 862, 40]), mask shape: torch.Size([16, 862]), time_to_event shape: torch.Size([16, 1]), event_indicator shape: torch.Size([16, 1]), time_to_events shape: torch.Size([16, 862]), event_indicators shape: torch.Size([16, 862]), sequence lengths shape: torch.Size([16, 1])
x shape: torch.Size([16, 862, 40])
mask shape: torch.Size([16, 862])
lstm_output shape: torch.Size([16, 862, 62])
fc_output shape: torch.Size([16, 862, 31])
context shape: torch.Size([16, 31])
attention_weights shape: torch.Size([16, 862, 1])
x shape after cause_specific_fc: torch.Size([16, 52])
pmf_preds shape: [torch.Size([16, 5475])]
res shape: torch.Size([16, 1, 5475])
Average Loss: 2.617892265319824
Patience Counter: 5
Early stopping triggered
features shape: torch.Size([16, 862, 40]), mask shape: torch.Size([16, 862]), T shape: torch.Size([16, 1]), E shape: torch.Size([16, 1]) cif shape: (16, 5475)
Processing subject 0 with time 28 and event True cif at t_j: [0.00528247]
all_E shape: (20,) first 10 values: [ True  True  True False  True False False  True  True False]
all_R shape: (20,) first 10 values: [5.2824682e-03 2.7998772e-01 1.6936116e-04 1.4706251e-01 1.6944118e-04
 6.5489113e-02 5.9325725e-04 4.3292603e-01 1.6954687e-04 2.7890754e-01]
all_T shape: (20,) first 10 values: [  28 1535    0  804    0  357    2 2369    0 1529]
Global test C-index (scikit-survival): 0.000 number of concordant pairs: 0
Global test C-index: 0.000
/home/minhn2/uiuc-kidney-failure/pkgs/experiments/dynamic_deephit.py:256: FutureWarning: You are using `torch.load` with `weights_only=False` (the current default value), which uses the default pickle module implicitly. It is possible to construct malicious pickle data which will execute arbitrary code during unpickling (See https://github.com/pytorch/pytorch/blob/main/SECURITY.md#untrusted-models for more details). In a future release, the default value for `weights_only` will be flipped to `True`. This limits the functions that could be executed during unpickling. Arbitrary objects will no longer be allowed to be loaded via this mode unless they are explicitly allowlisted by the user via `torch.serialization.add_safe_globals`. We recommend you start setting `weights_only=True` for any use case where you don't have full control of the loaded file. Please open an issue on GitHub for any issues related to this experimental feature.
  saved_model = torch.load(saved_path, map_location=device)
features shape: torch.Size([16, 862, 40]), mask shape: torch.Size([16, 862]), T shape: torch.Size([16, 1]), E shape: torch.Size([16, 1]) cif shape: (16, 5475)
Processing subject 0 with time 28 and event True cif at t_j: [0.00531058]
all_E shape: (20,) first 10 values: [ True  True  True False  True False False  True  True False]
all_R shape: (20,) first 10 values: [5.3105773e-03 2.8122199e-01 2.3605517e-04 1.4709878e-01 2.3625258e-04
 6.5210901e-02 5.8381032e-04 4.3410909e-01 2.3617300e-04 2.8012246e-01]
all_T shape: (20,) first 10 values: [  28 1535    0  804    0  357    2 2369    0 1529]
Global test C-index (scikit-survival): 0.000 number of concordant pairs: 0
Global test C-index: 0.000
Saved model C-index: 0.0000, Current trial C-index: 0.0000
Saved model is better, keeping it
[I 2026-08-27 01:11:42,137] Trial 4 finished with value: 0.0 and parameters: {'num_layer': 3, 'hidden_dim_0': 31, 'hidden_dim_1': 64, 'hidden_dim_2': 52, 'learning_rate': 0.00014542195197135636, 'drop_out_rate': 0.3103605893639442, 'llh_loss': 0.6075030490445369}. Best is trial 0 with value: 0.0.
Using GPU: cuda:6 (utilization=0%, free_mem=10968MiB)
Running trial 5 for ExperimentScenario.TWENTY_FEATURES_HETEROGENEOUS on device cuda:6
Train data path /home/minhn2/uiuc-kidney-failure/generated_data/rep99/twenty_features_heterogeneous_train_data.csv
Test data path /home/minhn2/uiuc-kidney-failure/generated_data/rep99/twenty_features_heterogeneous_test_data.csv
Number of patients: test 20 and train 20
Number of records: test 9115 and train 4575
Epoch 1/50
features shape: torch.Size([16, 862, 40]), mask shape: torch.Size([16, 862]), time_to_event shape: torch.Size([16, 1]), event_indicator shape: torch.Size([16, 1]), time_to_events shape: torch.Size([16, 862]), event_indicators shape: torch.Size([16, 862]), sequence lengths shape: torch.Size([16, 1])
x shape: torch.Size([16, 862, 40])
mask shape: torch.Size([16, 862])
lstm_output shape: torch.Size([16, 862, 76])
fc_output shape: torch.Size([16, 862, 38])
context shape: torch.Size([16, 38])
attention_weights shape: torch.Size([16, 862, 1])
x shape after cause_specific_fc: torch.Size([16, 83])
pmf_preds shape: [torch.Size([16, 5475])]
res shape: torch.Size([16, 1, 5475])
Average Loss: 3.4179024696350098
Epoch 2/50
features shape: torch.Size([16, 862, 40]), mask shape: torch.Size([16, 862]), time_to_event shape: torch.Size([16, 1]), event_indicator shape: torch.Size([16, 1]), time_to_events shape: torch.Size([16, 862]), event_indicators shape: torch.Size([16, 862]), sequence lengths shape: torch.Size([16, 1])
x shape: torch.Size([16, 862, 40])
mask shape: torch.Size([16, 862])
lstm_output shape: torch.Size([16, 862, 76])
fc_output shape: torch.Size([16, 862, 38])
context shape: torch.Size([16, 38])
attention_weights shape: torch.Size([16, 862, 1])
x shape after cause_specific_fc: torch.Size([16, 83])
pmf_preds shape: [torch.Size([16, 5475])]
res shape: torch.Size([16, 1, 5475])
Average Loss: 3.871553897857666
Patience Counter: 1
Epoch 3/50
features shape: torch.Size([16, 862, 40]), mask shape: torch.Size([16, 862]), time_to_event shape: torch.Size([16, 1]), event_indicator shape: torch.Size([16, 1]), time_to_events shape: torch.Size([16, 862]), event_indicators shape: torch.Size([16, 862]), sequence lengths shape: torch.Size([16, 1])
x shape: torch.Size([16, 862, 40])
mask shape: torch.Size([16, 862])
lstm_output shape: torch.Size([16, 862, 76])
fc_output shape: torch.Size([16, 862, 38])
context shape: torch.Size([16, 38])
attention_weights shape: torch.Size([16, 862, 1])
x shape after cause_specific_fc: torch.Size([16, 83])
pmf_preds shape: [torch.Size([16, 5475])]
res shape: torch.Size([16, 1, 5475])
Average Loss: 2.5350476503372192
Epoch 4/50
features shape: torch.Size([16, 862, 40]), mask shape: torch.Size([16, 862]), time_to_event shape: torch.Size([16, 1]), event_indicator shape: torch.Size([16, 1]), time_to_events shape: torch.Size([16, 862]), event_indicators shape: torch.Size([16, 862]), sequence lengths shape: torch.Size([16, 1])
x shape: torch.Size([16, 862, 40])
mask shape: torch.Size([16, 862])
lstm_output shape: torch.Size([16, 862, 76])
fc_output shape: torch.Size([16, 862, 38])
context shape: torch.Size([16, 38])
attention_weights shape: torch.Size([16, 862, 1])
x shape after cause_specific_fc: torch.Size([16, 83])
pmf_preds shape: [torch.Size([16, 5475])]
res shape: torch.Size([16, 1, 5475])
Average Loss: 2.948103427886963
Patience Counter: 1
Epoch 5/50
features shape: torch.Size([16, 862, 40]), mask shape: torch.Size([16, 862]), time_to_event shape: torch.Size([16, 1]), event_indicator shape: torch.Size([16, 1]), time_to_events shape: torch.Size([16, 862]), event_indicators shape: torch.Size([16, 862]), sequence lengths shape: torch.Size([16, 1])
x shape: torch.Size([16, 862, 40])
mask shape: torch.Size([16, 862])
lstm_output shape: torch.Size([16, 862, 76])
fc_output shape: torch.Size([16, 862, 38])
context shape: torch.Size([16, 38])
attention_weights shape: torch.Size([16, 862, 1])
x shape after cause_specific_fc: torch.Size([16, 83])
pmf_preds shape: [torch.Size([16, 5475])]
res shape: torch.Size([16, 1, 5475])
Average Loss: 3.4017287492752075
Patience Counter: 2
Epoch 6/50
features shape: torch.Size([16, 862, 40]), mask shape: torch.Size([16, 862]), time_to_event shape: torch.Size([16, 1]), event_indicator shape: torch.Size([16, 1]), time_to_events shape: torch.Size([16, 862]), event_indicators shape: torch.Size([16, 862]), sequence lengths shape: torch.Size([16, 1])
x shape: torch.Size([16, 862, 40])
mask shape: torch.Size([16, 862])
lstm_output shape: torch.Size([16, 862, 76])
fc_output shape: torch.Size([16, 862, 38])
context shape: torch.Size([16, 38])
attention_weights shape: torch.Size([16, 862, 1])
x shape after cause_specific_fc: torch.Size([16, 83])
pmf_preds shape: [torch.Size([16, 5475])]
res shape: torch.Size([16, 1, 5475])
Average Loss: 3.403850793838501
Patience Counter: 3
Epoch 7/50
features shape: torch.Size([16, 862, 40]), mask shape: torch.Size([16, 862]), time_to_event shape: torch.Size([16, 1]), event_indicator shape: torch.Size([16, 1]), time_to_events shape: torch.Size([16, 862]), event_indicators shape: torch.Size([16, 862]), sequence lengths shape: torch.Size([16, 1])
x shape: torch.Size([16, 862, 40])
mask shape: torch.Size([16, 862])
lstm_output shape: torch.Size([16, 862, 76])
fc_output shape: torch.Size([16, 862, 38])
context shape: torch.Size([16, 38])
attention_weights shape: torch.Size([16, 862, 1])
x shape after cause_specific_fc: torch.Size([16, 83])
pmf_preds shape: [torch.Size([16, 5475])]
res shape: torch.Size([16, 1, 5475])
Average Loss: 3.432051420211792
Patience Counter: 4
Epoch 8/50
features shape: torch.Size([16, 862, 40]), mask shape: torch.Size([16, 862]), time_to_event shape: torch.Size([16, 1]), event_indicator shape: torch.Size([16, 1]), time_to_events shape: torch.Size([16, 862]), event_indicators shape: torch.Size([16, 862]), sequence lengths shape: torch.Size([16, 1])
x shape: torch.Size([16, 862, 40])
mask shape: torch.Size([16, 862])
lstm_output shape: torch.Size([16, 862, 76])
fc_output shape: torch.Size([16, 862, 38])
context shape: torch.Size([16, 38])
attention_weights shape: torch.Size([16, 862, 1])
x shape after cause_specific_fc: torch.Size([16, 83])
pmf_preds shape: [torch.Size([16, 5475])]
res shape: torch.Size([16, 1, 5475])
Average Loss: 3.4098856449127197
Patience Counter: 5
Early stopping triggered
features shape: torch.Size([16, 862, 40]), mask shape: torch.Size([16, 862]), T shape: torch.Size([16, 1]), E shape: torch.Size([16, 1]) cif shape: (16, 5475)
Processing subject 0 with time 28 and event True cif at t_j: [0.00538924]
all_E shape: (20,) first 10 values: [ True  True  True False  True False False  True  True False]
all_R shape: (20,) first 10 values: [5.3892373e-03 2.7984402e-01 1.8067748e-04 1.4701484e-01 1.8074253e-04
 6.5491833e-02 5.4402440e-04 4.3286961e-01 1.8072594e-04 2.7873912e-01]
all_T shape: (20,) first 10 values: [  28 1535    0  804    0  357    2 2369    0 1529]
Global test C-index (scikit-survival): 0.042 number of concordant pairs: 3
Global test C-index: 0.042
/home/minhn2/uiuc-kidney-failure/pkgs/experiments/dynamic_deephit.py:256: FutureWarning: You are using `torch.load` with `weights_only=False` (the current default value), which uses the default pickle module implicitly. It is possible to construct malicious pickle data which will execute arbitrary code during unpickling (See https://github.com/pytorch/pytorch/blob/main/SECURITY.md#untrusted-models for more details). In a future release, the default value for `weights_only` will be flipped to `True`. This limits the functions that could be executed during unpickling. Arbitrary objects will no longer be allowed to be loaded via this mode unless they are explicitly allowlisted by the user via `torch.serialization.add_safe_globals`. We recommend you start setting `weights_only=True` for any use case where you don't have full control of the loaded file. Please open an issue on GitHub for any issues related to this experimental feature.
  saved_model = torch.load(saved_path, map_location=device)
features shape: torch.Size([16, 862, 40]), mask shape: torch.Size([16, 862]), T shape: torch.Size([16, 1]), E shape: torch.Size([16, 1]) cif shape: (16, 5475)
Processing subject 0 with time 28 and event True cif at t_j: [0.00531058]
all_E shape: (20,) first 10 values: [ True  True  True False  True False False  True  True False]
all_R shape: (20,) first 10 values: [5.3105773e-03 2.8122199e-01 2.3605517e-04 1.4709878e-01 2.3625258e-04
 6.5210901e-02 5.8381032e-04 4.3410909e-01 2.3617300e-04 2.8012246e-01]
all_T shape: (20,) first 10 values: [  28 1535    0  804    0  357    2 2369    0 1529]
Global test C-index (scikit-survival): 0.000 number of concordant pairs: 0
Global test C-index: 0.000
Saved model C-index: 0.0000, Current trial C-index: 0.0417
New model is better, saving current model
[I 2026-08-27 01:11:54,638] Trial 5 finished with value: 0.041666666666666664 and parameters: {'num_layer': 3, 'hidden_dim_0': 38, 'hidden_dim_1': 83, 'hidden_dim_2': 83, 'learning_rate': 8.13318163492589e-05, 'drop_out_rate': 0.43571120169193667, 'llh_loss': 0.5768003624848361}. Best is trial 5 with value: 0.041666666666666664.
Using GPU: cuda:1 (utilization=0%, free_mem=10964MiB)
Running trial 6 for ExperimentScenario.TWENTY_FEATURES_HETEROGENEOUS on device cuda:1
Train data path /home/minhn2/uiuc-kidney-failure/generated_data/rep99/twenty_features_heterogeneous_train_data.csv
Test data path /home/minhn2/uiuc-kidney-failure/generated_data/rep99/twenty_features_heterogeneous_test_data.csv
Number of patients: test 20 and train 20
Number of records: test 9115 and train 4575
Epoch 1/50
features shape: torch.Size([16, 862, 40]), mask shape: torch.Size([16, 862]), time_to_event shape: torch.Size([16, 1]), event_indicator shape: torch.Size([16, 1]), time_to_events shape: torch.Size([16, 862]), event_indicators shape: torch.Size([16, 862]), sequence lengths shape: torch.Size([16, 1])
x shape: torch.Size([16, 862, 40])
mask shape: torch.Size([16, 862])
lstm_output shape: torch.Size([16, 862, 206])
fc_output shape: torch.Size([16, 862, 103])
context shape: torch.Size([16, 103])
attention_weights shape: torch.Size([16, 862, 1])
x shape after cause_specific_fc: torch.Size([16, 19])
pmf_preds shape: [torch.Size([16, 5475])]
res shape: torch.Size([16, 1, 5475])
Average Loss: 2.6006537675857544
Epoch 2/50
features shape: torch.Size([16, 862, 40]), mask shape: torch.Size([16, 862]), time_to_event shape: torch.Size([16, 1]), event_indicator shape: torch.Size([16, 1]), time_to_events shape: torch.Size([16, 862]), event_indicators shape: torch.Size([16, 862]), sequence lengths shape: torch.Size([16, 1])
x shape: torch.Size([16, 862, 40])
mask shape: torch.Size([16, 862])
lstm_output shape: torch.Size([16, 862, 206])
fc_output shape: torch.Size([16, 862, 103])
context shape: torch.Size([16, 103])
attention_weights shape: torch.Size([16, 862, 1])
x shape after cause_specific_fc: torch.Size([16, 19])
pmf_preds shape: [torch.Size([16, 5475])]
res shape: torch.Size([16, 1, 5475])
Average Loss: 2.2759441137313843
Epoch 3/50
features shape: torch.Size([16, 862, 40]), mask shape: torch.Size([16, 862]), time_to_event shape: torch.Size([16, 1]), event_indicator shape: torch.Size([16, 1]), time_to_events shape: torch.Size([16, 862]), event_indicators shape: torch.Size([16, 862]), sequence lengths shape: torch.Size([16, 1])
x shape: torch.Size([16, 862, 40])
mask shape: torch.Size([16, 862])
lstm_output shape: torch.Size([16, 862, 206])
fc_output shape: torch.Size([16, 862, 103])
context shape: torch.Size([16, 103])
attention_weights shape: torch.Size([16, 862, 1])
x shape after cause_specific_fc: torch.Size([16, 19])
pmf_preds shape: [torch.Size([16, 5475])]
res shape: torch.Size([16, 1, 5475])
Average Loss: 2.280186653137207
Patience Counter: 1
Epoch 4/50
features shape: torch.Size([16, 862, 40]), mask shape: torch.Size([16, 862]), time_to_event shape: torch.Size([16, 1]), event_indicator shape: torch.Size([16, 1]), time_to_events shape: torch.Size([16, 862]), event_indicators shape: torch.Size([16, 862]), sequence lengths shape: torch.Size([16, 1])
x shape: torch.Size([16, 862, 40])
mask shape: torch.Size([16, 862])
lstm_output shape: torch.Size([16, 862, 206])
fc_output shape: torch.Size([16, 862, 103])
context shape: torch.Size([16, 103])
attention_weights shape: torch.Size([16, 862, 1])
x shape after cause_specific_fc: torch.Size([16, 19])
pmf_preds shape: [torch.Size([16, 5475])]
res shape: torch.Size([16, 1, 5475])
Average Loss: 2.2858455181121826
Patience Counter: 2
Epoch 5/50
features shape: torch.Size([16, 862, 40]), mask shape: torch.Size([16, 862]), time_to_event shape: torch.Size([16, 1]), event_indicator shape: torch.Size([16, 1]), time_to_events shape: torch.Size([16, 862]), event_indicators shape: torch.Size([16, 862]), sequence lengths shape: torch.Size([16, 1])
x shape: torch.Size([16, 862, 40])
mask shape: torch.Size([16, 862])
lstm_output shape: torch.Size([16, 862, 206])
fc_output shape: torch.Size([16, 862, 103])
context shape: torch.Size([16, 103])
attention_weights shape: torch.Size([16, 862, 1])
x shape after cause_specific_fc: torch.Size([16, 19])
pmf_preds shape: [torch.Size([16, 5475])]
res shape: torch.Size([16, 1, 5475])
Average Loss: 1.3836930766701698
Epoch 6/50
features shape: torch.Size([16, 862, 40]), mask shape: torch.Size([16, 862]), time_to_event shape: torch.Size([16, 1]), event_indicator shape: torch.Size([16, 1]), time_to_events shape: torch.Size([16, 862]), event_indicators shape: torch.Size([16, 862]), sequence lengths shape: torch.Size([16, 1])
x shape: torch.Size([16, 862, 40])
mask shape: torch.Size([16, 862])
lstm_output shape: torch.Size([16, 862, 206])
fc_output shape: torch.Size([16, 862, 103])
context shape: torch.Size([16, 103])
attention_weights shape: torch.Size([16, 862, 1])
x shape after cause_specific_fc: torch.Size([16, 19])
pmf_preds shape: [torch.Size([16, 5475])]
res shape: torch.Size([16, 1, 5475])
Average Loss: 1.9706795811653137
Patience Counter: 1
Epoch 7/50
features shape: torch.Size([16, 862, 40]), mask shape: torch.Size([16, 862]), time_to_event shape: torch.Size([16, 1]), event_indicator shape: torch.Size([16, 1]), time_to_events shape: torch.Size([16, 862]), event_indicators shape: torch.Size([16, 862]), sequence lengths shape: torch.Size([16, 1])
x shape: torch.Size([16, 862, 40])
mask shape: torch.Size([16, 862])
lstm_output shape: torch.Size([16, 862, 206])
fc_output shape: torch.Size([16, 862, 103])
context shape: torch.Size([16, 103])
attention_weights shape: torch.Size([16, 862, 1])
x shape after cause_specific_fc: torch.Size([16, 19])
pmf_preds shape: [torch.Size([16, 5475])]
res shape: torch.Size([16, 1, 5475])
Average Loss: 2.280523657798767
Patience Counter: 2
Epoch 8/50
features shape: torch.Size([16, 862, 40]), mask shape: torch.Size([16, 862]), time_to_event shape: torch.Size([16, 1]), event_indicator shape: torch.Size([16, 1]), time_to_events shape: torch.Size([16, 862]), event_indicators shape: torch.Size([16, 862]), sequence lengths shape: torch.Size([16, 1])
x shape: torch.Size([16, 862, 40])
mask shape: torch.Size([16, 862])
lstm_output shape: torch.Size([16, 862, 206])
fc_output shape: torch.Size([16, 862, 103])
context shape: torch.Size([16, 103])
attention_weights shape: torch.Size([16, 862, 1])
x shape after cause_specific_fc: torch.Size([16, 19])
pmf_preds shape: [torch.Size([16, 5475])]
res shape: torch.Size([16, 1, 5475])
Average Loss: 2.568809986114502
Patience Counter: 3
Epoch 9/50
features shape: torch.Size([16, 862, 40]), mask shape: torch.Size([16, 862]), time_to_event shape: torch.Size([16, 1]), event_indicator shape: torch.Size([16, 1]), time_to_events shape: torch.Size([16, 862]), event_indicators shape: torch.Size([16, 862]), sequence lengths shape: torch.Size([16, 1])
x shape: torch.Size([16, 862, 40])
mask shape: torch.Size([16, 862])
lstm_output shape: torch.Size([16, 862, 206])
fc_output shape: torch.Size([16, 862, 103])
context shape: torch.Size([16, 103])
attention_weights shape: torch.Size([16, 862, 1])
x shape after cause_specific_fc: torch.Size([16, 19])
pmf_preds shape: [torch.Size([16, 5475])]
res shape: torch.Size([16, 1, 5475])
Average Loss: 2.271330237388611
Patience Counter: 4
Epoch 10/50
features shape: torch.Size([16, 862, 40]), mask shape: torch.Size([16, 862]), time_to_event shape: torch.Size([16, 1]), event_indicator shape: torch.Size([16, 1]), time_to_events shape: torch.Size([16, 862]), event_indicators shape: torch.Size([16, 862]), sequence lengths shape: torch.Size([16, 1])
x shape: torch.Size([16, 862, 40])
mask shape: torch.Size([16, 862])
lstm_output shape: torch.Size([16, 862, 206])
fc_output shape: torch.Size([16, 862, 103])
context shape: torch.Size([16, 103])
attention_weights shape: torch.Size([16, 862, 1])
x shape after cause_specific_fc: torch.Size([16, 19])
pmf_preds shape: [torch.Size([16, 5475])]
res shape: torch.Size([16, 1, 5475])
Average Loss: 1.673573911190033
Patience Counter: 5
Early stopping triggered
features shape: torch.Size([16, 862, 40]), mask shape: torch.Size([16, 862]), T shape: torch.Size([16, 1]), E shape: torch.Size([16, 1]) cif shape: (16, 5475)
Processing subject 0 with time 28 and event True cif at t_j: [0.00527227]
all_E shape: (20,) first 10 values: [ True  True  True False  True False False  True  True False]
all_R shape: (20,) first 10 values: [5.2722702e-03 2.8119719e-01 1.9944966e-04 1.4734380e-01 1.9937714e-04
 6.5911427e-02 5.3135038e-04 4.3385240e-01 1.9936633e-04 2.8011733e-01]
all_T shape: (20,) first 10 values: [  28 1535    0  804    0  357    2 2369    0 1529]
Global test C-index (scikit-survival): 0.000 number of concordant pairs: 0
Global test C-index: 0.000
/home/minhn2/uiuc-kidney-failure/pkgs/experiments/dynamic_deephit.py:256: FutureWarning: You are using `torch.load` with `weights_only=False` (the current default value), which uses the default pickle module implicitly. It is possible to construct malicious pickle data which will execute arbitrary code during unpickling (See https://github.com/pytorch/pytorch/blob/main/SECURITY.md#untrusted-models for more details). In a future release, the default value for `weights_only` will be flipped to `True`. This limits the functions that could be executed during unpickling. Arbitrary objects will no longer be allowed to be loaded via this mode unless they are explicitly allowlisted by the user via `torch.serialization.add_safe_globals`. We recommend you start setting `weights_only=True` for any use case where you don't have full control of the loaded file. Please open an issue on GitHub for any issues related to this experimental feature.
  saved_model = torch.load(saved_path, map_location=device)
features shape: torch.Size([16, 862, 40]), mask shape: torch.Size([16, 862]), T shape: torch.Size([16, 1]), E shape: torch.Size([16, 1]) cif shape: (16, 5475)
Processing subject 0 with time 28 and event True cif at t_j: [0.00538924]
all_E shape: (20,) first 10 values: [ True  True  True False  True False False  True  True False]
all_R shape: (20,) first 10 values: [5.3892373e-03 2.7984402e-01 1.8067748e-04 1.4701484e-01 1.8074253e-04
 6.5491833e-02 5.4402440e-04 4.3286961e-01 1.8072594e-04 2.7873912e-01]
all_T shape: (20,) first 10 values: [  28 1535    0  804    0  357    2 2369    0 1529]
Global test C-index (scikit-survival): 0.042 number of concordant pairs: 3
Global test C-index: 0.042
Saved model C-index: 0.0417, Current trial C-index: 0.0000
Saved model is better, keeping it
[I 2026-08-27 01:12:10,197] Trial 6 finished with value: 0.0 and parameters: {'num_layer': 2, 'hidden_dim_0': 103, 'hidden_dim_1': 19, 'learning_rate': 2.117645534283858e-05, 'drop_out_rate': 0.24432654661189623, 'llh_loss': 0.37950675459797045}. Best is trial 5 with value: 0.041666666666666664.
Using GPU: cuda:3 (utilization=0%, free_mem=10902MiB)
Running trial 7 for ExperimentScenario.TWENTY_FEATURES_HETEROGENEOUS on device cuda:3
Train data path /home/minhn2/uiuc-kidney-failure/generated_data/rep99/twenty_features_heterogeneous_train_data.csv
Test data path /home/minhn2/uiuc-kidney-failure/generated_data/rep99/twenty_features_heterogeneous_test_data.csv
Number of patients: test 20 and train 20
Number of records: test 9115 and train 4575
Epoch 1/50
features shape: torch.Size([16, 862, 40]), mask shape: torch.Size([16, 862]), time_to_event shape: torch.Size([16, 1]), event_indicator shape: torch.Size([16, 1]), time_to_events shape: torch.Size([16, 862]), event_indicators shape: torch.Size([16, 862]), sequence lengths shape: torch.Size([16, 1])
x shape: torch.Size([16, 862, 40])
mask shape: torch.Size([16, 862])
lstm_output shape: torch.Size([16, 862, 32])
fc_output shape: torch.Size([16, 862, 16])
context shape: torch.Size([16, 16])
attention_weights shape: torch.Size([16, 862, 1])
x shape after cause_specific_fc: torch.Size([16, 16])
pmf_preds shape: [torch.Size([16, 5475])]
res shape: torch.Size([16, 1, 5475])
Average Loss: 1.736392617225647
Epoch 2/50
features shape: torch.Size([16, 862, 40]), mask shape: torch.Size([16, 862]), time_to_event shape: torch.Size([16, 1]), event_indicator shape: torch.Size([16, 1]), time_to_events shape: torch.Size([16, 862]), event_indicators shape: torch.Size([16, 862]), sequence lengths shape: torch.Size([16, 1])
x shape: torch.Size([16, 862, 40])
mask shape: torch.Size([16, 862])
lstm_output shape: torch.Size([16, 862, 32])
fc_output shape: torch.Size([16, 862, 16])
context shape: torch.Size([16, 16])
attention_weights shape: torch.Size([16, 862, 1])
x shape after cause_specific_fc: torch.Size([16, 16])
pmf_preds shape: [torch.Size([16, 5475])]
res shape: torch.Size([16, 1, 5475])
Average Loss: 1.7612139582633972
Patience Counter: 1
Epoch 3/50
features shape: torch.Size([16, 862, 40]), mask shape: torch.Size([16, 862]), time_to_event shape: torch.Size([16, 1]), event_indicator shape: torch.Size([16, 1]), time_to_events shape: torch.Size([16, 862]), event_indicators shape: torch.Size([16, 862]), sequence lengths shape: torch.Size([16, 1])
x shape: torch.Size([16, 862, 40])
mask shape: torch.Size([16, 862])
lstm_output shape: torch.Size([16, 862, 32])
fc_output shape: torch.Size([16, 862, 16])
context shape: torch.Size([16, 16])
attention_weights shape: torch.Size([16, 862, 1])
x shape after cause_specific_fc: torch.Size([16, 16])
pmf_preds shape: [torch.Size([16, 5475])]
res shape: torch.Size([16, 1, 5475])
Average Loss: 2.175024390220642
Patience Counter: 2
Epoch 4/50
features shape: torch.Size([16, 862, 40]), mask shape: torch.Size([16, 862]), time_to_event shape: torch.Size([16, 1]), event_indicator shape: torch.Size([16, 1]), time_to_events shape: torch.Size([16, 862]), event_indicators shape: torch.Size([16, 862]), sequence lengths shape: torch.Size([16, 1])
x shape: torch.Size([16, 862, 40])
mask shape: torch.Size([16, 862])
lstm_output shape: torch.Size([16, 862, 32])
fc_output shape: torch.Size([16, 862, 16])
context shape: torch.Size([16, 16])
attention_weights shape: torch.Size([16, 862, 1])
x shape after cause_specific_fc: torch.Size([16, 16])
pmf_preds shape: [torch.Size([16, 5475])]
res shape: torch.Size([16, 1, 5475])
Average Loss: 1.9631600379943848
Patience Counter: 3
Epoch 5/50
features shape: torch.Size([16, 862, 40]), mask shape: torch.Size([16, 862]), time_to_event shape: torch.Size([16, 1]), event_indicator shape: torch.Size([16, 1]), time_to_events shape: torch.Size([16, 862]), event_indicators shape: torch.Size([16, 862]), sequence lengths shape: torch.Size([16, 1])
x shape: torch.Size([16, 862, 40])
mask shape: torch.Size([16, 862])
lstm_output shape: torch.Size([16, 862, 32])
fc_output shape: torch.Size([16, 862, 16])
context shape: torch.Size([16, 16])
attention_weights shape: torch.Size([16, 862, 1])
x shape after cause_specific_fc: torch.Size([16, 16])
pmf_preds shape: [torch.Size([16, 5475])]
res shape: torch.Size([16, 1, 5475])
Average Loss: 1.9529913663864136
Patience Counter: 4
Epoch 6/50
features shape: torch.Size([16, 862, 40]), mask shape: torch.Size([16, 862]), time_to_event shape: torch.Size([16, 1]), event_indicator shape: torch.Size([16, 1]), time_to_events shape: torch.Size([16, 862]), event_indicators shape: torch.Size([16, 862]), sequence lengths shape: torch.Size([16, 1])
x shape: torch.Size([16, 862, 40])
mask shape: torch.Size([16, 862])
lstm_output shape: torch.Size([16, 862, 32])
fc_output shape: torch.Size([16, 862, 16])
context shape: torch.Size([16, 16])
attention_weights shape: torch.Size([16, 862, 1])
x shape after cause_specific_fc: torch.Size([16, 16])
pmf_preds shape: [torch.Size([16, 5475])]
res shape: torch.Size([16, 1, 5475])
Average Loss: 1.3811857998371124
Epoch 7/50
features shape: torch.Size([16, 862, 40]), mask shape: torch.Size([16, 862]), time_to_event shape: torch.Size([16, 1]), event_indicator shape: torch.Size([16, 1]), time_to_events shape: torch.Size([16, 862]), event_indicators shape: torch.Size([16, 862]), sequence lengths shape: torch.Size([16, 1])
x shape: torch.Size([16, 862, 40])
mask shape: torch.Size([16, 862])
lstm_output shape: torch.Size([16, 862, 32])
fc_output shape: torch.Size([16, 862, 16])
context shape: torch.Size([16, 16])
attention_weights shape: torch.Size([16, 862, 1])
x shape after cause_specific_fc: torch.Size([16, 16])
pmf_preds shape: [torch.Size([16, 5475])]
res shape: torch.Size([16, 1, 5475])
Average Loss: 1.9667920470237732
Patience Counter: 1
Epoch 8/50
features shape: torch.Size([16, 862, 40]), mask shape: torch.Size([16, 862]), time_to_event shape: torch.Size([16, 1]), event_indicator shape: torch.Size([16, 1]), time_to_events shape: torch.Size([16, 862]), event_indicators shape: torch.Size([16, 862]), sequence lengths shape: torch.Size([16, 1])
x shape: torch.Size([16, 862, 40])
mask shape: torch.Size([16, 862])
lstm_output shape: torch.Size([16, 862, 32])
fc_output shape: torch.Size([16, 862, 16])
context shape: torch.Size([16, 16])
attention_weights shape: torch.Size([16, 862, 1])
x shape after cause_specific_fc: torch.Size([16, 16])
pmf_preds shape: [torch.Size([16, 5475])]
res shape: torch.Size([16, 1, 5475])
Average Loss: 2.1800310611724854
Patience Counter: 2
Epoch 9/50
features shape: torch.Size([16, 862, 40]), mask shape: torch.Size([16, 862]), time_to_event shape: torch.Size([16, 1]), event_indicator shape: torch.Size([16, 1]), time_to_events shape: torch.Size([16, 862]), event_indicators shape: torch.Size([16, 862]), sequence lengths shape: torch.Size([16, 1])
x shape: torch.Size([16, 862, 40])
mask shape: torch.Size([16, 862])
lstm_output shape: torch.Size([16, 862, 32])
fc_output shape: torch.Size([16, 862, 16])
context shape: torch.Size([16, 16])
attention_weights shape: torch.Size([16, 862, 1])
x shape after cause_specific_fc: torch.Size([16, 16])
pmf_preds shape: [torch.Size([16, 5475])]
res shape: torch.Size([16, 1, 5475])
Average Loss: 1.9674893617630005
Patience Counter: 3
Epoch 10/50
features shape: torch.Size([16, 862, 40]), mask shape: torch.Size([16, 862]), time_to_event shape: torch.Size([16, 1]), event_indicator shape: torch.Size([16, 1]), time_to_events shape: torch.Size([16, 862]), event_indicators shape: torch.Size([16, 862]), sequence lengths shape: torch.Size([16, 1])
x shape: torch.Size([16, 862, 40])
mask shape: torch.Size([16, 862])
lstm_output shape: torch.Size([16, 862, 32])
fc_output shape: torch.Size([16, 862, 16])
context shape: torch.Size([16, 16])
attention_weights shape: torch.Size([16, 862, 1])
x shape after cause_specific_fc: torch.Size([16, 16])
pmf_preds shape: [torch.Size([16, 5475])]
res shape: torch.Size([16, 1, 5475])
Average Loss: 1.736068844795227
Patience Counter: 4
Epoch 11/50
features shape: torch.Size([16, 862, 40]), mask shape: torch.Size([16, 862]), time_to_event shape: torch.Size([16, 1]), event_indicator shape: torch.Size([16, 1]), time_to_events shape: torch.Size([16, 862]), event_indicators shape: torch.Size([16, 862]), sequence lengths shape: torch.Size([16, 1])
x shape: torch.Size([16, 862, 40])
mask shape: torch.Size([16, 862])
lstm_output shape: torch.Size([16, 862, 32])
fc_output shape: torch.Size([16, 862, 16])
context shape: torch.Size([16, 16])
attention_weights shape: torch.Size([16, 862, 1])
x shape after cause_specific_fc: torch.Size([16, 16])
pmf_preds shape: [torch.Size([16, 5475])]
res shape: torch.Size([16, 1, 5475])
Average Loss: 1.9553214311599731
Patience Counter: 5
Early stopping triggered
features shape: torch.Size([16, 862, 40]), mask shape: torch.Size([16, 862]), T shape: torch.Size([16, 1]), E shape: torch.Size([16, 1]) cif shape: (16, 5475)
Processing subject 0 with time 28 and event True cif at t_j: [0.00519166]
all_E shape: (20,) first 10 values: [ True  True  True False  True False False  True  True False]
all_R shape: (20,) first 10 values: [5.1916558e-03 2.7992535e-01 1.8585245e-04 1.4641431e-01 1.8688223e-04
 6.6258192e-02 5.8761064e-04 4.3100867e-01 1.8645980e-04 2.7885252e-01]
all_T shape: (20,) first 10 values: [  28 1535    0  804    0  357    2 2369    0 1529]
Global test C-index (scikit-survival): 0.000 number of concordant pairs: 0
Global test C-index: 0.000
/home/minhn2/uiuc-kidney-failure/pkgs/experiments/dynamic_deephit.py:256: FutureWarning: You are using `torch.load` with `weights_only=False` (the current default value), which uses the default pickle module implicitly. It is possible to construct malicious pickle data which will execute arbitrary code during unpickling (See https://github.com/pytorch/pytorch/blob/main/SECURITY.md#untrusted-models for more details). In a future release, the default value for `weights_only` will be flipped to `True`. This limits the functions that could be executed during unpickling. Arbitrary objects will no longer be allowed to be loaded via this mode unless they are explicitly allowlisted by the user via `torch.serialization.add_safe_globals`. We recommend you start setting `weights_only=True` for any use case where you don't have full control of the loaded file. Please open an issue on GitHub for any issues related to this experimental feature.
  saved_model = torch.load(saved_path, map_location=device)
features shape: torch.Size([16, 862, 40]), mask shape: torch.Size([16, 862]), T shape: torch.Size([16, 1]), E shape: torch.Size([16, 1]) cif shape: (16, 5475)
Processing subject 0 with time 28 and event True cif at t_j: [0.00538924]
all_E shape: (20,) first 10 values: [ True  True  True False  True False False  True  True False]
all_R shape: (20,) first 10 values: [5.3892373e-03 2.7984402e-01 1.8067748e-04 1.4701484e-01 1.8074253e-04
 6.5491833e-02 5.4402440e-04 4.3286961e-01 1.8072594e-04 2.7873912e-01]
all_T shape: (20,) first 10 values: [  28 1535    0  804    0  357    2 2369    0 1529]
Global test C-index (scikit-survival): 0.042 number of concordant pairs: 3
Global test C-index: 0.042
Saved model C-index: 0.0417, Current trial C-index: 0.0000
Saved model is better, keeping it
[I 2026-08-27 01:12:26,677] Trial 7 finished with value: 0.0 and parameters: {'num_layer': 1, 'hidden_dim_0': 16, 'learning_rate': 0.00038940685211030193, 'drop_out_rate': 0.12274693480181749, 'llh_loss': 0.27922785442927767}. Best is trial 5 with value: 0.041666666666666664.
Using GPU: cuda:6 (utilization=0%, free_mem=10884MiB)
Running trial 8 for ExperimentScenario.TWENTY_FEATURES_HETEROGENEOUS on device cuda:6
Train data path /home/minhn2/uiuc-kidney-failure/generated_data/rep99/twenty_features_heterogeneous_train_data.csv
Test data path /home/minhn2/uiuc-kidney-failure/generated_data/rep99/twenty_features_heterogeneous_test_data.csv
Number of patients: test 20 and train 20
Number of records: test 9115 and train 4575
Epoch 1/50
features shape: torch.Size([16, 862, 40]), mask shape: torch.Size([16, 862]), time_to_event shape: torch.Size([16, 1]), event_indicator shape: torch.Size([16, 1]), time_to_events shape: torch.Size([16, 862]), event_indicators shape: torch.Size([16, 862]), sequence lengths shape: torch.Size([16, 1])
x shape: torch.Size([16, 862, 40])
mask shape: torch.Size([16, 862])
lstm_output shape: torch.Size([16, 862, 108])
fc_output shape: torch.Size([16, 862, 54])
context shape: torch.Size([16, 54])
attention_weights shape: torch.Size([16, 862, 1])
x shape after cause_specific_fc: torch.Size([16, 54])
pmf_preds shape: [torch.Size([16, 5475])]
res shape: torch.Size([16, 1, 5475])
Average Loss: 1.6704859733581543
Epoch 2/50
features shape: torch.Size([16, 862, 40]), mask shape: torch.Size([16, 862]), time_to_event shape: torch.Size([16, 1]), event_indicator shape: torch.Size([16, 1]), time_to_events shape: torch.Size([16, 862]), event_indicators shape: torch.Size([16, 862]), sequence lengths shape: torch.Size([16, 1])
x shape: torch.Size([16, 862, 40])
mask shape: torch.Size([16, 862])
lstm_output shape: torch.Size([16, 862, 108])
fc_output shape: torch.Size([16, 862, 54])
context shape: torch.Size([16, 54])
attention_weights shape: torch.Size([16, 862, 1])
x shape after cause_specific_fc: torch.Size([16, 54])
pmf_preds shape: [torch.Size([16, 5475])]
res shape: torch.Size([16, 1, 5475])
Average Loss: 1.8898270726203918
Patience Counter: 1
Epoch 3/50
features shape: torch.Size([16, 862, 40]), mask shape: torch.Size([16, 862]), time_to_event shape: torch.Size([16, 1]), event_indicator shape: torch.Size([16, 1]), time_to_events shape: torch.Size([16, 862]), event_indicators shape: torch.Size([16, 862]), sequence lengths shape: torch.Size([16, 1])
x shape: torch.Size([16, 862, 40])
mask shape: torch.Size([16, 862])
lstm_output shape: torch.Size([16, 862, 108])
fc_output shape: torch.Size([16, 862, 54])
context shape: torch.Size([16, 54])
attention_weights shape: torch.Size([16, 862, 1])
x shape after cause_specific_fc: torch.Size([16, 54])
pmf_preds shape: [torch.Size([16, 5475])]
res shape: torch.Size([16, 1, 5475])
Average Loss: 2.1125288605690002
Patience Counter: 2
Epoch 4/50
features shape: torch.Size([16, 862, 40]), mask shape: torch.Size([16, 862]), time_to_event shape: torch.Size([16, 1]), event_indicator shape: torch.Size([16, 1]), time_to_events shape: torch.Size([16, 862]), event_indicators shape: torch.Size([16, 862]), sequence lengths shape: torch.Size([16, 1])
x shape: torch.Size([16, 862, 40])
mask shape: torch.Size([16, 862])
lstm_output shape: torch.Size([16, 862, 108])
fc_output shape: torch.Size([16, 862, 54])
context shape: torch.Size([16, 54])
attention_weights shape: torch.Size([16, 862, 1])
x shape after cause_specific_fc: torch.Size([16, 54])
pmf_preds shape: [torch.Size([16, 5475])]
res shape: torch.Size([16, 1, 5475])
Average Loss: 1.9174707531929016
Patience Counter: 3
Epoch 5/50
features shape: torch.Size([16, 862, 40]), mask shape: torch.Size([16, 862]), time_to_event shape: torch.Size([16, 1]), event_indicator shape: torch.Size([16, 1]), time_to_events shape: torch.Size([16, 862]), event_indicators shape: torch.Size([16, 862]), sequence lengths shape: torch.Size([16, 1])
x shape: torch.Size([16, 862, 40])
mask shape: torch.Size([16, 862])
lstm_output shape: torch.Size([16, 862, 108])
fc_output shape: torch.Size([16, 862, 54])
context shape: torch.Size([16, 54])
attention_weights shape: torch.Size([16, 862, 1])
x shape after cause_specific_fc: torch.Size([16, 54])
pmf_preds shape: [torch.Size([16, 5475])]
res shape: torch.Size([16, 1, 5475])
Average Loss: 1.2494279742240906
Epoch 6/50
features shape: torch.Size([16, 862, 40]), mask shape: torch.Size([16, 862]), time_to_event shape: torch.Size([16, 1]), event_indicator shape: torch.Size([16, 1]), time_to_events shape: torch.Size([16, 862]), event_indicators shape: torch.Size([16, 862]), sequence lengths shape: torch.Size([16, 1])
x shape: torch.Size([16, 862, 40])
mask shape: torch.Size([16, 862])
lstm_output shape: torch.Size([16, 862, 108])
fc_output shape: torch.Size([16, 862, 54])
context shape: torch.Size([16, 54])
attention_weights shape: torch.Size([16, 862, 1])
x shape after cause_specific_fc: torch.Size([16, 54])
pmf_preds shape: [torch.Size([16, 5475])]
res shape: torch.Size([16, 1, 5475])
Average Loss: 1.4556553363800049
Patience Counter: 1
Epoch 7/50
features shape: torch.Size([16, 862, 40]), mask shape: torch.Size([16, 862]), time_to_event shape: torch.Size([16, 1]), event_indicator shape: torch.Size([16, 1]), time_to_events shape: torch.Size([16, 862]), event_indicators shape: torch.Size([16, 862]), sequence lengths shape: torch.Size([16, 1])
x shape: torch.Size([16, 862, 40])
mask shape: torch.Size([16, 862])
lstm_output shape: torch.Size([16, 862, 108])
fc_output shape: torch.Size([16, 862, 54])
context shape: torch.Size([16, 54])
attention_weights shape: torch.Size([16, 862, 1])
x shape after cause_specific_fc: torch.Size([16, 54])
pmf_preds shape: [torch.Size([16, 5475])]
res shape: torch.Size([16, 1, 5475])
Average Loss: 0.9115611016750336
Epoch 8/50
features shape: torch.Size([16, 862, 40]), mask shape: torch.Size([16, 862]), time_to_event shape: torch.Size([16, 1]), event_indicator shape: torch.Size([16, 1]), time_to_events shape: torch.Size([16, 862]), event_indicators shape: torch.Size([16, 862]), sequence lengths shape: torch.Size([16, 1])
x shape: torch.Size([16, 862, 40])
mask shape: torch.Size([16, 862])
lstm_output shape: torch.Size([16, 862, 108])
fc_output shape: torch.Size([16, 862, 54])
context shape: torch.Size([16, 54])
attention_weights shape: torch.Size([16, 862, 1])
x shape after cause_specific_fc: torch.Size([16, 54])
pmf_preds shape: [torch.Size([16, 5475])]
res shape: torch.Size([16, 1, 5475])
Average Loss: 1.1089351773262024
Patience Counter: 1
Epoch 9/50
features shape: torch.Size([16, 862, 40]), mask shape: torch.Size([16, 862]), time_to_event shape: torch.Size([16, 1]), event_indicator shape: torch.Size([16, 1]), time_to_events shape: torch.Size([16, 862]), event_indicators shape: torch.Size([16, 862]), sequence lengths shape: torch.Size([16, 1])
x shape: torch.Size([16, 862, 40])
mask shape: torch.Size([16, 862])
lstm_output shape: torch.Size([16, 862, 108])
fc_output shape: torch.Size([16, 862, 54])
context shape: torch.Size([16, 54])
attention_weights shape: torch.Size([16, 862, 1])
x shape after cause_specific_fc: torch.Size([16, 54])
pmf_preds shape: [torch.Size([16, 5475])]
res shape: torch.Size([16, 1, 5475])
Average Loss: 1.1219468116760254
Patience Counter: 2
Epoch 10/50
features shape: torch.Size([16, 862, 40]), mask shape: torch.Size([16, 862]), time_to_event shape: torch.Size([16, 1]), event_indicator shape: torch.Size([16, 1]), time_to_events shape: torch.Size([16, 862]), event_indicators shape: torch.Size([16, 862]), sequence lengths shape: torch.Size([16, 1])
x shape: torch.Size([16, 862, 40])
mask shape: torch.Size([16, 862])
lstm_output shape: torch.Size([16, 862, 108])
fc_output shape: torch.Size([16, 862, 54])
context shape: torch.Size([16, 54])
attention_weights shape: torch.Size([16, 862, 1])
x shape after cause_specific_fc: torch.Size([16, 54])
pmf_preds shape: [torch.Size([16, 5475])]
res shape: torch.Size([16, 1, 5475])
Average Loss: 1.077888011932373
Patience Counter: 3
Epoch 11/50
features shape: torch.Size([16, 862, 40]), mask shape: torch.Size([16, 862]), time_to_event shape: torch.Size([16, 1]), event_indicator shape: torch.Size([16, 1]), time_to_events shape: torch.Size([16, 862]), event_indicators shape: torch.Size([16, 862]), sequence lengths shape: torch.Size([16, 1])
x shape: torch.Size([16, 862, 40])
mask shape: torch.Size([16, 862])
lstm_output shape: torch.Size([16, 862, 108])
fc_output shape: torch.Size([16, 862, 54])
context shape: torch.Size([16, 54])
attention_weights shape: torch.Size([16, 862, 1])
x shape after cause_specific_fc: torch.Size([16, 54])
pmf_preds shape: [torch.Size([16, 5475])]
res shape: torch.Size([16, 1, 5475])
Average Loss: 1.1320240497589111
Patience Counter: 4
Epoch 12/50
features shape: torch.Size([16, 862, 40]), mask shape: torch.Size([16, 862]), time_to_event shape: torch.Size([16, 1]), event_indicator shape: torch.Size([16, 1]), time_to_events shape: torch.Size([16, 862]), event_indicators shape: torch.Size([16, 862]), sequence lengths shape: torch.Size([16, 1])
x shape: torch.Size([16, 862, 40])
mask shape: torch.Size([16, 862])
lstm_output shape: torch.Size([16, 862, 108])
fc_output shape: torch.Size([16, 862, 54])
context shape: torch.Size([16, 54])
attention_weights shape: torch.Size([16, 862, 1])
x shape after cause_specific_fc: torch.Size([16, 54])
pmf_preds shape: [torch.Size([16, 5475])]
res shape: torch.Size([16, 1, 5475])
Average Loss: 1.032827466726303
Patience Counter: 5
Early stopping triggered
features shape: torch.Size([16, 862, 40]), mask shape: torch.Size([16, 862]), T shape: torch.Size([16, 1]), E shape: torch.Size([16, 1]) cif shape: (16, 5475)
Processing subject 0 with time 28 and event True cif at t_j: [0.15938768]
all_E shape: (20,) first 10 values: [ True  True  True False  True False False  True  True False]
all_R shape: (20,) first 10 values: [0.15938768 0.4333697  0.11194797 0.16319086 0.11194857 0.16078065
 0.11195455 0.6021913  0.11194794 0.16801587]
all_T shape: (20,) first 10 values: [  28 1535    0  804    0  357    2 2369    0 1529]
Global test C-index (scikit-survival): 0.078 number of concordant pairs: 7
Global test C-index: 0.068
/home/minhn2/uiuc-kidney-failure/pkgs/experiments/dynamic_deephit.py:256: FutureWarning: You are using `torch.load` with `weights_only=False` (the current default value), which uses the default pickle module implicitly. It is possible to construct malicious pickle data which will execute arbitrary code during unpickling (See https://github.com/pytorch/pytorch/blob/main/SECURITY.md#untrusted-models for more details). In a future release, the default value for `weights_only` will be flipped to `True`. This limits the functions that could be executed during unpickling. Arbitrary objects will no longer be allowed to be loaded via this mode unless they are explicitly allowlisted by the user via `torch.serialization.add_safe_globals`. We recommend you start setting `weights_only=True` for any use case where you don't have full control of the loaded file. Please open an issue on GitHub for any issues related to this experimental feature.
  saved_model = torch.load(saved_path, map_location=device)
features shape: torch.Size([16, 862, 40]), mask shape: torch.Size([16, 862]), T shape: torch.Size([16, 1]), E shape: torch.Size([16, 1]) cif shape: (16, 5475)
Processing subject 0 with time 28 and event True cif at t_j: [0.00538924]
all_E shape: (20,) first 10 values: [ True  True  True False  True False False  True  True False]
all_R shape: (20,) first 10 values: [5.3892373e-03 2.7984402e-01 1.8067748e-04 1.4701484e-01 1.8074253e-04
 6.5491833e-02 5.4402440e-04 4.3286961e-01 1.8072594e-04 2.7873912e-01]
all_T shape: (20,) first 10 values: [  28 1535    0  804    0  357    2 2369    0 1529]
Global test C-index (scikit-survival): 0.042 number of concordant pairs: 3
Global test C-index: 0.042
Saved model C-index: 0.0417, Current trial C-index: 0.0677
New model is better, saving current model
[I 2026-08-27 01:12:45,086] Trial 8 finished with value: 0.06770833333333333 and parameters: {'num_layer': 1, 'hidden_dim_0': 54, 'learning_rate': 0.006349604261338776, 'drop_out_rate': 0.12765788431982777, 'llh_loss': 0.3731309073808686}. Best is trial 8 with value: 0.06770833333333333.
Using GPU: cuda:3 (utilization=0%, free_mem=10902MiB)
Running trial 9 for ExperimentScenario.TWENTY_FEATURES_HETEROGENEOUS on device cuda:3
Train data path /home/minhn2/uiuc-kidney-failure/generated_data/rep99/twenty_features_heterogeneous_train_data.csv
Test data path /home/minhn2/uiuc-kidney-failure/generated_data/rep99/twenty_features_heterogeneous_test_data.csv
Number of patients: test 20 and train 20
Number of records: test 9115 and train 4575
Epoch 1/50
features shape: torch.Size([16, 862, 40]), mask shape: torch.Size([16, 862]), time_to_event shape: torch.Size([16, 1]), event_indicator shape: torch.Size([16, 1]), time_to_events shape: torch.Size([16, 862]), event_indicators shape: torch.Size([16, 862]), sequence lengths shape: torch.Size([16, 1])
x shape: torch.Size([16, 862, 40])
mask shape: torch.Size([16, 862])
lstm_output shape: torch.Size([16, 862, 66])
fc_output shape: torch.Size([16, 862, 33])
context shape: torch.Size([16, 33])
attention_weights shape: torch.Size([16, 862, 1])
x shape after cause_specific_fc: torch.Size([16, 36])
pmf_preds shape: [torch.Size([16, 5475])]
res shape: torch.Size([16, 1, 5475])
Average Loss: 1.6138062477111816
Epoch 2/50
features shape: torch.Size([16, 862, 40]), mask shape: torch.Size([16, 862]), time_to_event shape: torch.Size([16, 1]), event_indicator shape: torch.Size([16, 1]), time_to_events shape: torch.Size([16, 862]), event_indicators shape: torch.Size([16, 862]), sequence lengths shape: torch.Size([16, 1])
x shape: torch.Size([16, 862, 40])
mask shape: torch.Size([16, 862])
lstm_output shape: torch.Size([16, 862, 66])
fc_output shape: torch.Size([16, 862, 33])
context shape: torch.Size([16, 33])
attention_weights shape: torch.Size([16, 862, 1])
x shape after cause_specific_fc: torch.Size([16, 36])
pmf_preds shape: [torch.Size([16, 5475])]
res shape: torch.Size([16, 1, 5475])
Average Loss: 1.7492777109146118
Patience Counter: 1
Epoch 3/50
features shape: torch.Size([16, 862, 40]), mask shape: torch.Size([16, 862]), time_to_event shape: torch.Size([16, 1]), event_indicator shape: torch.Size([16, 1]), time_to_events shape: torch.Size([16, 862]), event_indicators shape: torch.Size([16, 862]), sequence lengths shape: torch.Size([16, 1])
x shape: torch.Size([16, 862, 40])
mask shape: torch.Size([16, 862])
lstm_output shape: torch.Size([16, 862, 66])
fc_output shape: torch.Size([16, 862, 33])
context shape: torch.Size([16, 33])
attention_weights shape: torch.Size([16, 862, 1])
x shape after cause_specific_fc: torch.Size([16, 36])
pmf_preds shape: [torch.Size([16, 5475])]
res shape: torch.Size([16, 1, 5475])
Average Loss: 1.4806936383247375
Epoch 4/50
features shape: torch.Size([16, 862, 40]), mask shape: torch.Size([16, 862]), time_to_event shape: torch.Size([16, 1]), event_indicator shape: torch.Size([16, 1]), time_to_events shape: torch.Size([16, 862]), event_indicators shape: torch.Size([16, 862]), sequence lengths shape: torch.Size([16, 1])
x shape: torch.Size([16, 862, 40])
mask shape: torch.Size([16, 862])
lstm_output shape: torch.Size([16, 862, 66])
fc_output shape: torch.Size([16, 862, 33])
context shape: torch.Size([16, 33])
attention_weights shape: torch.Size([16, 862, 1])
x shape after cause_specific_fc: torch.Size([16, 36])
pmf_preds shape: [torch.Size([16, 5475])]
res shape: torch.Size([16, 1, 5475])
Average Loss: 1.6189706921577454
Patience Counter: 1
Epoch 5/50
features shape: torch.Size([16, 862, 40]), mask shape: torch.Size([16, 862]), time_to_event shape: torch.Size([16, 1]), event_indicator shape: torch.Size([16, 1]), time_to_events shape: torch.Size([16, 862]), event_indicators shape: torch.Size([16, 862]), sequence lengths shape: torch.Size([16, 1])
x shape: torch.Size([16, 862, 40])
mask shape: torch.Size([16, 862])
lstm_output shape: torch.Size([16, 862, 66])
fc_output shape: torch.Size([16, 862, 33])
context shape: torch.Size([16, 33])
attention_weights shape: torch.Size([16, 862, 1])
x shape after cause_specific_fc: torch.Size([16, 36])
pmf_preds shape: [torch.Size([16, 5475])]
res shape: torch.Size([16, 1, 5475])
Average Loss: 1.7595670223236084
Patience Counter: 2
Epoch 6/50
features shape: torch.Size([16, 862, 40]), mask shape: torch.Size([16, 862]), time_to_event shape: torch.Size([16, 1]), event_indicator shape: torch.Size([16, 1]), time_to_events shape: torch.Size([16, 862]), event_indicators shape: torch.Size([16, 862]), sequence lengths shape: torch.Size([16, 1])
x shape: torch.Size([16, 862, 40])
mask shape: torch.Size([16, 862])
lstm_output shape: torch.Size([16, 862, 66])
fc_output shape: torch.Size([16, 862, 33])
context shape: torch.Size([16, 33])
attention_weights shape: torch.Size([16, 862, 1])
x shape after cause_specific_fc: torch.Size([16, 36])
pmf_preds shape: [torch.Size([16, 5475])]
res shape: torch.Size([16, 1, 5475])
Average Loss: 1.5980929732322693
Patience Counter: 3
Epoch 7/50
features shape: torch.Size([16, 862, 40]), mask shape: torch.Size([16, 862]), time_to_event shape: torch.Size([16, 1]), event_indicator shape: torch.Size([16, 1]), time_to_events shape: torch.Size([16, 862]), event_indicators shape: torch.Size([16, 862]), sequence lengths shape: torch.Size([16, 1])
x shape: torch.Size([16, 862, 40])
mask shape: torch.Size([16, 862])
lstm_output shape: torch.Size([16, 862, 66])
fc_output shape: torch.Size([16, 862, 33])
context shape: torch.Size([16, 33])
attention_weights shape: torch.Size([16, 862, 1])
x shape after cause_specific_fc: torch.Size([16, 36])
pmf_preds shape: [torch.Size([16, 5475])]
res shape: torch.Size([16, 1, 5475])
Average Loss: 1.749466359615326
Patience Counter: 4
Epoch 8/50
features shape: torch.Size([16, 862, 40]), mask shape: torch.Size([16, 862]), time_to_event shape: torch.Size([16, 1]), event_indicator shape: torch.Size([16, 1]), time_to_events shape: torch.Size([16, 862]), event_indicators shape: torch.Size([16, 862]), sequence lengths shape: torch.Size([16, 1])
x shape: torch.Size([16, 862, 40])
mask shape: torch.Size([16, 862])
lstm_output shape: torch.Size([16, 862, 66])
fc_output shape: torch.Size([16, 862, 33])
context shape: torch.Size([16, 33])
attention_weights shape: torch.Size([16, 862, 1])
x shape after cause_specific_fc: torch.Size([16, 36])
pmf_preds shape: [torch.Size([16, 5475])]
res shape: torch.Size([16, 1, 5475])
Average Loss: 1.4683476090431213
Epoch 9/50
features shape: torch.Size([16, 862, 40]), mask shape: torch.Size([16, 862]), time_to_event shape: torch.Size([16, 1]), event_indicator shape: torch.Size([16, 1]), time_to_events shape: torch.Size([16, 862]), event_indicators shape: torch.Size([16, 862]), sequence lengths shape: torch.Size([16, 1])
x shape: torch.Size([16, 862, 40])
mask shape: torch.Size([16, 862])
lstm_output shape: torch.Size([16, 862, 66])
fc_output shape: torch.Size([16, 862, 33])
context shape: torch.Size([16, 33])
attention_weights shape: torch.Size([16, 862, 1])
x shape after cause_specific_fc: torch.Size([16, 36])
pmf_preds shape: [torch.Size([16, 5475])]
res shape: torch.Size([16, 1, 5475])
Average Loss: 1.7377177476882935
Patience Counter: 1
Epoch 10/50
features shape: torch.Size([16, 862, 40]), mask shape: torch.Size([16, 862]), time_to_event shape: torch.Size([16, 1]), event_indicator shape: torch.Size([16, 1]), time_to_events shape: torch.Size([16, 862]), event_indicators shape: torch.Size([16, 862]), sequence lengths shape: torch.Size([16, 1])
x shape: torch.Size([16, 862, 40])
mask shape: torch.Size([16, 862])
lstm_output shape: torch.Size([16, 862, 66])
fc_output shape: torch.Size([16, 862, 33])
context shape: torch.Size([16, 33])
attention_weights shape: torch.Size([16, 862, 1])
x shape after cause_specific_fc: torch.Size([16, 36])
pmf_preds shape: [torch.Size([16, 5475])]
res shape: torch.Size([16, 1, 5475])
Average Loss: 1.612883985042572
Patience Counter: 2
Epoch 11/50
features shape: torch.Size([16, 862, 40]), mask shape: torch.Size([16, 862]), time_to_event shape: torch.Size([16, 1]), event_indicator shape: torch.Size([16, 1]), time_to_events shape: torch.Size([16, 862]), event_indicators shape: torch.Size([16, 862]), sequence lengths shape: torch.Size([16, 1])
x shape: torch.Size([16, 862, 40])
mask shape: torch.Size([16, 862])
lstm_output shape: torch.Size([16, 862, 66])
fc_output shape: torch.Size([16, 862, 33])
context shape: torch.Size([16, 33])
attention_weights shape: torch.Size([16, 862, 1])
x shape after cause_specific_fc: torch.Size([16, 36])
pmf_preds shape: [torch.Size([16, 5475])]
res shape: torch.Size([16, 1, 5475])
Average Loss: 1.4616898894309998
Epoch 12/50
features shape: torch.Size([16, 862, 40]), mask shape: torch.Size([16, 862]), time_to_event shape: torch.Size([16, 1]), event_indicator shape: torch.Size([16, 1]), time_to_events shape: torch.Size([16, 862]), event_indicators shape: torch.Size([16, 862]), sequence lengths shape: torch.Size([16, 1])
x shape: torch.Size([16, 862, 40])
mask shape: torch.Size([16, 862])
lstm_output shape: torch.Size([16, 862, 66])
fc_output shape: torch.Size([16, 862, 33])
context shape: torch.Size([16, 33])
attention_weights shape: torch.Size([16, 862, 1])
x shape after cause_specific_fc: torch.Size([16, 36])
pmf_preds shape: [torch.Size([16, 5475])]
res shape: torch.Size([16, 1, 5475])
Average Loss: 1.5997768640518188
Patience Counter: 1
Epoch 13/50
features shape: torch.Size([16, 862, 40]), mask shape: torch.Size([16, 862]), time_to_event shape: torch.Size([16, 1]), event_indicator shape: torch.Size([16, 1]), time_to_events shape: torch.Size([16, 862]), event_indicators shape: torch.Size([16, 862]), sequence lengths shape: torch.Size([16, 1])
x shape: torch.Size([16, 862, 40])
mask shape: torch.Size([16, 862])
lstm_output shape: torch.Size([16, 862, 66])
fc_output shape: torch.Size([16, 862, 33])
context shape: torch.Size([16, 33])
attention_weights shape: torch.Size([16, 862, 1])
x shape after cause_specific_fc: torch.Size([16, 36])
pmf_preds shape: [torch.Size([16, 5475])]
res shape: torch.Size([16, 1, 5475])
Average Loss: 1.7360817193984985
Patience Counter: 2
Epoch 14/50
features shape: torch.Size([16, 862, 40]), mask shape: torch.Size([16, 862]), time_to_event shape: torch.Size([16, 1]), event_indicator shape: torch.Size([16, 1]), time_to_events shape: torch.Size([16, 862]), event_indicators shape: torch.Size([16, 862]), sequence lengths shape: torch.Size([16, 1])
x shape: torch.Size([16, 862, 40])
mask shape: torch.Size([16, 862])
lstm_output shape: torch.Size([16, 862, 66])
fc_output shape: torch.Size([16, 862, 33])
context shape: torch.Size([16, 33])
attention_weights shape: torch.Size([16, 862, 1])
x shape after cause_specific_fc: torch.Size([16, 36])
pmf_preds shape: [torch.Size([16, 5475])]
res shape: torch.Size([16, 1, 5475])
Average Loss: 1.4795356392860413
Patience Counter: 3
Epoch 15/50
features shape: torch.Size([16, 862, 40]), mask shape: torch.Size([16, 862]), time_to_event shape: torch.Size([16, 1]), event_indicator shape: torch.Size([16, 1]), time_to_events shape: torch.Size([16, 862]), event_indicators shape: torch.Size([16, 862]), sequence lengths shape: torch.Size([16, 1])
x shape: torch.Size([16, 862, 40])
mask shape: torch.Size([16, 862])
lstm_output shape: torch.Size([16, 862, 66])
fc_output shape: torch.Size([16, 862, 33])
context shape: torch.Size([16, 33])
attention_weights shape: torch.Size([16, 862, 1])
x shape after cause_specific_fc: torch.Size([16, 36])
pmf_preds shape: [torch.Size([16, 5475])]
res shape: torch.Size([16, 1, 5475])
Average Loss: 1.7349974513053894
Patience Counter: 4
Epoch 16/50
features shape: torch.Size([16, 862, 40]), mask shape: torch.Size([16, 862]), time_to_event shape: torch.Size([16, 1]), event_indicator shape: torch.Size([16, 1]), time_to_events shape: torch.Size([16, 862]), event_indicators shape: torch.Size([16, 862]), sequence lengths shape: torch.Size([16, 1])
x shape: torch.Size([16, 862, 40])
mask shape: torch.Size([16, 862])
lstm_output shape: torch.Size([16, 862, 66])
fc_output shape: torch.Size([16, 862, 33])
context shape: torch.Size([16, 33])
attention_weights shape: torch.Size([16, 862, 1])
x shape after cause_specific_fc: torch.Size([16, 36])
pmf_preds shape: [torch.Size([16, 5475])]
res shape: torch.Size([16, 1, 5475])
Average Loss: 1.6035370230674744
Patience Counter: 5
Early stopping triggered
features shape: torch.Size([16, 862, 40]), mask shape: torch.Size([16, 862]), T shape: torch.Size([16, 1]), E shape: torch.Size([16, 1]) cif shape: (16, 5475)
Processing subject 0 with time 28 and event True cif at t_j: [0.00523486]
all_E shape: (20,) first 10 values: [ True  True  True False  True False False  True  True False]
all_R shape: (20,) first 10 values: [5.2348571e-03 2.7918693e-01 2.5818875e-04 1.4583363e-01 2.5831052e-04
 6.4865723e-02 5.7468098e-04 4.3015659e-01 2.5847720e-04 2.7805346e-01]
all_T shape: (20,) first 10 values: [  28 1535    0  804    0  357    2 2369    0 1529]
Global test C-index (scikit-survival): 0.000 number of concordant pairs: 0
Global test C-index: 0.000
/home/minhn2/uiuc-kidney-failure/pkgs/experiments/dynamic_deephit.py:256: FutureWarning: You are using `torch.load` with `weights_only=False` (the current default value), which uses the default pickle module implicitly. It is possible to construct malicious pickle data which will execute arbitrary code during unpickling (See https://github.com/pytorch/pytorch/blob/main/SECURITY.md#untrusted-models for more details). In a future release, the default value for `weights_only` will be flipped to `True`. This limits the functions that could be executed during unpickling. Arbitrary objects will no longer be allowed to be loaded via this mode unless they are explicitly allowlisted by the user via `torch.serialization.add_safe_globals`. We recommend you start setting `weights_only=True` for any use case where you don't have full control of the loaded file. Please open an issue on GitHub for any issues related to this experimental feature.
  saved_model = torch.load(saved_path, map_location=device)
features shape: torch.Size([16, 862, 40]), mask shape: torch.Size([16, 862]), T shape: torch.Size([16, 1]), E shape: torch.Size([16, 1]) cif shape: (16, 5475)
Processing subject 0 with time 28 and event True cif at t_j: [0.15938768]
all_E shape: (20,) first 10 values: [ True  True  True False  True False False  True  True False]
all_R shape: (20,) first 10 values: [0.15938768 0.4333697  0.11194797 0.16319086 0.11194857 0.16078065
 0.11195455 0.6021913  0.11194794 0.16801587]
all_T shape: (20,) first 10 values: [  28 1535    0  804    0  357    2 2369    0 1529]
Global test C-index (scikit-survival): 0.078 number of concordant pairs: 7
Global test C-index: 0.068
Saved model C-index: 0.0677, Current trial C-index: 0.0000
Saved model is better, keeping it
[I 2026-08-27 01:13:09,383] Trial 9 finished with value: 0.0 and parameters: {'num_layer': 4, 'hidden_dim_0': 33, 'hidden_dim_1': 44, 'hidden_dim_2': 79, 'hidden_dim_3': 36, 'learning_rate': 0.0005980614703663011, 'drop_out_rate': 0.17171325551219688, 'llh_loss': 0.17969990470676483}. Best is trial 8 with value: 0.06770833333333333.
Number of finished trials:  10
Best trial:
Best hyperparameters: {'num_layer': 1, 'hidden_dim_0': 54, 'learning_rate': 0.006349604261338776, 'drop_out_rate': 0.12765788431982777, 'llh_loss': 0.3731309073808686}
model summary:
DynamicDeepHit(
  (lstm): LSTM(40, 54, num_layers=2, batch_first=True, dropout=0.12765788431982777, bidirectional=True)
  (fc): Sequential(
    (0): Linear(in_features=108, out_features=54, bias=True)
    (1): Tanh()
  )
  (attention): Sequential(
    (0): Linear(in_features=54, out_features=54, bias=True)
    (1): Tanh()
    (2): Linear(in_features=54, out_features=1, bias=True)
  )
  (cause_specific_fc): Identity()
  (risk_heads): ModuleList(
    (0): Sequential(
      (0): Linear(in_features=54, out_features=5475, bias=True)
    )
  )
)
features shape: torch.Size([16, 2281, 40]), mask shape: torch.Size([16, 2281]), T shape: torch.Size([16, 1]), E shape: torch.Size([16, 1]) cif shape: (16, 5475)
Processing subject 0 with time 1532 and event True cif at t_j: [0.16802377]
all_E shape: (20,) first 10 values: [ True False  True  True False False  True False  True  True]
all_R shape: (20,) first 10 values: [0.16802377 0.9735468  0.4346736  0.16277361 0.6025301  0.43808067
 0.11194487 0.43366888 0.11194362 0.16015004]
all_T shape: (20,) first 10 values: [1532 4630 1690  731 2386 2099    0 1568    0  203]
Global test C-index (scikit-survival): 0.000 number of concordant pairs: 0
Global test C-index: 0.000
Event rate: 10/20 (50.00%)
Starting simple C-index calculation...
Pairs evaluated: 113, Concordant: 0
Simple C-index implementation: 0.000
f_time_to_events shape: 9115
f_risk_scores shape: 9115
f_event_indicators shape: 9115
Mean time-dependent AUC: 0.02
Warning: Could not compute Brier Score: time must be smaller than largest observed time point: 4449.404861111111
✓ dynamic_deephit/twenty_features_heterogeneous completed successfully
==================== Running hazard_transformer/four_features ====================
Using GPU: cuda:3 (utilization=0%, free_mem=10890MiB)
Train data path /home/minhn2/uiuc-kidney-failure/generated_data/rep99/four_features_train_data.csv
Test data path /home/minhn2/uiuc-kidney-failure/generated_data/rep99/four_features_test_data.csv
Number of patients: test 345 and train 500
Number of records: test 3667 and train 5806
Running Optuna hyperparameter optimization
[I 2026-08-27 01:13:13,561] A new study created in memory with name: no-name-4a8ebab1-7de0-45dd-a141-ed839d404a38
Using GPU: cuda:3 (utilization=0%, free_mem=10890MiB)
Running trial 0 for ExperimentScenario.FOUR_FEATURES on device cuda:3
Train data path /home/minhn2/uiuc-kidney-failure/generated_data/rep99/four_features_train_data.csv
Test data path /home/minhn2/uiuc-kidney-failure/generated_data/rep99/four_features_test_data.csv
Number of patients: test 345 and train 500
Number of records: test 3667 and train 5806
Epoch 1/50
Average Loss: 0.4985682964324951
Epoch 2/50
Average Loss: 0.2562327906489372
Epoch 3/50
Average Loss: 0.15686646103858948
Epoch 4/50
Average Loss: 0.10575668141245842
Epoch 5/50
Average Loss: 0.07635467872023582
Epoch 6/50
Average Loss: 0.0637362189590931
Epoch 7/50
Average Loss: 0.061176350340247154
Epoch 8/50
Average Loss: 0.06251095421612263
Patience Counter: 1
Epoch 9/50
Average Loss: 0.06529181264340878
Patience Counter: 2
Epoch 10/50
Average Loss: 0.06656231731176376
Patience Counter: 3
Epoch 11/50
Average Loss: 0.06847672164440155
Patience Counter: 4
Epoch 12/50
Average Loss: 0.0688246451318264
Patience Counter: 5
Early stopping triggered
C-index: 0.5010
[I 2026-08-27 01:13:16,727] Trial 0 finished with value: 0.5009530877131715 and parameters: {'num_layers': 4, 'learning_rate': 0.007895277321348981, 'drop_out_rate': 0.4435925408483683, 'n_head': 2, 'nhead_factor': 16}. Best is trial 0 with value: 0.5009530877131715.
Using GPU: cuda:6 (utilization=0%, free_mem=10836MiB)
Running trial 1 for ExperimentScenario.FOUR_FEATURES on device cuda:6
Train data path /home/minhn2/uiuc-kidney-failure/generated_data/rep99/four_features_train_data.csv
Test data path /home/minhn2/uiuc-kidney-failure/generated_data/rep99/four_features_test_data.csv
Number of patients: test 345 and train 500
Number of records: test 3667 and train 5806
Epoch 1/50
Average Loss: 0.4121257811784744
Epoch 2/50
Average Loss: 0.13846300169825554
Epoch 3/50
Average Loss: 0.10076791420578957
Epoch 4/50
Average Loss: 0.08268994465470314
Epoch 5/50
Average Loss: 0.07132449746131897
Epoch 6/50
Average Loss: 0.06477665901184082
Epoch 7/50
Average Loss: 0.061596704646945
Epoch 8/50
Average Loss: 0.06046396680176258
Epoch 9/50
Average Loss: 0.06022195890545845
Epoch 10/50
Average Loss: 0.06097304821014404
Patience Counter: 1
Epoch 11/50
Average Loss: 0.061288779601454735
Patience Counter: 2
Epoch 12/50
Average Loss: 0.061876650899648666
Patience Counter: 3
Epoch 13/50
Average Loss: 0.06145571731030941
Patience Counter: 4
Epoch 14/50
Average Loss: 0.06123219430446625
Patience Counter: 5
Early stopping triggered
C-index: 0.5709
[I 2026-08-27 01:13:21,519] Trial 1 finished with value: 0.570935917583377 and parameters: {'num_layers': 4, 'learning_rate': 0.0010302580606586416, 'drop_out_rate': 0.3128362378776931, 'n_head': 8, 'nhead_factor': 13}. Best is trial 1 with value: 0.570935917583377.
Using GPU: cuda:1 (utilization=0%, free_mem=10654MiB)
Running trial 2 for ExperimentScenario.FOUR_FEATURES on device cuda:1
Train data path /home/minhn2/uiuc-kidney-failure/generated_data/rep99/four_features_train_data.csv
Test data path /home/minhn2/uiuc-kidney-failure/generated_data/rep99/four_features_test_data.csv
Number of patients: test 345 and train 500
Number of records: test 3667 and train 5806
Epoch 1/50
Average Loss: 0.4573703855276108
Epoch 2/50
Average Loss: 0.3719766139984131
Epoch 3/50
Average Loss: 0.31655406951904297
Epoch 4/50
Average Loss: 0.28007473051548004
Epoch 5/50
Average Loss: 0.2536998838186264
Epoch 6/50
Average Loss: 0.23413324356079102
Epoch 7/50
Average Loss: 0.21916162222623825
Epoch 8/50
Average Loss: 0.20816070586442947
Epoch 9/50
Average Loss: 0.2007092908024788
Epoch 10/50
Average Loss: 0.1950725093483925
Epoch 11/50
Average Loss: 0.19070743024349213
Epoch 12/50
Average Loss: 0.18671344965696335
Epoch 13/50
Average Loss: 0.18353188782930374
Epoch 14/50
Average Loss: 0.18044494092464447
Epoch 15/50
Average Loss: 0.17790648341178894
Epoch 16/50
Average Loss: 0.17558366060256958
Epoch 17/50
Average Loss: 0.1733141764998436
Epoch 18/50
Average Loss: 0.17129967361688614
Epoch 19/50
Average Loss: 0.1692945957183838
Epoch 20/50
Average Loss: 0.16731637716293335
Epoch 21/50
Average Loss: 0.16549815237522125
Epoch 22/50
Average Loss: 0.164081908762455
Epoch 23/50
Average Loss: 0.16217804700136185
Epoch 24/50
Average Loss: 0.16050491482019424
Epoch 25/50
Average Loss: 0.15913977473974228
Epoch 26/50
Average Loss: 0.15742122381925583
Epoch 27/50
Average Loss: 0.15585462003946304
Epoch 28/50
Average Loss: 0.1545693427324295
Epoch 29/50
Average Loss: 0.15309303253889084
Epoch 30/50
Average Loss: 0.15165122598409653
Epoch 31/50
Average Loss: 0.15028110891580582
Epoch 32/50
Average Loss: 0.1488310992717743
Epoch 33/50
Average Loss: 0.14757394790649414
Epoch 34/50
Average Loss: 0.14622340351343155
Epoch 35/50
Average Loss: 0.1449497789144516
Epoch 36/50
Average Loss: 0.14376507699489594
Epoch 37/50
Average Loss: 0.1425156220793724
Epoch 38/50
Average Loss: 0.14142626523971558
Epoch 39/50
Average Loss: 0.14010505378246307
Epoch 40/50
Average Loss: 0.13914333283901215
Epoch 41/50
Average Loss: 0.1375635638833046
Epoch 42/50
Average Loss: 0.13650371879339218
Epoch 43/50
Average Loss: 0.13531340658664703
Epoch 44/50
Average Loss: 0.13411736488342285
Epoch 45/50
Average Loss: 0.1337965726852417
Epoch 46/50
Average Loss: 0.13200445473194122
Epoch 47/50
Average Loss: 0.13080284744501114
Epoch 48/50
Average Loss: 0.12976405769586563
Epoch 49/50
Average Loss: 0.12875118106603622
Epoch 50/50
Average Loss: 0.12767615914344788
C-index: 0.4827
[I 2026-08-27 01:13:34,952] Trial 2 finished with value: 0.482706187067109 and parameters: {'num_layers': 4, 'learning_rate': 7.467582634274446e-05, 'drop_out_rate': 0.4548568896824602, 'n_head': 8, 'nhead_factor': 7}. Best is trial 1 with value: 0.570935917583377.
Using GPU: cuda:2 (utilization=0%, free_mem=10642MiB)
Running trial 3 for ExperimentScenario.FOUR_FEATURES on device cuda:2
Train data path /home/minhn2/uiuc-kidney-failure/generated_data/rep99/four_features_train_data.csv
Test data path /home/minhn2/uiuc-kidney-failure/generated_data/rep99/four_features_test_data.csv
Number of patients: test 345 and train 500
Number of records: test 3667 and train 5806
Epoch 1/50
Average Loss: 0.4469989538192749
Epoch 2/50
Average Loss: 0.20493343472480774
Epoch 3/50
Average Loss: 0.1451253816485405
Epoch 4/50
Average Loss: 0.10703372582793236
Epoch 5/50
Average Loss: 0.0843517929315567
Epoch 6/50
Average Loss: 0.07111957669258118
Epoch 7/50
Average Loss: 0.06442007794976234
Epoch 8/50
Average Loss: 0.06108405068516731
Epoch 9/50
Average Loss: 0.06012630648910999
Epoch 10/50
Average Loss: 0.060612745583057404
Patience Counter: 1
Epoch 11/50
Average Loss: 0.06144182197749615
Patience Counter: 2
Epoch 12/50
Average Loss: 0.06221295706927776
Patience Counter: 3
Epoch 13/50
Average Loss: 0.06258409097790718
Patience Counter: 4
Epoch 14/50
Average Loss: 0.06274258904159069
Patience Counter: 5
Early stopping triggered
C-index: 0.4491
[I 2026-08-27 01:13:39,072] Trial 3 finished with value: 0.4491153017868576 and parameters: {'num_layers': 4, 'learning_rate': 0.0024944796308487677, 'drop_out_rate': 0.3854207120462091, 'n_head': 4, 'nhead_factor': 16}. Best is trial 1 with value: 0.570935917583377.
Using GPU: cuda:4 (utilization=0%, free_mem=10624MiB)
Running trial 4 for ExperimentScenario.FOUR_FEATURES on device cuda:4
Train data path /home/minhn2/uiuc-kidney-failure/generated_data/rep99/four_features_train_data.csv
Test data path /home/minhn2/uiuc-kidney-failure/generated_data/rep99/four_features_test_data.csv
Number of patients: test 345 and train 500
Number of records: test 3667 and train 5806
Epoch 1/50
Average Loss: 0.4860771596431732
Epoch 2/50
Average Loss: 0.36232759058475494
Epoch 3/50
Average Loss: 0.30942074954509735
Epoch 4/50
Average Loss: 0.2828696221113205
Epoch 5/50
Average Loss: 0.27039670944213867
Epoch 6/50
Average Loss: 0.26394806802272797
Epoch 7/50
Average Loss: 0.25958506762981415
Epoch 8/50
Average Loss: 0.25557707250118256
Epoch 9/50
Average Loss: 0.2517022043466568
Epoch 10/50
Average Loss: 0.24812205135822296
Epoch 11/50
Average Loss: 0.24499093741178513
Epoch 12/50
Average Loss: 0.24210631102323532
Epoch 13/50
Average Loss: 0.23925748467445374
Epoch 14/50
Average Loss: 0.23660468310117722
Epoch 15/50
Average Loss: 0.23406323045492172
Epoch 16/50
Average Loss: 0.2316274791955948
Epoch 17/50
Average Loss: 0.2290187031030655
Epoch 18/50
Average Loss: 0.22671422362327576
Epoch 19/50
Average Loss: 0.2239416241645813
Epoch 20/50
Average Loss: 0.22164320200681686
Epoch 21/50
Average Loss: 0.21934106200933456
Epoch 22/50
Average Loss: 0.2168540358543396
Epoch 23/50
Average Loss: 0.21447406709194183
Epoch 24/50
Average Loss: 0.21205513179302216
Epoch 25/50
Average Loss: 0.209967702627182
Epoch 26/50
Average Loss: 0.2076793536543846
Epoch 27/50
Average Loss: 0.20526126772165298
Epoch 28/50
Average Loss: 0.20293035358190536
Epoch 29/50
Average Loss: 0.20087076723575592
Epoch 30/50
Average Loss: 0.19875235855579376
Epoch 31/50
Average Loss: 0.1964680179953575
Epoch 32/50
Average Loss: 0.19437791407108307
Epoch 33/50
Average Loss: 0.1923312395811081
Epoch 34/50
Average Loss: 0.18998926877975464
Epoch 35/50
Average Loss: 0.18794508278369904
Epoch 36/50
Average Loss: 0.18597020953893661
Epoch 37/50
Average Loss: 0.18379422277212143
Epoch 38/50
Average Loss: 0.18177583068609238
Epoch 39/50
Average Loss: 0.17980293184518814
Epoch 40/50
Average Loss: 0.17781078070402145
Epoch 41/50
Average Loss: 0.17581190168857574
Epoch 42/50
Average Loss: 0.1738513484597206
Epoch 43/50
Average Loss: 0.17199170589447021
Epoch 44/50
Average Loss: 0.1702011302113533
Epoch 45/50
Average Loss: 0.16839046776294708
Epoch 46/50
Average Loss: 0.16662465035915375
Epoch 47/50
Average Loss: 0.16483140736818314
Epoch 48/50
Average Loss: 0.16290982067584991
Epoch 49/50
Average Loss: 0.16120260953903198
Epoch 50/50
Average Loss: 0.15948174893856049
C-index: 0.5837
[I 2026-08-27 01:13:50,472] Trial 4 finished with value: 0.5836680053547524 and parameters: {'num_layers': 3, 'learning_rate': 0.00020712673387098443, 'drop_out_rate': 0.23184015542498393, 'n_head': 4, 'nhead_factor': 6}. Best is trial 4 with value: 0.5836680053547524.
Using GPU: cuda:5 (utilization=0%, free_mem=10576MiB)
Running trial 5 for ExperimentScenario.FOUR_FEATURES on device cuda:5
Train data path /home/minhn2/uiuc-kidney-failure/generated_data/rep99/four_features_train_data.csv
Test data path /home/minhn2/uiuc-kidney-failure/generated_data/rep99/four_features_test_data.csv
Number of patients: test 345 and train 500
Number of records: test 3667 and train 5806
Epoch 1/50
Average Loss: 0.7926526963710785
Epoch 2/50
Average Loss: 0.7876799702644348
Epoch 3/50
Average Loss: 0.7833990752696991
Epoch 4/50
Average Loss: 0.779454231262207
Epoch 5/50
Average Loss: 0.7759274542331696
Epoch 6/50
Average Loss: 0.7727594077587128
Epoch 7/50
Average Loss: 0.7700247764587402
Epoch 8/50
Average Loss: 0.7678650319576263
Epoch 9/50
Average Loss: 0.7657774090766907
Epoch 10/50
Average Loss: 0.764064759016037
Epoch 11/50
Average Loss: 0.7626523673534393
Epoch 12/50
Average Loss: 0.7615285813808441
Epoch 13/50
Average Loss: 0.7607385218143463
Epoch 14/50
Average Loss: 0.7602051496505737
Epoch 15/50
Average Loss: 0.7598124742507935
Epoch 16/50
Average Loss: 0.7595897912979126
Epoch 17/50
Average Loss: 0.7593869566917419
Epoch 18/50
Average Loss: 0.7592430412769318
Epoch 19/50
Average Loss: 0.7591121792793274
Epoch 20/50
Average Loss: 0.7590660750865936
Epoch 21/50
Average Loss: 0.7589778006076813
Epoch 22/50
Average Loss: 0.7589296698570251
Epoch 23/50
Average Loss: 0.758855015039444
Epoch 24/50
Average Loss: 0.7588259279727936
Epoch 25/50
Average Loss: 0.7587552964687347
Epoch 26/50
Average Loss: 0.7586952745914459
Epoch 27/50
Average Loss: 0.7586453855037689
Epoch 28/50
Average Loss: 0.7585982084274292
Epoch 29/50
Average Loss: 0.7585467100143433
Epoch 30/50
Average Loss: 0.7585124373435974
Epoch 31/50
Average Loss: 0.75846928358078
Epoch 32/50
Average Loss: 0.7584563791751862
Epoch 33/50
Average Loss: 0.7583990693092346
Epoch 34/50
Average Loss: 0.7583475410938263
Epoch 35/50
Average Loss: 0.7582851946353912
Epoch 36/50
Average Loss: 0.7582680583000183
Epoch 37/50
Average Loss: 0.758231908082962
Epoch 38/50
Average Loss: 0.7581777274608612
Epoch 39/50
Average Loss: 0.7581267356872559
Epoch 40/50
Average Loss: 0.7580864727497101
Epoch 41/50
Average Loss: 0.7580552995204926
Epoch 42/50
Average Loss: 0.7579920887947083
Epoch 43/50
Average Loss: 0.7579547166824341
Epoch 44/50
Average Loss: 0.7579020857810974
Epoch 45/50
Average Loss: 0.7578799426555634
Epoch 46/50
Average Loss: 0.757813572883606
Epoch 47/50
Average Loss: 0.7577717304229736
Epoch 48/50
Average Loss: 0.7577502429485321
Epoch 49/50
Average Loss: 0.7576894462108612
Epoch 50/50
Average Loss: 0.7576596140861511
C-index: 0.5000
[I 2026-08-27 01:14:03,757] Trial 5 finished with value: 0.5 and parameters: {'num_layers': 6, 'learning_rate': 4.0341914635981704e-05, 'drop_out_rate': 0.17497616951781464, 'n_head': 1, 'nhead_factor': 3}. Best is trial 4 with value: 0.5836680053547524.
Using GPU: cuda:7 (utilization=0%, free_mem=10412MiB)
Running trial 6 for ExperimentScenario.FOUR_FEATURES on device cuda:7
Train data path /home/minhn2/uiuc-kidney-failure/generated_data/rep99/four_features_train_data.csv
Test data path /home/minhn2/uiuc-kidney-failure/generated_data/rep99/four_features_test_data.csv
Number of patients: test 345 and train 500
Number of records: test 3667 and train 5806
Epoch 1/50
Average Loss: 0.4065687954425812
Epoch 2/50
Average Loss: 0.1727648749947548
Epoch 3/50
Average Loss: 0.1328459531068802
Epoch 4/50
Average Loss: 0.11797959730029106
Epoch 5/50
Average Loss: 0.10944173857569695
Epoch 6/50
Average Loss: 0.10327289998531342
Epoch 7/50
Average Loss: 0.09817058965563774
Epoch 8/50
Average Loss: 0.0935278907418251
Epoch 9/50
Average Loss: 0.09010585024952888
Epoch 10/50
Average Loss: 0.08637876808643341
Epoch 11/50
Average Loss: 0.08314383029937744
Epoch 12/50
Average Loss: 0.0807098038494587
Epoch 13/50
Average Loss: 0.07843558117747307
Epoch 14/50
Average Loss: 0.07565060630440712
Epoch 15/50
Average Loss: 0.07404516637325287
Epoch 16/50
Average Loss: 0.07186512276530266
Epoch 17/50
Average Loss: 0.07033994048833847
Epoch 18/50
Average Loss: 0.0688144825398922
Epoch 19/50
Average Loss: 0.06752214208245277
Epoch 20/50
Average Loss: 0.06696963496506214
Epoch 21/50
Average Loss: 0.06599577143788338
Epoch 22/50
Average Loss: 0.06468894705176353
Epoch 23/50
Average Loss: 0.06381109356880188
Epoch 24/50
Average Loss: 0.064030347391963
Patience Counter: 1
Epoch 25/50
Average Loss: 0.0628928653895855
Epoch 26/50
Average Loss: 0.06298243626952171
Patience Counter: 1
Epoch 27/50
Average Loss: 0.06213604286313057
Epoch 28/50
Average Loss: 0.061961451545357704
Epoch 29/50
Average Loss: 0.06156948767602444
Epoch 30/50
Average Loss: 0.06139296106994152
Epoch 31/50
Average Loss: 0.06141393072903156
Patience Counter: 1
Epoch 32/50
Average Loss: 0.06088057905435562
Epoch 33/50
Average Loss: 0.06082350015640259
Epoch 34/50
Average Loss: 0.06063692644238472
Epoch 35/50
Average Loss: 0.060435833409428596
Epoch 36/50
Average Loss: 0.06050966493785381
Patience Counter: 1
Epoch 37/50
Average Loss: 0.06057238020002842
Patience Counter: 2
Epoch 38/50
Average Loss: 0.06046323850750923
Patience Counter: 3
Epoch 39/50
Average Loss: 0.06037150137126446
Epoch 40/50
Average Loss: 0.06081496179103851
Patience Counter: 1
Epoch 41/50
Average Loss: 0.060196926817297935
Epoch 42/50
Average Loss: 0.061233675107359886
Patience Counter: 1
Epoch 43/50
Average Loss: 0.0602930448949337
Patience Counter: 2
Epoch 44/50
Average Loss: 0.06036435812711716
Patience Counter: 3
Epoch 45/50
Average Loss: 0.060826005414128304
Patience Counter: 4
Epoch 46/50
Average Loss: 0.060186780989170074
Epoch 47/50
Average Loss: 0.0602752473205328
Patience Counter: 1
Epoch 48/50
Average Loss: 0.060334423556923866
Patience Counter: 2
Epoch 49/50
Average Loss: 0.06019184738397598
Patience Counter: 3
Epoch 50/50
Average Loss: 0.06022251211106777
Patience Counter: 4
C-index: 0.4218
[I 2026-08-27 01:14:19,840] Trial 6 finished with value: 0.42183953204120833 and parameters: {'num_layers': 5, 'learning_rate': 0.0002423478039058105, 'drop_out_rate': 0.4546971669574169, 'n_head': 8, 'nhead_factor': 12}. Best is trial 4 with value: 0.5836680053547524.
Using GPU: cuda:4 (utilization=0%, free_mem=9024MiB)
Running trial 7 for ExperimentScenario.FOUR_FEATURES on device cuda:4
Train data path /home/minhn2/uiuc-kidney-failure/generated_data/rep99/four_features_train_data.csv
Test data path /home/minhn2/uiuc-kidney-failure/generated_data/rep99/four_features_test_data.csv
Number of patients: test 345 and train 500
Number of records: test 3667 and train 5806
Epoch 1/50
Average Loss: 0.6785318553447723
Epoch 2/50
Average Loss: 0.5257598459720612
Epoch 3/50
Average Loss: 0.4692563861608505
Epoch 4/50
Average Loss: 0.4446139931678772
Epoch 5/50
Average Loss: 0.4335397034883499
Epoch 6/50
Average Loss: 0.4279710054397583
Epoch 7/50
Average Loss: 0.4233132004737854
Epoch 8/50
Average Loss: 0.4183502346277237
Epoch 9/50
Average Loss: 0.4128475487232208
Epoch 10/50
Average Loss: 0.40765945613384247
Epoch 11/50
Average Loss: 0.4021870046854019
Epoch 12/50
Average Loss: 0.3972892761230469
Epoch 13/50
Average Loss: 0.39187005162239075
Epoch 14/50
Average Loss: 0.38665321469306946
Epoch 15/50
Average Loss: 0.3815973997116089
Epoch 16/50
Average Loss: 0.376658096909523
Epoch 17/50
Average Loss: 0.37168949842453003
Epoch 18/50
Average Loss: 0.3662724792957306
Epoch 19/50
Average Loss: 0.3606335371732712
Epoch 20/50
Average Loss: 0.3541530817747116
Epoch 21/50
Average Loss: 0.3471168726682663
Epoch 22/50
Average Loss: 0.3399660140275955
Epoch 23/50
Average Loss: 0.33411653339862823
Epoch 24/50
Average Loss: 0.32870903611183167
Epoch 25/50
Average Loss: 0.3233221620321274
Epoch 26/50
Average Loss: 0.31785351037979126
Epoch 27/50
Average Loss: 0.3122282028198242
Epoch 28/50
Average Loss: 0.3068389594554901
Epoch 29/50
Average Loss: 0.3014947324991226
Epoch 30/50
Average Loss: 0.2958434224128723
Epoch 31/50
Average Loss: 0.2906721979379654
Epoch 32/50
Average Loss: 0.28529830276966095
Epoch 33/50
Average Loss: 0.2802467793226242
Epoch 34/50
Average Loss: 0.2752997577190399
Epoch 35/50
Average Loss: 0.27022428810596466
Epoch 36/50
Average Loss: 0.265390083193779
Epoch 37/50
Average Loss: 0.2603919506072998
Epoch 38/50
Average Loss: 0.2556130588054657
Epoch 39/50
Average Loss: 0.2510066628456116
Epoch 40/50
Average Loss: 0.24649206548929214
Epoch 41/50
Average Loss: 0.24220668524503708
Epoch 42/50
Average Loss: 0.2376343533396721
Epoch 43/50
Average Loss: 0.23347168415784836
Epoch 44/50
Average Loss: 0.22942767292261124
Epoch 45/50
Average Loss: 0.22516507655382156
Epoch 46/50
Average Loss: 0.2211865484714508
Epoch 47/50
Average Loss: 0.21732120215892792
Epoch 48/50
Average Loss: 0.21346035599708557
Epoch 49/50
Average Loss: 0.2097436487674713
Epoch 50/50
Average Loss: 0.2060575783252716
C-index: 0.4303
[I 2026-08-27 01:14:34,021] Trial 7 finished with value: 0.43031546475758103 and parameters: {'num_layers': 6, 'learning_rate': 0.0002931801083783164, 'drop_out_rate': 0.23949753273535046, 'n_head': 6, 'nhead_factor': 4}. Best is trial 4 with value: 0.5836680053547524.
Using GPU: cuda:3 (utilization=0%, free_mem=8628MiB)
Running trial 8 for ExperimentScenario.FOUR_FEATURES on device cuda:3
Train data path /home/minhn2/uiuc-kidney-failure/generated_data/rep99/four_features_train_data.csv
Test data path /home/minhn2/uiuc-kidney-failure/generated_data/rep99/four_features_test_data.csv
Number of patients: test 345 and train 500
Number of records: test 3667 and train 5806
/home/minhn2/miniconda3/envs/minhn2/lib/python3.12/site-packages/torch/nn/init.py:511: UserWarning: Initializing zero-element tensors is a no-op
  warnings.warn("Initializing zero-element tensors is a no-op")
Epoch 1/50
Average Loss: 0.6931197345256805
Epoch 2/50
Average Loss: 0.6930102705955505
Epoch 3/50
Average Loss: 0.6929006576538086
Epoch 4/50
Average Loss: 0.6927913129329681
Epoch 5/50
Average Loss: 0.6926817297935486
Epoch 6/50
Average Loss: 0.692572146654129
Epoch 7/50
Average Loss: 0.6924629211425781
Epoch 8/50
Average Loss: 0.6923533976078033
Epoch 9/50
Average Loss: 0.692243903875351
Epoch 10/50
Average Loss: 0.6921347379684448
Epoch 11/50
Average Loss: 0.6920254230499268
Epoch 12/50
Average Loss: 0.6919156908988953
Epoch 13/50
Average Loss: 0.6918064057826996
Epoch 14/50
Average Loss: 0.6916971206665039
Epoch 15/50
Average Loss: 0.6915876865386963
Epoch 16/50
Average Loss: 0.6914789378643036
Epoch 17/50
Average Loss: 0.6913691461086273
Epoch 18/50
Average Loss: 0.691259890794754
Epoch 19/50
Average Loss: 0.691150963306427
Epoch 20/50
Average Loss: 0.6910412311553955
Epoch 21/50
Average Loss: 0.6909322440624237
Epoch 22/50
Average Loss: 0.69082310795784
Epoch 23/50
Average Loss: 0.6907137036323547
Epoch 24/50
Average Loss: 0.690604567527771
Epoch 25/50
Average Loss: 0.6904952824115753
Epoch 26/50
Average Loss: 0.6903866529464722
Epoch 27/50
Average Loss: 0.6902771592140198
Epoch 28/50
Average Loss: 0.6901679635047913
Epoch 29/50
Average Loss: 0.6900590360164642
Epoch 30/50
Average Loss: 0.6899499297142029
Epoch 31/50
Average Loss: 0.6898408532142639
Epoch 32/50
Average Loss: 0.6897318661212921
Epoch 33/50
Average Loss: 0.6896228194236755
Epoch 34/50
Average Loss: 0.6895140707492828
Epoch 35/50
Average Loss: 0.689405083656311
Epoch 36/50
Average Loss: 0.6892960369586945
Epoch 37/50
Average Loss: 0.6891869604587555
Epoch 38/50
Average Loss: 0.6890784800052643
Epoch 39/50
Average Loss: 0.6889688968658447
Epoch 40/50
Average Loss: 0.6888602674007416
Epoch 41/50
Average Loss: 0.6887529194355011
Epoch 42/50
Average Loss: 0.68864306807518
Epoch 43/50
Average Loss: 0.6885338723659515
Epoch 44/50
Average Loss: 0.6884253919124603
Epoch 45/50
Average Loss: 0.688317060470581
Epoch 46/50
Average Loss: 0.6882083415985107
Epoch 47/50
Average Loss: 0.6881007254123688
Epoch 48/50
Average Loss: 0.6879899501800537
Epoch 49/50
Average Loss: 0.6878817081451416
Epoch 50/50
Average Loss: 0.6877729296684265
C-index: 0.5000
[I 2026-08-27 01:14:47,233] Trial 8 finished with value: 0.5 and parameters: {'num_layers': 6, 'learning_rate': 0.0001119823019016002, 'drop_out_rate': 0.22363341883812207, 'n_head': 1, 'nhead_factor': 1}. Best is trial 4 with value: 0.5836680053547524.
Using GPU: cuda:1 (utilization=0%, free_mem=8418MiB)
Running trial 9 for ExperimentScenario.FOUR_FEATURES on device cuda:1
Train data path /home/minhn2/uiuc-kidney-failure/generated_data/rep99/four_features_train_data.csv
Test data path /home/minhn2/uiuc-kidney-failure/generated_data/rep99/four_features_test_data.csv
Number of patients: test 345 and train 500
Number of records: test 3667 and train 5806
Epoch 1/50
Average Loss: 0.5593574196100235
Epoch 2/50
Average Loss: 0.22287187725305557
Epoch 3/50
Average Loss: 0.1617221161723137
Epoch 4/50
Average Loss: 0.13973481953144073
Epoch 5/50
Average Loss: 0.12486666813492775
Epoch 6/50
Average Loss: 0.11211762577295303
Epoch 7/50
Average Loss: 0.1012568548321724
Epoch 8/50
Average Loss: 0.09244568645954132
Epoch 9/50
Average Loss: 0.08557702600955963
Epoch 10/50
Average Loss: 0.07979289069771767
Epoch 11/50
Average Loss: 0.07527700439095497
Epoch 12/50
Average Loss: 0.07179465889930725
Epoch 13/50
Average Loss: 0.06921141967177391
Epoch 14/50
Average Loss: 0.06673327833414078
Epoch 15/50
Average Loss: 0.06498456001281738
Epoch 16/50
Average Loss: 0.06395281851291656
Epoch 17/50
Average Loss: 0.06279282085597515
Epoch 18/50
Average Loss: 0.06200247257947922
Epoch 19/50
Average Loss: 0.06132273189723492
Epoch 20/50
Average Loss: 0.061199795454740524
Epoch 21/50
Average Loss: 0.06069104187190533
Epoch 22/50
Average Loss: 0.060386842116713524
Epoch 23/50
Average Loss: 0.06046920455992222
Patience Counter: 1
Epoch 24/50
Average Loss: 0.06037527322769165
Epoch 25/50
Average Loss: 0.06027175113558769
Epoch 26/50
Average Loss: 0.06054719537496567
Patience Counter: 1
Epoch 27/50
Average Loss: 0.06018779240548611
Epoch 28/50
Average Loss: 0.06038969196379185
Patience Counter: 1
Epoch 29/50
Average Loss: 0.060213956981897354
Patience Counter: 2
Epoch 30/50
Average Loss: 0.060316991060972214
Patience Counter: 3
Epoch 31/50
Average Loss: 0.06017829291522503
Epoch 32/50
Average Loss: 0.06025747023522854
Patience Counter: 1
Epoch 33/50
Average Loss: 0.06027227081358433
Patience Counter: 2
Epoch 34/50
Average Loss: 0.0602037962526083
Patience Counter: 3
Epoch 35/50
Average Loss: 0.060438117012381554
Patience Counter: 4
Epoch 36/50
Average Loss: 0.06012587808072567
Epoch 37/50
Average Loss: 0.060471061617136
Patience Counter: 1
Epoch 38/50
Average Loss: 0.060202041640877724
Patience Counter: 2
Epoch 39/50
Average Loss: 0.06018705293536186
Patience Counter: 3
Epoch 40/50
Average Loss: 0.06029210798442364
Patience Counter: 4
Epoch 41/50
Average Loss: 0.06014859490096569
Patience Counter: 5
Early stopping triggered
C-index: 0.6132
[I 2026-08-27 01:14:58,053] Trial 9 finished with value: 0.6131773470694372 and parameters: {'num_layers': 4, 'learning_rate': 0.000962022094757126, 'drop_out_rate': 0.14736837579927986, 'n_head': 5, 'nhead_factor': 13}. Best is trial 9 with value: 0.6131773470694372.
Number of finished trials:  10
Best trial:
Best hyperparameters: {'num_layers': 4, 'learning_rate': 0.000962022094757126, 'drop_out_rate': 0.14736837579927986, 'n_head': 5, 'nhead_factor': 13}
model summary
HazardTransformer(
  (input_embedding): Linear(in_features=4, out_features=65, bias=True)
  (time_encoder): Sequential(
    (0): Linear(in_features=1, out_features=32, bias=True)
    (1): ReLU()
    (2): Linear(in_features=32, out_features=65, bias=True)
  )
  (pos_encoder): PositionalEncoding()
  (transformer_encoder): TransformerEncoder(
    (layers): ModuleList(
      (0-3): 4 x TransformerEncoderLayer(
        (self_attn): MultiheadAttention(
          (out_proj): NonDynamicallyQuantizableLinear(in_features=65, out_features=65, bias=True)
        )
        (linear1): Linear(in_features=65, out_features=2048, bias=True)
        (dropout): Dropout(p=0.14736837579927986, inplace=False)
        (linear2): Linear(in_features=2048, out_features=65, bias=True)
        (norm1): LayerNorm((65,), eps=1e-05, elementwise_affine=True)
        (norm2): LayerNorm((65,), eps=1e-05, elementwise_affine=True)
        (dropout1): Dropout(p=0.14736837579927986, inplace=False)
        (dropout2): Dropout(p=0.14736837579927986, inplace=False)
      )
    )
  )
  (hazard_decoders): ModuleList(
    (0): Sequential(
      (0): Linear(in_features=65, out_features=32, bias=True)
      (1): ReLU()
      (2): Linear(in_features=32, out_features=1, bias=True)
    )
  )
)
C-index: 0.5894
✗ hazard_transformer/four_features failed:
Traceback (most recent call last):
  File "/home/minhn2/uiuc-kidney-failure/pkgs/scripts/run_stage2_new_scenarios.py", line 56, in main
    fn(scenario)
  File "/home/minhn2/uiuc-kidney-failure/pkgs/experiments/hazard_transformer.py", line 354, in run
    auc(model, df, DataLoader(HazardTransformerDataset(df_test, scenario_name), shuffle=True, collate_fn=custom_collate_fn, batch_size=256), device)
  File "/home/minhn2/uiuc-kidney-failure/pkgs/experiments/hazard_transformer.py", line 288, in auc
    _, mean_auc = cumulative_dynamic_auc(y_train, y_test, risk_scores, times)
                  ^^^^^^^^^^^^^^^^^^^^^^^^^^^^^^^^^^^^^^^^^^^^^^^^^^^^^^^^^^^
  File "/home/minhn2/miniconda3/envs/minhn2/lib/python3.12/site-packages/sksurv/metrics.py", line 459, in cumulative_dynamic_auc
    ipcw = cens.predict_ipcw(survival_test)
           ^^^^^^^^^^^^^^^^^^^^^^^^^^^^^^^^
  File "/home/minhn2/miniconda3/envs/minhn2/lib/python3.12/site-packages/sksurv/nonparametric.py", line 583, in predict_ipcw
    raise ValueError("censoring survival function is zero at one or more time points")
ValueError: censoring survival function is zero at one or more time points
==================== Running hazard_transformer/eight_features ====================
Using GPU: cuda:2 (utilization=0%, free_mem=8400MiB)
Train data path /home/minhn2/uiuc-kidney-failure/generated_data/rep99/eight_features_train_data.csv
Test data path /home/minhn2/uiuc-kidney-failure/generated_data/rep99/eight_features_test_data.csv
Number of patients: test 243 and train 400
Number of records: test 1100 and train 1856
Running Optuna hyperparameter optimization
[I 2026-08-27 01:14:58,799] A new study created in memory with name: no-name-5a49f23c-1e5b-4b42-9753-6965ba7d26dd
Using GPU: cuda:2 (utilization=0%, free_mem=8400MiB)
Running trial 0 for ExperimentScenario.EIGHT_FEATURES on device cuda:2
Train data path /home/minhn2/uiuc-kidney-failure/generated_data/rep99/eight_features_train_data.csv
Test data path /home/minhn2/uiuc-kidney-failure/generated_data/rep99/eight_features_test_data.csv
Number of patients: test 243 and train 400
Number of records: test 1100 and train 1856
Epoch 1/50
Average Loss: 0.5838147103786469
Epoch 2/50
Average Loss: 0.3699577897787094
Epoch 3/50
Average Loss: 0.3185277432203293
Epoch 4/50
Average Loss: 0.2909855544567108
Epoch 5/50
Average Loss: 0.28035543859004974
Epoch 6/50
Average Loss: 0.27019602060317993
Epoch 7/50
Average Loss: 0.2644246518611908
Epoch 8/50
Average Loss: 0.25633804500102997
Epoch 9/50
Average Loss: 0.2532501444220543
Epoch 10/50
Average Loss: 0.24365754425525665
Epoch 11/50
Average Loss: 0.23701917380094528
Epoch 12/50
Average Loss: 0.23216858506202698
Epoch 13/50
Average Loss: 0.2245035171508789
Epoch 14/50
Average Loss: 0.2189335972070694
Epoch 15/50
Average Loss: 0.2151418924331665
Epoch 16/50
Average Loss: 0.21370866149663925
Epoch 17/50
Average Loss: 0.20543231070041656
Epoch 18/50
Average Loss: 0.20065376162528992
Epoch 19/50
Average Loss: 0.2016734853386879
Patience Counter: 1
Epoch 20/50
Average Loss: 0.19467630237340927
Epoch 21/50
Average Loss: 0.19053881615400314
Epoch 22/50
Average Loss: 0.18405690044164658
Epoch 23/50
Average Loss: 0.17764271795749664
Epoch 24/50
Average Loss: 0.17507970333099365
Epoch 25/50
Average Loss: 0.17524561285972595
Patience Counter: 1
Epoch 26/50
Average Loss: 0.1728263944387436
Epoch 27/50
Average Loss: 0.17388460040092468
Patience Counter: 1
Epoch 28/50
Average Loss: 0.1677185744047165
Epoch 29/50
Average Loss: 0.16385744512081146
Epoch 30/50
Average Loss: 0.16315995901823044
Epoch 31/50
Average Loss: 0.15906620770692825
Epoch 32/50
Average Loss: 0.1581593006849289
Epoch 33/50
Average Loss: 0.15804096311330795
Epoch 34/50
Average Loss: 0.16065827757120132
Patience Counter: 1
Epoch 35/50
Average Loss: 0.15503595769405365
Epoch 36/50
Average Loss: 0.1542719081044197
Epoch 37/50
Average Loss: 0.1523360013961792
Epoch 38/50
Average Loss: 0.1575351133942604
Patience Counter: 1
Epoch 39/50
Average Loss: 0.15359406918287277
Patience Counter: 2
Epoch 40/50
Average Loss: 0.15071674436330795
Epoch 41/50
Average Loss: 0.14781630784273148
Epoch 42/50
Average Loss: 0.14779289811849594
Epoch 43/50
Average Loss: 0.13252175971865654
Epoch 44/50
Average Loss: 0.11952181160449982
Epoch 45/50
Average Loss: 0.11587994918227196
Epoch 46/50
Average Loss: 0.1112266443669796
Epoch 47/50
Average Loss: 0.11173412203788757
Patience Counter: 1
Epoch 48/50
Average Loss: 0.10846605896949768
Epoch 49/50
Average Loss: 0.10736243426799774
Epoch 50/50
Average Loss: 0.10662651434540749
C-index: 0.5625
[I 2026-08-27 01:15:07,133] Trial 0 finished with value: 0.5624914784347589 and parameters: {'num_layers': 4, 'learning_rate': 0.00036726710218251896, 'drop_out_rate': 0.46616985906411024, 'n_head': 3, 'nhead_factor': 16}. Best is trial 0 with value: 0.5624914784347589.
Using GPU: cuda:1 (utilization=0%, free_mem=8416MiB)
Running trial 1 for ExperimentScenario.EIGHT_FEATURES on device cuda:1
Train data path /home/minhn2/uiuc-kidney-failure/generated_data/rep99/eight_features_train_data.csv
Test data path /home/minhn2/uiuc-kidney-failure/generated_data/rep99/eight_features_test_data.csv
Number of patients: test 243 and train 400
Number of records: test 1100 and train 1856
Epoch 1/50
Average Loss: 0.8593188226222992
Epoch 2/50
Average Loss: 0.7991976141929626
Epoch 3/50
Average Loss: 0.7907303869724274
Epoch 4/50
Average Loss: 0.7893036305904388
Epoch 5/50
Average Loss: 0.7873674035072327
Epoch 6/50
Average Loss: 0.7858188152313232
Epoch 7/50
Average Loss: 0.7845935523509979
Epoch 8/50
Average Loss: 0.7832525372505188
Epoch 9/50
Average Loss: 0.7824232876300812
Epoch 10/50
Average Loss: 0.7810876965522766
Epoch 11/50
Average Loss: 0.7800311744213104
Epoch 12/50
Average Loss: 0.7787052690982819
Epoch 13/50
Average Loss: 0.7774073779582977
Epoch 14/50
Average Loss: 0.7759469449520111
Epoch 15/50
Average Loss: 0.7753907740116119
Epoch 16/50
Average Loss: 0.7741092443466187
Epoch 17/50
Average Loss: 0.772891491651535
Epoch 18/50
Average Loss: 0.7719107568264008
Epoch 19/50
Average Loss: 0.769830733537674
Epoch 20/50
Average Loss: 0.7692261636257172
Epoch 21/50
Average Loss: 0.7684211432933807
Epoch 22/50
Average Loss: 0.7671885788440704
Epoch 23/50
Average Loss: 0.7660415768623352
Epoch 24/50
Average Loss: 0.7647402584552765
Epoch 25/50
Average Loss: 0.7638324797153473
Epoch 26/50
Average Loss: 0.7626602053642273
Epoch 27/50
Average Loss: 0.761648565530777
Epoch 28/50
Average Loss: 0.7603711485862732
Epoch 29/50
Average Loss: 0.7591416239738464
Epoch 30/50
Average Loss: 0.7580556571483612
Epoch 31/50
Average Loss: 0.7569144070148468
Epoch 32/50
Average Loss: 0.7558771073818207
Epoch 33/50
Average Loss: 0.7545773983001709
Epoch 34/50
Average Loss: 0.7533562183380127
Epoch 35/50
Average Loss: 0.7523030638694763
Epoch 36/50
Average Loss: 0.751158595085144
Epoch 37/50
Average Loss: 0.7500240504741669
Epoch 38/50
Average Loss: 0.748727560043335
Epoch 39/50
Average Loss: 0.7473801970481873
Epoch 40/50
Average Loss: 0.7454215288162231
Epoch 41/50
Average Loss: 0.7421367466449738
Epoch 42/50
Average Loss: 0.7358449995517731
Epoch 43/50
Average Loss: 0.7175833582878113
Epoch 44/50
Average Loss: 0.6920494437217712
Epoch 45/50
Average Loss: 0.6664569973945618
Epoch 46/50
Average Loss: 0.6433244049549103
Epoch 47/50
Average Loss: 0.6240619421005249
Epoch 48/50
Average Loss: 0.6094070374965668
Epoch 49/50
Average Loss: 0.5969603955745697
Epoch 50/50
Average Loss: 0.585605263710022
C-index: 0.5089
[I 2026-08-27 01:15:16,182] Trial 1 finished with value: 0.508896514111712 and parameters: {'num_layers': 6, 'learning_rate': 0.0011482181708562232, 'drop_out_rate': 0.1411434769132902, 'n_head': 3, 'nhead_factor': 4}. Best is trial 0 with value: 0.5624914784347589.
Using GPU: cuda:2 (utilization=0%, free_mem=8400MiB)
Running trial 2 for ExperimentScenario.EIGHT_FEATURES on device cuda:2
Train data path /home/minhn2/uiuc-kidney-failure/generated_data/rep99/eight_features_train_data.csv
Test data path /home/minhn2/uiuc-kidney-failure/generated_data/rep99/eight_features_test_data.csv
Number of patients: test 243 and train 400
Number of records: test 1100 and train 1856
Epoch 1/50
Average Loss: 0.6982728838920593
Epoch 2/50
Average Loss: 0.5057836025953293
Epoch 3/50
Average Loss: 0.44914133846759796
Epoch 4/50
Average Loss: 0.4088127762079239
Epoch 5/50
Average Loss: 0.3721456974744797
Epoch 6/50
Average Loss: 0.34003809094429016
Epoch 7/50
Average Loss: 0.3061635345220566
Epoch 8/50
Average Loss: 0.27348966896533966
Epoch 9/50
Average Loss: 0.24520596861839294
Epoch 10/50
Average Loss: 0.2231236696243286
Epoch 11/50
Average Loss: 0.2001342922449112
Epoch 12/50
Average Loss: 0.18228499591350555
Epoch 13/50
Average Loss: 0.17082885652780533
Epoch 14/50
Average Loss: 0.163512222468853
Epoch 15/50
Average Loss: 0.1612386703491211
Epoch 16/50
Average Loss: 0.156576007604599
Epoch 17/50
Average Loss: 0.15227852761745453
Epoch 18/50
Average Loss: 0.15584682673215866
Patience Counter: 1
Epoch 19/50
Average Loss: 0.15203262865543365
Epoch 20/50
Average Loss: 0.15585730224847794
Patience Counter: 1
Epoch 21/50
Average Loss: 0.15222840756177902
Patience Counter: 2
Epoch 22/50
Average Loss: 0.1513141244649887
Epoch 23/50
Average Loss: 0.15807391703128815
Patience Counter: 1
Epoch 24/50
Average Loss: 0.16413310170173645
Patience Counter: 2
Epoch 25/50
Average Loss: 0.16271111369132996
Patience Counter: 3
Epoch 26/50
Average Loss: 0.15589971095323563
Patience Counter: 4
Epoch 27/50
Average Loss: 0.1557665765285492
Patience Counter: 5
Early stopping triggered
C-index: 0.5058
[I 2026-08-27 01:15:21,059] Trial 2 finished with value: 0.5057946643639504 and parameters: {'num_layers': 5, 'learning_rate': 0.005192405257995192, 'drop_out_rate': 0.32973836836388226, 'n_head': 4, 'nhead_factor': 3}. Best is trial 0 with value: 0.5624914784347589.
Using GPU: cuda:6 (utilization=0%, free_mem=8344MiB)
Running trial 3 for ExperimentScenario.EIGHT_FEATURES on device cuda:6
Train data path /home/minhn2/uiuc-kidney-failure/generated_data/rep99/eight_features_train_data.csv
Test data path /home/minhn2/uiuc-kidney-failure/generated_data/rep99/eight_features_test_data.csv
Number of patients: test 243 and train 400
Number of records: test 1100 and train 1856
Epoch 1/50
Average Loss: 0.7760140001773834
Epoch 2/50
Average Loss: 0.6841267943382263
Epoch 3/50
Average Loss: 0.6455788910388947
Epoch 4/50
Average Loss: 0.6289036571979523
Epoch 5/50
Average Loss: 0.6235605478286743
Epoch 6/50
Average Loss: 0.6180584728717804
Epoch 7/50
Average Loss: 0.6139364540576935
Epoch 8/50
Average Loss: 0.6095102727413177
Epoch 9/50
Average Loss: 0.6046441197395325
Epoch 10/50
Average Loss: 0.5992501974105835
Epoch 11/50
Average Loss: 0.5958028733730316
Epoch 12/50
Average Loss: 0.5909100770950317
Epoch 13/50
Average Loss: 0.5867668688297272
Epoch 14/50
Average Loss: 0.5827491581439972
Epoch 15/50
Average Loss: 0.5790434777736664
Epoch 16/50
Average Loss: 0.573381632566452
Epoch 17/50
Average Loss: 0.5697276294231415
Epoch 18/50
Average Loss: 0.564131498336792
Epoch 19/50
Average Loss: 0.5596014857292175
Epoch 20/50
Average Loss: 0.5540530681610107
Epoch 21/50
Average Loss: 0.5487857758998871
Epoch 22/50
Average Loss: 0.5440345108509064
Epoch 23/50
Average Loss: 0.538915365934372
Epoch 24/50
Average Loss: 0.534643828868866
Epoch 25/50
Average Loss: 0.5294466316699982
Epoch 26/50
Average Loss: 0.525208592414856
Epoch 27/50
Average Loss: 0.520635575056076
Epoch 28/50
Average Loss: 0.5162701904773712
Epoch 29/50
Average Loss: 0.5122507512569427
Epoch 30/50
Average Loss: 0.5079935789108276
Epoch 31/50
Average Loss: 0.5037223696708679
Epoch 32/50
Average Loss: 0.4991091638803482
Epoch 33/50
Average Loss: 0.4949653744697571
Epoch 34/50
Average Loss: 0.49318763613700867
Epoch 35/50
Average Loss: 0.4877448081970215
Epoch 36/50
Average Loss: 0.4854160100221634
Epoch 37/50
Average Loss: 0.48187145590782166
Epoch 38/50
Average Loss: 0.47387051582336426
Epoch 39/50
Average Loss: 0.4720574617385864
Epoch 40/50
Average Loss: 0.4659290313720703
Epoch 41/50
Average Loss: 0.4615425020456314
Epoch 42/50
Average Loss: 0.45884962379932404
Epoch 43/50
Average Loss: 0.45512646436691284
Epoch 44/50
Average Loss: 0.4501466304063797
Epoch 45/50
Average Loss: 0.4459957629442215
Epoch 46/50
Average Loss: 0.4430283457040787
Epoch 47/50
Average Loss: 0.4375016689300537
Epoch 48/50
Average Loss: 0.4349621534347534
Epoch 49/50
Average Loss: 0.42989033460617065
Epoch 50/50
Average Loss: 0.42614322900772095
C-index: 0.5918
[I 2026-08-27 01:15:28,153] Trial 3 finished with value: 0.5917602145162023 and parameters: {'num_layers': 3, 'learning_rate': 0.00037729645517199206, 'drop_out_rate': 0.32450023163248, 'n_head': 1, 'nhead_factor': 12}. Best is trial 3 with value: 0.5917602145162023.
Using GPU: cuda:2 (utilization=0%, free_mem=8000MiB)
Running trial 4 for ExperimentScenario.EIGHT_FEATURES on device cuda:2
Train data path /home/minhn2/uiuc-kidney-failure/generated_data/rep99/eight_features_train_data.csv
Test data path /home/minhn2/uiuc-kidney-failure/generated_data/rep99/eight_features_test_data.csv
Number of patients: test 243 and train 400
Number of records: test 1100 and train 1856
Epoch 1/50
Average Loss: 0.6822290122509003
Epoch 2/50
Average Loss: 0.466613233089447
Epoch 3/50
Average Loss: 0.4115564078092575
Epoch 4/50
Average Loss: 0.3900315463542938
Epoch 5/50
Average Loss: 0.37572917342185974
Epoch 6/50
Average Loss: 0.3656526207923889
Epoch 7/50
Average Loss: 0.35458695888519287
Epoch 8/50
Average Loss: 0.345015212893486
Epoch 9/50
Average Loss: 0.3380395323038101
Epoch 10/50
Average Loss: 0.32987120747566223
Epoch 11/50
Average Loss: 0.3214295506477356
Epoch 12/50
Average Loss: 0.31279125809669495
Epoch 13/50
Average Loss: 0.3047015517950058
Epoch 14/50
Average Loss: 0.29592420160770416
Epoch 15/50
Average Loss: 0.28790509700775146
Epoch 16/50
Average Loss: 0.2826070487499237
Epoch 17/50
Average Loss: 0.2728598564863205
Epoch 18/50
Average Loss: 0.263994038105011
Epoch 19/50
Average Loss: 0.25637032836675644
Epoch 20/50
Average Loss: 0.24976661801338196
Epoch 21/50
Average Loss: 0.24356696009635925
Epoch 22/50
Average Loss: 0.23695697635412216
Epoch 23/50
Average Loss: 0.23458342999219894
Epoch 24/50
Average Loss: 0.22444141656160355
Epoch 25/50
Average Loss: 0.2203013226389885
Epoch 26/50
Average Loss: 0.21961148083209991
Epoch 27/50
Average Loss: 0.2130894511938095
Epoch 28/50
Average Loss: 0.2081959769129753
Epoch 29/50
Average Loss: 0.20172208547592163
Epoch 30/50
Average Loss: 0.19988933950662613
Epoch 31/50
Average Loss: 0.1963658481836319
Epoch 32/50
Average Loss: 0.1922760233283043
Epoch 33/50
Average Loss: 0.18737513571977615
Epoch 34/50
Average Loss: 0.18537166714668274
Epoch 35/50
Average Loss: 0.18809324502944946
Patience Counter: 1
Epoch 36/50
Average Loss: 0.18342671543359756
Epoch 37/50
Average Loss: 0.1790643110871315
Epoch 38/50
Average Loss: 0.17672692239284515
Epoch 39/50
Average Loss: 0.17639974504709244
Epoch 40/50
Average Loss: 0.1714337393641472
Epoch 41/50
Average Loss: 0.17069419473409653
Epoch 42/50
Average Loss: 0.17491929233074188
Patience Counter: 1
Epoch 43/50
Average Loss: 0.16411344707012177
Epoch 44/50
Average Loss: 0.1736903041601181
Patience Counter: 1
Epoch 45/50
Average Loss: 0.1646709144115448
Patience Counter: 2
Epoch 46/50
Average Loss: 0.16634245216846466
Patience Counter: 3
Epoch 47/50
Average Loss: 0.1682157665491104
Patience Counter: 4
Epoch 48/50
Average Loss: 0.16253476589918137
Epoch 49/50
Average Loss: 0.1601315289735794
Epoch 50/50
Average Loss: 0.16146323084831238
Patience Counter: 1
C-index: 0.5118
[I 2026-08-27 01:15:37,961] Trial 4 finished with value: 0.511771122119711 and parameters: {'num_layers': 6, 'learning_rate': 0.00037992753327982976, 'drop_out_rate': 0.4982306515673738, 'n_head': 3, 'nhead_factor': 12}. Best is trial 3 with value: 0.5917602145162023.
Using GPU: cuda:6 (utilization=0%, free_mem=8342MiB)
Running trial 5 for ExperimentScenario.EIGHT_FEATURES on device cuda:6
Train data path /home/minhn2/uiuc-kidney-failure/generated_data/rep99/eight_features_train_data.csv
Test data path /home/minhn2/uiuc-kidney-failure/generated_data/rep99/eight_features_test_data.csv
Number of patients: test 243 and train 400
Number of records: test 1100 and train 1856
Epoch 1/50
Average Loss: 0.5255015790462494
Epoch 2/50
Average Loss: 0.24550843983888626
Epoch 3/50
Average Loss: 0.2074819877743721
Epoch 4/50
Average Loss: 0.18463100492954254
Epoch 5/50
Average Loss: 0.183884859085083
Epoch 6/50
Average Loss: 0.17071135342121124
Epoch 7/50
Average Loss: 0.17296282202005386
Patience Counter: 1
Epoch 8/50
Average Loss: 0.15798220038414001
Epoch 9/50
Average Loss: 0.15465853363275528
Epoch 10/50
Average Loss: 0.15129080414772034
Epoch 11/50
Average Loss: 0.1474120244383812
Epoch 12/50
Average Loss: 0.1448814906179905
Epoch 13/50
Average Loss: 0.14450477063655853
Epoch 14/50
Average Loss: 0.13283775001764297
Epoch 15/50
Average Loss: 0.12066454812884331
Epoch 16/50
Average Loss: 0.11180002614855766
Epoch 17/50
Average Loss: 0.10503308102488518
Epoch 18/50
Average Loss: 0.0973701998591423
Epoch 19/50
Average Loss: 0.09532066434621811
Epoch 20/50
Average Loss: 0.09265357628464699
Epoch 21/50
Average Loss: 0.09341339021921158
Patience Counter: 1
Epoch 22/50
Average Loss: 0.09212490916252136
Epoch 23/50
Average Loss: 0.09145301580429077
Epoch 24/50
Average Loss: 0.09676530957221985
Patience Counter: 1
Epoch 25/50
Average Loss: 0.0915181152522564
Patience Counter: 2
Epoch 26/50
Average Loss: 0.09671606123447418
Patience Counter: 3
Epoch 27/50
Average Loss: 0.0912240631878376
Epoch 28/50
Average Loss: 0.09329541027545929
Patience Counter: 1
Epoch 29/50
Average Loss: 0.09168526902794838
Patience Counter: 2
Epoch 30/50
Average Loss: 0.0922011137008667
Patience Counter: 3
Epoch 31/50
Average Loss: 0.08814709261059761
Epoch 32/50
Average Loss: 0.09471618011593819
Patience Counter: 1
Epoch 33/50
Average Loss: 0.09318545088171959
Patience Counter: 2
Epoch 34/50
Average Loss: 0.09304356202483177
Patience Counter: 3
Epoch 35/50
Average Loss: 0.0909063033759594
Patience Counter: 4
Epoch 36/50
Average Loss: 0.09089691191911697
Patience Counter: 5
Early stopping triggered
C-index: 0.6029
[I 2026-08-27 01:15:43,061] Trial 5 finished with value: 0.6029177839385539 and parameters: {'num_layers': 2, 'learning_rate': 0.0007723717467749527, 'drop_out_rate': 0.15376657747746908, 'n_head': 5, 'nhead_factor': 14}. Best is trial 5 with value: 0.6029177839385539.
Using GPU: cuda:3 (utilization=0%, free_mem=7828MiB)
Running trial 6 for ExperimentScenario.EIGHT_FEATURES on device cuda:3
Train data path /home/minhn2/uiuc-kidney-failure/generated_data/rep99/eight_features_train_data.csv
Test data path /home/minhn2/uiuc-kidney-failure/generated_data/rep99/eight_features_test_data.csv
Number of patients: test 243 and train 400
Number of records: test 1100 and train 1856
Epoch 1/50
Average Loss: 0.6516395509243011
Epoch 2/50
Average Loss: 0.4013882875442505
Epoch 3/50
Average Loss: 0.3424995392560959
Epoch 4/50
Average Loss: 0.31276950240135193
Epoch 5/50
Average Loss: 0.2989857941865921
Epoch 6/50
Average Loss: 0.29142700135707855
Epoch 7/50
Average Loss: 0.2825153023004532
Epoch 8/50
Average Loss: 0.2732531577348709
Epoch 9/50
Average Loss: 0.2655026912689209
Epoch 10/50
Average Loss: 0.25760866701602936
Epoch 11/50
Average Loss: 0.2524562478065491
Epoch 12/50
Average Loss: 0.2406565472483635
Epoch 13/50
Average Loss: 0.23248201608657837
Epoch 14/50
Average Loss: 0.22365374118089676
Epoch 15/50
Average Loss: 0.21851423382759094
Epoch 16/50
Average Loss: 0.21236847341060638
Epoch 17/50
Average Loss: 0.20556744188070297
Epoch 18/50
Average Loss: 0.19614183902740479
Epoch 19/50
Average Loss: 0.19229760766029358
Epoch 20/50
Average Loss: 0.18933188915252686
Epoch 21/50
Average Loss: 0.18981578946113586
Patience Counter: 1
Epoch 22/50
Average Loss: 0.1760469228029251
Epoch 23/50
Average Loss: 0.1778920441865921
Patience Counter: 1
Epoch 24/50
Average Loss: 0.171403706073761
Epoch 25/50
Average Loss: 0.17239819467067719
Patience Counter: 1
Epoch 26/50
Average Loss: 0.16566842794418335
Epoch 27/50
Average Loss: 0.16618338972330093
Patience Counter: 1
Epoch 28/50
Average Loss: 0.16276047378778458
Epoch 29/50
Average Loss: 0.16171780228614807
Epoch 30/50
Average Loss: 0.15775012969970703
Epoch 31/50
Average Loss: 0.15951449424028397
Patience Counter: 1
Epoch 32/50
Average Loss: 0.1586664319038391
Patience Counter: 2
Epoch 33/50
Average Loss: 0.1568017229437828
Epoch 34/50
Average Loss: 0.15572570264339447
Epoch 35/50
Average Loss: 0.15865488350391388
Patience Counter: 1
Epoch 36/50
Average Loss: 0.1626315489411354
Patience Counter: 2
Epoch 37/50
Average Loss: 0.15374407172203064
Epoch 38/50
Average Loss: 0.1535167098045349
Epoch 39/50
Average Loss: 0.15576514601707458
Patience Counter: 1
Epoch 40/50
Average Loss: 0.15177301317453384
Epoch 41/50
Average Loss: 0.1520538404583931
Patience Counter: 1
Epoch 42/50
Average Loss: 0.1501813307404518
Epoch 43/50
Average Loss: 0.15104837715625763
Patience Counter: 1
Epoch 44/50
Average Loss: 0.15023858845233917
Patience Counter: 2
Epoch 45/50
Average Loss: 0.1511898636817932
Patience Counter: 3
Epoch 46/50
Average Loss: 0.15980061888694763
Patience Counter: 4
Epoch 47/50
Average Loss: 0.15629063546657562
Patience Counter: 5
Early stopping triggered
C-index: 0.5667
[I 2026-08-27 01:15:51,378] Trial 6 finished with value: 0.5667295368813343 and parameters: {'num_layers': 4, 'learning_rate': 0.0005580018803755775, 'drop_out_rate': 0.4929015688244446, 'n_head': 8, 'nhead_factor': 5}. Best is trial 5 with value: 0.6029177839385539.
Using GPU: cuda:6 (utilization=0%, free_mem=8342MiB)
Running trial 7 for ExperimentScenario.EIGHT_FEATURES on device cuda:6
Train data path /home/minhn2/uiuc-kidney-failure/generated_data/rep99/eight_features_train_data.csv
Test data path /home/minhn2/uiuc-kidney-failure/generated_data/rep99/eight_features_test_data.csv
Number of patients: test 243 and train 400
Number of records: test 1100 and train 1856
Epoch 1/50
Average Loss: 0.7160809934139252
Epoch 2/50
Average Loss: 0.6932309567928314
Epoch 3/50
Average Loss: 0.6746707260608673
Epoch 4/50
Average Loss: 0.6600496172904968
Epoch 5/50
Average Loss: 0.6446435749530792
Epoch 6/50
Average Loss: 0.6318246424198151
Epoch 7/50
Average Loss: 0.6193482875823975
Epoch 8/50
Average Loss: 0.6087244749069214
Epoch 9/50
Average Loss: 0.5969301760196686
Epoch 10/50
Average Loss: 0.5857326686382294
Epoch 11/50
Average Loss: 0.574784129858017
Epoch 12/50
Average Loss: 0.5638805329799652
Epoch 13/50
Average Loss: 0.5538346767425537
Epoch 14/50
Average Loss: 0.5442748665809631
Epoch 15/50
Average Loss: 0.5348488092422485
Epoch 16/50
Average Loss: 0.5283674895763397
Epoch 17/50
Average Loss: 0.5186004638671875
Epoch 18/50
Average Loss: 0.5096859335899353
Epoch 19/50
Average Loss: 0.5017528980970383
Epoch 20/50
Average Loss: 0.4943414330482483
Epoch 21/50
Average Loss: 0.48717403411865234
Epoch 22/50
Average Loss: 0.48119930922985077
Epoch 23/50
Average Loss: 0.4727095514535904
Epoch 24/50
Average Loss: 0.4689010828733444
Epoch 25/50
Average Loss: 0.45944270491600037
Epoch 26/50
Average Loss: 0.454280748963356
Epoch 27/50
Average Loss: 0.4472576379776001
Epoch 28/50
Average Loss: 0.44154608249664307
Epoch 29/50
Average Loss: 0.4348596930503845
Epoch 30/50
Average Loss: 0.42992013692855835
Epoch 31/50
Average Loss: 0.4240369498729706
Epoch 32/50
Average Loss: 0.42049795389175415
Epoch 33/50
Average Loss: 0.4169398248195648
Epoch 34/50
Average Loss: 0.4104992747306824
Epoch 35/50
Average Loss: 0.4065999239683151
Epoch 36/50
Average Loss: 0.40314629673957825
Epoch 37/50
Average Loss: 0.4002509117126465
Epoch 38/50
Average Loss: 0.39818689227104187
Epoch 39/50
Average Loss: 0.3949699252843857
Epoch 40/50
Average Loss: 0.39232656359672546
Epoch 41/50
Average Loss: 0.39016084372997284
Epoch 42/50
Average Loss: 0.39023271203041077
Patience Counter: 1
Epoch 43/50
Average Loss: 0.3865264803171158
Epoch 44/50
Average Loss: 0.3857893794775009
Epoch 45/50
Average Loss: 0.3849574327468872
Epoch 46/50
Average Loss: 0.3813749700784683
Epoch 47/50
Average Loss: 0.3799712210893631
Epoch 48/50
Average Loss: 0.3807521164417267
Patience Counter: 1
Epoch 49/50
Average Loss: 0.37964680790901184
Epoch 50/50
Average Loss: 0.3770575225353241
C-index: 0.5621
[I 2026-08-27 01:15:58,885] Trial 7 finished with value: 0.5621051674771622 and parameters: {'num_layers': 3, 'learning_rate': 1.835440711705187e-05, 'drop_out_rate': 0.20168662344108026, 'n_head': 3, 'nhead_factor': 15}. Best is trial 5 with value: 0.6029177839385539.
Using GPU: cuda:3 (utilization=0%, free_mem=7828MiB)
Running trial 8 for ExperimentScenario.EIGHT_FEATURES on device cuda:3
Train data path /home/minhn2/uiuc-kidney-failure/generated_data/rep99/eight_features_train_data.csv
Test data path /home/minhn2/uiuc-kidney-failure/generated_data/rep99/eight_features_test_data.csv
Number of patients: test 243 and train 400
Number of records: test 1100 and train 1856
Epoch 1/50
Average Loss: 0.8488579392433167
Epoch 2/50
Average Loss: 0.7687512934207916
Epoch 3/50
Average Loss: 0.7461062371730804
Epoch 4/50
Average Loss: 0.7259246408939362
Epoch 5/50
Average Loss: 0.699505627155304
Epoch 6/50
Average Loss: 0.6645292341709137
Epoch 7/50
Average Loss: 0.6304282248020172
Epoch 8/50
Average Loss: 0.5993819534778595
Epoch 9/50
Average Loss: 0.5725870728492737
Epoch 10/50
Average Loss: 0.5499397814273834
Epoch 11/50
Average Loss: 0.5307382047176361
Epoch 12/50
Average Loss: 0.5142402052879333
Epoch 13/50
Average Loss: 0.49956052005290985
Epoch 14/50
Average Loss: 0.4876488894224167
Epoch 15/50
Average Loss: 0.4782939851284027
Epoch 16/50
Average Loss: 0.4700530916452408
Epoch 17/50
Average Loss: 0.4628344029188156
Epoch 18/50
Average Loss: 0.4575449377298355
Epoch 19/50
Average Loss: 0.45169003307819366
Epoch 20/50
Average Loss: 0.44800467789173126
Epoch 21/50
Average Loss: 0.4459565281867981
Epoch 22/50
Average Loss: 0.44161710143089294
Epoch 23/50
Average Loss: 0.44182056188583374
Patience Counter: 1
Epoch 24/50
Average Loss: 0.435832217335701
Epoch 25/50
Average Loss: 0.4329804480075836
Epoch 26/50
Average Loss: 0.4302911311388016
Epoch 27/50
Average Loss: 0.4280269145965576
Epoch 28/50
Average Loss: 0.4270839989185333
Epoch 29/50
Average Loss: 0.4244026839733124
Epoch 30/50
Average Loss: 0.42005935311317444
Epoch 31/50
Average Loss: 0.4182770699262619
Epoch 32/50
Average Loss: 0.4153432548046112
Epoch 33/50
Average Loss: 0.4145030677318573
Epoch 34/50
Average Loss: 0.41224683821201324
Epoch 35/50
Average Loss: 0.40911705791950226
Epoch 36/50
Average Loss: 0.4083828330039978
Epoch 37/50
Average Loss: 0.4052060693502426
Epoch 38/50
Average Loss: 0.40195511281490326
Epoch 39/50
Average Loss: 0.39974503219127655
Epoch 40/50
Average Loss: 0.39687468111515045
Epoch 41/50
Average Loss: 0.3952317386865616
Epoch 42/50
Average Loss: 0.39325740933418274
Epoch 43/50
Average Loss: 0.3919883072376251
Epoch 44/50
Average Loss: 0.3894803076982498
Epoch 45/50
Average Loss: 0.38687463104724884
Epoch 46/50
Average Loss: 0.3875349462032318
Patience Counter: 1
Epoch 47/50
Average Loss: 0.3827020078897476
Epoch 48/50
Average Loss: 0.38051319122314453
Epoch 49/50
Average Loss: 0.37806951999664307
Epoch 50/50
Average Loss: 0.3773096203804016
C-index: 0.5411
[I 2026-08-27 01:16:05,834] Trial 8 finished with value: 0.5410853065491069 and parameters: {'num_layers': 2, 'learning_rate': 0.0001684524573265015, 'drop_out_rate': 0.17190152552992355, 'n_head': 7, 'nhead_factor': 4}. Best is trial 5 with value: 0.6029177839385539.
Using GPU: cuda:6 (utilization=0%, free_mem=8342MiB)
Running trial 9 for ExperimentScenario.EIGHT_FEATURES on device cuda:6
Train data path /home/minhn2/uiuc-kidney-failure/generated_data/rep99/eight_features_train_data.csv
Test data path /home/minhn2/uiuc-kidney-failure/generated_data/rep99/eight_features_test_data.csv
Number of patients: test 243 and train 400
Number of records: test 1100 and train 1856
Epoch 1/50
Average Loss: 0.6061613261699677
Epoch 2/50
Average Loss: 0.5478253960609436
Epoch 3/50
Average Loss: 0.5091738998889923
Epoch 4/50
Average Loss: 0.4772718995809555
Epoch 5/50
Average Loss: 0.4537550359964371
Epoch 6/50
Average Loss: 0.4355516880750656
Epoch 7/50
Average Loss: 0.41957421600818634
Epoch 8/50
Average Loss: 0.40622222423553467
Epoch 9/50
Average Loss: 0.39602863788604736
Epoch 10/50
Average Loss: 0.38815319538116455
Epoch 11/50
Average Loss: 0.37921980023384094
Epoch 12/50
Average Loss: 0.3729855567216873
Epoch 13/50
Average Loss: 0.36658720672130585
Epoch 14/50
Average Loss: 0.3592223525047302
Epoch 15/50
Average Loss: 0.35694336891174316
Epoch 16/50
Average Loss: 0.34903788566589355
Epoch 17/50
Average Loss: 0.3477403372526169
Epoch 18/50
Average Loss: 0.346671923995018
Epoch 19/50
Average Loss: 0.3376687616109848
Epoch 20/50
Average Loss: 0.33482325077056885
Epoch 21/50
Average Loss: 0.33236661553382874
Epoch 22/50
Average Loss: 0.33011339604854584
Epoch 23/50
Average Loss: 0.33319729566574097
Patience Counter: 1
Epoch 24/50
Average Loss: 0.3268105089664459
Epoch 25/50
Average Loss: 0.32482850551605225
Epoch 26/50
Average Loss: 0.3242204636335373
Epoch 27/50
Average Loss: 0.3199731558561325
Epoch 28/50
Average Loss: 0.3192873001098633
Epoch 29/50
Average Loss: 0.31705179810523987
Epoch 30/50
Average Loss: 0.3190561830997467
Patience Counter: 1
Epoch 31/50
Average Loss: 0.31523585319519043
Epoch 32/50
Average Loss: 0.3171679526567459
Patience Counter: 1
Epoch 33/50
Average Loss: 0.3121260106563568
Epoch 34/50
Average Loss: 0.3114164024591446
Epoch 35/50
Average Loss: 0.3101208508014679
Epoch 36/50
Average Loss: 0.3094838857650757
Epoch 37/50
Average Loss: 0.30805155634880066
Epoch 38/50
Average Loss: 0.30809421837329865
Patience Counter: 1
Epoch 39/50
Average Loss: 0.3062543720006943
Epoch 40/50
Average Loss: 0.3077516704797745
Patience Counter: 1
Epoch 41/50
Average Loss: 0.3053353279829025
Epoch 42/50
Average Loss: 0.30423998832702637
Epoch 43/50
Average Loss: 0.30398184061050415
Epoch 44/50
Average Loss: 0.30403223633766174
Patience Counter: 1
Epoch 45/50
Average Loss: 0.3041623383760452
Patience Counter: 2
Epoch 46/50
Average Loss: 0.30086082220077515
Epoch 47/50
Average Loss: 0.30035097897052765
Epoch 48/50
Average Loss: 0.2997775673866272
Epoch 49/50
Average Loss: 0.3017205744981766
Patience Counter: 1
Epoch 50/50
Average Loss: 0.29900750517845154
C-index: 0.6282
[I 2026-08-27 01:16:16,291] Trial 9 finished with value: 0.6282211516611371 and parameters: {'num_layers': 6, 'learning_rate': 2.851083432344319e-05, 'drop_out_rate': 0.3398461571463739, 'n_head': 3, 'nhead_factor': 15}. Best is trial 9 with value: 0.6282211516611371.
Number of finished trials:  10
Best trial:
Best hyperparameters: {'num_layers': 6, 'learning_rate': 2.851083432344319e-05, 'drop_out_rate': 0.3398461571463739, 'n_head': 3, 'nhead_factor': 15}
model summary
HazardTransformer(
  (input_embedding): Linear(in_features=8, out_features=45, bias=True)
  (time_encoder): Sequential(
    (0): Linear(in_features=1, out_features=22, bias=True)
    (1): ReLU()
    (2): Linear(in_features=22, out_features=45, bias=True)
  )
  (pos_encoder): PositionalEncoding()
  (transformer_encoder): TransformerEncoder(
    (layers): ModuleList(
      (0-5): 6 x TransformerEncoderLayer(
        (self_attn): MultiheadAttention(
          (out_proj): NonDynamicallyQuantizableLinear(in_features=45, out_features=45, bias=True)
        )
        (linear1): Linear(in_features=45, out_features=2048, bias=True)
        (dropout): Dropout(p=0.3398461571463739, inplace=False)
        (linear2): Linear(in_features=2048, out_features=45, bias=True)
        (norm1): LayerNorm((45,), eps=1e-05, elementwise_affine=True)
        (norm2): LayerNorm((45,), eps=1e-05, elementwise_affine=True)
        (dropout1): Dropout(p=0.3398461571463739, inplace=False)
        (dropout2): Dropout(p=0.3398461571463739, inplace=False)
      )
    )
  )
  (hazard_decoders): ModuleList(
    (0): Sequential(
      (0): Linear(in_features=45, out_features=22, bias=True)
      (1): ReLU()
      (2): Linear(in_features=22, out_features=1, bias=True)
    )
  )
)
C-index: 0.6202
Mean time-dependent AUC: 0.50
Integrated Brier Score Test: 1.016
✓ hazard_transformer/eight_features completed successfully
==================== Running hazard_transformer/twenty_features_heterogeneous ====================
Using GPU: cuda:3 (utilization=0%, free_mem=7828MiB)
Train data path /home/minhn2/uiuc-kidney-failure/generated_data/rep99/twenty_features_heterogeneous_train_data.csv
Test data path /home/minhn2/uiuc-kidney-failure/generated_data/rep99/twenty_features_heterogeneous_test_data.csv
Number of patients: test 20 and train 20
Number of records: test 9115 and train 4575
Running Optuna hyperparameter optimization
[I 2026-08-27 01:16:17,238] A new study created in memory with name: no-name-c9683190-012a-4a41-8754-e36e50e1fe6a
Using GPU: cuda:3 (utilization=0%, free_mem=7828MiB)
Running trial 0 for ExperimentScenario.TWENTY_FEATURES_HETEROGENEOUS on device cuda:3
Train data path /home/minhn2/uiuc-kidney-failure/generated_data/rep99/twenty_features_heterogeneous_train_data.csv
Test data path /home/minhn2/uiuc-kidney-failure/generated_data/rep99/twenty_features_heterogeneous_test_data.csv
Number of patients: test 20 and train 20
Number of records: test 9115 and train 4575
Epoch 1/50
Average Loss: 0.7620564699172974
Epoch 2/50
Average Loss: 0.6249925494194031
Epoch 3/50
Average Loss: 0.5186209678649902
Epoch 4/50
Average Loss: 0.44040781259536743
Epoch 5/50
Average Loss: 0.3832038938999176
Epoch 6/50
Average Loss: 0.3420485556125641
Epoch 7/50
Average Loss: 0.3110581934452057
Epoch 8/50
Average Loss: 0.2882091701030731
Epoch 9/50
Average Loss: 0.2715987265110016
Epoch 10/50
Average Loss: 0.25909528136253357
Epoch 11/50
Average Loss: 0.250065416097641
Epoch 12/50
Average Loss: 0.2435169368982315
Epoch 13/50
Average Loss: 0.23775756359100342
Epoch 14/50
Average Loss: 0.23388557136058807
Epoch 15/50
Average Loss: 0.22992156445980072
Epoch 16/50
Average Loss: 0.22583144903182983
Epoch 17/50
Average Loss: 0.22235719859600067
Epoch 18/50
Average Loss: 0.22000788152217865
Epoch 19/50
Average Loss: 0.2174007147550583
Epoch 20/50
Average Loss: 0.21362312138080597
Epoch 21/50
Average Loss: 0.2107294797897339
Epoch 22/50
Average Loss: 0.2089047133922577
Epoch 23/50
Average Loss: 0.2063409984111786
Epoch 24/50
Average Loss: 0.20297950506210327
Epoch 25/50
Average Loss: 0.20098337531089783
Epoch 26/50
Average Loss: 0.1992034912109375
Epoch 27/50
Average Loss: 0.1970759928226471
Epoch 28/50
Average Loss: 0.19450265169143677
Epoch 29/50
Average Loss: 0.19194449484348297
Epoch 30/50
Average Loss: 0.1903366595506668
Epoch 31/50
Average Loss: 0.18798620998859406
Epoch 32/50
Average Loss: 0.18542885780334473
Epoch 33/50
Average Loss: 0.18382836878299713
Epoch 34/50
Average Loss: 0.18195976316928864
Epoch 35/50
Average Loss: 0.1797100007534027
Epoch 36/50
Average Loss: 0.1779531091451645
Epoch 37/50
Average Loss: 0.17559877038002014
Epoch 38/50
Average Loss: 0.1739102303981781
Epoch 39/50
Average Loss: 0.17185689508914948
Epoch 40/50
Average Loss: 0.1702713668346405
Epoch 41/50
Average Loss: 0.16816964745521545
Epoch 42/50
Average Loss: 0.16559594869613647
Epoch 43/50
Average Loss: 0.16450726985931396
Epoch 44/50
Average Loss: 0.16254349052906036
Epoch 45/50
Average Loss: 0.16152453422546387
Epoch 46/50
Average Loss: 0.15939167141914368
Epoch 47/50
Average Loss: 0.15711550414562225
Epoch 48/50
Average Loss: 0.1565352827310562
Epoch 49/50
Average Loss: 0.15399543941020966
Epoch 50/50
Average Loss: 0.15147705376148224
C-index: 0.5677
[I 2026-08-27 01:16:18,830] Trial 0 finished with value: 0.5677083333333334 and parameters: {'num_layers': 2, 'learning_rate': 0.0002811654655139105, 'drop_out_rate': 0.22994381989752588, 'n_head': 4, 'nhead_factor': 10}. Best is trial 0 with value: 0.5677083333333334.
Using GPU: cuda:4 (utilization=0%, free_mem=7624MiB)
Running trial 1 for ExperimentScenario.TWENTY_FEATURES_HETEROGENEOUS on device cuda:4
Train data path /home/minhn2/uiuc-kidney-failure/generated_data/rep99/twenty_features_heterogeneous_train_data.csv
Test data path /home/minhn2/uiuc-kidney-failure/generated_data/rep99/twenty_features_heterogeneous_test_data.csv
Number of patients: test 20 and train 20
Number of records: test 9115 and train 4575
Epoch 1/50
Average Loss: 0.7973953485488892
Epoch 2/50
Average Loss: 0.5739587545394897
Epoch 3/50
Average Loss: 0.500356137752533
Epoch 4/50
Average Loss: 0.45658716559410095
Epoch 5/50
Average Loss: 0.42727982997894287
Epoch 6/50
Average Loss: 0.3975168466567993
Epoch 7/50
Average Loss: 0.3679537773132324
Epoch 8/50
Average Loss: 0.335299015045166
Epoch 9/50
Average Loss: 0.30122944712638855
Epoch 10/50
Average Loss: 0.2696845233440399
Epoch 11/50
Average Loss: 0.23993191123008728
Epoch 12/50
Average Loss: 0.21063382923603058
Epoch 13/50
Average Loss: 0.18660202622413635
Epoch 14/50
Average Loss: 0.16310042142868042
Epoch 15/50
Average Loss: 0.1411553919315338
Epoch 16/50
Average Loss: 0.12512245774269104
Epoch 17/50
Average Loss: 0.11087213456630707
Epoch 18/50
Average Loss: 0.09711983799934387
Epoch 19/50
Average Loss: 0.08783327043056488
Epoch 20/50
Average Loss: 0.07915433496236801
Epoch 21/50
Average Loss: 0.07287479937076569
Epoch 22/50
Average Loss: 0.06641219556331635
Epoch 23/50
Average Loss: 0.062106091529130936
Epoch 24/50
Average Loss: 0.062237005680799484
Patience Counter: 1
Epoch 25/50
Average Loss: 0.0573759451508522
Epoch 26/50
Average Loss: 0.057100266218185425
Epoch 27/50
Average Loss: 0.0573665015399456
Patience Counter: 1
Epoch 28/50
Average Loss: 0.057821616530418396
Patience Counter: 2
Epoch 29/50
Average Loss: 0.057781677693128586
Patience Counter: 3
Epoch 30/50
Average Loss: 0.057808611541986465
Patience Counter: 4
Epoch 31/50
Average Loss: 0.058335673063993454
Patience Counter: 5
Early stopping triggered
C-index: 0.4167
[I 2026-08-27 01:16:19,668] Trial 1 finished with value: 0.4166666666666667 and parameters: {'num_layers': 3, 'learning_rate': 0.004362669563472153, 'drop_out_rate': 0.4399168604645517, 'n_head': 7, 'nhead_factor': 4}. Best is trial 0 with value: 0.5677083333333334.
Using GPU: cuda:4 (utilization=0%, free_mem=7624MiB)
Running trial 2 for ExperimentScenario.TWENTY_FEATURES_HETEROGENEOUS on device cuda:4
Train data path /home/minhn2/uiuc-kidney-failure/generated_data/rep99/twenty_features_heterogeneous_train_data.csv
Test data path /home/minhn2/uiuc-kidney-failure/generated_data/rep99/twenty_features_heterogeneous_test_data.csv
Number of patients: test 20 and train 20
Number of records: test 9115 and train 4575
Epoch 1/50
Average Loss: 0.46278873085975647
Epoch 2/50
Average Loss: 0.45665520429611206
Epoch 3/50
Average Loss: 0.4518176317214966
Epoch 4/50
Average Loss: 0.44638508558273315
Epoch 5/50
Average Loss: 0.4432995915412903
Epoch 6/50
Average Loss: 0.4394504427909851
Epoch 7/50
Average Loss: 0.4361943006515503
Epoch 8/50
Average Loss: 0.4340818226337433
Epoch 9/50
Average Loss: 0.43210726976394653
Epoch 10/50
Average Loss: 0.42970436811447144
Epoch 11/50
Average Loss: 0.429599791765213
Epoch 12/50
Average Loss: 0.4284813404083252
Epoch 13/50
Average Loss: 0.42757242918014526
Epoch 14/50
Average Loss: 0.427424818277359
Epoch 15/50
Average Loss: 0.42693546414375305
Epoch 16/50
Average Loss: 0.4266917109489441
Epoch 17/50
Average Loss: 0.426472932100296
Epoch 18/50
Average Loss: 0.42634114623069763
Epoch 19/50
Average Loss: 0.42620182037353516
Epoch 20/50
Average Loss: 0.42628926038742065
Patience Counter: 1
Epoch 21/50
Average Loss: 0.42556682229042053
Epoch 22/50
Average Loss: 0.42598196864128113
Patience Counter: 1
Epoch 23/50
Average Loss: 0.4258260428905487
Patience Counter: 2
Epoch 24/50
Average Loss: 0.4255966544151306
Patience Counter: 3
Epoch 25/50
Average Loss: 0.4254319369792938
Epoch 26/50
Average Loss: 0.4254072606563568
Epoch 27/50
Average Loss: 0.4255627989768982
Patience Counter: 1
Epoch 28/50
Average Loss: 0.4255058169364929
Patience Counter: 2
Epoch 29/50
Average Loss: 0.4255406856536865
Patience Counter: 3
Epoch 30/50
Average Loss: 0.42540407180786133
Epoch 31/50
Average Loss: 0.42557859420776367
Patience Counter: 1
Epoch 32/50
Average Loss: 0.4253257215023041
Epoch 33/50
Average Loss: 0.425346702337265
Patience Counter: 1
Epoch 34/50
Average Loss: 0.4252553880214691
Epoch 35/50
Average Loss: 0.4251423180103302
Epoch 36/50
Average Loss: 0.4251745343208313
Patience Counter: 1
Epoch 37/50
Average Loss: 0.4252414107322693
Patience Counter: 2
Epoch 38/50
Average Loss: 0.4251546263694763
Patience Counter: 3
Epoch 39/50
Average Loss: 0.42515313625335693
Patience Counter: 4
Epoch 40/50
Average Loss: 0.42498159408569336
Epoch 41/50
Average Loss: 0.42502135038375854
Patience Counter: 1
Epoch 42/50
Average Loss: 0.42504552006721497
Patience Counter: 2
Epoch 43/50
Average Loss: 0.42520394921302795
Patience Counter: 3
Epoch 44/50
Average Loss: 0.4249286651611328
Epoch 45/50
Average Loss: 0.42483657598495483
Epoch 46/50
Average Loss: 0.42485421895980835
Patience Counter: 1
Epoch 47/50
Average Loss: 0.4248080849647522
Epoch 48/50
Average Loss: 0.42477354407310486
Epoch 49/50
Average Loss: 0.42488494515419006
Patience Counter: 1
Epoch 50/50
Average Loss: 0.42487600445747375
Patience Counter: 2
C-index: 0.4531
[I 2026-08-27 01:16:21,118] Trial 2 finished with value: 0.453125 and parameters: {'num_layers': 6, 'learning_rate': 8.238958857853734e-05, 'drop_out_rate': 0.25954072874950096, 'n_head': 1, 'nhead_factor': 3}. Best is trial 0 with value: 0.5677083333333334.
Using GPU: cuda:3 (utilization=0%, free_mem=7828MiB)
Running trial 3 for ExperimentScenario.TWENTY_FEATURES_HETEROGENEOUS on device cuda:3
Train data path /home/minhn2/uiuc-kidney-failure/generated_data/rep99/twenty_features_heterogeneous_train_data.csv
Test data path /home/minhn2/uiuc-kidney-failure/generated_data/rep99/twenty_features_heterogeneous_test_data.csv
Number of patients: test 20 and train 20
Number of records: test 9115 and train 4575
Epoch 1/50
Average Loss: 0.8438807129859924
Epoch 2/50
Average Loss: 0.8170943856239319
Epoch 3/50
Average Loss: 0.7965707182884216
Epoch 4/50
Average Loss: 0.7857471108436584
Epoch 5/50
Average Loss: 0.7818120121955872
Epoch 6/50
Average Loss: 0.7813583016395569
Epoch 7/50
Average Loss: 0.779108464717865
Epoch 8/50
Average Loss: 0.7770413160324097
Epoch 9/50
Average Loss: 0.7733913064002991
Epoch 10/50
Average Loss: 0.7710018157958984
Epoch 11/50
Average Loss: 0.7684218287467957
Epoch 12/50
Average Loss: 0.7659202814102173
Epoch 13/50
Average Loss: 0.7619670033454895
Epoch 14/50
Average Loss: 0.7579682469367981
Epoch 15/50
Average Loss: 0.7544190287590027
Epoch 16/50
Average Loss: 0.7522557973861694
Epoch 17/50
Average Loss: 0.7492278218269348
Epoch 18/50
Average Loss: 0.7460048794746399
Epoch 19/50
Average Loss: 0.7426230311393738
Epoch 20/50
Average Loss: 0.7379797101020813
Epoch 21/50
Average Loss: 0.7337552309036255
Epoch 22/50
Average Loss: 0.7313427925109863
Epoch 23/50
Average Loss: 0.7268169522285461
Epoch 24/50
Average Loss: 0.7229689359664917
Epoch 25/50
Average Loss: 0.7186508774757385
Epoch 26/50
Average Loss: 0.714427649974823
Epoch 27/50
Average Loss: 0.7109763026237488
Epoch 28/50
Average Loss: 0.7064060568809509
Epoch 29/50
Average Loss: 0.7010761499404907
Epoch 30/50
Average Loss: 0.6957955956459045
Epoch 31/50
Average Loss: 0.691541314125061
Epoch 32/50
Average Loss: 0.6872425675392151
Epoch 33/50
Average Loss: 0.6813183426856995
Epoch 34/50
Average Loss: 0.6746355891227722
Epoch 35/50
Average Loss: 0.6698107123374939
Epoch 36/50
Average Loss: 0.664341390132904
Epoch 37/50
Average Loss: 0.66053706407547
Epoch 38/50
Average Loss: 0.6551540493965149
Epoch 39/50
Average Loss: 0.6470543146133423
Epoch 40/50
Average Loss: 0.6411270499229431
Epoch 41/50
Average Loss: 0.6363295912742615
Epoch 42/50
Average Loss: 0.6314181089401245
Epoch 43/50
Average Loss: 0.6249343156814575
Epoch 44/50
Average Loss: 0.620209276676178
Epoch 45/50
Average Loss: 0.6136816143989563
Epoch 46/50
Average Loss: 0.6066930890083313
Epoch 47/50
Average Loss: 0.6013221740722656
Epoch 48/50
Average Loss: 0.596420168876648
Epoch 49/50
Average Loss: 0.5896618962287903
Epoch 50/50
Average Loss: 0.5824030041694641
C-index: 0.4948
[I 2026-08-27 01:16:22,481] Trial 3 finished with value: 0.4947916666666667 and parameters: {'num_layers': 5, 'learning_rate': 0.0015483185033345083, 'drop_out_rate': 0.4819615325798857, 'n_head': 2, 'nhead_factor': 3}. Best is trial 0 with value: 0.5677083333333334.
Using GPU: cuda:1 (utilization=0%, free_mem=7616MiB)
Running trial 4 for ExperimentScenario.TWENTY_FEATURES_HETEROGENEOUS on device cuda:1
Train data path /home/minhn2/uiuc-kidney-failure/generated_data/rep99/twenty_features_heterogeneous_train_data.csv
Test data path /home/minhn2/uiuc-kidney-failure/generated_data/rep99/twenty_features_heterogeneous_test_data.csv
Number of patients: test 20 and train 20
Number of records: test 9115 and train 4575
Epoch 1/50
Average Loss: 0.7458058595657349
Epoch 2/50
Average Loss: 0.741523802280426
Epoch 3/50
Average Loss: 0.7349908351898193
Epoch 4/50
Average Loss: 0.7269029021263123
Epoch 5/50
Average Loss: 0.7234167456626892
Epoch 6/50
Average Loss: 0.7180291414260864
Epoch 7/50
Average Loss: 0.7130111455917358
Epoch 8/50
Average Loss: 0.7077689170837402
Epoch 9/50
Average Loss: 0.7010586857795715
Epoch 10/50
Average Loss: 0.6931332945823669
Epoch 11/50
Average Loss: 0.6882249116897583
Epoch 12/50
Average Loss: 0.6830086708068848
Epoch 13/50
Average Loss: 0.677212655544281
Epoch 14/50
Average Loss: 0.6723657846450806
Epoch 15/50
Average Loss: 0.6662055253982544
Epoch 16/50
Average Loss: 0.6584029197692871
Epoch 17/50
Average Loss: 0.6496371626853943
Epoch 18/50
Average Loss: 0.6463497281074524
Epoch 19/50
Average Loss: 0.6378926038742065
Epoch 20/50
Average Loss: 0.6313309073448181
Epoch 21/50
Average Loss: 0.6250349283218384
Epoch 22/50
Average Loss: 0.6172769069671631
Epoch 23/50
Average Loss: 0.612960159778595
Epoch 24/50
Average Loss: 0.6062507033348083
Epoch 25/50
Average Loss: 0.6012253761291504
Epoch 26/50
Average Loss: 0.5956788659095764
Epoch 27/50
Average Loss: 0.5889743566513062
Epoch 28/50
Average Loss: 0.5832740664482117
Epoch 29/50
Average Loss: 0.576238751411438
Epoch 30/50
Average Loss: 0.5698683261871338
Epoch 31/50
Average Loss: 0.5628610253334045
Epoch 32/50
Average Loss: 0.5599498748779297
Epoch 33/50
Average Loss: 0.5533367991447449
Epoch 34/50
Average Loss: 0.5480013489723206
Epoch 35/50
Average Loss: 0.5412476062774658
Epoch 36/50
Average Loss: 0.5357324481010437
Epoch 37/50
Average Loss: 0.5314687490463257
Epoch 38/50
Average Loss: 0.5299643278121948
Epoch 39/50
Average Loss: 0.5238439440727234
Epoch 40/50
Average Loss: 0.5173289179801941
Epoch 41/50
Average Loss: 0.5124717950820923
Epoch 42/50
Average Loss: 0.5091010332107544
Epoch 43/50
Average Loss: 0.5096919536590576
Patience Counter: 1
Epoch 44/50
Average Loss: 0.5033254027366638
Epoch 45/50
Average Loss: 0.4985477328300476
Epoch 46/50
Average Loss: 0.4971511960029602
Epoch 47/50
Average Loss: 0.49441027641296387
Epoch 48/50
Average Loss: 0.491287499666214
Epoch 49/50
Average Loss: 0.48899373412132263
Epoch 50/50
Average Loss: 0.48471787571907043
C-index: 0.4062
[I 2026-08-27 01:16:24,102] Trial 4 finished with value: 0.40625 and parameters: {'num_layers': 6, 'learning_rate': 1.1137003100164477e-05, 'drop_out_rate': 0.40596291309786536, 'n_head': 3, 'nhead_factor': 8}. Best is trial 0 with value: 0.5677083333333334.
Using GPU: cuda:3 (utilization=0%, free_mem=7828MiB)
Running trial 5 for ExperimentScenario.TWENTY_FEATURES_HETEROGENEOUS on device cuda:3
Train data path /home/minhn2/uiuc-kidney-failure/generated_data/rep99/twenty_features_heterogeneous_train_data.csv
Test data path /home/minhn2/uiuc-kidney-failure/generated_data/rep99/twenty_features_heterogeneous_test_data.csv
Number of patients: test 20 and train 20
Number of records: test 9115 and train 4575
Epoch 1/50
Average Loss: 0.6568938493728638
Epoch 2/50
Average Loss: 0.5279005169868469
Epoch 3/50
Average Loss: 0.4551845192909241
Epoch 4/50
Average Loss: 0.40148940682411194
Epoch 5/50
Average Loss: 0.36336952447891235
Epoch 6/50
Average Loss: 0.3392070233821869
Epoch 7/50
Average Loss: 0.32483741641044617
Epoch 8/50
Average Loss: 0.3164679706096649
Epoch 9/50
Average Loss: 0.3111138939857483
Epoch 10/50
Average Loss: 0.30725017189979553
Epoch 11/50
Average Loss: 0.30426764488220215
Epoch 12/50
Average Loss: 0.30088678002357483
Epoch 13/50
Average Loss: 0.29799747467041016
Epoch 14/50
Average Loss: 0.29502472281455994
Epoch 15/50
Average Loss: 0.29229798913002014
Epoch 16/50
Average Loss: 0.2891104817390442
Epoch 17/50
Average Loss: 0.2863020598888397
Epoch 18/50
Average Loss: 0.2830120027065277
Epoch 19/50
Average Loss: 0.27976205945014954
Epoch 20/50
Average Loss: 0.27671679854393005
Epoch 21/50
Average Loss: 0.2734624147415161
Epoch 22/50
Average Loss: 0.2698517441749573
Epoch 23/50
Average Loss: 0.2664145231246948
Epoch 24/50
Average Loss: 0.2632937729358673
Epoch 25/50
Average Loss: 0.25992006063461304
Epoch 26/50
Average Loss: 0.25636181235313416
Epoch 27/50
Average Loss: 0.25310593843460083
Epoch 28/50
Average Loss: 0.24991318583488464
Epoch 29/50
Average Loss: 0.24654124677181244
Epoch 30/50
Average Loss: 0.24358855187892914
Epoch 31/50
Average Loss: 0.24043701589107513
Epoch 32/50
Average Loss: 0.2376117706298828
Epoch 33/50
Average Loss: 0.23478032648563385
Epoch 34/50
Average Loss: 0.23179954290390015
Epoch 35/50
Average Loss: 0.22914853692054749
Epoch 36/50
Average Loss: 0.22685083746910095
Epoch 37/50
Average Loss: 0.22413241863250732
Epoch 38/50
Average Loss: 0.22164086997509003
Epoch 39/50
Average Loss: 0.21887663006782532
Epoch 40/50
Average Loss: 0.21617861092090607
Epoch 41/50
Average Loss: 0.21313074231147766
Epoch 42/50
Average Loss: 0.21117502450942993
Epoch 43/50
Average Loss: 0.20819829404354095
Epoch 44/50
Average Loss: 0.2057405710220337
Epoch 45/50
Average Loss: 0.20295977592468262
Epoch 46/50
Average Loss: 0.20089402794837952
Epoch 47/50
Average Loss: 0.19777488708496094
Epoch 48/50
Average Loss: 0.19557756185531616
Epoch 49/50
Average Loss: 0.19311140477657318
Epoch 50/50
Average Loss: 0.19066624343395233
C-index: 0.8542
[I 2026-08-27 01:16:25,348] Trial 5 finished with value: 0.8541666666666666 and parameters: {'num_layers': 3, 'learning_rate': 0.0003225870668837479, 'drop_out_rate': 0.16967417843631893, 'n_head': 7, 'nhead_factor': 6}. Best is trial 5 with value: 0.8541666666666666.
Using GPU: cuda:4 (utilization=0%, free_mem=7622MiB)
Running trial 6 for ExperimentScenario.TWENTY_FEATURES_HETEROGENEOUS on device cuda:4
Train data path /home/minhn2/uiuc-kidney-failure/generated_data/rep99/twenty_features_heterogeneous_train_data.csv
Test data path /home/minhn2/uiuc-kidney-failure/generated_data/rep99/twenty_features_heterogeneous_test_data.csv
Number of patients: test 20 and train 20
Number of records: test 9115 and train 4575
Epoch 1/50
Average Loss: 0.7992855906486511
Epoch 2/50
Average Loss: 0.7156505584716797
Epoch 3/50
Average Loss: 0.6388763189315796
Epoch 4/50
Average Loss: 0.5688767433166504
Epoch 5/50
Average Loss: 0.5104031562805176
Epoch 6/50
Average Loss: 0.45955750346183777
Epoch 7/50
Average Loss: 0.4159901738166809
Epoch 8/50
Average Loss: 0.3805714249610901
Epoch 9/50
Average Loss: 0.35119810700416565
Epoch 10/50
Average Loss: 0.32514920830726624
Epoch 11/50
Average Loss: 0.30243155360221863
Epoch 12/50
Average Loss: 0.2829146981239319
Epoch 13/50
Average Loss: 0.26576870679855347
Epoch 14/50
Average Loss: 0.25114119052886963
Epoch 15/50
Average Loss: 0.2383131980895996
Epoch 16/50
Average Loss: 0.2267083376646042
Epoch 17/50
Average Loss: 0.21597717702388763
Epoch 18/50
Average Loss: 0.20696868002414703
Epoch 19/50
Average Loss: 0.19829581677913666
Epoch 20/50
Average Loss: 0.19065409898757935
Epoch 21/50
Average Loss: 0.18332329392433167
Epoch 22/50
Average Loss: 0.1764056235551834
Epoch 23/50
Average Loss: 0.1704941838979721
Epoch 24/50
Average Loss: 0.1648748517036438
Epoch 25/50
Average Loss: 0.15995334088802338
Epoch 26/50
Average Loss: 0.1547503024339676
Epoch 27/50
Average Loss: 0.1508364975452423
Epoch 28/50
Average Loss: 0.14698806405067444
Epoch 29/50
Average Loss: 0.14298506081104279
Epoch 30/50
Average Loss: 0.13932737708091736
Epoch 31/50
Average Loss: 0.13588079810142517
Epoch 32/50
Average Loss: 0.13312597572803497
Epoch 33/50
Average Loss: 0.13047735393047333
Epoch 34/50
Average Loss: 0.12763169407844543
Epoch 35/50
Average Loss: 0.12535806000232697
Epoch 36/50
Average Loss: 0.12292677164077759
Epoch 37/50
Average Loss: 0.12089721113443375
Epoch 38/50
Average Loss: 0.11848217248916626
Epoch 39/50
Average Loss: 0.116573266685009
Epoch 40/50
Average Loss: 0.11436200141906738
Epoch 41/50
Average Loss: 0.1128884106874466
Epoch 42/50
Average Loss: 0.11108455806970596
Epoch 43/50
Average Loss: 0.10975316911935806
Epoch 44/50
Average Loss: 0.10832103341817856
Epoch 45/50
Average Loss: 0.107039675116539
Epoch 46/50
Average Loss: 0.10521650314331055
Epoch 47/50
Average Loss: 0.10410978645086288
Epoch 48/50
Average Loss: 0.10340151190757751
Epoch 49/50
Average Loss: 0.10235519707202911
Epoch 50/50
Average Loss: 0.10119696706533432
C-index: 0.3125
[I 2026-08-27 01:16:26,583] Trial 6 finished with value: 0.3125 and parameters: {'num_layers': 3, 'learning_rate': 5.629572457486658e-05, 'drop_out_rate': 0.13641744216306564, 'n_head': 8, 'nhead_factor': 14}. Best is trial 5 with value: 0.8541666666666666.
Using GPU: cuda:3 (utilization=0%, free_mem=7828MiB)
Running trial 7 for ExperimentScenario.TWENTY_FEATURES_HETEROGENEOUS on device cuda:3
Train data path /home/minhn2/uiuc-kidney-failure/generated_data/rep99/twenty_features_heterogeneous_train_data.csv
Test data path /home/minhn2/uiuc-kidney-failure/generated_data/rep99/twenty_features_heterogeneous_test_data.csv
Number of patients: test 20 and train 20
Number of records: test 9115 and train 4575
Epoch 1/50
Average Loss: 0.7868947982788086
Epoch 2/50
Average Loss: 0.42939743399620056
Epoch 3/50
Average Loss: 0.24678196012973785
Epoch 4/50
Average Loss: 0.19131623208522797
Epoch 5/50
Average Loss: 0.15944190323352814
Epoch 6/50
Average Loss: 0.14013147354125977
Epoch 7/50
Average Loss: 0.12635470926761627
Epoch 8/50
Average Loss: 0.11444436013698578
Epoch 9/50
Average Loss: 0.10442452132701874
Epoch 10/50
Average Loss: 0.09655553102493286
Epoch 11/50
Average Loss: 0.08945449441671371
Epoch 12/50
Average Loss: 0.08367425948381424
Epoch 13/50
Average Loss: 0.07866393029689789
Epoch 14/50
Average Loss: 0.07442475110292435
Epoch 15/50
Average Loss: 0.0715748593211174
Epoch 16/50
Average Loss: 0.06807635724544525
Epoch 17/50
Average Loss: 0.0658944770693779
Epoch 18/50
Average Loss: 0.0639665424823761
Epoch 19/50
Average Loss: 0.06243642047047615
Epoch 20/50
Average Loss: 0.06114373728632927
Epoch 21/50
Average Loss: 0.06015235185623169
Epoch 22/50
Average Loss: 0.05909883603453636
Epoch 23/50
Average Loss: 0.05809257924556732
Epoch 24/50
Average Loss: 0.05808184668421745
Epoch 25/50
Average Loss: 0.05730198696255684
Epoch 26/50
Average Loss: 0.05720025300979614
Epoch 27/50
Average Loss: 0.056644994765520096
Epoch 28/50
Average Loss: 0.056774552911520004
Patience Counter: 1
Epoch 29/50
Average Loss: 0.05682668089866638
Patience Counter: 2
Epoch 30/50
Average Loss: 0.05668679252266884
Patience Counter: 3
Epoch 31/50
Average Loss: 0.05677664279937744
Patience Counter: 4
Epoch 32/50
Average Loss: 0.05688008293509483
Patience Counter: 5
Early stopping triggered
C-index: 0.7240
[I 2026-08-27 01:16:27,630] Trial 7 finished with value: 0.7239583333333334 and parameters: {'num_layers': 6, 'learning_rate': 0.0009312478228994375, 'drop_out_rate': 0.14276491361974264, 'n_head': 7, 'nhead_factor': 15}. Best is trial 5 with value: 0.8541666666666666.
Using GPU: cuda:1 (utilization=0%, free_mem=7616MiB)
Running trial 8 for ExperimentScenario.TWENTY_FEATURES_HETEROGENEOUS on device cuda:1
Train data path /home/minhn2/uiuc-kidney-failure/generated_data/rep99/twenty_features_heterogeneous_train_data.csv
Test data path /home/minhn2/uiuc-kidney-failure/generated_data/rep99/twenty_features_heterogeneous_test_data.csv
Number of patients: test 20 and train 20
Number of records: test 9115 and train 4575
Epoch 1/50
Average Loss: 0.5960791707038879
Epoch 2/50
Average Loss: 0.5643425583839417
Epoch 3/50
Average Loss: 0.5354632139205933
Epoch 4/50
Average Loss: 0.5115887522697449
Epoch 5/50
Average Loss: 0.48891666531562805
Epoch 6/50
Average Loss: 0.47048360109329224
Epoch 7/50
Average Loss: 0.45514777302742004
Epoch 8/50
Average Loss: 0.43852683901786804
Epoch 9/50
Average Loss: 0.4204873740673065
Epoch 10/50
Average Loss: 0.40427207946777344
Epoch 11/50
Average Loss: 0.3877662122249603
Epoch 12/50
Average Loss: 0.3732452094554901
Epoch 13/50
Average Loss: 0.36220985651016235
Epoch 14/50
Average Loss: 0.35408586263656616
Epoch 15/50
Average Loss: 0.3414376974105835
Epoch 16/50
Average Loss: 0.3325735926628113
Epoch 17/50
Average Loss: 0.32208165526390076
Epoch 18/50
Average Loss: 0.31381744146347046
Epoch 19/50
Average Loss: 0.30494481325149536
Epoch 20/50
Average Loss: 0.296413779258728
Epoch 21/50
Average Loss: 0.2878158390522003
Epoch 22/50
Average Loss: 0.27969297766685486
Epoch 23/50
Average Loss: 0.2727524936199188
Epoch 24/50
Average Loss: 0.26671162247657776
Epoch 25/50
Average Loss: 0.2609616816043854
Epoch 26/50
Average Loss: 0.2552984654903412
Epoch 27/50
Average Loss: 0.2501171827316284
Epoch 28/50
Average Loss: 0.24595163762569427
Epoch 29/50
Average Loss: 0.24224428832530975
Epoch 30/50
Average Loss: 0.23773719370365143
Epoch 31/50
Average Loss: 0.23517270386219025
Epoch 32/50
Average Loss: 0.23147892951965332
Epoch 33/50
Average Loss: 0.22979101538658142
Epoch 34/50
Average Loss: 0.22713665664196014
Epoch 35/50
Average Loss: 0.22451262176036835
Epoch 36/50
Average Loss: 0.2223932296037674
Epoch 37/50
Average Loss: 0.21961770951747894
Epoch 38/50
Average Loss: 0.2193065881729126
Epoch 39/50
Average Loss: 0.21787740290164948
Epoch 40/50
Average Loss: 0.21593718230724335
Epoch 41/50
Average Loss: 0.21529439091682434
Epoch 42/50
Average Loss: 0.21373209357261658
Epoch 43/50
Average Loss: 0.21348612010478973
Epoch 44/50
Average Loss: 0.21219968795776367
Epoch 45/50
Average Loss: 0.21103638410568237
Epoch 46/50
Average Loss: 0.21029110252857208
Epoch 47/50
Average Loss: 0.21005065739154816
Epoch 48/50
Average Loss: 0.20837540924549103
Epoch 49/50
Average Loss: 0.20744559168815613
Epoch 50/50
Average Loss: 0.20738182961940765
C-index: 0.5208
[I 2026-08-27 01:16:28,988] Trial 8 finished with value: 0.5208333333333334 and parameters: {'num_layers': 5, 'learning_rate': 4.4378479358856294e-05, 'drop_out_rate': 0.24408623598495327, 'n_head': 6, 'nhead_factor': 8}. Best is trial 5 with value: 0.8541666666666666.
Using GPU: cuda:4 (utilization=0%, free_mem=7622MiB)
Running trial 9 for ExperimentScenario.TWENTY_FEATURES_HETEROGENEOUS on device cuda:4
Train data path /home/minhn2/uiuc-kidney-failure/generated_data/rep99/twenty_features_heterogeneous_train_data.csv
Test data path /home/minhn2/uiuc-kidney-failure/generated_data/rep99/twenty_features_heterogeneous_test_data.csv
Number of patients: test 20 and train 20
Number of records: test 9115 and train 4575
Epoch 1/50
Average Loss: 0.6074297428131104
Epoch 2/50
Average Loss: 0.3376033902168274
Epoch 3/50
Average Loss: 0.24627532064914703
Epoch 4/50
Average Loss: 0.20757555961608887
Epoch 5/50
Average Loss: 0.18247543275356293
Epoch 6/50
Average Loss: 0.16353370249271393
Epoch 7/50
Average Loss: 0.14582978188991547
Epoch 8/50
Average Loss: 0.131095752120018
Epoch 9/50
Average Loss: 0.11653101444244385
Epoch 10/50
Average Loss: 0.10360342264175415
Epoch 11/50
Average Loss: 0.09310154616832733
Epoch 12/50
Average Loss: 0.08477988094091415
Epoch 13/50
Average Loss: 0.07731913030147552
Epoch 14/50
Average Loss: 0.07184974104166031
Epoch 15/50
Average Loss: 0.0676443800330162
Epoch 16/50
Average Loss: 0.06463757902383804
Epoch 17/50
Average Loss: 0.0620679147541523
Epoch 18/50
Average Loss: 0.059333786368370056
Epoch 19/50
Average Loss: 0.05801686644554138
Epoch 20/50
Average Loss: 0.05796988308429718
Epoch 21/50
Average Loss: 0.05659724771976471
Epoch 22/50
Average Loss: 0.05691364035010338
Patience Counter: 1
Epoch 23/50
Average Loss: 0.05740660801529884
Patience Counter: 2
Epoch 24/50
Average Loss: 0.05746014416217804
Patience Counter: 3
Epoch 25/50
Average Loss: 0.056882862001657486
Patience Counter: 4
Epoch 26/50
Average Loss: 0.05727427452802658
Patience Counter: 5
Early stopping triggered
C-index: 0.4219
[I 2026-08-27 01:16:30,213] Trial 9 finished with value: 0.421875 and parameters: {'num_layers': 4, 'learning_rate': 0.0031583272182702403, 'drop_out_rate': 0.2265814923241595, 'n_head': 4, 'nhead_factor': 11}. Best is trial 5 with value: 0.8541666666666666.
Number of finished trials:  10
Best trial:
Best hyperparameters: {'num_layers': 3, 'learning_rate': 0.0003225870668837479, 'drop_out_rate': 0.16967417843631893, 'n_head': 7, 'nhead_factor': 6}
model summary
HazardTransformer(
  (input_embedding): Linear(in_features=40, out_features=42, bias=True)
  (time_encoder): Sequential(
    (0): Linear(in_features=1, out_features=21, bias=True)
    (1): ReLU()
    (2): Linear(in_features=21, out_features=42, bias=True)
  )
  (pos_encoder): PositionalEncoding()
  (transformer_encoder): TransformerEncoder(
    (layers): ModuleList(
      (0-2): 3 x TransformerEncoderLayer(
        (self_attn): MultiheadAttention(
          (out_proj): NonDynamicallyQuantizableLinear(in_features=42, out_features=42, bias=True)
        )
        (linear1): Linear(in_features=42, out_features=2048, bias=True)
        (dropout): Dropout(p=0.16967417843631893, inplace=False)
        (linear2): Linear(in_features=2048, out_features=42, bias=True)
        (norm1): LayerNorm((42,), eps=1e-05, elementwise_affine=True)
        (norm2): LayerNorm((42,), eps=1e-05, elementwise_affine=True)
        (dropout1): Dropout(p=0.16967417843631893, inplace=False)
        (dropout2): Dropout(p=0.16967417843631893, inplace=False)
      )
    )
  )
  (hazard_decoders): ModuleList(
    (0): Sequential(
      (0): Linear(in_features=42, out_features=21, bias=True)
      (1): ReLU()
      (2): Linear(in_features=21, out_features=1, bias=True)
    )
  )
)
C-index: 0.4823
Mean time-dependent AUC: 0.50
Warning: Could not compute Brier Score: time must be smaller than largest observed time point: 4449.404861111111
✓ hazard_transformer/twenty_features_heterogeneous completed successfully
==================== Running logistic_hazard/four_features ====================
Using GPU: cuda:2 (utilization=0%, free_mem=7580MiB)
Train data path /home/minhn2/uiuc-kidney-failure/generated_data/rep99/four_features_train_data.csv
Test data path /home/minhn2/uiuc-kidney-failure/generated_data/rep99/four_features_test_data.csv
Number of patients: test 345 and train 500
Number of records: test 3667 and train 5806
Training new model with Optuna optimization
Running Optuna hyperparameter optimization
[I 2026-08-27 01:16:30,709] A new study created in memory with name: no-name-8be707d9-e563-4b06-ab8a-781c12560031
Using GPU: cuda:1 (utilization=0%, free_mem=7616MiB)
Train data path /home/minhn2/uiuc-kidney-failure/generated_data/rep99/four_features_train_data.csv
Test data path /home/minhn2/uiuc-kidney-failure/generated_data/rep99/four_features_test_data.csv
Number of patients: test 345 and train 500
Number of records: test 3667 and train 5806
No existing model, saving current model
[I 2026-08-27 01:16:31,738] Trial 0 finished with value: 0.46222217202746657 and parameters: {'num_nodes': 32, 'num_layers': 1, 'lr': 0.05513411934751907, 'batch_size': 128, 'dropout': 0.24697891574025288}. Best is trial 0 with value: 0.46222217202746657.
Using GPU: cuda:3 (utilization=0%, free_mem=7828MiB)
Train data path /home/minhn2/uiuc-kidney-failure/generated_data/rep99/four_features_train_data.csv
Test data path /home/minhn2/uiuc-kidney-failure/generated_data/rep99/four_features_test_data.csv
Number of patients: test 345 and train 500
Number of records: test 3667 and train 5806
/home/minhn2/uiuc-kidney-failure/pkgs/experiments/logistic_hazard.py:203: FutureWarning: You are using `torch.load` with `weights_only=False` (the current default value), which uses the default pickle module implicitly. It is possible to construct malicious pickle data which will execute arbitrary code during unpickling (See https://github.com/pytorch/pytorch/blob/main/SECURITY.md#untrusted-models for more details). In a future release, the default value for `weights_only` will be flipped to `True`. This limits the functions that could be executed during unpickling. Arbitrary objects will no longer be allowed to be loaded via this mode unless they are explicitly allowlisted by the user via `torch.serialization.add_safe_globals`. We recommend you start setting `weights_only=True` for any use case where you don't have full control of the loaded file. Please open an issue on GitHub for any issues related to this experimental feature.
  saved_net = torch.load(saved_path, map_location=device)
Saved model C-index: 0.4622, Current trial C-index: 0.4668
New model is better, saving current model
[I 2026-08-27 01:16:35,775] Trial 1 finished with value: 0.46681875677629203 and parameters: {'num_nodes': 128, 'num_layers': 3, 'lr': 0.0037736782165849257, 'batch_size': 32, 'dropout': 0.19702895044485258}. Best is trial 1 with value: 0.46681875677629203.
Using GPU: cuda:4 (utilization=0%, free_mem=7622MiB)
Train data path /home/minhn2/uiuc-kidney-failure/generated_data/rep99/four_features_train_data.csv
Test data path /home/minhn2/uiuc-kidney-failure/generated_data/rep99/four_features_test_data.csv
Number of patients: test 345 and train 500
Number of records: test 3667 and train 5806
/home/minhn2/uiuc-kidney-failure/pkgs/experiments/logistic_hazard.py:203: FutureWarning: You are using `torch.load` with `weights_only=False` (the current default value), which uses the default pickle module implicitly. It is possible to construct malicious pickle data which will execute arbitrary code during unpickling (See https://github.com/pytorch/pytorch/blob/main/SECURITY.md#untrusted-models for more details). In a future release, the default value for `weights_only` will be flipped to `True`. This limits the functions that could be executed during unpickling. Arbitrary objects will no longer be allowed to be loaded via this mode unless they are explicitly allowlisted by the user via `torch.serialization.add_safe_globals`. We recommend you start setting `weights_only=True` for any use case where you don't have full control of the loaded file. Please open an issue on GitHub for any issues related to this experimental feature.
  saved_net = torch.load(saved_path, map_location=device)
Saved model C-index: 0.4668, Current trial C-index: 0.4418
Saved model is better, keeping it
[I 2026-08-27 01:16:36,734] Trial 2 finished with value: 0.44180294542826165 and parameters: {'num_nodes': 128, 'num_layers': 1, 'lr': 0.0006183296864734688, 'batch_size': 128, 'dropout': 0.036756368692704766}. Best is trial 1 with value: 0.46681875677629203.
Using GPU: cuda:4 (utilization=0%, free_mem=7622MiB)
Train data path /home/minhn2/uiuc-kidney-failure/generated_data/rep99/four_features_train_data.csv
Test data path /home/minhn2/uiuc-kidney-failure/generated_data/rep99/four_features_test_data.csv
Number of patients: test 345 and train 500
Number of records: test 3667 and train 5806
/home/minhn2/uiuc-kidney-failure/pkgs/experiments/logistic_hazard.py:203: FutureWarning: You are using `torch.load` with `weights_only=False` (the current default value), which uses the default pickle module implicitly. It is possible to construct malicious pickle data which will execute arbitrary code during unpickling (See https://github.com/pytorch/pytorch/blob/main/SECURITY.md#untrusted-models for more details). In a future release, the default value for `weights_only` will be flipped to `True`. This limits the functions that could be executed during unpickling. Arbitrary objects will no longer be allowed to be loaded via this mode unless they are explicitly allowlisted by the user via `torch.serialization.add_safe_globals`. We recommend you start setting `weights_only=True` for any use case where you don't have full control of the loaded file. Please open an issue on GitHub for any issues related to this experimental feature.
  saved_net = torch.load(saved_path, map_location=device)
Saved model C-index: 0.4668, Current trial C-index: 0.4984
New model is better, saving current model
[I 2026-08-27 01:16:37,666] Trial 3 finished with value: 0.4983623960968558 and parameters: {'num_nodes': 32, 'num_layers': 1, 'lr': 0.00037401277551922686, 'batch_size': 128, 'dropout': 0.33725854213902984}. Best is trial 3 with value: 0.4983623960968558.
Using GPU: cuda:3 (utilization=0%, free_mem=7828MiB)
Train data path /home/minhn2/uiuc-kidney-failure/generated_data/rep99/four_features_train_data.csv
Test data path /home/minhn2/uiuc-kidney-failure/generated_data/rep99/four_features_test_data.csv
Number of patients: test 345 and train 500
Number of records: test 3667 and train 5806
/home/minhn2/uiuc-kidney-failure/pkgs/experiments/logistic_hazard.py:203: FutureWarning: You are using `torch.load` with `weights_only=False` (the current default value), which uses the default pickle module implicitly. It is possible to construct malicious pickle data which will execute arbitrary code during unpickling (See https://github.com/pytorch/pytorch/blob/main/SECURITY.md#untrusted-models for more details). In a future release, the default value for `weights_only` will be flipped to `True`. This limits the functions that could be executed during unpickling. Arbitrary objects will no longer be allowed to be loaded via this mode unless they are explicitly allowlisted by the user via `torch.serialization.add_safe_globals`. We recommend you start setting `weights_only=True` for any use case where you don't have full control of the loaded file. Please open an issue on GitHub for any issues related to this experimental feature.
  saved_net = torch.load(saved_path, map_location=device)
Saved model C-index: 0.4984, Current trial C-index: 0.4566
Saved model is better, keeping it
[I 2026-08-27 01:16:40,169] Trial 4 finished with value: 0.45660914347668957 and parameters: {'num_nodes': 32, 'num_layers': 1, 'lr': 0.005140141868859008, 'batch_size': 32, 'dropout': 0.34253938762999836}. Best is trial 3 with value: 0.4983623960968558.
Using GPU: cuda:4 (utilization=0%, free_mem=7622MiB)
Train data path /home/minhn2/uiuc-kidney-failure/generated_data/rep99/four_features_train_data.csv
Test data path /home/minhn2/uiuc-kidney-failure/generated_data/rep99/four_features_test_data.csv
Number of patients: test 345 and train 500
Number of records: test 3667 and train 5806
/home/minhn2/uiuc-kidney-failure/pkgs/experiments/logistic_hazard.py:203: FutureWarning: You are using `torch.load` with `weights_only=False` (the current default value), which uses the default pickle module implicitly. It is possible to construct malicious pickle data which will execute arbitrary code during unpickling (See https://github.com/pytorch/pytorch/blob/main/SECURITY.md#untrusted-models for more details). In a future release, the default value for `weights_only` will be flipped to `True`. This limits the functions that could be executed during unpickling. Arbitrary objects will no longer be allowed to be loaded via this mode unless they are explicitly allowlisted by the user via `torch.serialization.add_safe_globals`. We recommend you start setting `weights_only=True` for any use case where you don't have full control of the loaded file. Please open an issue on GitHub for any issues related to this experimental feature.
  saved_net = torch.load(saved_path, map_location=device)
Saved model C-index: 0.4984, Current trial C-index: 0.4504
Saved model is better, keeping it
[I 2026-08-27 01:16:40,976] Trial 5 finished with value: 0.45042013010480664 and parameters: {'num_nodes': 32, 'num_layers': 3, 'lr': 0.0034972109198975463, 'batch_size': 256, 'dropout': 0.3426070356430611}. Best is trial 3 with value: 0.4983623960968558.
Using GPU: cuda:1 (utilization=0%, free_mem=7616MiB)
Train data path /home/minhn2/uiuc-kidney-failure/generated_data/rep99/four_features_train_data.csv
Test data path /home/minhn2/uiuc-kidney-failure/generated_data/rep99/four_features_test_data.csv
Number of patients: test 345 and train 500
Number of records: test 3667 and train 5806
/home/minhn2/uiuc-kidney-failure/pkgs/experiments/logistic_hazard.py:203: FutureWarning: You are using `torch.load` with `weights_only=False` (the current default value), which uses the default pickle module implicitly. It is possible to construct malicious pickle data which will execute arbitrary code during unpickling (See https://github.com/pytorch/pytorch/blob/main/SECURITY.md#untrusted-models for more details). In a future release, the default value for `weights_only` will be flipped to `True`. This limits the functions that could be executed during unpickling. Arbitrary objects will no longer be allowed to be loaded via this mode unless they are explicitly allowlisted by the user via `torch.serialization.add_safe_globals`. We recommend you start setting `weights_only=True` for any use case where you don't have full control of the loaded file. Please open an issue on GitHub for any issues related to this experimental feature.
  saved_net = torch.load(saved_path, map_location=device)
Saved model C-index: 0.4984, Current trial C-index: 0.5000
New model is better, saving current model
[I 2026-08-27 01:16:42,254] Trial 6 finished with value: 0.5 and parameters: {'num_nodes': 16, 'num_layers': 3, 'lr': 0.0002827627842246089, 'batch_size': 128, 'dropout': 0.19685695496158023}. Best is trial 6 with value: 0.5.
Using GPU: cuda:3 (utilization=0%, free_mem=7828MiB)
Train data path /home/minhn2/uiuc-kidney-failure/generated_data/rep99/four_features_train_data.csv
Test data path /home/minhn2/uiuc-kidney-failure/generated_data/rep99/four_features_test_data.csv
Number of patients: test 345 and train 500
Number of records: test 3667 and train 5806
/home/minhn2/uiuc-kidney-failure/pkgs/experiments/logistic_hazard.py:203: FutureWarning: You are using `torch.load` with `weights_only=False` (the current default value), which uses the default pickle module implicitly. It is possible to construct malicious pickle data which will execute arbitrary code during unpickling (See https://github.com/pytorch/pytorch/blob/main/SECURITY.md#untrusted-models for more details). In a future release, the default value for `weights_only` will be flipped to `True`. This limits the functions that could be executed during unpickling. Arbitrary objects will no longer be allowed to be loaded via this mode unless they are explicitly allowlisted by the user via `torch.serialization.add_safe_globals`. We recommend you start setting `weights_only=True` for any use case where you don't have full control of the loaded file. Please open an issue on GitHub for any issues related to this experimental feature.
  saved_net = torch.load(saved_path, map_location=device)
Saved model C-index: 0.5000, Current trial C-index: 0.4512
Saved model is better, keeping it
[I 2026-08-27 01:16:43,868] Trial 7 finished with value: 0.4512445789663896 and parameters: {'num_nodes': 16, 'num_layers': 1, 'lr': 0.0009705436752800107, 'batch_size': 64, 'dropout': 0.48231382340371165}. Best is trial 6 with value: 0.5.
Using GPU: cuda:4 (utilization=0%, free_mem=7622MiB)
Train data path /home/minhn2/uiuc-kidney-failure/generated_data/rep99/four_features_train_data.csv
Test data path /home/minhn2/uiuc-kidney-failure/generated_data/rep99/four_features_test_data.csv
Number of patients: test 345 and train 500
Number of records: test 3667 and train 5806
/home/minhn2/uiuc-kidney-failure/pkgs/experiments/logistic_hazard.py:203: FutureWarning: You are using `torch.load` with `weights_only=False` (the current default value), which uses the default pickle module implicitly. It is possible to construct malicious pickle data which will execute arbitrary code during unpickling (See https://github.com/pytorch/pytorch/blob/main/SECURITY.md#untrusted-models for more details). In a future release, the default value for `weights_only` will be flipped to `True`. This limits the functions that could be executed during unpickling. Arbitrary objects will no longer be allowed to be loaded via this mode unless they are explicitly allowlisted by the user via `torch.serialization.add_safe_globals`. We recommend you start setting `weights_only=True` for any use case where you don't have full control of the loaded file. Please open an issue on GitHub for any issues related to this experimental feature.
  saved_net = torch.load(saved_path, map_location=device)
Saved model C-index: 0.5000, Current trial C-index: 0.4667
Saved model is better, keeping it
[I 2026-08-27 01:16:46,420] Trial 8 finished with value: 0.46666064329598844 and parameters: {'num_nodes': 32, 'num_layers': 1, 'lr': 0.010462165726396003, 'batch_size': 32, 'dropout': 0.4932202336388515}. Best is trial 6 with value: 0.5.
Using GPU: cuda:3 (utilization=0%, free_mem=7828MiB)
Train data path /home/minhn2/uiuc-kidney-failure/generated_data/rep99/four_features_train_data.csv
Test data path /home/minhn2/uiuc-kidney-failure/generated_data/rep99/four_features_test_data.csv
Number of patients: test 345 and train 500
Number of records: test 3667 and train 5806
/home/minhn2/uiuc-kidney-failure/pkgs/experiments/logistic_hazard.py:203: FutureWarning: You are using `torch.load` with `weights_only=False` (the current default value), which uses the default pickle module implicitly. It is possible to construct malicious pickle data which will execute arbitrary code during unpickling (See https://github.com/pytorch/pytorch/blob/main/SECURITY.md#untrusted-models for more details). In a future release, the default value for `weights_only` will be flipped to `True`. This limits the functions that could be executed during unpickling. Arbitrary objects will no longer be allowed to be loaded via this mode unless they are explicitly allowlisted by the user via `torch.serialization.add_safe_globals`. We recommend you start setting `weights_only=True` for any use case where you don't have full control of the loaded file. Please open an issue on GitHub for any issues related to this experimental feature.
  saved_net = torch.load(saved_path, map_location=device)
Saved model C-index: 0.5000, Current trial C-index: 0.4683
Saved model is better, keeping it
[I 2026-08-27 01:16:47,650] Trial 9 finished with value: 0.46830954101915434 and parameters: {'num_nodes': 64, 'num_layers': 3, 'lr': 0.0019492323768722439, 'batch_size': 128, 'dropout': 0.33913778603445616}. Best is trial 6 with value: 0.5.
Number of finished trials:  10
Best trial:
Best hyperparameters: {'num_nodes': 16, 'num_layers': 3, 'lr': 0.0002827627842246089, 'batch_size': 128, 'dropout': 0.19685695496158023}
Loading best model from disk after optimization
Model summary:
MLPVanilla(
  (net): Sequential(
    (0): DenseVanillaBlock(
      (linear): Linear(in_features=4, out_features=16, bias=True)
      (activation): ReLU()
      (batch_norm): BatchNorm1d(16, eps=1e-05, momentum=0.1, affine=True, track_running_stats=True)
      (dropout): Dropout(p=0.19685695496158023, inplace=False)
    )
    (1): DenseVanillaBlock(
      (linear): Linear(in_features=16, out_features=16, bias=True)
      (activation): ReLU()
      (batch_norm): BatchNorm1d(16, eps=1e-05, momentum=0.1, affine=True, track_running_stats=True)
      (dropout): Dropout(p=0.19685695496158023, inplace=False)
    )
    (2): DenseVanillaBlock(
      (linear): Linear(in_features=16, out_features=16, bias=True)
      (activation): ReLU()
      (batch_norm): BatchNorm1d(16, eps=1e-05, momentum=0.1, affine=True, track_running_stats=True)
      (dropout): Dropout(p=0.19685695496158023, inplace=False)
    )
    (3): Linear(in_features=16, out_features=50, bias=False)
  )
)

=== Evaluation Results for four_features ===
Global test C-index: 0.500
Event rate: 250/345 (72.46%)
Mean time-dependent AUC: 0.510
Integrated Brier Score Test: 0.510
✓ logistic_hazard/four_features completed successfully
==================== Running logistic_hazard/eight_features ====================
Using GPU: cuda:1 (utilization=0%, free_mem=7616MiB)
Train data path /home/minhn2/uiuc-kidney-failure/generated_data/rep99/eight_features_train_data.csv
Test data path /home/minhn2/uiuc-kidney-failure/generated_data/rep99/eight_features_test_data.csv
Number of patients: test 243 and train 400
Number of records: test 1100 and train 1856
Training new model with Optuna optimization
Running Optuna hyperparameter optimization
[I 2026-08-27 01:16:47,894] A new study created in memory with name: no-name-1b2d4c8c-2b6c-426d-b472-892810a1b586
Using GPU: cuda:4 (utilization=0%, free_mem=7622MiB)
Train data path /home/minhn2/uiuc-kidney-failure/generated_data/rep99/eight_features_train_data.csv
Test data path /home/minhn2/uiuc-kidney-failure/generated_data/rep99/eight_features_test_data.csv
Number of patients: test 243 and train 400
Number of records: test 1100 and train 1856
No existing model, saving current model
[I 2026-08-27 01:16:49,534] Trial 0 finished with value: 0.4320059793215131 and parameters: {'num_nodes': 64, 'num_layers': 2, 'lr': 0.0011160610812801287, 'batch_size': 64, 'dropout': 0.28591057450226304}. Best is trial 0 with value: 0.4320059793215131.
Using GPU: cuda:3 (utilization=0%, free_mem=7828MiB)
Train data path /home/minhn2/uiuc-kidney-failure/generated_data/rep99/eight_features_train_data.csv
Test data path /home/minhn2/uiuc-kidney-failure/generated_data/rep99/eight_features_test_data.csv
Number of patients: test 243 and train 400
Number of records: test 1100 and train 1856
/home/minhn2/uiuc-kidney-failure/pkgs/experiments/logistic_hazard.py:203: FutureWarning: You are using `torch.load` with `weights_only=False` (the current default value), which uses the default pickle module implicitly. It is possible to construct malicious pickle data which will execute arbitrary code during unpickling (See https://github.com/pytorch/pytorch/blob/main/SECURITY.md#untrusted-models for more details). In a future release, the default value for `weights_only` will be flipped to `True`. This limits the functions that could be executed during unpickling. Arbitrary objects will no longer be allowed to be loaded via this mode unless they are explicitly allowlisted by the user via `torch.serialization.add_safe_globals`. We recommend you start setting `weights_only=True` for any use case where you don't have full control of the loaded file. Please open an issue on GitHub for any issues related to this experimental feature.
  saved_net = torch.load(saved_path, map_location=device)
Saved model C-index: 0.4320, Current trial C-index: 0.4331
New model is better, saving current model
[I 2026-08-27 01:16:52,270] Trial 1 finished with value: 0.43308557903915623 and parameters: {'num_nodes': 16, 'num_layers': 2, 'lr': 0.020242600443851212, 'batch_size': 32, 'dropout': 0.2028469522808959}. Best is trial 1 with value: 0.43308557903915623.
Using GPU: cuda:4 (utilization=0%, free_mem=7622MiB)
Train data path /home/minhn2/uiuc-kidney-failure/generated_data/rep99/eight_features_train_data.csv
Test data path /home/minhn2/uiuc-kidney-failure/generated_data/rep99/eight_features_test_data.csv
Number of patients: test 243 and train 400
Number of records: test 1100 and train 1856
/home/minhn2/uiuc-kidney-failure/pkgs/experiments/logistic_hazard.py:203: FutureWarning: You are using `torch.load` with `weights_only=False` (the current default value), which uses the default pickle module implicitly. It is possible to construct malicious pickle data which will execute arbitrary code during unpickling (See https://github.com/pytorch/pytorch/blob/main/SECURITY.md#untrusted-models for more details). In a future release, the default value for `weights_only` will be flipped to `True`. This limits the functions that could be executed during unpickling. Arbitrary objects will no longer be allowed to be loaded via this mode unless they are explicitly allowlisted by the user via `torch.serialization.add_safe_globals`. We recommend you start setting `weights_only=True` for any use case where you don't have full control of the loaded file. Please open an issue on GitHub for any issues related to this experimental feature.
  saved_net = torch.load(saved_path, map_location=device)
Saved model C-index: 0.4331, Current trial C-index: 0.4462
New model is better, saving current model
[I 2026-08-27 01:16:54,406] Trial 2 finished with value: 0.44624839098119007 and parameters: {'num_nodes': 16, 'num_layers': 1, 'lr': 0.014741058466457548, 'batch_size': 32, 'dropout': 0.24733588138070045}. Best is trial 2 with value: 0.44624839098119007.
Using GPU: cuda:3 (utilization=0%, free_mem=7828MiB)
Train data path /home/minhn2/uiuc-kidney-failure/generated_data/rep99/eight_features_train_data.csv
Test data path /home/minhn2/uiuc-kidney-failure/generated_data/rep99/eight_features_test_data.csv
Number of patients: test 243 and train 400
Number of records: test 1100 and train 1856
/home/minhn2/uiuc-kidney-failure/pkgs/experiments/logistic_hazard.py:203: FutureWarning: You are using `torch.load` with `weights_only=False` (the current default value), which uses the default pickle module implicitly. It is possible to construct malicious pickle data which will execute arbitrary code during unpickling (See https://github.com/pytorch/pytorch/blob/main/SECURITY.md#untrusted-models for more details). In a future release, the default value for `weights_only` will be flipped to `True`. This limits the functions that could be executed during unpickling. Arbitrary objects will no longer be allowed to be loaded via this mode unless they are explicitly allowlisted by the user via `torch.serialization.add_safe_globals`. We recommend you start setting `weights_only=True` for any use case where you don't have full control of the loaded file. Please open an issue on GitHub for any issues related to this experimental feature.
  saved_net = torch.load(saved_path, map_location=device)
Saved model C-index: 0.4462, Current trial C-index: 0.4185
Saved model is better, keeping it
[I 2026-08-27 01:16:55,540] Trial 3 finished with value: 0.4184694597849105 and parameters: {'num_nodes': 128, 'num_layers': 2, 'lr': 0.0010320549261322615, 'batch_size': 128, 'dropout': 0.023008427000934306}. Best is trial 2 with value: 0.44624839098119007.
Using GPU: cuda:1 (utilization=0%, free_mem=7616MiB)
Train data path /home/minhn2/uiuc-kidney-failure/generated_data/rep99/eight_features_train_data.csv
Test data path /home/minhn2/uiuc-kidney-failure/generated_data/rep99/eight_features_test_data.csv
Number of patients: test 243 and train 400
Number of records: test 1100 and train 1856
/home/minhn2/uiuc-kidney-failure/pkgs/experiments/logistic_hazard.py:203: FutureWarning: You are using `torch.load` with `weights_only=False` (the current default value), which uses the default pickle module implicitly. It is possible to construct malicious pickle data which will execute arbitrary code during unpickling (See https://github.com/pytorch/pytorch/blob/main/SECURITY.md#untrusted-models for more details). In a future release, the default value for `weights_only` will be flipped to `True`. This limits the functions that could be executed during unpickling. Arbitrary objects will no longer be allowed to be loaded via this mode unless they are explicitly allowlisted by the user via `torch.serialization.add_safe_globals`. We recommend you start setting `weights_only=True` for any use case where you don't have full control of the loaded file. Please open an issue on GitHub for any issues related to this experimental feature.
  saved_net = torch.load(saved_path, map_location=device)
Saved model C-index: 0.4462, Current trial C-index: 0.4388
Saved model is better, keeping it
[I 2026-08-27 01:16:56,595] Trial 4 finished with value: 0.4388157621558776 and parameters: {'num_nodes': 128, 'num_layers': 1, 'lr': 0.004194109732445533, 'batch_size': 128, 'dropout': 0.39107090607284795}. Best is trial 2 with value: 0.44624839098119007.
Using GPU: cuda:3 (utilization=0%, free_mem=7828MiB)
Train data path /home/minhn2/uiuc-kidney-failure/generated_data/rep99/eight_features_train_data.csv
Test data path /home/minhn2/uiuc-kidney-failure/generated_data/rep99/eight_features_test_data.csv
Number of patients: test 243 and train 400
Number of records: test 1100 and train 1856
/home/minhn2/uiuc-kidney-failure/pkgs/experiments/logistic_hazard.py:203: FutureWarning: You are using `torch.load` with `weights_only=False` (the current default value), which uses the default pickle module implicitly. It is possible to construct malicious pickle data which will execute arbitrary code during unpickling (See https://github.com/pytorch/pytorch/blob/main/SECURITY.md#untrusted-models for more details). In a future release, the default value for `weights_only` will be flipped to `True`. This limits the functions that could be executed during unpickling. Arbitrary objects will no longer be allowed to be loaded via this mode unless they are explicitly allowlisted by the user via `torch.serialization.add_safe_globals`. We recommend you start setting `weights_only=True` for any use case where you don't have full control of the loaded file. Please open an issue on GitHub for any issues related to this experimental feature.
  saved_net = torch.load(saved_path, map_location=device)
Saved model C-index: 0.4462, Current trial C-index: 0.4404
Saved model is better, keeping it
[I 2026-08-27 01:16:57,304] Trial 5 finished with value: 0.4403936386662791 and parameters: {'num_nodes': 128, 'num_layers': 2, 'lr': 0.0007671979761285988, 'batch_size': 256, 'dropout': 0.10974366170441568}. Best is trial 2 with value: 0.44624839098119007.
Using GPU: cuda:3 (utilization=0%, free_mem=7828MiB)
Train data path /home/minhn2/uiuc-kidney-failure/generated_data/rep99/eight_features_train_data.csv
Test data path /home/minhn2/uiuc-kidney-failure/generated_data/rep99/eight_features_test_data.csv
Number of patients: test 243 and train 400
Number of records: test 1100 and train 1856
/home/minhn2/uiuc-kidney-failure/pkgs/experiments/logistic_hazard.py:203: FutureWarning: You are using `torch.load` with `weights_only=False` (the current default value), which uses the default pickle module implicitly. It is possible to construct malicious pickle data which will execute arbitrary code during unpickling (See https://github.com/pytorch/pytorch/blob/main/SECURITY.md#untrusted-models for more details). In a future release, the default value for `weights_only` will be flipped to `True`. This limits the functions that could be executed during unpickling. Arbitrary objects will no longer be allowed to be loaded via this mode unless they are explicitly allowlisted by the user via `torch.serialization.add_safe_globals`. We recommend you start setting `weights_only=True` for any use case where you don't have full control of the loaded file. Please open an issue on GitHub for any issues related to this experimental feature.
  saved_net = torch.load(saved_path, map_location=device)
Saved model C-index: 0.4462, Current trial C-index: 0.4749
New model is better, saving current model
[I 2026-08-27 01:16:57,935] Trial 6 finished with value: 0.47489930656479673 and parameters: {'num_nodes': 32, 'num_layers': 1, 'lr': 0.09513408629230473, 'batch_size': 256, 'dropout': 0.05726279510871263}. Best is trial 6 with value: 0.47489930656479673.
Using GPU: cuda:4 (utilization=0%, free_mem=7622MiB)
Train data path /home/minhn2/uiuc-kidney-failure/generated_data/rep99/eight_features_train_data.csv
Test data path /home/minhn2/uiuc-kidney-failure/generated_data/rep99/eight_features_test_data.csv
Number of patients: test 243 and train 400
Number of records: test 1100 and train 1856
/home/minhn2/uiuc-kidney-failure/pkgs/experiments/logistic_hazard.py:203: FutureWarning: You are using `torch.load` with `weights_only=False` (the current default value), which uses the default pickle module implicitly. It is possible to construct malicious pickle data which will execute arbitrary code during unpickling (See https://github.com/pytorch/pytorch/blob/main/SECURITY.md#untrusted-models for more details). In a future release, the default value for `weights_only` will be flipped to `True`. This limits the functions that could be executed during unpickling. Arbitrary objects will no longer be allowed to be loaded via this mode unless they are explicitly allowlisted by the user via `torch.serialization.add_safe_globals`. We recommend you start setting `weights_only=True` for any use case where you don't have full control of the loaded file. Please open an issue on GitHub for any issues related to this experimental feature.
  saved_net = torch.load(saved_path, map_location=device)
Saved model C-index: 0.4749, Current trial C-index: 0.4556
Saved model is better, keeping it
[I 2026-08-27 01:16:58,665] Trial 7 finished with value: 0.4556326039114728 and parameters: {'num_nodes': 32, 'num_layers': 2, 'lr': 0.001810965382242061, 'batch_size': 256, 'dropout': 0.4269033958038621}. Best is trial 6 with value: 0.47489930656479673.
Using GPU: cuda:4 (utilization=0%, free_mem=7622MiB)
Train data path /home/minhn2/uiuc-kidney-failure/generated_data/rep99/eight_features_train_data.csv
Test data path /home/minhn2/uiuc-kidney-failure/generated_data/rep99/eight_features_test_data.csv
Number of patients: test 243 and train 400
Number of records: test 1100 and train 1856
/home/minhn2/uiuc-kidney-failure/pkgs/experiments/logistic_hazard.py:203: FutureWarning: You are using `torch.load` with `weights_only=False` (the current default value), which uses the default pickle module implicitly. It is possible to construct malicious pickle data which will execute arbitrary code during unpickling (See https://github.com/pytorch/pytorch/blob/main/SECURITY.md#untrusted-models for more details). In a future release, the default value for `weights_only` will be flipped to `True`. This limits the functions that could be executed during unpickling. Arbitrary objects will no longer be allowed to be loaded via this mode unless they are explicitly allowlisted by the user via `torch.serialization.add_safe_globals`. We recommend you start setting `weights_only=True` for any use case where you don't have full control of the loaded file. Please open an issue on GitHub for any issues related to this experimental feature.
  saved_net = torch.load(saved_path, map_location=device)
Saved model C-index: 0.4749, Current trial C-index: 0.4520
Saved model is better, keeping it
[I 2026-08-27 01:17:01,430] Trial 8 finished with value: 0.45202009716397457 and parameters: {'num_nodes': 16, 'num_layers': 2, 'lr': 0.00033352577419588914, 'batch_size': 32, 'dropout': 0.45345833649343437}. Best is trial 6 with value: 0.47489930656479673.
Using GPU: cuda:3 (utilization=0%, free_mem=7828MiB)
Train data path /home/minhn2/uiuc-kidney-failure/generated_data/rep99/eight_features_train_data.csv
Test data path /home/minhn2/uiuc-kidney-failure/generated_data/rep99/eight_features_test_data.csv
Number of patients: test 243 and train 400
Number of records: test 1100 and train 1856
/home/minhn2/uiuc-kidney-failure/pkgs/experiments/logistic_hazard.py:203: FutureWarning: You are using `torch.load` with `weights_only=False` (the current default value), which uses the default pickle module implicitly. It is possible to construct malicious pickle data which will execute arbitrary code during unpickling (See https://github.com/pytorch/pytorch/blob/main/SECURITY.md#untrusted-models for more details). In a future release, the default value for `weights_only` will be flipped to `True`. This limits the functions that could be executed during unpickling. Arbitrary objects will no longer be allowed to be loaded via this mode unless they are explicitly allowlisted by the user via `torch.serialization.add_safe_globals`. We recommend you start setting `weights_only=True` for any use case where you don't have full control of the loaded file. Please open an issue on GitHub for any issues related to this experimental feature.
  saved_net = torch.load(saved_path, map_location=device)
Saved model C-index: 0.4749, Current trial C-index: 0.4725
Saved model is better, keeping it
[I 2026-08-27 01:17:02,328] Trial 9 finished with value: 0.47249096873313123 and parameters: {'num_nodes': 128, 'num_layers': 1, 'lr': 0.029990308202454182, 'batch_size': 128, 'dropout': 0.16563361910299162}. Best is trial 6 with value: 0.47489930656479673.
Number of finished trials:  10
Best trial:
Best hyperparameters: {'num_nodes': 32, 'num_layers': 1, 'lr': 0.09513408629230473, 'batch_size': 256, 'dropout': 0.05726279510871263}
Loading best model from disk after optimization
Model summary:
MLPVanilla(
  (net): Sequential(
    (0): DenseVanillaBlock(
      (linear): Linear(in_features=8, out_features=32, bias=True)
      (activation): ReLU()
      (batch_norm): BatchNorm1d(32, eps=1e-05, momentum=0.1, affine=True, track_running_stats=True)
      (dropout): Dropout(p=0.05726279510871263, inplace=False)
    )
    (1): Linear(in_features=32, out_features=50, bias=False)
  )
)

=== Evaluation Results for eight_features ===
Global test C-index: 0.475
Event rate: 212/243 (87.24%)
Mean time-dependent AUC: 0.523
Integrated Brier Score Test: 0.610
✓ logistic_hazard/eight_features completed successfully
==================== Running logistic_hazard/twenty_features_heterogeneous ====================
Using GPU: cuda:1 (utilization=0%, free_mem=7616MiB)
Train data path /home/minhn2/uiuc-kidney-failure/generated_data/rep99/twenty_features_heterogeneous_train_data.csv
Test data path /home/minhn2/uiuc-kidney-failure/generated_data/rep99/twenty_features_heterogeneous_test_data.csv
Number of patients: test 20 and train 20
Number of records: test 9115 and train 4575
Training new model with Optuna optimization
Running Optuna hyperparameter optimization
[I 2026-08-27 01:17:02,569] A new study created in memory with name: no-name-30e53f06-0729-47a4-aed7-30a35a344abe
Using GPU: cuda:1 (utilization=0%, free_mem=7616MiB)
Train data path /home/minhn2/uiuc-kidney-failure/generated_data/rep99/twenty_features_heterogeneous_train_data.csv
Test data path /home/minhn2/uiuc-kidney-failure/generated_data/rep99/twenty_features_heterogeneous_test_data.csv
Number of patients: test 20 and train 20
Number of records: test 9115 and train 4575
No existing model, saving current model
[I 2026-08-27 01:17:03,081] Trial 0 finished with value: 0.5932203389830508 and parameters: {'num_nodes': 32, 'num_layers': 2, 'lr': 0.007509435647308151, 'batch_size': 128, 'dropout': 0.010050821132397025}. Best is trial 0 with value: 0.5932203389830508.
Using GPU: cuda:4 (utilization=0%, free_mem=7622MiB)
Train data path /home/minhn2/uiuc-kidney-failure/generated_data/rep99/twenty_features_heterogeneous_train_data.csv
Test data path /home/minhn2/uiuc-kidney-failure/generated_data/rep99/twenty_features_heterogeneous_test_data.csv
Number of patients: test 20 and train 20
Number of records: test 9115 and train 4575
/home/minhn2/uiuc-kidney-failure/pkgs/experiments/logistic_hazard.py:203: FutureWarning: You are using `torch.load` with `weights_only=False` (the current default value), which uses the default pickle module implicitly. It is possible to construct malicious pickle data which will execute arbitrary code during unpickling (See https://github.com/pytorch/pytorch/blob/main/SECURITY.md#untrusted-models for more details). In a future release, the default value for `weights_only` will be flipped to `True`. This limits the functions that could be executed during unpickling. Arbitrary objects will no longer be allowed to be loaded via this mode unless they are explicitly allowlisted by the user via `torch.serialization.add_safe_globals`. We recommend you start setting `weights_only=True` for any use case where you don't have full control of the loaded file. Please open an issue on GitHub for any issues related to this experimental feature.
  saved_net = torch.load(saved_path, map_location=device)
Saved model C-index: 0.5932, Current trial C-index: 0.5000
Saved model is better, keeping it
[I 2026-08-27 01:17:03,578] Trial 1 finished with value: 0.5 and parameters: {'num_nodes': 16, 'num_layers': 2, 'lr': 0.0004975013419431302, 'batch_size': 64, 'dropout': 0.12215095952965332}. Best is trial 0 with value: 0.5932203389830508.
Using GPU: cuda:4 (utilization=0%, free_mem=7622MiB)
Train data path /home/minhn2/uiuc-kidney-failure/generated_data/rep99/twenty_features_heterogeneous_train_data.csv
Test data path /home/minhn2/uiuc-kidney-failure/generated_data/rep99/twenty_features_heterogeneous_test_data.csv
Number of patients: test 20 and train 20
Number of records: test 9115 and train 4575
/home/minhn2/uiuc-kidney-failure/pkgs/experiments/logistic_hazard.py:203: FutureWarning: You are using `torch.load` with `weights_only=False` (the current default value), which uses the default pickle module implicitly. It is possible to construct malicious pickle data which will execute arbitrary code during unpickling (See https://github.com/pytorch/pytorch/blob/main/SECURITY.md#untrusted-models for more details). In a future release, the default value for `weights_only` will be flipped to `True`. This limits the functions that could be executed during unpickling. Arbitrary objects will no longer be allowed to be loaded via this mode unless they are explicitly allowlisted by the user via `torch.serialization.add_safe_globals`. We recommend you start setting `weights_only=True` for any use case where you don't have full control of the loaded file. Please open an issue on GitHub for any issues related to this experimental feature.
  saved_net = torch.load(saved_path, map_location=device)
Saved model C-index: 0.5932, Current trial C-index: 0.5000
Saved model is better, keeping it
[I 2026-08-27 01:17:04,062] Trial 2 finished with value: 0.5 and parameters: {'num_nodes': 16, 'num_layers': 2, 'lr': 0.0008799207436297552, 'batch_size': 128, 'dropout': 0.16816266675086766}. Best is trial 0 with value: 0.5932203389830508.
Using GPU: cuda:3 (utilization=0%, free_mem=7828MiB)
Train data path /home/minhn2/uiuc-kidney-failure/generated_data/rep99/twenty_features_heterogeneous_train_data.csv
Test data path /home/minhn2/uiuc-kidney-failure/generated_data/rep99/twenty_features_heterogeneous_test_data.csv
Number of patients: test 20 and train 20
Number of records: test 9115 and train 4575
/home/minhn2/uiuc-kidney-failure/pkgs/experiments/logistic_hazard.py:203: FutureWarning: You are using `torch.load` with `weights_only=False` (the current default value), which uses the default pickle module implicitly. It is possible to construct malicious pickle data which will execute arbitrary code during unpickling (See https://github.com/pytorch/pytorch/blob/main/SECURITY.md#untrusted-models for more details). In a future release, the default value for `weights_only` will be flipped to `True`. This limits the functions that could be executed during unpickling. Arbitrary objects will no longer be allowed to be loaded via this mode unless they are explicitly allowlisted by the user via `torch.serialization.add_safe_globals`. We recommend you start setting `weights_only=True` for any use case where you don't have full control of the loaded file. Please open an issue on GitHub for any issues related to this experimental feature.
  saved_net = torch.load(saved_path, map_location=device)
Saved model C-index: 0.5932, Current trial C-index: 0.5000
Saved model is better, keeping it
[I 2026-08-27 01:17:04,497] Trial 3 finished with value: 0.5 and parameters: {'num_nodes': 32, 'num_layers': 1, 'lr': 0.00020383982126299458, 'batch_size': 256, 'dropout': 0.16113578669113465}. Best is trial 0 with value: 0.5932203389830508.
Using GPU: cuda:3 (utilization=0%, free_mem=7828MiB)
Train data path /home/minhn2/uiuc-kidney-failure/generated_data/rep99/twenty_features_heterogeneous_train_data.csv
Test data path /home/minhn2/uiuc-kidney-failure/generated_data/rep99/twenty_features_heterogeneous_test_data.csv
Number of patients: test 20 and train 20
Number of records: test 9115 and train 4575
/home/minhn2/uiuc-kidney-failure/pkgs/experiments/logistic_hazard.py:203: FutureWarning: You are using `torch.load` with `weights_only=False` (the current default value), which uses the default pickle module implicitly. It is possible to construct malicious pickle data which will execute arbitrary code during unpickling (See https://github.com/pytorch/pytorch/blob/main/SECURITY.md#untrusted-models for more details). In a future release, the default value for `weights_only` will be flipped to `True`. This limits the functions that could be executed during unpickling. Arbitrary objects will no longer be allowed to be loaded via this mode unless they are explicitly allowlisted by the user via `torch.serialization.add_safe_globals`. We recommend you start setting `weights_only=True` for any use case where you don't have full control of the loaded file. Please open an issue on GitHub for any issues related to this experimental feature.
  saved_net = torch.load(saved_path, map_location=device)
Saved model C-index: 0.5932, Current trial C-index: 0.3051
Saved model is better, keeping it
[I 2026-08-27 01:17:04,949] Trial 4 finished with value: 0.3050847457627119 and parameters: {'num_nodes': 16, 'num_layers': 1, 'lr': 0.012385596650648758, 'batch_size': 64, 'dropout': 0.42354040730832043}. Best is trial 0 with value: 0.5932203389830508.
Using GPU: cuda:1 (utilization=0%, free_mem=7616MiB)
Train data path /home/minhn2/uiuc-kidney-failure/generated_data/rep99/twenty_features_heterogeneous_train_data.csv
Test data path /home/minhn2/uiuc-kidney-failure/generated_data/rep99/twenty_features_heterogeneous_test_data.csv
Number of patients: test 20 and train 20
Number of records: test 9115 and train 4575
/home/minhn2/uiuc-kidney-failure/pkgs/experiments/logistic_hazard.py:203: FutureWarning: You are using `torch.load` with `weights_only=False` (the current default value), which uses the default pickle module implicitly. It is possible to construct malicious pickle data which will execute arbitrary code during unpickling (See https://github.com/pytorch/pytorch/blob/main/SECURITY.md#untrusted-models for more details). In a future release, the default value for `weights_only` will be flipped to `True`. This limits the functions that could be executed during unpickling. Arbitrary objects will no longer be allowed to be loaded via this mode unless they are explicitly allowlisted by the user via `torch.serialization.add_safe_globals`. We recommend you start setting `weights_only=True` for any use case where you don't have full control of the loaded file. Please open an issue on GitHub for any issues related to this experimental feature.
  saved_net = torch.load(saved_path, map_location=device)
Saved model C-index: 0.5932, Current trial C-index: 0.4958
Saved model is better, keeping it
[I 2026-08-27 01:17:05,489] Trial 5 finished with value: 0.4957627118644068 and parameters: {'num_nodes': 16, 'num_layers': 3, 'lr': 0.009827362444039851, 'batch_size': 256, 'dropout': 0.22344972508202288}. Best is trial 0 with value: 0.5932203389830508.
Using GPU: cuda:1 (utilization=0%, free_mem=7616MiB)
Train data path /home/minhn2/uiuc-kidney-failure/generated_data/rep99/twenty_features_heterogeneous_train_data.csv
Test data path /home/minhn2/uiuc-kidney-failure/generated_data/rep99/twenty_features_heterogeneous_test_data.csv
Number of patients: test 20 and train 20
Number of records: test 9115 and train 4575
/home/minhn2/uiuc-kidney-failure/pkgs/experiments/logistic_hazard.py:203: FutureWarning: You are using `torch.load` with `weights_only=False` (the current default value), which uses the default pickle module implicitly. It is possible to construct malicious pickle data which will execute arbitrary code during unpickling (See https://github.com/pytorch/pytorch/blob/main/SECURITY.md#untrusted-models for more details). In a future release, the default value for `weights_only` will be flipped to `True`. This limits the functions that could be executed during unpickling. Arbitrary objects will no longer be allowed to be loaded via this mode unless they are explicitly allowlisted by the user via `torch.serialization.add_safe_globals`. We recommend you start setting `weights_only=True` for any use case where you don't have full control of the loaded file. Please open an issue on GitHub for any issues related to this experimental feature.
  saved_net = torch.load(saved_path, map_location=device)
Saved model C-index: 0.5932, Current trial C-index: 0.5932
Saved model is better, keeping it
[I 2026-08-27 01:17:05,934] Trial 6 finished with value: 0.5932203389830508 and parameters: {'num_nodes': 128, 'num_layers': 1, 'lr': 0.0009706432440230297, 'batch_size': 256, 'dropout': 0.4979692930802507}. Best is trial 0 with value: 0.5932203389830508.
Using GPU: cuda:4 (utilization=0%, free_mem=7622MiB)
Train data path /home/minhn2/uiuc-kidney-failure/generated_data/rep99/twenty_features_heterogeneous_train_data.csv
Test data path /home/minhn2/uiuc-kidney-failure/generated_data/rep99/twenty_features_heterogeneous_test_data.csv
Number of patients: test 20 and train 20
Number of records: test 9115 and train 4575
/home/minhn2/uiuc-kidney-failure/pkgs/experiments/logistic_hazard.py:203: FutureWarning: You are using `torch.load` with `weights_only=False` (the current default value), which uses the default pickle module implicitly. It is possible to construct malicious pickle data which will execute arbitrary code during unpickling (See https://github.com/pytorch/pytorch/blob/main/SECURITY.md#untrusted-models for more details). In a future release, the default value for `weights_only` will be flipped to `True`. This limits the functions that could be executed during unpickling. Arbitrary objects will no longer be allowed to be loaded via this mode unless they are explicitly allowlisted by the user via `torch.serialization.add_safe_globals`. We recommend you start setting `weights_only=True` for any use case where you don't have full control of the loaded file. Please open an issue on GitHub for any issues related to this experimental feature.
  saved_net = torch.load(saved_path, map_location=device)
Saved model C-index: 0.5932, Current trial C-index: 0.5000
Saved model is better, keeping it
[I 2026-08-27 01:17:06,373] Trial 7 finished with value: 0.5 and parameters: {'num_nodes': 64, 'num_layers': 1, 'lr': 0.000204320836038598, 'batch_size': 128, 'dropout': 0.10237399860127278}. Best is trial 0 with value: 0.5932203389830508.
Using GPU: cuda:4 (utilization=0%, free_mem=7622MiB)
Train data path /home/minhn2/uiuc-kidney-failure/generated_data/rep99/twenty_features_heterogeneous_train_data.csv
Test data path /home/minhn2/uiuc-kidney-failure/generated_data/rep99/twenty_features_heterogeneous_test_data.csv
Number of patients: test 20 and train 20
Number of records: test 9115 and train 4575
/home/minhn2/uiuc-kidney-failure/pkgs/experiments/logistic_hazard.py:203: FutureWarning: You are using `torch.load` with `weights_only=False` (the current default value), which uses the default pickle module implicitly. It is possible to construct malicious pickle data which will execute arbitrary code during unpickling (See https://github.com/pytorch/pytorch/blob/main/SECURITY.md#untrusted-models for more details). In a future release, the default value for `weights_only` will be flipped to `True`. This limits the functions that could be executed during unpickling. Arbitrary objects will no longer be allowed to be loaded via this mode unless they are explicitly allowlisted by the user via `torch.serialization.add_safe_globals`. We recommend you start setting `weights_only=True` for any use case where you don't have full control of the loaded file. Please open an issue on GitHub for any issues related to this experimental feature.
  saved_net = torch.load(saved_path, map_location=device)
Saved model C-index: 0.5932, Current trial C-index: 0.6525
New model is better, saving current model
[I 2026-08-27 01:17:06,936] Trial 8 finished with value: 0.652542372881356 and parameters: {'num_nodes': 64, 'num_layers': 3, 'lr': 0.02333415455820542, 'batch_size': 256, 'dropout': 0.18021978200678113}. Best is trial 8 with value: 0.652542372881356.
Using GPU: cuda:3 (utilization=0%, free_mem=7828MiB)
Train data path /home/minhn2/uiuc-kidney-failure/generated_data/rep99/twenty_features_heterogeneous_train_data.csv
Test data path /home/minhn2/uiuc-kidney-failure/generated_data/rep99/twenty_features_heterogeneous_test_data.csv
Number of patients: test 20 and train 20
Number of records: test 9115 and train 4575
/home/minhn2/uiuc-kidney-failure/pkgs/experiments/logistic_hazard.py:203: FutureWarning: You are using `torch.load` with `weights_only=False` (the current default value), which uses the default pickle module implicitly. It is possible to construct malicious pickle data which will execute arbitrary code during unpickling (See https://github.com/pytorch/pytorch/blob/main/SECURITY.md#untrusted-models for more details). In a future release, the default value for `weights_only` will be flipped to `True`. This limits the functions that could be executed during unpickling. Arbitrary objects will no longer be allowed to be loaded via this mode unless they are explicitly allowlisted by the user via `torch.serialization.add_safe_globals`. We recommend you start setting `weights_only=True` for any use case where you don't have full control of the loaded file. Please open an issue on GitHub for any issues related to this experimental feature.
  saved_net = torch.load(saved_path, map_location=device)
Saved model C-index: 0.6525, Current trial C-index: 0.5975
Saved model is better, keeping it
[I 2026-08-27 01:17:07,467] Trial 9 finished with value: 0.597457627118644 and parameters: {'num_nodes': 64, 'num_layers': 3, 'lr': 0.03717799909755908, 'batch_size': 256, 'dropout': 0.08629416952182811}. Best is trial 8 with value: 0.652542372881356.
Number of finished trials:  10
Best trial:
Best hyperparameters: {'num_nodes': 64, 'num_layers': 3, 'lr': 0.02333415455820542, 'batch_size': 256, 'dropout': 0.18021978200678113}
Loading best model from disk after optimization
Model summary:
MLPVanilla(
  (net): Sequential(
    (0): DenseVanillaBlock(
      (linear): Linear(in_features=40, out_features=64, bias=True)
      (activation): ReLU()
      (batch_norm): BatchNorm1d(64, eps=1e-05, momentum=0.1, affine=True, track_running_stats=True)
      (dropout): Dropout(p=0.18021978200678113, inplace=False)
    )
    (1): DenseVanillaBlock(
      (linear): Linear(in_features=64, out_features=64, bias=True)
      (activation): ReLU()
      (batch_norm): BatchNorm1d(64, eps=1e-05, momentum=0.1, affine=True, track_running_stats=True)
      (dropout): Dropout(p=0.18021978200678113, inplace=False)
    )
    (2): DenseVanillaBlock(
      (linear): Linear(in_features=64, out_features=64, bias=True)
      (activation): ReLU()
      (batch_norm): BatchNorm1d(64, eps=1e-05, momentum=0.1, affine=True, track_running_stats=True)
      (dropout): Dropout(p=0.18021978200678113, inplace=False)
    )
    (3): Linear(in_features=64, out_features=50, bias=False)
  )
)

=== Evaluation Results for twenty_features_heterogeneous ===
Global test C-index: 0.653
Event rate: 10/20 (50.00%)
Mean time-dependent AUC: 0.260
Warning: Could not compute Brier Score: time must be smaller than largest observed time point: 4449.404861111111
✓ logistic_hazard/twenty_features_heterogeneous completed successfully
==================== Running rnnsurv/four_features ====================
Using GPU: cuda:3 (utilization=0%, free_mem=7828MiB)
Train data path /home/minhn2/uiuc-kidney-failure/generated_data/rep99/four_features_train_data.csv
Test data path /home/minhn2/uiuc-kidney-failure/generated_data/rep99/four_features_test_data.csv
Number of patients: test 345 and train 500
Number of records: test 3667 and train 5806
Running Optuna hyperparameter optimization
[I 2026-08-27 01:17:07,654] A new study created in memory with name: no-name-d8235b9f-77e1-4f9b-956c-7c2a2f2a1794
Using GPU: cuda:1 (utilization=0%, free_mem=7616MiB)
Running trial number 0 for ExperimentScenario.FOUR_FEATURES on device cuda:1
Train data path /home/minhn2/uiuc-kidney-failure/generated_data/rep99/four_features_train_data.csv
Test data path /home/minhn2/uiuc-kidney-failure/generated_data/rep99/four_features_test_data.csv
Number of patients: test 345 and train 500
Number of records: test 3667 and train 5806
Epoch 1/50
Average Loss: 40.766278183978535
Epoch 2/50
Average Loss: 3.1886122848676597
Epoch 3/50
Average Loss: 0.6720981520155201
Epoch 4/50
Average Loss: 0.42558103799819946
Epoch 5/50
Average Loss: 0.33829135739285016
Epoch 6/50
Average Loss: 0.29035506883393164
Epoch 7/50
Average Loss: 0.25973166136637976
Epoch 8/50
Average Loss: 0.23780424439388773
Epoch 9/50
Average Loss: 0.22250259635241135
Epoch 10/50
Average Loss: 0.2101501990919528
Epoch 11/50
Average Loss: 0.2011196056137914
Epoch 12/50
Average Loss: 0.19381047720494476
Epoch 13/50
Average Loss: 0.18681757670381796
Epoch 14/50
Average Loss: 0.18200838565826416
Epoch 15/50
Average Loss: 0.17678803885760513
Epoch 16/50
Average Loss: 0.17126945827318274
Epoch 17/50
Average Loss: 0.1672440773766974
Epoch 18/50
Average Loss: 0.16467761734257574
Epoch 19/50
Average Loss: 0.1625763819269512
Epoch 20/50
Average Loss: 0.16089566473079764
Epoch 21/50
Average Loss: 0.1599311585659566
Epoch 22/50
Average Loss: 0.15832756232956183
Epoch 23/50
Average Loss: 0.15796315767194913
Epoch 24/50
Average Loss: 0.15656502285729285
Epoch 25/50
Average Loss: 0.15561844440905945
Epoch 26/50
Average Loss: 0.15429793622182764
Epoch 27/50
Average Loss: 0.15336150999950326
Epoch 28/50
Average Loss: 0.15317664003890494
Epoch 29/50
Average Loss: 0.152199719587098
Epoch 30/50
Average Loss: 0.15159513185853543
Epoch 31/50
Average Loss: 0.15179779510135236
Patience Counter: 1
Epoch 32/50
Average Loss: 0.15091073448243347
Epoch 33/50
Average Loss: 0.15031561158273532
Epoch 34/50
Average Loss: 0.14991923518802808
Epoch 35/50
Average Loss: 0.14925566153681796
Epoch 36/50
